
var.elf:     file format elf64-littleriscv


Disassembly of section .text.init:

0000000080000000 <_start>:
    80000000:	4081                	li	ra,0
    80000002:	4101                	li	sp,0
    80000004:	4181                	li	gp,0
    80000006:	4201                	li	tp,0
    80000008:	4281                	li	t0,0
    8000000a:	4301                	li	t1,0
    8000000c:	4381                	li	t2,0
    8000000e:	4401                	li	s0,0
    80000010:	4481                	li	s1,0
    80000012:	4501                	li	a0,0
    80000014:	4581                	li	a1,0
    80000016:	4601                	li	a2,0
    80000018:	4681                	li	a3,0
    8000001a:	4701                	li	a4,0
    8000001c:	4781                	li	a5,0
    8000001e:	4801                	li	a6,0
    80000020:	4881                	li	a7,0
    80000022:	4901                	li	s2,0
    80000024:	4981                	li	s3,0
    80000026:	4a01                	li	s4,0
    80000028:	4a81                	li	s5,0
    8000002a:	4b01                	li	s6,0
    8000002c:	4b81                	li	s7,0
    8000002e:	4c01                	li	s8,0
    80000030:	4c81                	li	s9,0
    80000032:	4d01                	li	s10,0
    80000034:	4d81                	li	s11,0
    80000036:	4e01                	li	t3,0
    80000038:	4e81                	li	t4,0
    8000003a:	4f01                	li	t5,0
    8000003c:	4f81                	li	t6,0
    8000003e:	62f9                	lui	t0,0x1e
    80000040:	6002829b          	addw	t0,t0,1536 # 1e600 <buflen.1+0x1e5c0>
    80000044:	3002a073          	csrs	mstatus,t0
    80000048:	4285                	li	t0,1
    8000004a:	02fe                	sll	t0,t0,0x1f
    8000004c:	0002d863          	bgez	t0,8000005c <_start+0x5c>
    80000050:	4505                	li	a0,1
    80000052:	00000297          	auipc	t0,0x0
    80000056:	1aa2a723          	sw	a0,430(t0) # 80000200 <tohost>
    8000005a:	bfdd                	j	80000050 <_start+0x50>
    8000005c:	00000297          	auipc	t0,0x0
    80000060:	09028293          	add	t0,t0,144 # 800000ec <_start+0xec>
    80000064:	30529073          	csrw	mtvec,t0
    80000068:	00301073          	fscsr	zero
    8000006c:	f0000053          	fmv.w.x	ft0,zero
    80000070:	f00000d3          	fmv.w.x	ft1,zero
    80000074:	f0000153          	fmv.w.x	ft2,zero
    80000078:	f00001d3          	fmv.w.x	ft3,zero
    8000007c:	f0000253          	fmv.w.x	ft4,zero
    80000080:	f00002d3          	fmv.w.x	ft5,zero
    80000084:	f0000353          	fmv.w.x	ft6,zero
    80000088:	f00003d3          	fmv.w.x	ft7,zero
    8000008c:	f0000453          	fmv.w.x	fs0,zero
    80000090:	f00004d3          	fmv.w.x	fs1,zero
    80000094:	f0000553          	fmv.w.x	fa0,zero
    80000098:	f00005d3          	fmv.w.x	fa1,zero
    8000009c:	f0000653          	fmv.w.x	fa2,zero
    800000a0:	f00006d3          	fmv.w.x	fa3,zero
    800000a4:	f0000753          	fmv.w.x	fa4,zero
    800000a8:	f00007d3          	fmv.w.x	fa5,zero
    800000ac:	f0000853          	fmv.w.x	fa6,zero
    800000b0:	f00008d3          	fmv.w.x	fa7,zero
    800000b4:	f0000953          	fmv.w.x	fs2,zero
    800000b8:	f00009d3          	fmv.w.x	fs3,zero
    800000bc:	f0000a53          	fmv.w.x	fs4,zero
    800000c0:	f0000ad3          	fmv.w.x	fs5,zero
    800000c4:	f0000b53          	fmv.w.x	fs6,zero
    800000c8:	f0000bd3          	fmv.w.x	fs7,zero
    800000cc:	f0000c53          	fmv.w.x	fs8,zero
    800000d0:	f0000cd3          	fmv.w.x	fs9,zero
    800000d4:	f0000d53          	fmv.w.x	fs10,zero
    800000d8:	f0000dd3          	fmv.w.x	fs11,zero
    800000dc:	f0000e53          	fmv.w.x	ft8,zero
    800000e0:	f0000ed3          	fmv.w.x	ft9,zero
    800000e4:	f0000f53          	fmv.w.x	ft10,zero
    800000e8:	f0000fd3          	fmv.w.x	ft11,zero
    800000ec:	00000297          	auipc	t0,0x0
    800000f0:	03828293          	add	t0,t0,56 # 80000124 <trap_entry>
    800000f4:	30529073          	csrw	mtvec,t0
    800000f8:	00002197          	auipc	gp,0x2
    800000fc:	ee018193          	add	gp,gp,-288 # 80001fd8 <__global_pointer$>
    80000100:	b2818213          	add	tp,gp,-1240 # 80001b00 <_end>
    80000104:	fc027213          	and	tp,tp,-64
    80000108:	f1402573          	csrr	a0,mhartid
    8000010c:	4585                	li	a1,1
    8000010e:	00b57063          	bgeu	a0,a1,8000010e <_start+0x10e>
    80000112:	00150113          	add	sp,a0,1
    80000116:	013e                	sll	sp,sp,0xf
    80000118:	9112                	add	sp,sp,tp
    8000011a:	00f51613          	sll	a2,a0,0xf
    8000011e:	9232                	add	tp,tp,a2
    80000120:	4b00106f          	j	800015d0 <_init>

0000000080000124 <trap_entry>:
    80000124:	716d                	add	sp,sp,-272
    80000126:	e406                	sd	ra,8(sp)
    80000128:	e80a                	sd	sp,16(sp)
    8000012a:	ec0e                	sd	gp,24(sp)
    8000012c:	f012                	sd	tp,32(sp)
    8000012e:	f416                	sd	t0,40(sp)
    80000130:	f81a                	sd	t1,48(sp)
    80000132:	fc1e                	sd	t2,56(sp)
    80000134:	e0a2                	sd	s0,64(sp)
    80000136:	e4a6                	sd	s1,72(sp)
    80000138:	e8aa                	sd	a0,80(sp)
    8000013a:	ecae                	sd	a1,88(sp)
    8000013c:	f0b2                	sd	a2,96(sp)
    8000013e:	f4b6                	sd	a3,104(sp)
    80000140:	f8ba                	sd	a4,112(sp)
    80000142:	fcbe                	sd	a5,120(sp)
    80000144:	e142                	sd	a6,128(sp)
    80000146:	e546                	sd	a7,136(sp)
    80000148:	e94a                	sd	s2,144(sp)
    8000014a:	ed4e                	sd	s3,152(sp)
    8000014c:	f152                	sd	s4,160(sp)
    8000014e:	f556                	sd	s5,168(sp)
    80000150:	f95a                	sd	s6,176(sp)
    80000152:	fd5e                	sd	s7,184(sp)
    80000154:	e1e2                	sd	s8,192(sp)
    80000156:	e5e6                	sd	s9,200(sp)
    80000158:	e9ea                	sd	s10,208(sp)
    8000015a:	edee                	sd	s11,216(sp)
    8000015c:	f1f2                	sd	t3,224(sp)
    8000015e:	f5f6                	sd	t4,232(sp)
    80000160:	f9fa                	sd	t5,240(sp)
    80000162:	fdfe                	sd	t6,248(sp)
    80000164:	34202573          	csrr	a0,mcause
    80000168:	341025f3          	csrr	a1,mepc
    8000016c:	860a                	mv	a2,sp
    8000016e:	23a010ef          	jal	800013a8 <handle_trap>
    80000172:	34151073          	csrw	mepc,a0
    80000176:	6289                	lui	t0,0x2
    80000178:	8002829b          	addw	t0,t0,-2048 # 1800 <buflen.1+0x17c0>
    8000017c:	3002a073          	csrs	mstatus,t0
    80000180:	60a2                	ld	ra,8(sp)
    80000182:	6142                	ld	sp,16(sp)
    80000184:	61e2                	ld	gp,24(sp)
    80000186:	7202                	ld	tp,32(sp)
    80000188:	72a2                	ld	t0,40(sp)
    8000018a:	7342                	ld	t1,48(sp)
    8000018c:	73e2                	ld	t2,56(sp)
    8000018e:	6406                	ld	s0,64(sp)
    80000190:	64a6                	ld	s1,72(sp)
    80000192:	6546                	ld	a0,80(sp)
    80000194:	65e6                	ld	a1,88(sp)
    80000196:	7606                	ld	a2,96(sp)
    80000198:	76a6                	ld	a3,104(sp)
    8000019a:	7746                	ld	a4,112(sp)
    8000019c:	77e6                	ld	a5,120(sp)
    8000019e:	680a                	ld	a6,128(sp)
    800001a0:	68aa                	ld	a7,136(sp)
    800001a2:	694a                	ld	s2,144(sp)
    800001a4:	69ea                	ld	s3,152(sp)
    800001a6:	7a0a                	ld	s4,160(sp)
    800001a8:	7aaa                	ld	s5,168(sp)
    800001aa:	7b4a                	ld	s6,176(sp)
    800001ac:	7bea                	ld	s7,184(sp)
    800001ae:	6c0e                	ld	s8,192(sp)
    800001b0:	6cae                	ld	s9,200(sp)
    800001b2:	6d4e                	ld	s10,208(sp)
    800001b4:	6dee                	ld	s11,216(sp)
    800001b6:	7e0e                	ld	t3,224(sp)
    800001b8:	7eae                	ld	t4,232(sp)
    800001ba:	7f4e                	ld	t5,240(sp)
    800001bc:	7fee                	ld	t6,248(sp)
    800001be:	6151                	add	sp,sp,272
    800001c0:	30200073          	mret
	...

Disassembly of section .text:

0000000080000248 <mac_buffer_set>:
    80000248:	60021737          	lui	a4,0x60021
    8000024c:	6f1c                	ld	a5,24(a4)
    8000024e:	fffd                	bnez	a5,8000024c <mac_buffer_set+0x4>
    80000250:	60020737          	lui	a4,0x60020
    80000254:	731c                	ld	a5,32(a4)
    80000256:	fffd                	bnez	a5,80000254 <mac_buffer_set+0xc>
    80000258:	00073023          	sd	zero,0(a4) # 60020000 <buflen.1+0x6001ffc0>
    8000025c:	e708                	sd	a0,8(a4)
    8000025e:	04000793          	li	a5,64
    80000262:	eb1c                	sd	a5,16(a4)
    80000264:	4785                	li	a5,1
    80000266:	ef1c                	sd	a5,24(a4)
    80000268:	4689                	li	a3,2
    8000026a:	fb14                	sd	a3,48(a4)
    8000026c:	f31c                	sd	a5,32(a4)
    8000026e:	60020737          	lui	a4,0x60020
    80000272:	731c                	ld	a5,32(a4)
    80000274:	fffd                	bnez	a5,80000272 <mac_buffer_set+0x2a>
    80000276:	8082                	ret

0000000080000278 <mac_init>:
    80000278:	4705                	li	a4,1
    8000027a:	600217b7          	lui	a5,0x60021
    8000027e:	eb98                	sd	a4,16(a5)
    80000280:	60021737          	lui	a4,0x60021
    80000284:	6f1c                	ld	a5,24(a4)
    80000286:	8b85                	and	a5,a5,1
    80000288:	fff5                	bnez	a5,80000284 <mac_init+0xc>
    8000028a:	8082                	ret

000000008000028c <mac_update>:
    8000028c:	600217b7          	lui	a5,0x60021
    80000290:	f388                	sd	a0,32(a5)
    80000292:	4709                	li	a4,2
    80000294:	f78c                	sd	a1,40(a5)
    80000296:	eb98                	sd	a4,16(a5)
    80000298:	60021737          	lui	a4,0x60021
    8000029c:	6f1c                	ld	a5,24(a4)
    8000029e:	8b85                	and	a5,a5,1
    800002a0:	fff5                	bnez	a5,8000029c <mac_update+0x10>
    800002a2:	8082                	ret

00000000800002a4 <mac_final>:
    800002a4:	4711                	li	a4,4
    800002a6:	600217b7          	lui	a5,0x60021
    800002aa:	eb98                	sd	a4,16(a5)
    800002ac:	60021737          	lui	a4,0x60021
    800002b0:	6f1c                	ld	a5,24(a4)
    800002b2:	8b85                	and	a5,a5,1
    800002b4:	fff5                	bnez	a5,800002b0 <mac_final+0xc>
    800002b6:	7b08                	ld	a0,48(a4)
    800002b8:	8082                	ret

00000000800002ba <set_seed>:
    800002ba:	600227b7          	lui	a5,0x60022
    800002be:	9532                	add	a0,a0,a2
    800002c0:	e388                	sd	a0,0(a5)
    800002c2:	962e                	add	a2,a2,a1
    800002c4:	e790                	sd	a2,8(a5)
    800002c6:	01050713          	add	a4,a0,16
    800002ca:	eb98                	sd	a4,16(a5)
    800002cc:	01060713          	add	a4,a2,16
    800002d0:	ef98                	sd	a4,24(a5)
    800002d2:	02050713          	add	a4,a0,32
    800002d6:	f398                	sd	a4,32(a5)
    800002d8:	02060713          	add	a4,a2,32
    800002dc:	f798                	sd	a4,40(a5)
    800002de:	03050513          	add	a0,a0,48
    800002e2:	fb88                	sd	a0,48(a5)
    800002e4:	03060613          	add	a2,a2,48
    800002e8:	ff90                	sd	a2,56(a5)
    800002ea:	4705                	li	a4,1
    800002ec:	e3b8                	sd	a4,64(a5)
    800002ee:	8082                	ret

00000000800002f0 <axim_copy>:
    800002f0:	60023737          	lui	a4,0x60023
    800002f4:	771c                	ld	a5,40(a4)
    800002f6:	fffd                	bnez	a5,800002f4 <axim_copy+0x4>
    800002f8:	ef08                	sd	a0,24(a4)
    800002fa:	4785                	li	a5,1
    800002fc:	f31c                	sd	a5,32(a4)
    800002fe:	60020737          	lui	a4,0x60020
    80000302:	731c                	ld	a5,32(a4)
    80000304:	fffd                	bnez	a5,80000302 <axim_copy+0x12>
    80000306:	00073023          	sd	zero,0(a4) # 60020000 <buflen.1+0x6001ffc0>
    8000030a:	e708                	sd	a0,8(a4)
    8000030c:	04000793          	li	a5,64
    80000310:	eb1c                	sd	a5,16(a4)
    80000312:	00073c23          	sd	zero,24(a4)
    80000316:	4791                	li	a5,4
    80000318:	fb1c                	sd	a5,48(a4)
    8000031a:	4785                	li	a5,1
    8000031c:	f31c                	sd	a5,32(a4)
    8000031e:	60020737          	lui	a4,0x60020
    80000322:	731c                	ld	a5,32(a4)
    80000324:	fffd                	bnez	a5,80000322 <axim_copy+0x32>
    80000326:	8082                	ret

0000000080000328 <axim_write>:
    80000328:	60020737          	lui	a4,0x60020
    8000032c:	731c                	ld	a5,32(a4)
    8000032e:	fffd                	bnez	a5,8000032c <axim_write+0x4>
    80000330:	00073023          	sd	zero,0(a4) # 60020000 <buflen.1+0x6001ffc0>
    80000334:	e708                	sd	a0,8(a4)
    80000336:	04000793          	li	a5,64
    8000033a:	eb1c                	sd	a5,16(a4)
    8000033c:	4785                	li	a5,1
    8000033e:	ef1c                	sd	a5,24(a4)
    80000340:	4691                	li	a3,4
    80000342:	fb14                	sd	a3,48(a4)
    80000344:	f31c                	sd	a5,32(a4)
    80000346:	60020737          	lui	a4,0x60020
    8000034a:	731c                	ld	a5,32(a4)
    8000034c:	fffd                	bnez	a5,8000034a <axim_write+0x22>
    8000034e:	8082                	ret

0000000080000350 <axim_encrypt>:
    80000350:	60023737          	lui	a4,0x60023
    80000354:	771c                	ld	a5,40(a4)
    80000356:	fffd                	bnez	a5,80000354 <axim_encrypt+0x4>
    80000358:	4791                	li	a5,4
    8000035a:	f31c                	sd	a5,32(a4)
    8000035c:	8082                	ret

000000008000035e <axim_decrypt>:
    8000035e:	60023737          	lui	a4,0x60023
    80000362:	771c                	ld	a5,40(a4)
    80000364:	fffd                	bnez	a5,80000362 <axim_decrypt+0x4>
    80000366:	47a1                	li	a5,8
    80000368:	f31c                	sd	a5,32(a4)
    8000036a:	8082                	ret

000000008000036c <axim_read_return>:
    8000036c:	60023737          	lui	a4,0x60023
    80000370:	771c                	ld	a5,40(a4)
    80000372:	fffd                	bnez	a5,80000370 <axim_read_return+0x4>
    80000374:	47c1                	li	a5,16
    80000376:	f31c                	sd	a5,32(a4)
    80000378:	8082                	ret

000000008000037a <axim_write_return>:
    8000037a:	60023737          	lui	a4,0x60023
    8000037e:	771c                	ld	a5,40(a4)
    80000380:	fffd                	bnez	a5,8000037e <axim_write_return+0x4>
    80000382:	02000793          	li	a5,32
    80000386:	f31c                	sd	a5,32(a4)
    80000388:	8082                	ret

000000008000038a <xor_start>:
    8000038a:	60024737          	lui	a4,0x60024
    8000038e:	631c                	ld	a5,0(a4)
    80000390:	fffd                	bnez	a5,8000038e <xor_start+0x4>
    80000392:	4785                	li	a5,1
    80000394:	e31c                	sd	a5,0(a4)
    80000396:	60024737          	lui	a4,0x60024
    8000039a:	631c                	ld	a5,0(a4)
    8000039c:	fffd                	bnez	a5,8000039a <xor_start+0x10>
    8000039e:	8082                	ret

00000000800003a0 <write_xor>:
    800003a0:	60020737          	lui	a4,0x60020
    800003a4:	731c                	ld	a5,32(a4)
    800003a6:	fffd                	bnez	a5,800003a4 <write_xor+0x4>
    800003a8:	00073023          	sd	zero,0(a4) # 60020000 <buflen.1+0x6001ffc0>
    800003ac:	e708                	sd	a0,8(a4)
    800003ae:	04000793          	li	a5,64
    800003b2:	eb1c                	sd	a5,16(a4)
    800003b4:	4785                	li	a5,1
    800003b6:	ef1c                	sd	a5,24(a4)
    800003b8:	46a1                	li	a3,8
    800003ba:	fb14                	sd	a3,48(a4)
    800003bc:	f31c                	sd	a5,32(a4)
    800003be:	60020737          	lui	a4,0x60020
    800003c2:	731c                	ld	a5,32(a4)
    800003c4:	fffd                	bnez	a5,800003c2 <write_xor+0x22>
    800003c6:	8082                	ret

00000000800003c8 <copy_xor>:
    800003c8:	60020737          	lui	a4,0x60020
    800003cc:	731c                	ld	a5,32(a4)
    800003ce:	fffd                	bnez	a5,800003cc <copy_xor+0x4>
    800003d0:	00073023          	sd	zero,0(a4) # 60020000 <buflen.1+0x6001ffc0>
    800003d4:	e708                	sd	a0,8(a4)
    800003d6:	04000793          	li	a5,64
    800003da:	eb1c                	sd	a5,16(a4)
    800003dc:	00073c23          	sd	zero,24(a4)
    800003e0:	47a1                	li	a5,8
    800003e2:	fb1c                	sd	a5,48(a4)
    800003e4:	4785                	li	a5,1
    800003e6:	f31c                	sd	a5,32(a4)
    800003e8:	60020737          	lui	a4,0x60020
    800003ec:	731c                	ld	a5,32(a4)
    800003ee:	fffd                	bnez	a5,800003ec <copy_xor+0x24>
    800003f0:	8082                	ret

00000000800003f2 <get_spm_manage>:
    800003f2:	8119                	srl	a0,a0,0x6
    800003f4:	38050513          	add	a0,a0,896
    800003f8:	050e                	sll	a0,a0,0x3
    800003fa:	8082                	ret

00000000800003fc <ensureBlockInSpm>:
    800003fc:	0065d693          	srl	a3,a1,0x6
    80000400:	38068693          	add	a3,a3,896
    80000404:	600007b7          	lui	a5,0x60000
    80000408:	068e                	sll	a3,a3,0x3
    8000040a:	96be                	add	a3,a3,a5
    8000040c:	629c                	ld	a5,0(a3)
    8000040e:	fc057613          	and	a2,a0,-64
    80000412:	0017f713          	and	a4,a5,1
    80000416:	c719                	beqz	a4,80000424 <ensureBlockInSpm+0x28>
    80000418:	fc07f813          	and	a6,a5,-64
    8000041c:	8b89                	and	a5,a5,2
    8000041e:	02a80963          	beq	a6,a0,80000450 <ensureBlockInSpm+0x54>
    80000422:	ef85                	bnez	a5,8000045a <ensureBlockInSpm+0x5e>
    80000424:	60020737          	lui	a4,0x60020
    80000428:	731c                	ld	a5,32(a4)
    8000042a:	fffd                	bnez	a5,80000428 <ensureBlockInSpm+0x2c>
    8000042c:	e308                	sd	a0,0(a4)
    8000042e:	e70c                	sd	a1,8(a4)
    80000430:	04000793          	li	a5,64
    80000434:	eb1c                	sd	a5,16(a4)
    80000436:	00073c23          	sd	zero,24(a4) # 60020018 <buflen.1+0x6001ffd8>
    8000043a:	4785                	li	a5,1
    8000043c:	fb1c                	sd	a5,48(a4)
    8000043e:	f31c                	sd	a5,32(a4)
    80000440:	60020737          	lui	a4,0x60020
    80000444:	731c                	ld	a5,32(a4)
    80000446:	fffd                	bnez	a5,80000444 <ensureBlockInSpm+0x48>
    80000448:	00166613          	or	a2,a2,1
    8000044c:	e290                	sd	a2,0(a3)
    8000044e:	8082                	ret
    80000450:	dfe5                	beqz	a5,80000448 <ensureBlockInSpm+0x4c>
    80000452:	00366613          	or	a2,a2,3
    80000456:	e290                	sd	a2,0(a3)
    80000458:	8082                	ret
    8000045a:	60020737          	lui	a4,0x60020
    8000045e:	731c                	ld	a5,32(a4)
    80000460:	fffd                	bnez	a5,8000045e <ensureBlockInSpm+0x62>
    80000462:	01073023          	sd	a6,0(a4) # 60020000 <buflen.1+0x6001ffc0>
    80000466:	e70c                	sd	a1,8(a4)
    80000468:	04000793          	li	a5,64
    8000046c:	eb1c                	sd	a5,16(a4)
    8000046e:	4785                	li	a5,1
    80000470:	ef1c                	sd	a5,24(a4)
    80000472:	fb1c                	sd	a5,48(a4)
    80000474:	f31c                	sd	a5,32(a4)
    80000476:	60020737          	lui	a4,0x60020
    8000047a:	731c                	ld	a5,32(a4)
    8000047c:	fffd                	bnez	a5,8000047a <ensureBlockInSpm+0x7e>
    8000047e:	b75d                	j	80000424 <ensureBlockInSpm+0x28>

0000000080000480 <tag_check>:
    80000480:	03000713          	li	a4,48
    80000484:	00655793          	srl	a5,a0,0x6
    80000488:	02e7f7b3          	remu	a5,a5,a4
    8000048c:	60000637          	lui	a2,0x60000
    80000490:	86aa                	mv	a3,a0
    80000492:	0789                	add	a5,a5,2 # 60000002 <buflen.1+0x5fffffc2>
    80000494:	00179713          	sll	a4,a5,0x1
    80000498:	38070713          	add	a4,a4,896 # 60020380 <buflen.1+0x60020340>
    8000049c:	070e                	sll	a4,a4,0x3
    8000049e:	9732                	add	a4,a4,a2
    800004a0:	6318                	ld	a4,0(a4)
    800004a2:	0786                	sll	a5,a5,0x1
    800004a4:	00177613          	and	a2,a4,1
    800004a8:	c611                	beqz	a2,800004b4 <tag_check+0x34>
    800004aa:	8f29                	xor	a4,a4,a0
    800004ac:	03f00613          	li	a2,63
    800004b0:	02e67163          	bgeu	a2,a4,800004d2 <tag_check+0x52>
    800004b4:	38178793          	add	a5,a5,897
    800004b8:	60000737          	lui	a4,0x60000
    800004bc:	078e                	sll	a5,a5,0x3
    800004be:	97ba                	add	a5,a5,a4
    800004c0:	639c                	ld	a5,0(a5)
    800004c2:	4501                	li	a0,0
    800004c4:	0017f713          	and	a4,a5,1
    800004c8:	c711                	beqz	a4,800004d4 <tag_check+0x54>
    800004ca:	8ebd                	xor	a3,a3,a5
    800004cc:	0406b513          	sltiu	a0,a3,64
    800004d0:	8082                	ret
    800004d2:	4505                	li	a0,1
    800004d4:	8082                	ret

00000000800004d6 <calculate_level_base_addr>:
    800004d6:	0025179b          	sllw	a5,a0,0x2
    800004da:	9fa9                	addw	a5,a5,a0
    800004dc:	ffb7851b          	addw	a0,a5,-5
    800004e0:	4785                	li	a5,1
    800004e2:	00a797bb          	sllw	a5,a5,a0
    800004e6:	37fd                	addw	a5,a5,-1
    800004e8:	0067979b          	sllw	a5,a5,0x6
    800004ec:	457d                	li	a0,31
    800004ee:	02a7c53b          	divw	a0,a5,a0
    800004f2:	8082                	ret

00000000800004f4 <setupAddressContext>:
    800004f4:	600237b7          	lui	a5,0x60023
    800004f8:	0087b803          	ld	a6,8(a5) # 60023008 <buflen.1+0x60022fc8>
    800004fc:	57dd                	li	a5,-9
    800004fe:	07f2                	sll	a5,a5,0x1c
    80000500:	97c2                	add	a5,a5,a6
    80000502:	00b7d693          	srl	a3,a5,0xb
    80000506:	02520637          	lui	a2,0x2520
    8000050a:	96b2                	add	a3,a3,a2
    8000050c:	83a5                	srl	a5,a5,0x9
    8000050e:	02500637          	lui	a2,0x2500
    80000512:	00685713          	srl	a4,a6,0x6
    80000516:	97b2                	add	a5,a5,a2
    80000518:	01f77593          	and	a1,a4,31
    8000051c:	079a                	sll	a5,a5,0x6
    8000051e:	68c5                	lui	a7,0x11
    80000520:	00777613          	and	a2,a4,7
    80000524:	84088893          	add	a7,a7,-1984 # 10840 <buflen.1+0x10800>
    80000528:	e91c                	sd	a5,16(a0)
    8000052a:	069a                	sll	a3,a3,0x6
    8000052c:	04000793          	li	a5,64
    80000530:	05a1                	add	a1,a1,8
    80000532:	96c6                	add	a3,a3,a7
    80000534:	058e                	sll	a1,a1,0x3
    80000536:	060e                	sll	a2,a2,0x3
    80000538:	f51c                	sd	a5,40(a0)
    8000053a:	08000793          	li	a5,128
    8000053e:	01053023          	sd	a6,0(a0)
    80000542:	e514                	sd	a3,8(a0)
    80000544:	ed0c                	sd	a1,24(a0)
    80000546:	f110                	sd	a2,32(a0)
    80000548:	f91c                	sd	a5,48(a0)
    8000054a:	8082                	ret

000000008000054c <spm_offset_for_cache_set>:
    8000054c:	03000793          	li	a5,48
    80000550:	00655613          	srl	a2,a0,0x6
    80000554:	02f67633          	remu	a2,a2,a5
    80000558:	0c0007b7          	lui	a5,0xc000
    8000055c:	38078793          	add	a5,a5,896 # c000380 <buflen.1+0xc000340>
    80000560:	4801                	li	a6,0
    80000562:	4301                	li	t1,0
    80000564:	4e01                	li	t3,0
    80000566:	03f00e93          	li	t4,63
    8000056a:	0609                	add	a2,a2,2 # 2500002 <buflen.1+0x24fffc2>
    8000056c:	0606                	sll	a2,a2,0x1
    8000056e:	97b2                	add	a5,a5,a2
    80000570:	078e                	sll	a5,a5,0x3
    80000572:	6394                	ld	a3,0(a5)
    80000574:	88c2                	mv	a7,a6
    80000576:	0026d713          	srl	a4,a3,0x2
    8000057a:	2705                	addw	a4,a4,1 # 60000001 <buflen.1+0x5fffffc1>
    8000057c:	8b3d                	and	a4,a4,15
    8000057e:	fc36f813          	and	a6,a3,-61
    80000582:	00271593          	sll	a1,a4,0x2
    80000586:	0105e5b3          	or	a1,a1,a6
    8000058a:	0016f813          	and	a6,a3,1
    8000058e:	8ea9                	xor	a3,a3,a0
    80000590:	02080063          	beqz	a6,800005b0 <spm_offset_for_cache_set+0x64>
    80000594:	00defe63          	bgeu	t4,a3,800005b0 <spm_offset_for_cache_set+0x64>
    80000598:	e38c                	sd	a1,0(a5)
    8000059a:	00e37463          	bgeu	t1,a4,800005a2 <spm_offset_for_cache_set+0x56>
    8000059e:	833a                	mv	t1,a4
    800005a0:	8e46                	mv	t3,a7
    800005a2:	07a1                	add	a5,a5,8
    800005a4:	fc0887e3          	beqz	a7,80000572 <spm_offset_for_cache_set+0x26>
    800005a8:	01c60533          	add	a0,a2,t3
    800005ac:	051a                	sll	a0,a0,0x6
    800005ae:	8082                	ret
    800005b0:	8e46                	mv	t3,a7
    800005b2:	01c60533          	add	a0,a2,t3
    800005b6:	051a                	sll	a0,a0,0x6
    800005b8:	8082                	ret

00000000800005ba <verifyTreePath>:
    800005ba:	711d                	add	sp,sp,-96
    800005bc:	f05a                	sd	s6,32(sp)
    800005be:	8b2a                	mv	s6,a0
    800005c0:	4505                	li	a0,1
    800005c2:	e8a2                	sd	s0,80(sp)
    800005c4:	e4a6                	sd	s1,72(sp)
    800005c6:	e0ca                	sd	s2,64(sp)
    800005c8:	fc4e                	sd	s3,56(sp)
    800005ca:	e06a                	sd	s10,0(sp)
    800005cc:	ec86                	sd	ra,88(sp)
    800005ce:	f852                	sd	s4,48(sp)
    800005d0:	f456                	sd	s5,40(sp)
    800005d2:	ec5e                	sd	s7,24(sp)
    800005d4:	e862                	sd	s8,16(sp)
    800005d6:	e466                	sd	s9,8(sp)
    800005d8:	018b0993          	add	s3,s6,24
    800005dc:	581000ef          	jal	8000135c <setStats>
    800005e0:	443d                	li	s0,15
    800005e2:	4d11                	li	s10,4
    800005e4:	4485                	li	s1,1
    800005e6:	497d                	li	s2,31
    800005e8:	008497bb          	sllw	a5,s1,s0
    800005ec:	37fd                	addw	a5,a5,-1
    800005ee:	0067979b          	sllw	a5,a5,0x6
    800005f2:	0327c7bb          	divw	a5,a5,s2
    800005f6:	0009b503          	ld	a0,0(s3)
    800005fa:	346d                	addw	s0,s0,-5
    800005fc:	19e1                	add	s3,s3,-8
    800005fe:	8115                	srl	a0,a0,0x5
    80000600:	051a                	sll	a0,a0,0x6
    80000602:	953e                	add	a0,a0,a5
    80000604:	e7dff0ef          	jal	80000480 <tag_check>
    80000608:	16051f63          	bnez	a0,80000786 <verifyTreePath+0x1cc>
    8000060c:	1d7d                	add	s10,s10,-1
    8000060e:	fc0d1de3          	bnez	s10,800005e8 <verifyTreePath+0x2e>
    80000612:	54b000ef          	jal	8000135c <setStats>
    80000616:	4a01                	li	s4,0
    80000618:	003a1793          	sll	a5,s4,0x3
    8000061c:	60000937          	lui	s2,0x60000
    80000620:	4c11                	li	s8,4
    80000622:	9b3e                	add	s6,s6,a5
    80000624:	60021437          	lui	s0,0x60021
    80000628:	4a85                	li	s5,1
    8000062a:	600204b7          	lui	s1,0x60020
    8000062e:	04000c93          	li	s9,64
    80000632:	4b89                	li	s7,2
    80000634:	03890913          	add	s2,s2,56 # 60000038 <buflen.1+0x5ffffff8>
    80000638:	0f8a0263          	beq	s4,s8,8000071c <verifyTreePath+0x162>
    8000063c:	01543823          	sd	s5,16(s0) # 60021010 <buflen.1+0x60020fd0>
    80000640:	6c1c                	ld	a5,24(s0)
    80000642:	8b85                	and	a5,a5,1
    80000644:	fff5                	bnez	a5,80000640 <verifyTreePath+0x86>
    80000646:	0e0a0a63          	beqz	s4,8000073a <verifyTreePath+0x180>
    8000064a:	6c1c                	ld	a5,24(s0)
    8000064c:	fffd                	bnez	a5,8000064a <verifyTreePath+0x90>
    8000064e:	709c                	ld	a5,32(s1)
    80000650:	fffd                	bnez	a5,8000064e <verifyTreePath+0x94>
    80000652:	0004b023          	sd	zero,0(s1) # 60020000 <buflen.1+0x6001ffc0>
    80000656:	01a4b423          	sd	s10,8(s1)
    8000065a:	0194b823          	sd	s9,16(s1)
    8000065e:	0154bc23          	sd	s5,24(s1)
    80000662:	0374b823          	sd	s7,48(s1)
    80000666:	0354b023          	sd	s5,32(s1)
    8000066a:	709c                	ld	a5,32(s1)
    8000066c:	fffd                	bnez	a5,8000066a <verifyTreePath+0xb0>
    8000066e:	ff8b3783          	ld	a5,-8(s6)
    80000672:	8bfd                	and	a5,a5,31
    80000674:	07a1                	add	a5,a5,8
    80000676:	078e                	sll	a5,a5,0x3
    80000678:	f01c                	sd	a5,32(s0)
    8000067a:	079d                	add	a5,a5,7
    8000067c:	f41c                	sd	a5,40(s0)
    8000067e:	01743823          	sd	s7,16(s0)
    80000682:	6c1c                	ld	a5,24(s0)
    80000684:	8b85                	and	a5,a5,1
    80000686:	fff5                	bnez	a5,80000682 <verifyTreePath+0xc8>
    80000688:	002a179b          	sllw	a5,s4,0x2
    8000068c:	014787bb          	addw	a5,a5,s4
    80000690:	4985                	li	s3,1
    80000692:	00f999bb          	sllw	s3,s3,a5
    80000696:	39fd                	addw	s3,s3,-1
    80000698:	47fd                	li	a5,31
    8000069a:	0069999b          	sllw	s3,s3,0x6
    8000069e:	02f9c9bb          	divw	s3,s3,a5
    800006a2:	000b3783          	ld	a5,0(s6)
    800006a6:	02520737          	lui	a4,0x2520
    800006aa:	8395                	srl	a5,a5,0x5
    800006ac:	97ba                	add	a5,a5,a4
    800006ae:	079a                	sll	a5,a5,0x6
    800006b0:	99be                	add	s3,s3,a5
    800006b2:	854e                	mv	a0,s3
    800006b4:	e99ff0ef          	jal	8000054c <spm_offset_for_cache_set>
    800006b8:	8d2a                	mv	s10,a0
    800006ba:	85aa                	mv	a1,a0
    800006bc:	854e                	mv	a0,s3
    800006be:	d3fff0ef          	jal	800003fc <ensureBlockInSpm>
    800006c2:	6c1c                	ld	a5,24(s0)
    800006c4:	fffd                	bnez	a5,800006c2 <verifyTreePath+0x108>
    800006c6:	709c                	ld	a5,32(s1)
    800006c8:	fffd                	bnez	a5,800006c6 <verifyTreePath+0x10c>
    800006ca:	0004b023          	sd	zero,0(s1)
    800006ce:	01a4b423          	sd	s10,8(s1)
    800006d2:	0194b823          	sd	s9,16(s1)
    800006d6:	0154bc23          	sd	s5,24(s1)
    800006da:	0374b823          	sd	s7,48(s1)
    800006de:	0354b023          	sd	s5,32(s1)
    800006e2:	709c                	ld	a5,32(s1)
    800006e4:	fffd                	bnez	a5,800006e2 <verifyTreePath+0x128>
    800006e6:	02043023          	sd	zero,32(s0)
    800006ea:	1bf00793          	li	a5,447
    800006ee:	f41c                	sd	a5,40(s0)
    800006f0:	01743823          	sd	s7,16(s0)
    800006f4:	6c1c                	ld	a5,24(s0)
    800006f6:	8b85                	and	a5,a5,1
    800006f8:	fff5                	bnez	a5,800006f4 <verifyTreePath+0x13a>
    800006fa:	01843823          	sd	s8,16(s0)
    800006fe:	6c1c                	ld	a5,24(s0)
    80000700:	8b85                	and	a5,a5,1
    80000702:	fff5                	bnez	a5,800006fe <verifyTreePath+0x144>
    80000704:	012d07b3          	add	a5,s10,s2
    80000708:	7810                	ld	a2,48(s0)
    8000070a:	6394                	ld	a3,0(a5)
    8000070c:	0b21                	add	s6,s6,8
    8000070e:	001a0793          	add	a5,s4,1
    80000712:	06c69163          	bne	a3,a2,80000774 <verifyTreePath+0x1ba>
    80000716:	8a3e                	mv	s4,a5
    80000718:	f38a12e3          	bne	s4,s8,8000063c <verifyTreePath+0x82>
    8000071c:	4505                	li	a0,1
    8000071e:	60e6                	ld	ra,88(sp)
    80000720:	6446                	ld	s0,80(sp)
    80000722:	64a6                	ld	s1,72(sp)
    80000724:	6906                	ld	s2,64(sp)
    80000726:	79e2                	ld	s3,56(sp)
    80000728:	7a42                	ld	s4,48(sp)
    8000072a:	7aa2                	ld	s5,40(sp)
    8000072c:	7b02                	ld	s6,32(sp)
    8000072e:	6be2                	ld	s7,24(sp)
    80000730:	6c42                	ld	s8,16(sp)
    80000732:	6ca2                	ld	s9,8(sp)
    80000734:	6d02                	ld	s10,0(sp)
    80000736:	6125                	add	sp,sp,96
    80000738:	8082                	ret
    8000073a:	6c1c                	ld	a5,24(s0)
    8000073c:	fffd                	bnez	a5,8000073a <verifyTreePath+0x180>
    8000073e:	709c                	ld	a5,32(s1)
    80000740:	fffd                	bnez	a5,8000073e <verifyTreePath+0x184>
    80000742:	0004b023          	sd	zero,0(s1)
    80000746:	0004b423          	sd	zero,8(s1)
    8000074a:	0194b823          	sd	s9,16(s1)
    8000074e:	0154bc23          	sd	s5,24(s1)
    80000752:	0374b823          	sd	s7,48(s1)
    80000756:	0354b023          	sd	s5,32(s1)
    8000075a:	709c                	ld	a5,32(s1)
    8000075c:	fffd                	bnez	a5,8000075a <verifyTreePath+0x1a0>
    8000075e:	02043023          	sd	zero,32(s0)
    80000762:	03f00793          	li	a5,63
    80000766:	f41c                	sd	a5,40(s0)
    80000768:	01743823          	sd	s7,16(s0)
    8000076c:	6c1c                	ld	a5,24(s0)
    8000076e:	8b85                	and	a5,a5,1
    80000770:	fff5                	bnez	a5,8000076c <verifyTreePath+0x1b2>
    80000772:	bf19                	j	80000688 <verifyTreePath+0xce>
    80000774:	85d2                	mv	a1,s4
    80000776:	00001517          	auipc	a0,0x1
    8000077a:	06a50513          	add	a0,a0,106 # 800017e0 <._edata+0xa>
    8000077e:	4ef000ef          	jal	8000146c <printf>
    80000782:	4501                	li	a0,0
    80000784:	bf69                	j	8000071e <verifyTreePath+0x164>
    80000786:	4501                	li	a0,0
    80000788:	3d5000ef          	jal	8000135c <setStats>
    8000078c:	002d179b          	sllw	a5,s10,0x2
    80000790:	01a787bb          	addw	a5,a5,s10
    80000794:	37ed                	addw	a5,a5,-5
    80000796:	00f497bb          	sllw	a5,s1,a5
    8000079a:	37fd                	addw	a5,a5,-1
    8000079c:	0067979b          	sllw	a5,a5,0x6
    800007a0:	0327c7bb          	divw	a5,a5,s2
    800007a4:	003d1713          	sll	a4,s10,0x3
    800007a8:	975a                	add	a4,a4,s6
    800007aa:	ff873703          	ld	a4,-8(a4) # 251fff8 <buflen.1+0x251ffb8>
    800007ae:	8a6a                	mv	s4,s10
    800007b0:	00575513          	srl	a0,a4,0x5
    800007b4:	02520737          	lui	a4,0x2520
    800007b8:	953a                	add	a0,a0,a4
    800007ba:	051a                	sll	a0,a0,0x6
    800007bc:	953e                	add	a0,a0,a5
    800007be:	d8fff0ef          	jal	8000054c <spm_offset_for_cache_set>
    800007c2:	8d2a                	mv	s10,a0
    800007c4:	bd91                	j	80000618 <verifyTreePath+0x5e>

00000000800007c6 <Authentication>:
    800007c6:	600237b7          	lui	a5,0x60023
    800007ca:	6798                	ld	a4,8(a5)
    800007cc:	57dd                	li	a5,-9
    800007ce:	07f2                	sll	a5,a5,0x1c
    800007d0:	7115                	add	sp,sp,-224
    800007d2:	97ba                	add	a5,a5,a4
    800007d4:	00b7d693          	srl	a3,a5,0xb
    800007d8:	f15a                	sd	s6,160(sp)
    800007da:	02520b37          	lui	s6,0x2520
    800007de:	f556                	sd	s5,168(sp)
    800007e0:	f43a                	sd	a4,40(sp)
    800007e2:	00675a93          	srl	s5,a4,0x6
    800007e6:	9b36                	add	s6,s6,a3
    800007e8:	6745                	lui	a4,0x11
    800007ea:	84070713          	add	a4,a4,-1984 # 10840 <buflen.1+0x10800>
    800007ee:	0b1a                	sll	s6,s6,0x6
    800007f0:	f952                	sd	s4,176(sp)
    800007f2:	00eb0533          	add	a0,s6,a4
    800007f6:	0097da13          	srl	s4,a5,0x9
    800007fa:	02500737          	lui	a4,0x2500
    800007fe:	fd4e                	sd	s3,184(sp)
    80000800:	9a3a                	add	s4,s4,a4
    80000802:	01faf993          	and	s3,s5,31
    80000806:	006a1593          	sll	a1,s4,0x6
    8000080a:	09a1                	add	s3,s3,8
    8000080c:	007afa93          	and	s5,s5,7
    80000810:	e0ae                	sd	a1,64(sp)
    80000812:	00399593          	sll	a1,s3,0x3
    80000816:	0067d613          	srl	a2,a5,0x6
    8000081a:	0107d713          	srl	a4,a5,0x10
    8000081e:	f82e                	sd	a1,48(sp)
    80000820:	83d5                	srl	a5,a5,0x15
    80000822:	003a9593          	sll	a1,s5,0x3
    80000826:	ed86                	sd	ra,216(sp)
    80000828:	e9a2                	sd	s0,208(sp)
    8000082a:	e5a6                	sd	s1,200(sp)
    8000082c:	e1ca                	sd	s2,192(sp)
    8000082e:	ed5e                	sd	s7,152(sp)
    80000830:	e962                	sd	s8,144(sp)
    80000832:	e566                	sd	s9,136(sp)
    80000834:	e16a                	sd	s10,128(sp)
    80000836:	fcee                	sd	s11,120(sp)
    80000838:	fc2a                	sd	a0,56(sp)
    8000083a:	e4ae                	sd	a1,72(sp)
    8000083c:	f4b2                	sd	a2,104(sp)
    8000083e:	f0b6                	sd	a3,96(sp)
    80000840:	ecba                	sd	a4,88(sp)
    80000842:	e8be                	sd	a5,80(sp)
    80000844:	c3dff0ef          	jal	80000480 <tag_check>
    80000848:	3c050663          	beqz	a0,80000c14 <Authentication+0x44e>
    8000084c:	60000737          	lui	a4,0x60000
    80000850:	631c                	ld	a5,0(a4)
    80000852:	60021437          	lui	s0,0x60021
    80000856:	60000db7          	lui	s11,0x60000
    8000085a:	0785                	add	a5,a5,1 # 60023001 <buflen.1+0x60022fc1>
    8000085c:	e31c                	sd	a5,0(a4)
    8000085e:	4301                	li	t1,0
    80000860:	0898                	add	a4,sp,80
    80000862:	4681                	li	a3,0
    80000864:	4b81                	li	s7,0
    80000866:	01040993          	add	s3,s0,16 # 60021010 <buflen.1+0x60020fd0>
    8000086a:	4c85                	li	s9,1
    8000086c:	600204b7          	lui	s1,0x60020
    80000870:	04000c13          	li	s8,64
    80000874:	4a09                	li	s4,2
    80000876:	0ff00b13          	li	s6,255
    8000087a:	4a91                	li	s5,4
    8000087c:	4785                	li	a5,1
    8000087e:	00f9b023          	sd	a5,0(s3)
    80000882:	01843903          	ld	s2,24(s0)
    80000886:	00197913          	and	s2,s2,1
    8000088a:	fe091ce3          	bnez	s2,80000882 <Authentication+0xbc>
    8000088e:	34068263          	beqz	a3,80000bd2 <Authentication+0x40c>
    80000892:	ff873503          	ld	a0,-8(a4) # 5ffffff8 <buflen.1+0x5fffffb8>
    80000896:	897d                	and	a0,a0,31
    80000898:	050e                	sll	a0,a0,0x3
    8000089a:	6c1c                	ld	a5,24(s0)
    8000089c:	fffd                	bnez	a5,8000089a <Authentication+0xd4>
    8000089e:	709c                	ld	a5,32(s1)
    800008a0:	fffd                	bnez	a5,8000089e <Authentication+0xd8>
    800008a2:	0004b023          	sd	zero,0(s1) # 60020000 <buflen.1+0x6001ffc0>
    800008a6:	0174b423          	sd	s7,8(s1)
    800008aa:	0184b823          	sd	s8,16(s1)
    800008ae:	0194bc23          	sd	s9,24(s1)
    800008b2:	0344b823          	sd	s4,48(s1)
    800008b6:	0394b023          	sd	s9,32(s1)
    800008ba:	709c                	ld	a5,32(s1)
    800008bc:	fffd                	bnez	a5,800008ba <Authentication+0xf4>
    800008be:	04050793          	add	a5,a0,64
    800008c2:	f01c                	sd	a5,32(s0)
    800008c4:	04750513          	add	a0,a0,71
    800008c8:	f408                	sd	a0,40(s0)
    800008ca:	0149b023          	sd	s4,0(s3)
    800008ce:	6c1c                	ld	a5,24(s0)
    800008d0:	8b85                	and	a5,a5,1
    800008d2:	fff5                	bnez	a5,800008ce <Authentication+0x108>
    800008d4:	4d05                	li	s10,1
    800008d6:	006d1d3b          	sllw	s10,s10,t1
    800008da:	3d7d                	addw	s10,s10,-1
    800008dc:	47fd                	li	a5,31
    800008de:	006d1d1b          	sllw	s10,s10,0x6
    800008e2:	02fd4d3b          	divw	s10,s10,a5
    800008e6:	631c                	ld	a5,0(a4)
    800008e8:	02520537          	lui	a0,0x2520
    800008ec:	0685                	add	a3,a3,1
    800008ee:	0057d593          	srl	a1,a5,0x5
    800008f2:	95aa                	add	a1,a1,a0
    800008f4:	059a                	sll	a1,a1,0x6
    800008f6:	f01a                	sd	t1,32(sp)
    800008f8:	ec3a                	sd	a4,24(sp)
    800008fa:	e836                	sd	a3,16(sp)
    800008fc:	e43e                	sd	a5,8(sp)
    800008fe:	9d2e                	add	s10,s10,a1
    80000900:	856a                	mv	a0,s10
    80000902:	c4bff0ef          	jal	8000054c <spm_offset_for_cache_set>
    80000906:	8baa                	mv	s7,a0
    80000908:	85aa                	mv	a1,a0
    8000090a:	856a                	mv	a0,s10
    8000090c:	af1ff0ef          	jal	800003fc <ensureBlockInSpm>
    80000910:	67a2                	ld	a5,8(sp)
    80000912:	60000737          	lui	a4,0x60000
    80000916:	0721                	add	a4,a4,8 # 60000008 <buflen.1+0x5fffffc8>
    80000918:	0187f513          	and	a0,a5,24
    8000091c:	953a                	add	a0,a0,a4
    8000091e:	01bb8fb3          	add	t6,s7,s11
    80000922:	955e                	add	a0,a0,s7
    80000924:	000fb383          	ld	t2,0(t6)
    80000928:	00053283          	ld	t0,0(a0) # 2520000 <buflen.1+0x251ffc0>
    8000092c:	8b9d                	and	a5,a5,7
    8000092e:	0037909b          	sllw	ra,a5,0x3
    80000932:	0012d0b3          	srl	ra,t0,ra
    80000936:	0ff0f093          	zext.b	ra,ra
    8000093a:	66c2                	ld	a3,16(sp)
    8000093c:	6762                	ld	a4,24(sp)
    8000093e:	7302                	ld	t1,32(sp)
    80000940:	078e                	sll	a5,a5,0x3
    80000942:	2d608563          	beq	ra,s6,80000c0c <Authentication+0x446>
    80000946:	2085                	addw	ra,ra,1
    80000948:	0ff0f093          	zext.b	ra,ra
    8000094c:	00f09933          	sll	s2,ra,a5
    80000950:	00fb17b3          	sll	a5,s6,a5
    80000954:	fff7c793          	not	a5,a5
    80000958:	006bdf93          	srl	t6,s7,0x6
    8000095c:	0057f7b3          	and	a5,a5,t0
    80000960:	380f8f93          	add	t6,t6,896
    80000964:	0127e7b3          	or	a5,a5,s2
    80000968:	fc0d7d13          	and	s10,s10,-64
    8000096c:	0f8e                	sll	t6,t6,0x3
    8000096e:	e11c                	sd	a5,0(a0)
    80000970:	003d6d13          	or	s10,s10,3
    80000974:	01bf87b3          	add	a5,t6,s11
    80000978:	01a7b023          	sd	s10,0(a5)
    8000097c:	6c1c                	ld	a5,24(s0)
    8000097e:	fffd                	bnez	a5,8000097c <Authentication+0x1b6>
    80000980:	709c                	ld	a5,32(s1)
    80000982:	fffd                	bnez	a5,80000980 <Authentication+0x1ba>
    80000984:	0004b023          	sd	zero,0(s1)
    80000988:	0174b423          	sd	s7,8(s1)
    8000098c:	0184b823          	sd	s8,16(s1)
    80000990:	0194bc23          	sd	s9,24(s1)
    80000994:	0344b823          	sd	s4,48(s1)
    80000998:	0394b023          	sd	s9,32(s1)
    8000099c:	709c                	ld	a5,32(s1)
    8000099e:	fffd                	bnez	a5,8000099c <Authentication+0x1d6>
    800009a0:	02043023          	sd	zero,32(s0)
    800009a4:	1bf00793          	li	a5,447
    800009a8:	f41c                	sd	a5,40(s0)
    800009aa:	0149b023          	sd	s4,0(s3)
    800009ae:	6c1c                	ld	a5,24(s0)
    800009b0:	8b85                	and	a5,a5,1
    800009b2:	fff5                	bnez	a5,800009ae <Authentication+0x1e8>
    800009b4:	0159b023          	sd	s5,0(s3)
    800009b8:	6c1c                	ld	a5,24(s0)
    800009ba:	8b85                	and	a5,a5,1
    800009bc:	fff5                	bnez	a5,800009b8 <Authentication+0x1f2>
    800009be:	7808                	ld	a0,48(s0)
    800009c0:	038d8793          	add	a5,s11,56 # 60000038 <buflen.1+0x5ffffff8>
    800009c4:	97de                	add	a5,a5,s7
    800009c6:	e388                	sd	a0,0(a5)
    800009c8:	0721                	add	a4,a4,8
    800009ca:	2315                	addw	t1,t1,5
    800009cc:	eb5698e3          	bne	a3,s5,8000087c <Authentication+0xb6>
    800009d0:	7562                	ld	a0,56(sp)
    800009d2:	b7bff0ef          	jal	8000054c <spm_offset_for_cache_set>
    800009d6:	7742                	ld	a4,48(sp)
    800009d8:	842a                	mv	s0,a0
    800009da:	00675793          	srl	a5,a4,0x6
    800009de:	078e                	sll	a5,a5,0x3
    800009e0:	97ee                	add	a5,a5,s11
    800009e2:	97aa                	add	a5,a5,a0
    800009e4:	9daa                	add	s11,s11,a0
    800009e6:	000db683          	ld	a3,0(s11)
    800009ea:	639c                	ld	a5,0(a5)
    800009ec:	03f77613          	and	a2,a4,63
    800009f0:	60022737          	lui	a4,0x60022
    800009f4:	00c7d7b3          	srl	a5,a5,a2
    800009f8:	7622                	ld	a2,40(sp)
    800009fa:	0ff7f793          	zext.b	a5,a5
    800009fe:	04000513          	li	a0,64
    80000a02:	96b2                	add	a3,a3,a2
    80000a04:	e314                	sd	a3,0(a4)
    80000a06:	97b2                	add	a5,a5,a2
    80000a08:	e71c                	sd	a5,8(a4)
    80000a0a:	01068613          	add	a2,a3,16
    80000a0e:	eb10                	sd	a2,16(a4)
    80000a10:	01078613          	add	a2,a5,16
    80000a14:	ef10                	sd	a2,24(a4)
    80000a16:	02068613          	add	a2,a3,32
    80000a1a:	f310                	sd	a2,32(a4)
    80000a1c:	02078613          	add	a2,a5,32
    80000a20:	f710                	sd	a2,40(a4)
    80000a22:	03068693          	add	a3,a3,48
    80000a26:	fb14                	sd	a3,48(a4)
    80000a28:	03078793          	add	a5,a5,48
    80000a2c:	ff1c                	sd	a5,56(a4)
    80000a2e:	4785                	li	a5,1
    80000a30:	e33c                	sd	a5,64(a4)
    80000a32:	8bfff0ef          	jal	800002f0 <axim_copy>
    80000a36:	60022737          	lui	a4,0x60022
    80000a3a:	633c                	ld	a5,64(a4)
    80000a3c:	fffd                	bnez	a5,80000a3a <Authentication+0x274>
    80000a3e:	60020737          	lui	a4,0x60020
    80000a42:	731c                	ld	a5,32(a4)
    80000a44:	fffd                	bnez	a5,80000a42 <Authentication+0x27c>
    80000a46:	00073023          	sd	zero,0(a4) # 60020000 <buflen.1+0x6001ffc0>
    80000a4a:	04000793          	li	a5,64
    80000a4e:	e71c                	sd	a5,8(a4)
    80000a50:	eb1c                	sd	a5,16(a4)
    80000a52:	4785                	li	a5,1
    80000a54:	ef1c                	sd	a5,24(a4)
    80000a56:	46a1                	li	a3,8
    80000a58:	fb14                	sd	a3,48(a4)
    80000a5a:	f31c                	sd	a5,32(a4)
    80000a5c:	60020737          	lui	a4,0x60020
    80000a60:	731c                	ld	a5,32(a4)
    80000a62:	fffd                	bnez	a5,80000a60 <Authentication+0x29a>
    80000a64:	60024737          	lui	a4,0x60024
    80000a68:	631c                	ld	a5,0(a4)
    80000a6a:	fffd                	bnez	a5,80000a68 <Authentication+0x2a2>
    80000a6c:	4785                	li	a5,1
    80000a6e:	e31c                	sd	a5,0(a4)
    80000a70:	60024737          	lui	a4,0x60024
    80000a74:	631c                	ld	a5,0(a4)
    80000a76:	fffd                	bnez	a5,80000a74 <Authentication+0x2ae>
    80000a78:	60020737          	lui	a4,0x60020
    80000a7c:	731c                	ld	a5,32(a4)
    80000a7e:	fffd                	bnez	a5,80000a7c <Authentication+0x2b6>
    80000a80:	00073023          	sd	zero,0(a4) # 60020000 <buflen.1+0x6001ffc0>
    80000a84:	04000793          	li	a5,64
    80000a88:	e71c                	sd	a5,8(a4)
    80000a8a:	eb1c                	sd	a5,16(a4)
    80000a8c:	00073c23          	sd	zero,24(a4)
    80000a90:	47a1                	li	a5,8
    80000a92:	fb1c                	sd	a5,48(a4)
    80000a94:	4785                	li	a5,1
    80000a96:	f31c                	sd	a5,32(a4)
    80000a98:	60020737          	lui	a4,0x60020
    80000a9c:	731c                	ld	a5,32(a4)
    80000a9e:	fffd                	bnez	a5,80000a9c <Authentication+0x2d6>
    80000aa0:	4705                	li	a4,1
    80000aa2:	600217b7          	lui	a5,0x60021
    80000aa6:	eb98                	sd	a4,16(a5)
    80000aa8:	60021737          	lui	a4,0x60021
    80000aac:	6f1c                	ld	a5,24(a4)
    80000aae:	8b85                	and	a5,a5,1
    80000ab0:	fff5                	bnez	a5,80000aac <Authentication+0x2e6>
    80000ab2:	60021737          	lui	a4,0x60021
    80000ab6:	6f1c                	ld	a5,24(a4)
    80000ab8:	fffd                	bnez	a5,80000ab6 <Authentication+0x2f0>
    80000aba:	60020737          	lui	a4,0x60020
    80000abe:	731c                	ld	a5,32(a4)
    80000ac0:	fffd                	bnez	a5,80000abe <Authentication+0x2f8>
    80000ac2:	00073023          	sd	zero,0(a4) # 60020000 <buflen.1+0x6001ffc0>
    80000ac6:	04000793          	li	a5,64
    80000aca:	e71c                	sd	a5,8(a4)
    80000acc:	eb1c                	sd	a5,16(a4)
    80000ace:	4785                	li	a5,1
    80000ad0:	ef1c                	sd	a5,24(a4)
    80000ad2:	4689                	li	a3,2
    80000ad4:	fb14                	sd	a3,48(a4)
    80000ad6:	f31c                	sd	a5,32(a4)
    80000ad8:	60020737          	lui	a4,0x60020
    80000adc:	731c                	ld	a5,32(a4)
    80000ade:	fffd                	bnez	a5,80000adc <Authentication+0x316>
    80000ae0:	600217b7          	lui	a5,0x60021
    80000ae4:	0207b023          	sd	zero,32(a5) # 60021020 <buflen.1+0x60020fe0>
    80000ae8:	1ff00713          	li	a4,511
    80000aec:	f798                	sd	a4,40(a5)
    80000aee:	4709                	li	a4,2
    80000af0:	eb98                	sd	a4,16(a5)
    80000af2:	60021737          	lui	a4,0x60021
    80000af6:	6f1c                	ld	a5,24(a4)
    80000af8:	8b85                	and	a5,a5,1
    80000afa:	fff5                	bnez	a5,80000af6 <Authentication+0x330>
    80000afc:	60021737          	lui	a4,0x60021
    80000b00:	6f1c                	ld	a5,24(a4)
    80000b02:	fffd                	bnez	a5,80000b00 <Authentication+0x33a>
    80000b04:	60020737          	lui	a4,0x60020
    80000b08:	731c                	ld	a5,32(a4)
    80000b0a:	fffd                	bnez	a5,80000b08 <Authentication+0x342>
    80000b0c:	00073023          	sd	zero,0(a4) # 60020000 <buflen.1+0x6001ffc0>
    80000b10:	e700                	sd	s0,8(a4)
    80000b12:	04000793          	li	a5,64
    80000b16:	eb1c                	sd	a5,16(a4)
    80000b18:	4785                	li	a5,1
    80000b1a:	ef1c                	sd	a5,24(a4)
    80000b1c:	4689                	li	a3,2
    80000b1e:	fb14                	sd	a3,48(a4)
    80000b20:	f31c                	sd	a5,32(a4)
    80000b22:	60020737          	lui	a4,0x60020
    80000b26:	731c                	ld	a5,32(a4)
    80000b28:	fffd                	bnez	a5,80000b26 <Authentication+0x360>
    80000b2a:	7742                	ld	a4,48(sp)
    80000b2c:	600217b7          	lui	a5,0x60021
    80000b30:	f398                	sd	a4,32(a5)
    80000b32:	00770993          	add	s3,a4,7 # 60020007 <buflen.1+0x6001ffc7>
    80000b36:	0337b423          	sd	s3,40(a5) # 60021028 <buflen.1+0x60020fe8>
    80000b3a:	4709                	li	a4,2
    80000b3c:	eb98                	sd	a4,16(a5)
    80000b3e:	60021737          	lui	a4,0x60021
    80000b42:	6f1c                	ld	a5,24(a4)
    80000b44:	8b85                	and	a5,a5,1
    80000b46:	fff5                	bnez	a5,80000b42 <Authentication+0x37c>
    80000b48:	4791                	li	a5,4
    80000b4a:	eb1c                	sd	a5,16(a4)
    80000b4c:	60021737          	lui	a4,0x60021
    80000b50:	6f1c                	ld	a5,24(a4)
    80000b52:	8b85                	and	a5,a5,1
    80000b54:	fff5                	bnez	a5,80000b50 <Authentication+0x38a>
    80000b56:	6486                	ld	s1,64(sp)
    80000b58:	08000593          	li	a1,128
    80000b5c:	7b00                	ld	s0,48(a4)
    80000b5e:	8526                	mv	a0,s1
    80000b60:	89dff0ef          	jal	800003fc <ensureBlockInSpm>
    80000b64:	6726                	ld	a4,72(sp)
    80000b66:	600007b7          	lui	a5,0x60000
    80000b6a:	08078793          	add	a5,a5,128 # 60000080 <buflen.1+0x60000040>
    80000b6e:	00f70ab3          	add	s5,a4,a5
    80000b72:	008ab023          	sd	s0,0(s5)
    80000b76:	0034ea13          	or	s4,s1,3
    80000b7a:	600027b7          	lui	a5,0x60002
    80000b7e:	c147b823          	sd	s4,-1008(a5) # 60001c10 <buflen.1+0x60001bd0>
    80000b82:	60020737          	lui	a4,0x60020
    80000b86:	731c                	ld	a5,32(a4)
    80000b88:	fffd                	bnez	a5,80000b86 <Authentication+0x3c0>
    80000b8a:	77a2                	ld	a5,40(sp)
    80000b8c:	e31c                	sd	a5,0(a4)
    80000b8e:	04000793          	li	a5,64
    80000b92:	e71c                	sd	a5,8(a4)
    80000b94:	eb1c                	sd	a5,16(a4)
    80000b96:	4785                	li	a5,1
    80000b98:	ef1c                	sd	a5,24(a4)
    80000b9a:	fb1c                	sd	a5,48(a4)
    80000b9c:	f31c                	sd	a5,32(a4)
    80000b9e:	60020737          	lui	a4,0x60020
    80000ba2:	731c                	ld	a5,32(a4)
    80000ba4:	fffd                	bnez	a5,80000ba2 <Authentication+0x3dc>
    80000ba6:	60023737          	lui	a4,0x60023
    80000baa:	771c                	ld	a5,40(a4)
    80000bac:	fffd                	bnez	a5,80000baa <Authentication+0x3e4>
    80000bae:	60ee                	ld	ra,216(sp)
    80000bb0:	644e                	ld	s0,208(sp)
    80000bb2:	02000793          	li	a5,32
    80000bb6:	f31c                	sd	a5,32(a4)
    80000bb8:	64ae                	ld	s1,200(sp)
    80000bba:	690e                	ld	s2,192(sp)
    80000bbc:	79ea                	ld	s3,184(sp)
    80000bbe:	7a4a                	ld	s4,176(sp)
    80000bc0:	7aaa                	ld	s5,168(sp)
    80000bc2:	7b0a                	ld	s6,160(sp)
    80000bc4:	6bea                	ld	s7,152(sp)
    80000bc6:	6c4a                	ld	s8,144(sp)
    80000bc8:	6caa                	ld	s9,136(sp)
    80000bca:	6d0a                	ld	s10,128(sp)
    80000bcc:	7de6                	ld	s11,120(sp)
    80000bce:	612d                	add	sp,sp,224
    80000bd0:	8082                	ret
    80000bd2:	6c1c                	ld	a5,24(s0)
    80000bd4:	fffd                	bnez	a5,80000bd2 <Authentication+0x40c>
    80000bd6:	709c                	ld	a5,32(s1)
    80000bd8:	fffd                	bnez	a5,80000bd6 <Authentication+0x410>
    80000bda:	0004b023          	sd	zero,0(s1)
    80000bde:	0004b423          	sd	zero,8(s1)
    80000be2:	0184b823          	sd	s8,16(s1)
    80000be6:	0194bc23          	sd	s9,24(s1)
    80000bea:	0344b823          	sd	s4,48(s1)
    80000bee:	0394b023          	sd	s9,32(s1)
    80000bf2:	709c                	ld	a5,32(s1)
    80000bf4:	fffd                	bnez	a5,80000bf2 <Authentication+0x42c>
    80000bf6:	02043023          	sd	zero,32(s0)
    80000bfa:	03f00793          	li	a5,63
    80000bfe:	f41c                	sd	a5,40(s0)
    80000c00:	0149b023          	sd	s4,0(s3)
    80000c04:	6c1c                	ld	a5,24(s0)
    80000c06:	8b85                	and	a5,a5,1
    80000c08:	fff5                	bnez	a5,80000c04 <Authentication+0x43e>
    80000c0a:	b1e9                	j	800008d4 <Authentication+0x10e>
    80000c0c:	0385                	add	t2,t2,1
    80000c0e:	007fb023          	sd	t2,0(t6)
    80000c12:	bb3d                	j	80000950 <Authentication+0x18a>
    80000c14:	0888                	add	a0,sp,80
    80000c16:	9a5ff0ef          	jal	800005ba <verifyTreePath>
    80000c1a:	c20519e3          	bnez	a0,8000084c <Authentication+0x86>
    80000c1e:	00001517          	auipc	a0,0x1
    80000c22:	c0250513          	add	a0,a0,-1022 # 80001820 <._edata+0x4a>
    80000c26:	047000ef          	jal	8000146c <printf>
    80000c2a:	4505                	li	a0,1
    80000c2c:	78c000ef          	jal	800013b8 <exit>

0000000080000c30 <Verification>:
    80000c30:	715d                	add	sp,sp,-80
    80000c32:	600237b7          	lui	a5,0x60023
    80000c36:	f052                	sd	s4,32(sp)
    80000c38:	0087ba03          	ld	s4,8(a5) # 60023008 <buflen.1+0x60022fc8>
    80000c3c:	57dd                	li	a5,-9
    80000c3e:	07f2                	sll	a5,a5,0x1c
    80000c40:	97d2                	add	a5,a5,s4
    80000c42:	00b7d693          	srl	a3,a5,0xb
    80000c46:	fc26                	sd	s1,56(sp)
    80000c48:	f44e                	sd	s3,40(sp)
    80000c4a:	0097d493          	srl	s1,a5,0x9
    80000c4e:	02500737          	lui	a4,0x2500
    80000c52:	025209b7          	lui	s3,0x2520
    80000c56:	99b6                	add	s3,s3,a3
    80000c58:	94ba                	add	s1,s1,a4
    80000c5a:	6745                	lui	a4,0x11
    80000c5c:	0067d593          	srl	a1,a5,0x6
    80000c60:	0107d613          	srl	a2,a5,0x10
    80000c64:	099a                	sll	s3,s3,0x6
    80000c66:	83d5                	srl	a5,a5,0x15
    80000c68:	84070713          	add	a4,a4,-1984 # 10840 <buflen.1+0x10800>
    80000c6c:	850a                	mv	a0,sp
    80000c6e:	e486                	sd	ra,72(sp)
    80000c70:	e0a2                	sd	s0,64(sp)
    80000c72:	f84a                	sd	s2,48(sp)
    80000c74:	99ba                	add	s3,s3,a4
    80000c76:	ec2e                	sd	a1,24(sp)
    80000c78:	e836                	sd	a3,16(sp)
    80000c7a:	e432                	sd	a2,8(sp)
    80000c7c:	e03e                	sd	a5,0(sp)
    80000c7e:	93dff0ef          	jal	800005ba <verifyTreePath>
    80000c82:	20050963          	beqz	a0,80000e94 <Verification+0x264>
    80000c86:	006a5413          	srl	s0,s4,0x6
    80000c8a:	01f47913          	and	s2,s0,31
    80000c8e:	0921                	add	s2,s2,8
    80000c90:	854e                	mv	a0,s3
    80000c92:	8bbff0ef          	jal	8000054c <spm_offset_for_cache_set>
    80000c96:	090e                	sll	s2,s2,0x3
    80000c98:	00695793          	srl	a5,s2,0x6
    80000c9c:	60000737          	lui	a4,0x60000
    80000ca0:	078e                	sll	a5,a5,0x3
    80000ca2:	97ba                	add	a5,a5,a4
    80000ca4:	97aa                	add	a5,a5,a0
    80000ca6:	972a                	add	a4,a4,a0
    80000ca8:	6314                	ld	a3,0(a4)
    80000caa:	639c                	ld	a5,0(a5)
    80000cac:	03f97613          	and	a2,s2,63
    80000cb0:	60022737          	lui	a4,0x60022
    80000cb4:	00c7d7b3          	srl	a5,a5,a2
    80000cb8:	96d2                	add	a3,a3,s4
    80000cba:	0ff7f793          	zext.b	a5,a5
    80000cbe:	e314                	sd	a3,0(a4)
    80000cc0:	97d2                	add	a5,a5,s4
    80000cc2:	e71c                	sd	a5,8(a4)
    80000cc4:	01068613          	add	a2,a3,16
    80000cc8:	eb10                	sd	a2,16(a4)
    80000cca:	01078613          	add	a2,a5,16
    80000cce:	ef10                	sd	a2,24(a4)
    80000cd0:	02068613          	add	a2,a3,32
    80000cd4:	f310                	sd	a2,32(a4)
    80000cd6:	02078613          	add	a2,a5,32
    80000cda:	f710                	sd	a2,40(a4)
    80000cdc:	03068693          	add	a3,a3,48
    80000ce0:	fb14                	sd	a3,48(a4)
    80000ce2:	03078793          	add	a5,a5,48
    80000ce6:	ff1c                	sd	a5,56(a4)
    80000ce8:	881d                	and	s0,s0,7
    80000cea:	4785                	li	a5,1
    80000cec:	e33c                	sd	a5,64(a4)
    80000cee:	049a                	sll	s1,s1,0x6
    80000cf0:	040e                	sll	s0,s0,0x3
    80000cf2:	60020737          	lui	a4,0x60020
    80000cf6:	731c                	ld	a5,32(a4)
    80000cf8:	fffd                	bnez	a5,80000cf6 <Verification+0xc6>
    80000cfa:	01473023          	sd	s4,0(a4) # 60020000 <buflen.1+0x6001ffc0>
    80000cfe:	04000793          	li	a5,64
    80000d02:	e71c                	sd	a5,8(a4)
    80000d04:	eb1c                	sd	a5,16(a4)
    80000d06:	00073c23          	sd	zero,24(a4)
    80000d0a:	4785                	li	a5,1
    80000d0c:	fb1c                	sd	a5,48(a4)
    80000d0e:	f31c                	sd	a5,32(a4)
    80000d10:	60020737          	lui	a4,0x60020
    80000d14:	731c                	ld	a5,32(a4)
    80000d16:	fffd                	bnez	a5,80000d14 <Verification+0xe4>
    80000d18:	4705                	li	a4,1
    80000d1a:	600217b7          	lui	a5,0x60021
    80000d1e:	eb98                	sd	a4,16(a5)
    80000d20:	60021737          	lui	a4,0x60021
    80000d24:	6f1c                	ld	a5,24(a4)
    80000d26:	8b85                	and	a5,a5,1
    80000d28:	fff5                	bnez	a5,80000d24 <Verification+0xf4>
    80000d2a:	60021737          	lui	a4,0x60021
    80000d2e:	6f1c                	ld	a5,24(a4)
    80000d30:	fffd                	bnez	a5,80000d2e <Verification+0xfe>
    80000d32:	60020737          	lui	a4,0x60020
    80000d36:	731c                	ld	a5,32(a4)
    80000d38:	fffd                	bnez	a5,80000d36 <Verification+0x106>
    80000d3a:	00073023          	sd	zero,0(a4) # 60020000 <buflen.1+0x6001ffc0>
    80000d3e:	04000793          	li	a5,64
    80000d42:	e71c                	sd	a5,8(a4)
    80000d44:	eb1c                	sd	a5,16(a4)
    80000d46:	4785                	li	a5,1
    80000d48:	ef1c                	sd	a5,24(a4)
    80000d4a:	4689                	li	a3,2
    80000d4c:	fb14                	sd	a3,48(a4)
    80000d4e:	f31c                	sd	a5,32(a4)
    80000d50:	60020737          	lui	a4,0x60020
    80000d54:	731c                	ld	a5,32(a4)
    80000d56:	fffd                	bnez	a5,80000d54 <Verification+0x124>
    80000d58:	600217b7          	lui	a5,0x60021
    80000d5c:	0207b023          	sd	zero,32(a5) # 60021020 <buflen.1+0x60020fe0>
    80000d60:	1ff00713          	li	a4,511
    80000d64:	f798                	sd	a4,40(a5)
    80000d66:	4709                	li	a4,2
    80000d68:	eb98                	sd	a4,16(a5)
    80000d6a:	60021737          	lui	a4,0x60021
    80000d6e:	6f1c                	ld	a5,24(a4)
    80000d70:	8b85                	and	a5,a5,1
    80000d72:	fff5                	bnez	a5,80000d6e <Verification+0x13e>
    80000d74:	60021737          	lui	a4,0x60021
    80000d78:	6f1c                	ld	a5,24(a4)
    80000d7a:	fffd                	bnez	a5,80000d78 <Verification+0x148>
    80000d7c:	60020737          	lui	a4,0x60020
    80000d80:	731c                	ld	a5,32(a4)
    80000d82:	fffd                	bnez	a5,80000d80 <Verification+0x150>
    80000d84:	00073023          	sd	zero,0(a4) # 60020000 <buflen.1+0x6001ffc0>
    80000d88:	e708                	sd	a0,8(a4)
    80000d8a:	04000793          	li	a5,64
    80000d8e:	eb1c                	sd	a5,16(a4)
    80000d90:	4785                	li	a5,1
    80000d92:	ef1c                	sd	a5,24(a4)
    80000d94:	4689                	li	a3,2
    80000d96:	fb14                	sd	a3,48(a4)
    80000d98:	f31c                	sd	a5,32(a4)
    80000d9a:	60020737          	lui	a4,0x60020
    80000d9e:	731c                	ld	a5,32(a4)
    80000da0:	fffd                	bnez	a5,80000d9e <Verification+0x16e>
    80000da2:	600217b7          	lui	a5,0x60021
    80000da6:	0327b023          	sd	s2,32(a5) # 60021020 <buflen.1+0x60020fe0>
    80000daa:	091d                	add	s2,s2,7
    80000dac:	4709                	li	a4,2
    80000dae:	0327b423          	sd	s2,40(a5)
    80000db2:	eb98                	sd	a4,16(a5)
    80000db4:	60021737          	lui	a4,0x60021
    80000db8:	6f1c                	ld	a5,24(a4)
    80000dba:	8b85                	and	a5,a5,1
    80000dbc:	fff5                	bnez	a5,80000db8 <Verification+0x188>
    80000dbe:	4791                	li	a5,4
    80000dc0:	eb1c                	sd	a5,16(a4)
    80000dc2:	60021737          	lui	a4,0x60021
    80000dc6:	6f1c                	ld	a5,24(a4)
    80000dc8:	8b85                	and	a5,a5,1
    80000dca:	fff5                	bnez	a5,80000dc6 <Verification+0x196>
    80000dcc:	8526                	mv	a0,s1
    80000dce:	08000593          	li	a1,128
    80000dd2:	7b04                	ld	s1,48(a4)
    80000dd4:	e28ff0ef          	jal	800003fc <ensureBlockInSpm>
    80000dd8:	600007b7          	lui	a5,0x60000
    80000ddc:	08078793          	add	a5,a5,128 # 60000080 <buflen.1+0x60000040>
    80000de0:	943e                	add	s0,s0,a5
    80000de2:	6010                	ld	a2,0(s0)
    80000de4:	60022737          	lui	a4,0x60022
    80000de8:	0a961f63          	bne	a2,s1,80000ea6 <Verification+0x276>
    80000dec:	633c                	ld	a5,64(a4)
    80000dee:	fffd                	bnez	a5,80000dec <Verification+0x1bc>
    80000df0:	60020737          	lui	a4,0x60020
    80000df4:	731c                	ld	a5,32(a4)
    80000df6:	fffd                	bnez	a5,80000df4 <Verification+0x1c4>
    80000df8:	00073023          	sd	zero,0(a4) # 60020000 <buflen.1+0x6001ffc0>
    80000dfc:	04000793          	li	a5,64
    80000e00:	e71c                	sd	a5,8(a4)
    80000e02:	eb1c                	sd	a5,16(a4)
    80000e04:	4785                	li	a5,1
    80000e06:	ef1c                	sd	a5,24(a4)
    80000e08:	46a1                	li	a3,8
    80000e0a:	fb14                	sd	a3,48(a4)
    80000e0c:	f31c                	sd	a5,32(a4)
    80000e0e:	60020737          	lui	a4,0x60020
    80000e12:	731c                	ld	a5,32(a4)
    80000e14:	fffd                	bnez	a5,80000e12 <Verification+0x1e2>
    80000e16:	60024737          	lui	a4,0x60024
    80000e1a:	631c                	ld	a5,0(a4)
    80000e1c:	fffd                	bnez	a5,80000e1a <Verification+0x1ea>
    80000e1e:	4785                	li	a5,1
    80000e20:	e31c                	sd	a5,0(a4)
    80000e22:	60024737          	lui	a4,0x60024
    80000e26:	631c                	ld	a5,0(a4)
    80000e28:	fffd                	bnez	a5,80000e26 <Verification+0x1f6>
    80000e2a:	60020737          	lui	a4,0x60020
    80000e2e:	731c                	ld	a5,32(a4)
    80000e30:	fffd                	bnez	a5,80000e2e <Verification+0x1fe>
    80000e32:	00073023          	sd	zero,0(a4) # 60020000 <buflen.1+0x6001ffc0>
    80000e36:	04000793          	li	a5,64
    80000e3a:	e71c                	sd	a5,8(a4)
    80000e3c:	eb1c                	sd	a5,16(a4)
    80000e3e:	00073c23          	sd	zero,24(a4)
    80000e42:	47a1                	li	a5,8
    80000e44:	fb1c                	sd	a5,48(a4)
    80000e46:	4785                	li	a5,1
    80000e48:	f31c                	sd	a5,32(a4)
    80000e4a:	60020737          	lui	a4,0x60020
    80000e4e:	731c                	ld	a5,32(a4)
    80000e50:	fffd                	bnez	a5,80000e4e <Verification+0x21e>
    80000e52:	60020737          	lui	a4,0x60020
    80000e56:	731c                	ld	a5,32(a4)
    80000e58:	fffd                	bnez	a5,80000e56 <Verification+0x226>
    80000e5a:	00073023          	sd	zero,0(a4) # 60020000 <buflen.1+0x6001ffc0>
    80000e5e:	04000793          	li	a5,64
    80000e62:	e71c                	sd	a5,8(a4)
    80000e64:	eb1c                	sd	a5,16(a4)
    80000e66:	4785                	li	a5,1
    80000e68:	ef1c                	sd	a5,24(a4)
    80000e6a:	4691                	li	a3,4
    80000e6c:	fb14                	sd	a3,48(a4)
    80000e6e:	f31c                	sd	a5,32(a4)
    80000e70:	60020737          	lui	a4,0x60020
    80000e74:	731c                	ld	a5,32(a4)
    80000e76:	fffd                	bnez	a5,80000e74 <Verification+0x244>
    80000e78:	60023737          	lui	a4,0x60023
    80000e7c:	771c                	ld	a5,40(a4)
    80000e7e:	fffd                	bnez	a5,80000e7c <Verification+0x24c>
    80000e80:	60a6                	ld	ra,72(sp)
    80000e82:	6406                	ld	s0,64(sp)
    80000e84:	47c1                	li	a5,16
    80000e86:	f31c                	sd	a5,32(a4)
    80000e88:	74e2                	ld	s1,56(sp)
    80000e8a:	7942                	ld	s2,48(sp)
    80000e8c:	79a2                	ld	s3,40(sp)
    80000e8e:	7a02                	ld	s4,32(sp)
    80000e90:	6161                	add	sp,sp,80
    80000e92:	8082                	ret
    80000e94:	00001517          	auipc	a0,0x1
    80000e98:	9d450513          	add	a0,a0,-1580 # 80001868 <._edata+0x92>
    80000e9c:	5d0000ef          	jal	8000146c <printf>
    80000ea0:	4505                	li	a0,1
    80000ea2:	516000ef          	jal	800013b8 <exit>
    80000ea6:	85a6                	mv	a1,s1
    80000ea8:	00001517          	auipc	a0,0x1
    80000eac:	a0850513          	add	a0,a0,-1528 # 800018b0 <._edata+0xda>
    80000eb0:	5bc000ef          	jal	8000146c <printf>
    80000eb4:	4505                	li	a0,1
    80000eb6:	502000ef          	jal	800013b8 <exit>

0000000080000eba <Reencryption>:
    80000eba:	1101                	add	sp,sp,-32
    80000ebc:	e822                	sd	s0,16(sp)
    80000ebe:	842e                	mv	s0,a1
    80000ec0:	04000593          	li	a1,64
    80000ec4:	e426                	sd	s1,8(sp)
    80000ec6:	e04a                	sd	s2,0(sp)
    80000ec8:	84aa                	mv	s1,a0
    80000eca:	8932                	mv	s2,a2
    80000ecc:	ec06                	sd	ra,24(sp)
    80000ece:	d2eff0ef          	jal	800003fc <ensureBlockInSpm>
    80000ed2:	600227b7          	lui	a5,0x60022
    80000ed6:	00848733          	add	a4,s1,s0
    80000eda:	e398                	sd	a4,0(a5)
    80000edc:	00990633          	add	a2,s2,s1
    80000ee0:	e790                	sd	a2,8(a5)
    80000ee2:	01070693          	add	a3,a4,16 # 60023010 <buflen.1+0x60022fd0>
    80000ee6:	eb94                	sd	a3,16(a5)
    80000ee8:	01060693          	add	a3,a2,16
    80000eec:	ef94                	sd	a3,24(a5)
    80000eee:	02070693          	add	a3,a4,32
    80000ef2:	f394                	sd	a3,32(a5)
    80000ef4:	02060693          	add	a3,a2,32
    80000ef8:	f794                	sd	a3,40(a5)
    80000efa:	03070713          	add	a4,a4,48
    80000efe:	fb98                	sd	a4,48(a5)
    80000f00:	03060613          	add	a2,a2,48
    80000f04:	ff90                	sd	a2,56(a5)
    80000f06:	4685                	li	a3,1
    80000f08:	00140713          	add	a4,s0,1
    80000f0c:	e3b4                	sd	a3,64(a5)
    80000f0e:	9726                	add	a4,a4,s1
    80000f10:	e398                	sd	a4,0(a5)
    80000f12:	e784                	sd	s1,8(a5)
    80000f14:	01070613          	add	a2,a4,16
    80000f18:	eb90                	sd	a2,16(a5)
    80000f1a:	01048613          	add	a2,s1,16
    80000f1e:	ef90                	sd	a2,24(a5)
    80000f20:	02070613          	add	a2,a4,32
    80000f24:	f390                	sd	a2,32(a5)
    80000f26:	02048613          	add	a2,s1,32
    80000f2a:	f790                	sd	a2,40(a5)
    80000f2c:	03070713          	add	a4,a4,48
    80000f30:	fb98                	sd	a4,48(a5)
    80000f32:	03048493          	add	s1,s1,48
    80000f36:	ff84                	sd	s1,56(a5)
    80000f38:	e3b4                	sd	a3,64(a5)
    80000f3a:	600217b7          	lui	a5,0x60021
    80000f3e:	eb94                	sd	a3,16(a5)
    80000f40:	60021737          	lui	a4,0x60021
    80000f44:	6f1c                	ld	a5,24(a4)
    80000f46:	8b85                	and	a5,a5,1
    80000f48:	fff5                	bnez	a5,80000f44 <Reencryption+0x8a>
    80000f4a:	60021737          	lui	a4,0x60021
    80000f4e:	6f1c                	ld	a5,24(a4)
    80000f50:	fffd                	bnez	a5,80000f4e <Reencryption+0x94>
    80000f52:	60020737          	lui	a4,0x60020
    80000f56:	731c                	ld	a5,32(a4)
    80000f58:	fffd                	bnez	a5,80000f56 <Reencryption+0x9c>
    80000f5a:	00073023          	sd	zero,0(a4) # 60020000 <buflen.1+0x6001ffc0>
    80000f5e:	04000793          	li	a5,64
    80000f62:	e71c                	sd	a5,8(a4)
    80000f64:	eb1c                	sd	a5,16(a4)
    80000f66:	4785                	li	a5,1
    80000f68:	ef1c                	sd	a5,24(a4)
    80000f6a:	4689                	li	a3,2
    80000f6c:	fb14                	sd	a3,48(a4)
    80000f6e:	f31c                	sd	a5,32(a4)
    80000f70:	60020737          	lui	a4,0x60020
    80000f74:	731c                	ld	a5,32(a4)
    80000f76:	fffd                	bnez	a5,80000f74 <Reencryption+0xba>
    80000f78:	600217b7          	lui	a5,0x60021
    80000f7c:	0207b023          	sd	zero,32(a5) # 60021020 <buflen.1+0x60020fe0>
    80000f80:	1ff00713          	li	a4,511
    80000f84:	f798                	sd	a4,40(a5)
    80000f86:	4709                	li	a4,2
    80000f88:	eb98                	sd	a4,16(a5)
    80000f8a:	60021737          	lui	a4,0x60021
    80000f8e:	6f1c                	ld	a5,24(a4)
    80000f90:	8b85                	and	a5,a5,1
    80000f92:	fff5                	bnez	a5,80000f8e <Reencryption+0xd4>
    80000f94:	60021737          	lui	a4,0x60021
    80000f98:	6f1c                	ld	a5,24(a4)
    80000f9a:	fffd                	bnez	a5,80000f98 <Reencryption+0xde>
    80000f9c:	60020737          	lui	a4,0x60020
    80000fa0:	731c                	ld	a5,32(a4)
    80000fa2:	fffd                	bnez	a5,80000fa0 <Reencryption+0xe6>
    80000fa4:	00073023          	sd	zero,0(a4) # 60020000 <buflen.1+0x6001ffc0>
    80000fa8:	0c000793          	li	a5,192
    80000fac:	e71c                	sd	a5,8(a4)
    80000fae:	04000793          	li	a5,64
    80000fb2:	eb1c                	sd	a5,16(a4)
    80000fb4:	4785                	li	a5,1
    80000fb6:	ef1c                	sd	a5,24(a4)
    80000fb8:	4689                	li	a3,2
    80000fba:	fb14                	sd	a3,48(a4)
    80000fbc:	f31c                	sd	a5,32(a4)
    80000fbe:	60020737          	lui	a4,0x60020
    80000fc2:	731c                	ld	a5,32(a4)
    80000fc4:	fffd                	bnez	a5,80000fc2 <Reencryption+0x108>
    80000fc6:	600217b7          	lui	a5,0x60021
    80000fca:	04000713          	li	a4,64
    80000fce:	f398                	sd	a4,32(a5)
    80000fd0:	04700713          	li	a4,71
    80000fd4:	f798                	sd	a4,40(a5)
    80000fd6:	4709                	li	a4,2
    80000fd8:	eb98                	sd	a4,16(a5)
    80000fda:	60021737          	lui	a4,0x60021
    80000fde:	6f1c                	ld	a5,24(a4)
    80000fe0:	8b85                	and	a5,a5,1
    80000fe2:	fff5                	bnez	a5,80000fde <Reencryption+0x124>
    80000fe4:	4791                	li	a5,4
    80000fe6:	eb1c                	sd	a5,16(a4)
    80000fe8:	60021737          	lui	a4,0x60021
    80000fec:	6f1c                	ld	a5,24(a4)
    80000fee:	8b85                	and	a5,a5,1
    80000ff0:	fff5                	bnez	a5,80000fec <Reencryption+0x132>
    80000ff2:	60e2                	ld	ra,24(sp)
    80000ff4:	6442                	ld	s0,16(sp)
    80000ff6:	64a2                	ld	s1,8(sp)
    80000ff8:	6902                	ld	s2,0(sp)
    80000ffa:	7b1c                	ld	a5,48(a4)
    80000ffc:	6105                	add	sp,sp,32
    80000ffe:	8082                	ret

0000000080001000 <vprintfmt>:
    80001000:	7149                	add	sp,sp,-368
    80001002:	f2a2                	sd	s0,352(sp)
    80001004:	eea6                	sd	s1,344(sp)
    80001006:	eaca                	sd	s2,336(sp)
    80001008:	e2d2                	sd	s4,320(sp)
    8000100a:	fe56                	sd	s5,312(sp)
    8000100c:	fa5a                	sd	s6,304(sp)
    8000100e:	f65e                	sd	s7,296(sp)
    80001010:	f686                	sd	ra,360(sp)
    80001012:	e6ce                	sd	s3,328(sp)
    80001014:	f262                	sd	s8,288(sp)
    80001016:	ee66                	sd	s9,280(sp)
    80001018:	ea6a                	sd	s10,272(sp)
    8000101a:	e66e                	sd	s11,264(sp)
    8000101c:	892a                	mv	s2,a0
    8000101e:	84ae                	mv	s1,a1
    80001020:	8432                	mv	s0,a2
    80001022:	8ab6                	mv	s5,a3
    80001024:	02500a13          	li	s4,37
    80001028:	05500b93          	li	s7,85
    8000102c:	97418b13          	add	s6,gp,-1676 # 8000194c <._edata+0x176>
    80001030:	a029                	j	8000103a <vprintfmt+0x3a>
    80001032:	cd1d                	beqz	a0,80001070 <vprintfmt+0x70>
    80001034:	85a6                	mv	a1,s1
    80001036:	0405                	add	s0,s0,1
    80001038:	9902                	jalr	s2
    8000103a:	00044503          	lbu	a0,0(s0)
    8000103e:	ff451ae3          	bne	a0,s4,80001032 <vprintfmt+0x32>
    80001042:	00144683          	lbu	a3,1(s0)
    80001046:	00140993          	add	s3,s0,1
    8000104a:	874e                	mv	a4,s3
    8000104c:	02000c93          	li	s9,32
    80001050:	5c7d                	li	s8,-1
    80001052:	5dfd                	li	s11,-1
    80001054:	4601                	li	a2,0
    80001056:	fdd6879b          	addw	a5,a3,-35
    8000105a:	0ff7f793          	zext.b	a5,a5
    8000105e:	00170413          	add	s0,a4,1 # 60021001 <buflen.1+0x60020fc1>
    80001062:	04fbe263          	bltu	s7,a5,800010a6 <vprintfmt+0xa6>
    80001066:	078a                	sll	a5,a5,0x2
    80001068:	97da                	add	a5,a5,s6
    8000106a:	439c                	lw	a5,0(a5)
    8000106c:	97da                	add	a5,a5,s6
    8000106e:	8782                	jr	a5
    80001070:	70b6                	ld	ra,360(sp)
    80001072:	7416                	ld	s0,352(sp)
    80001074:	64f6                	ld	s1,344(sp)
    80001076:	6956                	ld	s2,336(sp)
    80001078:	69b6                	ld	s3,328(sp)
    8000107a:	6a16                	ld	s4,320(sp)
    8000107c:	7af2                	ld	s5,312(sp)
    8000107e:	7b52                	ld	s6,304(sp)
    80001080:	7bb2                	ld	s7,296(sp)
    80001082:	7c12                	ld	s8,288(sp)
    80001084:	6cf2                	ld	s9,280(sp)
    80001086:	6d52                	ld	s10,272(sp)
    80001088:	6db2                	ld	s11,264(sp)
    8000108a:	6175                	add	sp,sp,368
    8000108c:	8082                	ret
    8000108e:	8cb6                	mv	s9,a3
    80001090:	00174683          	lbu	a3,1(a4)
    80001094:	8722                	mv	a4,s0
    80001096:	00170413          	add	s0,a4,1
    8000109a:	fdd6879b          	addw	a5,a3,-35
    8000109e:	0ff7f793          	zext.b	a5,a5
    800010a2:	fcfbf2e3          	bgeu	s7,a5,80001066 <vprintfmt+0x66>
    800010a6:	85a6                	mv	a1,s1
    800010a8:	02500513          	li	a0,37
    800010ac:	9902                	jalr	s2
    800010ae:	844e                	mv	s0,s3
    800010b0:	b769                	j	8000103a <vprintfmt+0x3a>
    800010b2:	fd068c1b          	addw	s8,a3,-48
    800010b6:	00174683          	lbu	a3,1(a4)
    800010ba:	47a5                	li	a5,9
    800010bc:	fd06871b          	addw	a4,a3,-48
    800010c0:	0006859b          	sext.w	a1,a3
    800010c4:	20e7e863          	bltu	a5,a4,800012d4 <vprintfmt+0x2d4>
    800010c8:	8722                	mv	a4,s0
    800010ca:	4825                	li	a6,9
    800010cc:	00174683          	lbu	a3,1(a4)
    800010d0:	002c179b          	sllw	a5,s8,0x2
    800010d4:	018787bb          	addw	a5,a5,s8
    800010d8:	0017979b          	sllw	a5,a5,0x1
    800010dc:	9fad                	addw	a5,a5,a1
    800010de:	fd06851b          	addw	a0,a3,-48
    800010e2:	0705                	add	a4,a4,1
    800010e4:	fd078c1b          	addw	s8,a5,-48 # 60020fd0 <buflen.1+0x60020f90>
    800010e8:	0006859b          	sext.w	a1,a3
    800010ec:	fea870e3          	bgeu	a6,a0,800010cc <vprintfmt+0xcc>
    800010f0:	f60dd3e3          	bgez	s11,80001056 <vprintfmt+0x56>
    800010f4:	8de2                	mv	s11,s8
    800010f6:	5c7d                	li	s8,-1
    800010f8:	bfb9                	j	80001056 <vprintfmt+0x56>
    800010fa:	00174683          	lbu	a3,1(a4)
    800010fe:	8722                	mv	a4,s0
    80001100:	bf99                	j	80001056 <vprintfmt+0x56>
    80001102:	85a6                	mv	a1,s1
    80001104:	02500513          	li	a0,37
    80001108:	9902                	jalr	s2
    8000110a:	bf05                	j	8000103a <vprintfmt+0x3a>
    8000110c:	000aac03          	lw	s8,0(s5)
    80001110:	00174683          	lbu	a3,1(a4)
    80001114:	0aa1                	add	s5,s5,8
    80001116:	8722                	mv	a4,s0
    80001118:	bfe1                	j	800010f0 <vprintfmt+0xf0>
    8000111a:	03000513          	li	a0,48
    8000111e:	85a6                	mv	a1,s1
    80001120:	9902                	jalr	s2
    80001122:	85a6                	mv	a1,s1
    80001124:	07800513          	li	a0,120
    80001128:	9902                	jalr	s2
    8000112a:	46c1                	li	a3,16
    8000112c:	008a8713          	add	a4,s5,8
    80001130:	000ab783          	ld	a5,0(s5)
    80001134:	8aba                	mv	s5,a4
    80001136:	02d7f5b3          	remu	a1,a5,a3
    8000113a:	000c899b          	sext.w	s3,s9
    8000113e:	0050                	add	a2,sp,4
    80001140:	4705                	li	a4,1
    80001142:	c02e                	sw	a1,0(sp)
    80001144:	16d7e663          	bltu	a5,a3,800012b0 <vprintfmt+0x2b0>
    80001148:	02d7d7b3          	divu	a5,a5,a3
    8000114c:	0611                	add	a2,a2,4
    8000114e:	8c3a                	mv	s8,a4
    80001150:	2705                	addw	a4,a4,1
    80001152:	02d7f5b3          	remu	a1,a5,a3
    80001156:	feb62e23          	sw	a1,-4(a2)
    8000115a:	fed7f7e3          	bgeu	a5,a3,80001148 <vprintfmt+0x148>
    8000115e:	fffd8c9b          	addw	s9,s11,-1
    80001162:	fff70d1b          	addw	s10,a4,-1
    80001166:	01b75863          	bge	a4,s11,80001176 <vprintfmt+0x176>
    8000116a:	3cfd                	addw	s9,s9,-1
    8000116c:	85a6                	mv	a1,s1
    8000116e:	854e                	mv	a0,s3
    80001170:	9902                	jalr	s2
    80001172:	ffac9ce3          	bne	s9,s10,8000116a <vprintfmt+0x16a>
    80001176:	0c0a                	sll	s8,s8,0x2
    80001178:	018109b3          	add	s3,sp,s8
    8000117c:	ffc10c93          	add	s9,sp,-4
    80001180:	4c25                	li	s8,9
    80001182:	0009a783          	lw	a5,0(s3) # 2520000 <buflen.1+0x251ffc0>
    80001186:	05700513          	li	a0,87
    8000118a:	00fc6463          	bltu	s8,a5,80001192 <vprintfmt+0x192>
    8000118e:	03000513          	li	a0,48
    80001192:	19f1                	add	s3,s3,-4
    80001194:	85a6                	mv	a1,s1
    80001196:	9d3d                	addw	a0,a0,a5
    80001198:	9902                	jalr	s2
    8000119a:	ff3c94e3          	bne	s9,s3,80001182 <vprintfmt+0x182>
    8000119e:	bd71                	j	8000103a <vprintfmt+0x3a>
    800011a0:	4785                	li	a5,1
    800011a2:	008a8c13          	add	s8,s5,8
    800011a6:	00c7c463          	blt	a5,a2,800011ae <vprintfmt+0x1ae>
    800011aa:	10060563          	beqz	a2,800012b4 <vprintfmt+0x2b4>
    800011ae:	000ab983          	ld	s3,0(s5)
    800011b2:	1009c863          	bltz	s3,800012c2 <vprintfmt+0x2c2>
    800011b6:	87ce                	mv	a5,s3
    800011b8:	8ae2                	mv	s5,s8
    800011ba:	46a9                	li	a3,10
    800011bc:	bfad                	j	80001136 <vprintfmt+0x136>
    800011be:	00174683          	lbu	a3,1(a4)
    800011c2:	2605                	addw	a2,a2,1
    800011c4:	8722                	mv	a4,s0
    800011c6:	bd41                	j	80001056 <vprintfmt+0x56>
    800011c8:	46c1                	li	a3,16
    800011ca:	4785                	li	a5,1
    800011cc:	008a8713          	add	a4,s5,8
    800011d0:	f6c7c0e3          	blt	a5,a2,80001130 <vprintfmt+0x130>
    800011d4:	fe31                	bnez	a2,80001130 <vprintfmt+0x130>
    800011d6:	000ae783          	lwu	a5,0(s5)
    800011da:	8aba                	mv	s5,a4
    800011dc:	bfa9                	j	80001136 <vprintfmt+0x136>
    800011de:	000abd03          	ld	s10,0(s5)
    800011e2:	0aa1                	add	s5,s5,8
    800011e4:	040d0263          	beqz	s10,80001228 <vprintfmt+0x228>
    800011e8:	09b05d63          	blez	s11,80001282 <vprintfmt+0x282>
    800011ec:	02d00793          	li	a5,45
    800011f0:	04fc9e63          	bne	s9,a5,8000124c <vprintfmt+0x24c>
    800011f4:	000d4503          	lbu	a0,0(s10)
    800011f8:	c105                	beqz	a0,80001218 <vprintfmt+0x218>
    800011fa:	59fd                	li	s3,-1
    800011fc:	000c4563          	bltz	s8,80001206 <vprintfmt+0x206>
    80001200:	3c7d                	addw	s8,s8,-1
    80001202:	013c0963          	beq	s8,s3,80001214 <vprintfmt+0x214>
    80001206:	85a6                	mv	a1,s1
    80001208:	0d05                	add	s10,s10,1
    8000120a:	9902                	jalr	s2
    8000120c:	000d4503          	lbu	a0,0(s10)
    80001210:	3dfd                	addw	s11,s11,-1
    80001212:	f56d                	bnez	a0,800011fc <vprintfmt+0x1fc>
    80001214:	e3b053e3          	blez	s11,8000103a <vprintfmt+0x3a>
    80001218:	3dfd                	addw	s11,s11,-1
    8000121a:	85a6                	mv	a1,s1
    8000121c:	02000513          	li	a0,32
    80001220:	9902                	jalr	s2
    80001222:	fe0d9be3          	bnez	s11,80001218 <vprintfmt+0x218>
    80001226:	bd11                	j	8000103a <vprintfmt+0x3a>
    80001228:	00000d17          	auipc	s10,0x0
    8000122c:	6e0d0d13          	add	s10,s10,1760 # 80001908 <._edata+0x132>
    80001230:	02800513          	li	a0,40
    80001234:	fdb053e3          	blez	s11,800011fa <vprintfmt+0x1fa>
    80001238:	02d00793          	li	a5,45
    8000123c:	00000d17          	auipc	s10,0x0
    80001240:	6ccd0d13          	add	s10,s10,1740 # 80001908 <._edata+0x132>
    80001244:	02800513          	li	a0,40
    80001248:	fafc89e3          	beq	s9,a5,800011fa <vprintfmt+0x1fa>
    8000124c:	000d861b          	sext.w	a2,s11
    80001250:	87ea                	mv	a5,s10
    80001252:	018d06b3          	add	a3,s10,s8
    80001256:	000c1663          	bnez	s8,80001262 <vprintfmt+0x262>
    8000125a:	a829                	j	80001274 <vprintfmt+0x274>
    8000125c:	0785                	add	a5,a5,1
    8000125e:	00d78563          	beq	a5,a3,80001268 <vprintfmt+0x268>
    80001262:	0007c703          	lbu	a4,0(a5)
    80001266:	fb7d                	bnez	a4,8000125c <vprintfmt+0x25c>
    80001268:	41a787b3          	sub	a5,a5,s10
    8000126c:	40f60dbb          	subw	s11,a2,a5
    80001270:	01b05963          	blez	s11,80001282 <vprintfmt+0x282>
    80001274:	2c81                	sext.w	s9,s9
    80001276:	3dfd                	addw	s11,s11,-1
    80001278:	85a6                	mv	a1,s1
    8000127a:	8566                	mv	a0,s9
    8000127c:	9902                	jalr	s2
    8000127e:	fe0d9ce3          	bnez	s11,80001276 <vprintfmt+0x276>
    80001282:	000d4503          	lbu	a0,0(s10)
    80001286:	da050ae3          	beqz	a0,8000103a <vprintfmt+0x3a>
    8000128a:	59fd                	li	s3,-1
    8000128c:	bf85                	j	800011fc <vprintfmt+0x1fc>
    8000128e:	fffdc793          	not	a5,s11
    80001292:	97fd                	sra	a5,a5,0x3f
    80001294:	00fdf7b3          	and	a5,s11,a5
    80001298:	00174683          	lbu	a3,1(a4)
    8000129c:	00078d9b          	sext.w	s11,a5
    800012a0:	8722                	mv	a4,s0
    800012a2:	bb55                	j	80001056 <vprintfmt+0x56>
    800012a4:	000aa503          	lw	a0,0(s5)
    800012a8:	85a6                	mv	a1,s1
    800012aa:	0aa1                	add	s5,s5,8
    800012ac:	9902                	jalr	s2
    800012ae:	b371                	j	8000103a <vprintfmt+0x3a>
    800012b0:	4c01                	li	s8,0
    800012b2:	b575                	j	8000115e <vprintfmt+0x15e>
    800012b4:	000aa983          	lw	s3,0(s5)
    800012b8:	bded                	j	800011b2 <vprintfmt+0x1b2>
    800012ba:	46a9                	li	a3,10
    800012bc:	b739                	j	800011ca <vprintfmt+0x1ca>
    800012be:	46a1                	li	a3,8
    800012c0:	b729                	j	800011ca <vprintfmt+0x1ca>
    800012c2:	85a6                	mv	a1,s1
    800012c4:	02d00513          	li	a0,45
    800012c8:	9902                	jalr	s2
    800012ca:	8ae2                	mv	s5,s8
    800012cc:	413007b3          	neg	a5,s3
    800012d0:	46a9                	li	a3,10
    800012d2:	b595                	j	80001136 <vprintfmt+0x136>
    800012d4:	8722                	mv	a4,s0
    800012d6:	bd29                	j	800010f0 <vprintfmt+0xf0>

00000000800012d8 <sprintf_putch.0>:
    800012d8:	619c                	ld	a5,0(a1)
    800012da:	00a78023          	sb	a0,0(a5)
    800012de:	619c                	ld	a5,0(a1)
    800012e0:	0785                	add	a5,a5,1
    800012e2:	e19c                	sd	a5,0(a1)
    800012e4:	8082                	ret

00000000800012e6 <putchar>:
    800012e6:	04022803          	lw	a6,64(tp) # 40 <buflen.1>
    800012ea:	00020793          	mv	a5,tp
    800012ee:	97c2                	add	a5,a5,a6
    800012f0:	7159                	add	sp,sp,-112
    800012f2:	0018069b          	addw	a3,a6,1
    800012f6:	04d22023          	sw	a3,64(tp) # 40 <buflen.1>
    800012fa:	00a78023          	sb	a0,0(a5)
    800012fe:	03f10713          	add	a4,sp,63
    80001302:	47a9                	li	a5,10
    80001304:	fc077713          	and	a4,a4,-64
    80001308:	00f50963          	beq	a0,a5,8000131a <putchar+0x34>
    8000130c:	04000793          	li	a5,64
    80001310:	00f68563          	beq	a3,a5,8000131a <putchar+0x34>
    80001314:	4501                	li	a0,0
    80001316:	6165                	add	sp,sp,112
    80001318:	8082                	ret
    8000131a:	04000793          	li	a5,64
    8000131e:	e31c                	sd	a5,0(a4)
    80001320:	4785                	li	a5,1
    80001322:	e71c                	sd	a5,8(a4)
    80001324:	00020613          	mv	a2,tp
    80001328:	eb10                	sd	a2,16(a4)
    8000132a:	ef14                	sd	a3,24(a4)
    8000132c:	0ff0000f          	fence
    80001330:	fffff697          	auipc	a3,0xfffff
    80001334:	f1068693          	add	a3,a3,-240 # 80000240 <fromhost>
    80001338:	fffff797          	auipc	a5,0xfffff
    8000133c:	ece7b423          	sd	a4,-312(a5) # 80000200 <tohost>
    80001340:	629c                	ld	a5,0(a3)
    80001342:	dffd                	beqz	a5,80001340 <putchar+0x5a>
    80001344:	fffff797          	auipc	a5,0xfffff
    80001348:	ee07be23          	sd	zero,-260(a5) # 80000240 <fromhost>
    8000134c:	0ff0000f          	fence
    80001350:	04022023          	sw	zero,64(tp) # 40 <buflen.1>
    80001354:	631c                	ld	a5,0(a4)
    80001356:	4501                	li	a0,0
    80001358:	6165                	add	sp,sp,112
    8000135a:	8082                	ret

000000008000135c <setStats>:
    8000135c:	b0002773          	csrr	a4,mcycle
    80001360:	ad018793          	add	a5,gp,-1328 # 80001aa8 <counters>
    80001364:	c511                	beqz	a0,80001370 <setStats+0x14>
    80001366:	e398                	sd	a4,0(a5)
    80001368:	b0202773          	csrr	a4,minstret
    8000136c:	e798                	sd	a4,8(a5)
    8000136e:	8082                	ret
    80001370:	6394                	ld	a3,0(a5)
    80001372:	00000617          	auipc	a2,0x0
    80001376:	59e60613          	add	a2,a2,1438 # 80001910 <._edata+0x13a>
    8000137a:	eb90                	sd	a2,16(a5)
    8000137c:	8f15                	sub	a4,a4,a3
    8000137e:	e398                	sd	a4,0(a5)
    80001380:	b0202773          	csrr	a4,minstret
    80001384:	6794                	ld	a3,8(a5)
    80001386:	00000617          	auipc	a2,0x0
    8000138a:	59260613          	add	a2,a2,1426 # 80001918 <._edata+0x142>
    8000138e:	ef90                	sd	a2,24(a5)
    80001390:	8f15                	sub	a4,a4,a3
    80001392:	e798                	sd	a4,8(a5)
    80001394:	8082                	ret

0000000080001396 <tohost_exit>:
    80001396:	00151793          	sll	a5,a0,0x1
    8000139a:	0017e793          	or	a5,a5,1
    8000139e:	fffff717          	auipc	a4,0xfffff
    800013a2:	e6f73123          	sd	a5,-414(a4) # 80000200 <tohost>
    800013a6:	a001                	j	800013a6 <tohost_exit+0x10>

00000000800013a8 <handle_trap>:
    800013a8:	6785                	lui	a5,0x1
    800013aa:	a7378793          	add	a5,a5,-1421 # a73 <buflen.1+0xa33>
    800013ae:	fffff717          	auipc	a4,0xfffff
    800013b2:	e4f73923          	sd	a5,-430(a4) # 80000200 <tohost>
    800013b6:	a001                	j	800013b6 <handle_trap+0xe>

00000000800013b8 <exit>:
    800013b8:	1141                	add	sp,sp,-16
    800013ba:	e406                	sd	ra,8(sp)
    800013bc:	fdbff0ef          	jal	80001396 <tohost_exit>

00000000800013c0 <abort>:
    800013c0:	10d00793          	li	a5,269
    800013c4:	fffff717          	auipc	a4,0xfffff
    800013c8:	e2f73e23          	sd	a5,-452(a4) # 80000200 <tohost>
    800013cc:	a001                	j	800013cc <abort+0xc>

00000000800013ce <printstr>:
    800013ce:	00054783          	lbu	a5,0(a0)
    800013d2:	7159                	add	sp,sp,-112
    800013d4:	03f10693          	add	a3,sp,63
    800013d8:	fc06f693          	and	a3,a3,-64
    800013dc:	c3b9                	beqz	a5,80001422 <printstr+0x54>
    800013de:	87aa                	mv	a5,a0
    800013e0:	0017c703          	lbu	a4,1(a5)
    800013e4:	0785                	add	a5,a5,1
    800013e6:	ff6d                	bnez	a4,800013e0 <printstr+0x12>
    800013e8:	8f89                	sub	a5,a5,a0
    800013ea:	04000713          	li	a4,64
    800013ee:	e298                	sd	a4,0(a3)
    800013f0:	4705                	li	a4,1
    800013f2:	e698                	sd	a4,8(a3)
    800013f4:	ea88                	sd	a0,16(a3)
    800013f6:	ee9c                	sd	a5,24(a3)
    800013f8:	0ff0000f          	fence
    800013fc:	fffff717          	auipc	a4,0xfffff
    80001400:	e4470713          	add	a4,a4,-444 # 80000240 <fromhost>
    80001404:	fffff797          	auipc	a5,0xfffff
    80001408:	ded7be23          	sd	a3,-516(a5) # 80000200 <tohost>
    8000140c:	631c                	ld	a5,0(a4)
    8000140e:	dffd                	beqz	a5,8000140c <printstr+0x3e>
    80001410:	fffff797          	auipc	a5,0xfffff
    80001414:	e207b823          	sd	zero,-464(a5) # 80000240 <fromhost>
    80001418:	0ff0000f          	fence
    8000141c:	629c                	ld	a5,0(a3)
    8000141e:	6165                	add	sp,sp,112
    80001420:	8082                	ret
    80001422:	4781                	li	a5,0
    80001424:	b7d9                	j	800013ea <printstr+0x1c>

0000000080001426 <thread_entry>:
    80001426:	e101                	bnez	a0,80001426 <thread_entry>
    80001428:	8082                	ret

000000008000142a <printhex>:
    8000142a:	7179                	add	sp,sp,-48
    8000142c:	87aa                	mv	a5,a0
    8000142e:	f406                	sd	ra,40(sp)
    80001430:	0028                	add	a0,sp,8
    80001432:	01710713          	add	a4,sp,23
    80001436:	4825                	li	a6,9
    80001438:	a011                	j	8000143c <printhex+0x12>
    8000143a:	8736                	mv	a4,a3
    8000143c:	00f7f613          	and	a2,a5,15
    80001440:	86b2                	mv	a3,a2
    80001442:	05700593          	li	a1,87
    80001446:	00c86463          	bltu	a6,a2,8000144e <printhex+0x24>
    8000144a:	03000593          	li	a1,48
    8000144e:	9ead                	addw	a3,a3,a1
    80001450:	00d70023          	sb	a3,0(a4)
    80001454:	8391                	srl	a5,a5,0x4
    80001456:	fff70693          	add	a3,a4,-1
    8000145a:	fee510e3          	bne	a0,a4,8000143a <printhex+0x10>
    8000145e:	00010c23          	sb	zero,24(sp)
    80001462:	f6dff0ef          	jal	800013ce <printstr>
    80001466:	70a2                	ld	ra,40(sp)
    80001468:	6145                	add	sp,sp,48
    8000146a:	8082                	ret

000000008000146c <printf>:
    8000146c:	711d                	add	sp,sp,-96
    8000146e:	02810313          	add	t1,sp,40
    80001472:	8e2a                	mv	t3,a0
    80001474:	f42e                	sd	a1,40(sp)
    80001476:	f832                	sd	a2,48(sp)
    80001478:	fc36                	sd	a3,56(sp)
    8000147a:	00000517          	auipc	a0,0x0
    8000147e:	e6c50513          	add	a0,a0,-404 # 800012e6 <putchar>
    80001482:	869a                	mv	a3,t1
    80001484:	8672                	mv	a2,t3
    80001486:	4581                	li	a1,0
    80001488:	ec06                	sd	ra,24(sp)
    8000148a:	e0ba                	sd	a4,64(sp)
    8000148c:	e4be                	sd	a5,72(sp)
    8000148e:	e8c2                	sd	a6,80(sp)
    80001490:	ecc6                	sd	a7,88(sp)
    80001492:	e41a                	sd	t1,8(sp)
    80001494:	b6dff0ef          	jal	80001000 <vprintfmt>
    80001498:	60e2                	ld	ra,24(sp)
    8000149a:	4501                	li	a0,0
    8000149c:	6125                	add	sp,sp,96
    8000149e:	8082                	ret

00000000800014a0 <sprintf>:
    800014a0:	711d                	add	sp,sp,-96
    800014a2:	03010313          	add	t1,sp,48
    800014a6:	f022                	sd	s0,32(sp)
    800014a8:	e42a                	sd	a0,8(sp)
    800014aa:	f832                	sd	a2,48(sp)
    800014ac:	fc36                	sd	a3,56(sp)
    800014ae:	842a                	mv	s0,a0
    800014b0:	862e                	mv	a2,a1
    800014b2:	00000517          	auipc	a0,0x0
    800014b6:	e2650513          	add	a0,a0,-474 # 800012d8 <sprintf_putch.0>
    800014ba:	002c                	add	a1,sp,8
    800014bc:	869a                	mv	a3,t1
    800014be:	f406                	sd	ra,40(sp)
    800014c0:	e4be                	sd	a5,72(sp)
    800014c2:	e0ba                	sd	a4,64(sp)
    800014c4:	e8c2                	sd	a6,80(sp)
    800014c6:	ecc6                	sd	a7,88(sp)
    800014c8:	ec1a                	sd	t1,24(sp)
    800014ca:	b37ff0ef          	jal	80001000 <vprintfmt>
    800014ce:	67a2                	ld	a5,8(sp)
    800014d0:	00078023          	sb	zero,0(a5)
    800014d4:	6522                	ld	a0,8(sp)
    800014d6:	70a2                	ld	ra,40(sp)
    800014d8:	9d01                	subw	a0,a0,s0
    800014da:	7402                	ld	s0,32(sp)
    800014dc:	6125                	add	sp,sp,96
    800014de:	8082                	ret

00000000800014e0 <memcpy>:
    800014e0:	00b567b3          	or	a5,a0,a1
    800014e4:	8fd1                	or	a5,a5,a2
    800014e6:	8b9d                	and	a5,a5,7
    800014e8:	00c50833          	add	a6,a0,a2
    800014ec:	cf91                	beqz	a5,80001508 <memcpy+0x28>
    800014ee:	962e                	add	a2,a2,a1
    800014f0:	87aa                	mv	a5,a0
    800014f2:	09057c63          	bgeu	a0,a6,8000158a <memcpy+0xaa>
    800014f6:	0005c703          	lbu	a4,0(a1)
    800014fa:	0585                	add	a1,a1,1
    800014fc:	0785                	add	a5,a5,1
    800014fe:	fee78fa3          	sb	a4,-1(a5)
    80001502:	fec59ae3          	bne	a1,a2,800014f6 <memcpy+0x16>
    80001506:	8082                	ret
    80001508:	04050693          	add	a3,a0,64
    8000150c:	0906f063          	bgeu	a3,a6,8000158c <memcpy+0xac>
    80001510:	87b6                	mv	a5,a3
    80001512:	872e                	mv	a4,a1
    80001514:	00073383          	ld	t2,0(a4)
    80001518:	00873283          	ld	t0,8(a4)
    8000151c:	01073f83          	ld	t6,16(a4)
    80001520:	01873f03          	ld	t5,24(a4)
    80001524:	02073e83          	ld	t4,32(a4)
    80001528:	02873e03          	ld	t3,40(a4)
    8000152c:	03073303          	ld	t1,48(a4)
    80001530:	03873883          	ld	a7,56(a4)
    80001534:	04078793          	add	a5,a5,64
    80001538:	f877b023          	sd	t2,-128(a5)
    8000153c:	f857b423          	sd	t0,-120(a5)
    80001540:	f9f7b823          	sd	t6,-112(a5)
    80001544:	f9e7bc23          	sd	t5,-104(a5)
    80001548:	fbd7b023          	sd	t4,-96(a5)
    8000154c:	fbc7b423          	sd	t3,-88(a5)
    80001550:	fa67b823          	sd	t1,-80(a5)
    80001554:	fb17bc23          	sd	a7,-72(a5)
    80001558:	04070713          	add	a4,a4,64
    8000155c:	fb07ece3          	bltu	a5,a6,80001514 <memcpy+0x34>
    80001560:	fbf60613          	add	a2,a2,-65
    80001564:	fc067793          	and	a5,a2,-64
    80001568:	04078793          	add	a5,a5,64
    8000156c:	fc067613          	and	a2,a2,-64
    80001570:	95be                	add	a1,a1,a5
    80001572:	00c687b3          	add	a5,a3,a2
    80001576:	f907f8e3          	bgeu	a5,a6,80001506 <memcpy+0x26>
    8000157a:	6198                	ld	a4,0(a1)
    8000157c:	07a1                	add	a5,a5,8
    8000157e:	05a1                	add	a1,a1,8
    80001580:	fee7bc23          	sd	a4,-8(a5)
    80001584:	ff07ebe3          	bltu	a5,a6,8000157a <memcpy+0x9a>
    80001588:	8082                	ret
    8000158a:	8082                	ret
    8000158c:	87aa                	mv	a5,a0
    8000158e:	b7e5                	j	80001576 <memcpy+0x96>

0000000080001590 <memset>:
    80001590:	00c567b3          	or	a5,a0,a2
    80001594:	8b9d                	and	a5,a5,7
    80001596:	962a                	add	a2,a2,a0
    80001598:	0ff5f713          	zext.b	a4,a1
    8000159c:	cb91                	beqz	a5,800015b0 <memset+0x20>
    8000159e:	87aa                	mv	a5,a0
    800015a0:	02c57763          	bgeu	a0,a2,800015ce <memset+0x3e>
    800015a4:	0785                	add	a5,a5,1
    800015a6:	fee78fa3          	sb	a4,-1(a5)
    800015aa:	fec79de3          	bne	a5,a2,800015a4 <memset+0x14>
    800015ae:	8082                	ret
    800015b0:	00000797          	auipc	a5,0x0
    800015b4:	2287b783          	ld	a5,552(a5) # 800017d8 <._edata+0x2>
    800015b8:	02f70733          	mul	a4,a4,a5
    800015bc:	fec579e3          	bgeu	a0,a2,800015ae <memset+0x1e>
    800015c0:	87aa                	mv	a5,a0
    800015c2:	07a1                	add	a5,a5,8
    800015c4:	fee7bc23          	sd	a4,-8(a5)
    800015c8:	fec7ede3          	bltu	a5,a2,800015c2 <memset+0x32>
    800015cc:	8082                	ret
    800015ce:	8082                	ret

00000000800015d0 <_init>:
    800015d0:	7171                	add	sp,sp,-176
    800015d2:	af018793          	add	a5,gp,-1296 # 80001ac8 <_tdata_begin>
    800015d6:	e152                	sd	s4,128(sp)
    800015d8:	af018a13          	add	s4,gp,-1296 # 80001ac8 <_tdata_begin>
    800015dc:	e54e                	sd	s3,136(sp)
    800015de:	40fa09b3          	sub	s3,s4,a5
    800015e2:	ed26                	sd	s1,152(sp)
    800015e4:	e94a                	sd	s2,144(sp)
    800015e6:	84aa                	mv	s1,a0
    800015e8:	892e                	mv	s2,a1
    800015ea:	8512                	mv	a0,tp
    800015ec:	85be                	mv	a1,a5
    800015ee:	864e                	mv	a2,s3
    800015f0:	f506                	sd	ra,168(sp)
    800015f2:	f122                	sd	s0,160(sp)
    800015f4:	fcd6                	sd	s5,120(sp)
    800015f6:	8a92                	mv	s5,tp
    800015f8:	ee9ff0ef          	jal	800014e0 <memcpy>
    800015fc:	b6c18613          	add	a2,gp,-1172 # 80001b44 <_tbss_end>
    80001600:	41460633          	sub	a2,a2,s4
    80001604:	4581                	li	a1,0
    80001606:	013a8533          	add	a0,s5,s3
    8000160a:	f87ff0ef          	jal	80001590 <memset>
    8000160e:	85ca                	mv	a1,s2
    80001610:	8526                	mv	a0,s1
    80001612:	e15ff0ef          	jal	80001426 <thread_entry>
    80001616:	4581                	li	a1,0
    80001618:	4501                	li	a0,0
    8000161a:	142000ef          	jal	8000175c <main>
    8000161e:	ad018913          	add	s2,gp,-1328 # 80001aa8 <counters>
    80001622:	00093683          	ld	a3,0(s2)
    80001626:	03f10413          	add	s0,sp,63
    8000162a:	fc047413          	and	s0,s0,-64
    8000162e:	84aa                	mv	s1,a0
    80001630:	ea85                	bnez	a3,80001660 <_init+0x90>
    80001632:	00893683          	ld	a3,8(s2)
    80001636:	e681                	bnez	a3,8000163e <_init+0x6e>
    80001638:	8526                	mv	a0,s1
    8000163a:	d5dff0ef          	jal	80001396 <tohost_exit>
    8000163e:	89a2                	mv	s3,s0
    80001640:	01893603          	ld	a2,24(s2)
    80001644:	854e                	mv	a0,s3
    80001646:	00000597          	auipc	a1,0x0
    8000164a:	2fa58593          	add	a1,a1,762 # 80001940 <._edata+0x16a>
    8000164e:	e53ff0ef          	jal	800014a0 <sprintf>
    80001652:	99aa                	add	s3,s3,a0
    80001654:	ff3402e3          	beq	s0,s3,80001638 <_init+0x68>
    80001658:	8522                	mv	a0,s0
    8000165a:	d75ff0ef          	jal	800013ce <printstr>
    8000165e:	bfe9                	j	80001638 <_init+0x68>
    80001660:	01093603          	ld	a2,16(s2)
    80001664:	00000597          	auipc	a1,0x0
    80001668:	2dc58593          	add	a1,a1,732 # 80001940 <._edata+0x16a>
    8000166c:	8522                	mv	a0,s0
    8000166e:	e33ff0ef          	jal	800014a0 <sprintf>
    80001672:	00893683          	ld	a3,8(s2)
    80001676:	00a409b3          	add	s3,s0,a0
    8000167a:	dee9                	beqz	a3,80001654 <_init+0x84>
    8000167c:	b7d1                	j	80001640 <_init+0x70>

000000008000167e <strlen>:
    8000167e:	00054783          	lbu	a5,0(a0)
    80001682:	cb89                	beqz	a5,80001694 <strlen+0x16>
    80001684:	87aa                	mv	a5,a0
    80001686:	0017c703          	lbu	a4,1(a5)
    8000168a:	0785                	add	a5,a5,1
    8000168c:	ff6d                	bnez	a4,80001686 <strlen+0x8>
    8000168e:	40a78533          	sub	a0,a5,a0
    80001692:	8082                	ret
    80001694:	4501                	li	a0,0
    80001696:	8082                	ret

0000000080001698 <strnlen>:
    80001698:	00b506b3          	add	a3,a0,a1
    8000169c:	87aa                	mv	a5,a0
    8000169e:	e589                	bnez	a1,800016a8 <strnlen+0x10>
    800016a0:	a829                	j	800016ba <strnlen+0x22>
    800016a2:	0785                	add	a5,a5,1
    800016a4:	00f68863          	beq	a3,a5,800016b4 <strnlen+0x1c>
    800016a8:	0007c703          	lbu	a4,0(a5)
    800016ac:	fb7d                	bnez	a4,800016a2 <strnlen+0xa>
    800016ae:	40a78533          	sub	a0,a5,a0
    800016b2:	8082                	ret
    800016b4:	40a68533          	sub	a0,a3,a0
    800016b8:	8082                	ret
    800016ba:	4501                	li	a0,0
    800016bc:	8082                	ret

00000000800016be <strcmp>:
    800016be:	00054783          	lbu	a5,0(a0)
    800016c2:	0585                	add	a1,a1,1
    800016c4:	0505                	add	a0,a0,1
    800016c6:	fff5c703          	lbu	a4,-1(a1)
    800016ca:	c799                	beqz	a5,800016d8 <strcmp+0x1a>
    800016cc:	fee789e3          	beq	a5,a4,800016be <strcmp>
    800016d0:	0007851b          	sext.w	a0,a5
    800016d4:	9d19                	subw	a0,a0,a4
    800016d6:	8082                	ret
    800016d8:	4501                	li	a0,0
    800016da:	bfed                	j	800016d4 <strcmp+0x16>

00000000800016dc <strcpy>:
    800016dc:	87aa                	mv	a5,a0
    800016de:	0005c703          	lbu	a4,0(a1)
    800016e2:	0785                	add	a5,a5,1
    800016e4:	0585                	add	a1,a1,1
    800016e6:	fee78fa3          	sb	a4,-1(a5)
    800016ea:	fb75                	bnez	a4,800016de <strcpy+0x2>
    800016ec:	8082                	ret

00000000800016ee <atol>:
    800016ee:	00054703          	lbu	a4,0(a0)
    800016f2:	02000693          	li	a3,32
    800016f6:	87aa                	mv	a5,a0
    800016f8:	00d71763          	bne	a4,a3,80001706 <atol+0x18>
    800016fc:	0017c703          	lbu	a4,1(a5)
    80001700:	0785                	add	a5,a5,1
    80001702:	fed70de3          	beq	a4,a3,800016fc <atol+0xe>
    80001706:	02d00693          	li	a3,45
    8000170a:	04d70263          	beq	a4,a3,8000174e <atol+0x60>
    8000170e:	02b00693          	li	a3,43
    80001712:	02d70763          	beq	a4,a3,80001740 <atol+0x52>
    80001716:	0007c683          	lbu	a3,0(a5)
    8000171a:	4581                	li	a1,0
    8000171c:	c69d                	beqz	a3,8000174a <atol+0x5c>
    8000171e:	4501                	li	a0,0
    80001720:	0785                	add	a5,a5,1
    80001722:	00251713          	sll	a4,a0,0x2
    80001726:	fd06861b          	addw	a2,a3,-48
    8000172a:	0007c683          	lbu	a3,0(a5)
    8000172e:	972a                	add	a4,a4,a0
    80001730:	0706                	sll	a4,a4,0x1
    80001732:	00e60533          	add	a0,a2,a4
    80001736:	f6ed                	bnez	a3,80001720 <atol+0x32>
    80001738:	c991                	beqz	a1,8000174c <atol+0x5e>
    8000173a:	40a00533          	neg	a0,a0
    8000173e:	8082                	ret
    80001740:	0017c683          	lbu	a3,1(a5)
    80001744:	4581                	li	a1,0
    80001746:	0785                	add	a5,a5,1
    80001748:	faf9                	bnez	a3,8000171e <atol+0x30>
    8000174a:	4501                	li	a0,0
    8000174c:	8082                	ret
    8000174e:	0017c683          	lbu	a3,1(a5)
    80001752:	4585                	li	a1,1
    80001754:	0785                	add	a5,a5,1
    80001756:	f6e1                	bnez	a3,8000171e <atol+0x30>
    80001758:	4501                	li	a0,0
    8000175a:	bfcd                	j	8000174c <atol+0x5e>

Disassembly of section .text.startup:

000000008000175c <main>:
    8000175c:	1141                	add	sp,sp,-16
    8000175e:	60025737          	lui	a4,0x60025
    80001762:	e406                	sd	ra,8(sp)
    80001764:	040007b7          	lui	a5,0x4000
    80001768:	e31c                	sd	a5,0(a4)
    8000176a:	6785                	lui	a5,0x1
    8000176c:	80078793          	add	a5,a5,-2048 # 800 <buflen.1+0x7c0>
    80001770:	e71c                	sd	a5,8(a4)
    80001772:	600007b7          	lui	a5,0x60000
    80001776:	60001737          	lui	a4,0x60001
    8000177a:	0007b023          	sd	zero,0(a5) # 60000000 <buflen.1+0x5fffffc0>
    8000177e:	07a1                	add	a5,a5,8
    80001780:	fee79de3          	bne	a5,a4,8000177a <main+0x1e>
    80001784:	4705                	li	a4,1
    80001786:	600007b7          	lui	a5,0x60000
    8000178a:	e398                	sd	a4,0(a5)
    8000178c:	60023737          	lui	a4,0x60023
    80001790:	631c                	ld	a5,0(a4)
    80001792:	8b85                	and	a5,a5,1
    80001794:	dff5                	beqz	a5,80001790 <main+0x34>
    80001796:	6714                	ld	a3,8(a4)
    80001798:	57fd                	li	a5,-1
    8000179a:	00f68e63          	beq	a3,a5,800017b6 <main+0x5a>
    8000179e:	631c                	ld	a5,0(a4)
    800017a0:	8b89                	and	a5,a5,2
    800017a2:	e799                	bnez	a5,800017b0 <main+0x54>
    800017a4:	c8cff0ef          	jal	80000c30 <Verification>
    800017a8:	60a2                	ld	ra,8(sp)
    800017aa:	4501                	li	a0,0
    800017ac:	0141                	add	sp,sp,16
    800017ae:	8082                	ret
    800017b0:	816ff0ef          	jal	800007c6 <Authentication>
    800017b4:	bfd5                	j	800017a8 <main+0x4c>
    800017b6:	4501                	li	a0,0
    800017b8:	ba5ff0ef          	jal	8000135c <setStats>
    800017bc:	b7f5                	j	800017a8 <main+0x4c>
    800017be:	1141                	add	sp,sp,-16
    800017c0:	00000517          	auipc	a0,0x0
    800017c4:	16850513          	add	a0,a0,360 # 80001928 <._edata+0x152>
    800017c8:	e406                	sd	ra,8(sp)
    800017ca:	c05ff0ef          	jal	800013ce <printstr>
    800017ce:	60a2                	ld	ra,8(sp)
    800017d0:	557d                	li	a0,-1
    800017d2:	0141                	add	sp,sp,16
    800017d4:	8082                	ret
