#! /usr/local/bin/vvp
:ivl_version "12.0 (stable)";
:ivl_delay_selection "TYPICAL";
:vpi_time_precision + 0;
:vpi_module "/usr/local/lib/ivl/system.vpi";
:vpi_module "/usr/local/lib/ivl/vhdl_sys.vpi";
:vpi_module "/usr/local/lib/ivl/vhdl_textio.vpi";
:vpi_module "/usr/local/lib/ivl/v2005_math.vpi";
:vpi_module "/usr/local/lib/ivl/va_math.vpi";
S_0x5d91beddca00 .scope module, "test_mac" "test_mac" 2 3;
 .timescale 0 0;
P_0x5d91bee82c40 .param/l "th_ctrl_1" 1 2 878, +C4<00000000000000000000000000000001>;
P_0x5d91bee82c80 .param/l "th_ctrl_10" 1 2 887, +C4<00000000000000000000000000001010>;
P_0x5d91bee82cc0 .param/l "th_ctrl_11" 1 2 888, +C4<00000000000000000000000000001011>;
P_0x5d91bee82d00 .param/l "th_ctrl_12" 1 2 889, +C4<00000000000000000000000000001100>;
P_0x5d91bee82d40 .param/l "th_ctrl_13" 1 2 890, +C4<00000000000000000000000000001101>;
P_0x5d91bee82d80 .param/l "th_ctrl_14" 1 2 891, +C4<00000000000000000000000000001110>;
P_0x5d91bee82dc0 .param/l "th_ctrl_15" 1 2 892, +C4<00000000000000000000000000001111>;
P_0x5d91bee82e00 .param/l "th_ctrl_16" 1 2 893, +C4<00000000000000000000000000010000>;
P_0x5d91bee82e40 .param/l "th_ctrl_17" 1 2 894, +C4<00000000000000000000000000010001>;
P_0x5d91bee82e80 .param/l "th_ctrl_18" 1 2 895, +C4<00000000000000000000000000010010>;
P_0x5d91bee82ec0 .param/l "th_ctrl_19" 1 2 896, +C4<00000000000000000000000000010011>;
P_0x5d91bee82f00 .param/l "th_ctrl_2" 1 2 879, +C4<00000000000000000000000000000010>;
P_0x5d91bee82f40 .param/l "th_ctrl_20" 1 2 897, +C4<00000000000000000000000000010100>;
P_0x5d91bee82f80 .param/l "th_ctrl_21" 1 2 898, +C4<00000000000000000000000000010101>;
P_0x5d91bee82fc0 .param/l "th_ctrl_22" 1 2 899, +C4<00000000000000000000000000010110>;
P_0x5d91bee83000 .param/l "th_ctrl_23" 1 2 900, +C4<00000000000000000000000000010111>;
P_0x5d91bee83040 .param/l "th_ctrl_24" 1 2 901, +C4<00000000000000000000000000011000>;
P_0x5d91bee83080 .param/l "th_ctrl_25" 1 2 902, +C4<00000000000000000000000000011001>;
P_0x5d91bee830c0 .param/l "th_ctrl_26" 1 2 903, +C4<00000000000000000000000000011010>;
P_0x5d91bee83100 .param/l "th_ctrl_27" 1 2 904, +C4<00000000000000000000000000011011>;
P_0x5d91bee83140 .param/l "th_ctrl_28" 1 2 905, +C4<00000000000000000000000000011100>;
P_0x5d91bee83180 .param/l "th_ctrl_29" 1 2 906, +C4<00000000000000000000000000011101>;
P_0x5d91bee831c0 .param/l "th_ctrl_3" 1 2 880, +C4<00000000000000000000000000000011>;
P_0x5d91bee83200 .param/l "th_ctrl_30" 1 2 907, +C4<00000000000000000000000000011110>;
P_0x5d91bee83240 .param/l "th_ctrl_31" 1 2 908, +C4<00000000000000000000000000011111>;
P_0x5d91bee83280 .param/l "th_ctrl_32" 1 2 909, +C4<00000000000000000000000000100000>;
P_0x5d91bee832c0 .param/l "th_ctrl_33" 1 2 910, +C4<00000000000000000000000000100001>;
P_0x5d91bee83300 .param/l "th_ctrl_34" 1 2 911, +C4<00000000000000000000000000100010>;
P_0x5d91bee83340 .param/l "th_ctrl_35" 1 2 912, +C4<00000000000000000000000000100011>;
P_0x5d91bee83380 .param/l "th_ctrl_36" 1 2 913, +C4<00000000000000000000000000100100>;
P_0x5d91bee833c0 .param/l "th_ctrl_37" 1 2 914, +C4<00000000000000000000000000100101>;
P_0x5d91bee83400 .param/l "th_ctrl_38" 1 2 915, +C4<00000000000000000000000000100110>;
P_0x5d91bee83440 .param/l "th_ctrl_39" 1 2 916, +C4<00000000000000000000000000100111>;
P_0x5d91bee83480 .param/l "th_ctrl_4" 1 2 881, +C4<00000000000000000000000000000100>;
P_0x5d91bee834c0 .param/l "th_ctrl_40" 1 2 917, +C4<00000000000000000000000000101000>;
P_0x5d91bee83500 .param/l "th_ctrl_41" 1 2 918, +C4<00000000000000000000000000101001>;
P_0x5d91bee83540 .param/l "th_ctrl_42" 1 2 919, +C4<00000000000000000000000000101010>;
P_0x5d91bee83580 .param/l "th_ctrl_43" 1 2 920, +C4<00000000000000000000000000101011>;
P_0x5d91bee835c0 .param/l "th_ctrl_44" 1 2 921, +C4<00000000000000000000000000101100>;
P_0x5d91bee83600 .param/l "th_ctrl_45" 1 2 922, +C4<00000000000000000000000000101101>;
P_0x5d91bee83640 .param/l "th_ctrl_46" 1 2 923, +C4<00000000000000000000000000101110>;
P_0x5d91bee83680 .param/l "th_ctrl_47" 1 2 924, +C4<00000000000000000000000000101111>;
P_0x5d91bee836c0 .param/l "th_ctrl_48" 1 2 925, +C4<00000000000000000000000000110000>;
P_0x5d91bee83700 .param/l "th_ctrl_49" 1 2 926, +C4<00000000000000000000000000110001>;
P_0x5d91bee83740 .param/l "th_ctrl_5" 1 2 882, +C4<00000000000000000000000000000101>;
P_0x5d91bee83780 .param/l "th_ctrl_50" 1 2 927, +C4<00000000000000000000000000110010>;
P_0x5d91bee837c0 .param/l "th_ctrl_51" 1 2 928, +C4<00000000000000000000000000110011>;
P_0x5d91bee83800 .param/l "th_ctrl_52" 1 2 929, +C4<00000000000000000000000000110100>;
P_0x5d91bee83840 .param/l "th_ctrl_53" 1 2 930, +C4<00000000000000000000000000110101>;
P_0x5d91bee83880 .param/l "th_ctrl_54" 1 2 931, +C4<00000000000000000000000000110110>;
P_0x5d91bee838c0 .param/l "th_ctrl_55" 1 2 932, +C4<00000000000000000000000000110111>;
P_0x5d91bee83900 .param/l "th_ctrl_56" 1 2 933, +C4<00000000000000000000000000111000>;
P_0x5d91bee83940 .param/l "th_ctrl_57" 1 2 934, +C4<00000000000000000000000000111001>;
P_0x5d91bee83980 .param/l "th_ctrl_58" 1 2 935, +C4<00000000000000000000000000111010>;
P_0x5d91bee839c0 .param/l "th_ctrl_59" 1 2 936, +C4<00000000000000000000000000111011>;
P_0x5d91bee83a00 .param/l "th_ctrl_6" 1 2 883, +C4<00000000000000000000000000000110>;
P_0x5d91bee83a40 .param/l "th_ctrl_60" 1 2 937, +C4<00000000000000000000000000111100>;
P_0x5d91bee83a80 .param/l "th_ctrl_61" 1 2 938, +C4<00000000000000000000000000111101>;
P_0x5d91bee83ac0 .param/l "th_ctrl_62" 1 2 939, +C4<00000000000000000000000000111110>;
P_0x5d91bee83b00 .param/l "th_ctrl_63" 1 2 940, +C4<00000000000000000000000000111111>;
P_0x5d91bee83b40 .param/l "th_ctrl_64" 1 2 941, +C4<00000000000000000000000001000000>;
P_0x5d91bee83b80 .param/l "th_ctrl_65" 1 2 942, +C4<00000000000000000000000001000001>;
P_0x5d91bee83bc0 .param/l "th_ctrl_66" 1 2 943, +C4<00000000000000000000000001000010>;
P_0x5d91bee83c00 .param/l "th_ctrl_67" 1 2 944, +C4<00000000000000000000000001000011>;
P_0x5d91bee83c40 .param/l "th_ctrl_68" 1 2 945, +C4<00000000000000000000000001000100>;
P_0x5d91bee83c80 .param/l "th_ctrl_69" 1 2 946, +C4<00000000000000000000000001000101>;
P_0x5d91bee83cc0 .param/l "th_ctrl_7" 1 2 884, +C4<00000000000000000000000000000111>;
P_0x5d91bee83d00 .param/l "th_ctrl_70" 1 2 947, +C4<00000000000000000000000001000110>;
P_0x5d91bee83d40 .param/l "th_ctrl_71" 1 2 948, +C4<00000000000000000000000001000111>;
P_0x5d91bee83d80 .param/l "th_ctrl_72" 1 2 949, +C4<00000000000000000000000001001000>;
P_0x5d91bee83dc0 .param/l "th_ctrl_73" 1 2 950, +C4<00000000000000000000000001001001>;
P_0x5d91bee83e00 .param/l "th_ctrl_74" 1 2 951, +C4<00000000000000000000000001001010>;
P_0x5d91bee83e40 .param/l "th_ctrl_75" 1 2 952, +C4<00000000000000000000000001001011>;
P_0x5d91bee83e80 .param/l "th_ctrl_76" 1 2 953, +C4<00000000000000000000000001001100>;
P_0x5d91bee83ec0 .param/l "th_ctrl_77" 1 2 954, +C4<00000000000000000000000001001101>;
P_0x5d91bee83f00 .param/l "th_ctrl_78" 1 2 955, +C4<00000000000000000000000001001110>;
P_0x5d91bee83f40 .param/l "th_ctrl_79" 1 2 956, +C4<00000000000000000000000001001111>;
P_0x5d91bee83f80 .param/l "th_ctrl_8" 1 2 885, +C4<00000000000000000000000000001000>;
P_0x5d91bee83fc0 .param/l "th_ctrl_80" 1 2 957, +C4<00000000000000000000000001010000>;
P_0x5d91bee84000 .param/l "th_ctrl_81" 1 2 958, +C4<00000000000000000000000001010001>;
P_0x5d91bee84040 .param/l "th_ctrl_82" 1 2 959, +C4<00000000000000000000000001010010>;
P_0x5d91bee84080 .param/l "th_ctrl_83" 1 2 960, +C4<00000000000000000000000001010011>;
P_0x5d91bee840c0 .param/l "th_ctrl_84" 1 2 961, +C4<00000000000000000000000001010100>;
P_0x5d91bee84100 .param/l "th_ctrl_85" 1 2 962, +C4<00000000000000000000000001010101>;
P_0x5d91bee84140 .param/l "th_ctrl_86" 1 2 963, +C4<00000000000000000000000001010110>;
P_0x5d91bee84180 .param/l "th_ctrl_87" 1 2 964, +C4<00000000000000000000000001010111>;
P_0x5d91bee841c0 .param/l "th_ctrl_88" 1 2 965, +C4<00000000000000000000000001011000>;
P_0x5d91bee84200 .param/l "th_ctrl_89" 1 2 966, +C4<00000000000000000000000001011001>;
P_0x5d91bee84240 .param/l "th_ctrl_9" 1 2 886, +C4<00000000000000000000000000001001>;
P_0x5d91bee84280 .param/l "th_ctrl_90" 1 2 967, +C4<00000000000000000000000001011010>;
P_0x5d91bee842c0 .param/l "th_ctrl_init" 1 2 302, +C4<00000000000000000000000000000000>;
L_0x5d91bee30ac0 .functor BUFZ 1, L_0x5d91beebe3b0, C4<0>, C4<0>, C4<0>;
L_0x5d91bee37590 .functor OR 1, v0x5d91beea4fe0_0, v0x5d91beea2b10_0, C4<0>, C4<0>;
L_0x5d91bee3f8a0 .functor BUFZ 1, L_0x5d91beea9c90, C4<0>, C4<0>, C4<0>;
L_0x5d91bee15b50 .functor BUFZ 64, L_0x5d91beeaa050, C4<0000000000000000000000000000000000000000000000000000000000000000>, C4<0000000000000000000000000000000000000000000000000000000000000000>, C4<0000000000000000000000000000000000000000000000000000000000000000>;
L_0x5d91beeaa250 .functor BUFZ 8, L_0x5d91beea9f50, C4<00000000>, C4<00000000>, C4<00000000>;
L_0x5d91beeaa4e0 .functor BUFZ 64, L_0x5d91beebee20, C4<0000000000000000000000000000000000000000000000000000000000000000>, C4<0000000000000000000000000000000000000000000000000000000000000000>, C4<0000000000000000000000000000000000000000000000000000000000000000>;
L_0x5d91beeaa6f0 .functor BUFZ 1, L_0x5d91beebf150, C4<0>, C4<0>, C4<0>;
L_0x5d91beeaa760 .functor BUFZ 1, L_0x5d91beec08e0, C4<0>, C4<0>, C4<0>;
L_0x5d91beeaab60 .functor OR 1, v0x5d91beea4460_0, L_0x5d91beeaa6f0, C4<0>, C4<0>;
L_0x5d91beeaa830 .functor BUFZ 64, v0x5d91beea3c60_0, C4<0000000000000000000000000000000000000000000000000000000000000000>, C4<0000000000000000000000000000000000000000000000000000000000000000>, C4<0000000000000000000000000000000000000000000000000000000000000000>;
L_0x5d91beeaadc0 .functor BUFZ 1, v0x5d91beea4520_0, C4<0>, C4<0>, C4<0>;
L_0x5d91beeaaef0 .functor BUFZ 1, L_0x5d91beeaa8a0, C4<0>, C4<0>, C4<0>;
L_0x5d91beebb340 .functor OR 1, L_0x5d91beebb170, v0x5d91beea87c0_0, C4<0>, C4<0>;
L_0x5d91beebd1f0 .functor BUFZ 8, L_0x5d91beebd020, C4<00000000>, C4<00000000>, C4<00000000>;
L_0x5d91beebd420 .functor BUFZ 32, L_0x5d91beebd0c0, C4<00000000000000000000000000000000>, C4<00000000000000000000000000000000>, C4<00000000000000000000000000000000>;
L_0x5d91beebd590 .functor BUFZ 32, L_0x5d91beebd260, C4<00000000000000000000000000000000>, C4<00000000000000000000000000000000>, C4<00000000000000000000000000000000>;
L_0x5d91beebd650 .functor BUFZ 33, L_0x5d91beebd300, C4<000000000000000000000000000000000>, C4<000000000000000000000000000000000>, C4<000000000000000000000000000000000>;
L_0x5d91beebd7d0 .functor AND 1, L_0x5d91beebc9f0, L_0x5d91beebb3b0, C4<1>, C4<1>;
L_0x5d91beebd890 .functor BUFZ 1, L_0x5d91beebd7d0, C4<0>, C4<0>, C4<0>;
L_0x5d91beebda20 .functor BUFZ 32, v0x5d91beea8460_0, C4<00000000000000000000000000000000>, C4<00000000000000000000000000000000>, C4<00000000000000000000000000000000>;
L_0x720f9fb7018 .functor BUFT 1, C4<0011>, C4<0>, C4<0>, C4<0>;
L_0x5d91beebda90 .functor BUFZ 4, L_0x720f9fb7018, C4<0000>, C4<0000>, C4<0000>;
L_0x720f9fb7060 .functor BUFT 1, C4<000>, C4<0>, C4<0>, C4<0>;
L_0x5d91beebdc30 .functor BUFZ 3, L_0x720f9fb7060, C4<000>, C4<000>, C4<000>;
L_0x5d91beebdcf0 .functor BUFZ 1, v0x5d91beea87c0_0, C4<0>, C4<0>, C4<0>;
L_0x5d91beebdea0 .functor BUFZ 1, L_0x5d91beec1240, C4<0>, C4<0>, C4<0>;
L_0x5d91beebdf60 .functor BUFZ 64, L_0x5d91bee15b50, C4<0000000000000000000000000000000000000000000000000000000000000000>, C4<0000000000000000000000000000000000000000000000000000000000000000>, C4<0000000000000000000000000000000000000000000000000000000000000000>;
L_0x5d91beebe120 .functor BUFZ 8, L_0x5d91beeaa250, C4<00000000>, C4<00000000>, C4<00000000>;
L_0x5d91beebe1e0 .functor BUFZ 1, v0x5d91beea50a0_0, C4<0>, C4<0>, C4<0>;
L_0x5d91beebe3b0 .functor BUFZ 1, L_0x5d91beeca320, C4<0>, C4<0>, C4<0>;
L_0x720f9fb7840 .functor BUFT 1, C4<00>, C4<0>, C4<0>, C4<0>;
L_0x5d91beebe4c0 .functor BUFZ 2, L_0x720f9fb7840, C4<00>, C4<00>, C4<00>;
L_0x5d91beebe6a0 .functor BUFZ 1, v0x5d91bee9e0a0_0, C4<0>, C4<0>, C4<0>;
L_0x720f9fb70a8 .functor BUFT 1, C4<1>, C4<0>, C4<0>, C4<0>;
L_0x5d91beebe760 .functor BUFZ 1, L_0x720f9fb70a8, C4<0>, C4<0>, C4<0>;
L_0x5d91beebe580 .functor BUFZ 32, v0x5d91beea8080_0, C4<00000000000000000000000000000000>, C4<00000000000000000000000000000000>, C4<00000000000000000000000000000000>;
L_0x720f9fb70f0 .functor BUFT 1, C4<0011>, C4<0>, C4<0>, C4<0>;
L_0x5d91beebe5f0 .functor BUFZ 4, L_0x720f9fb70f0, C4<0000>, C4<0000>, C4<0000>;
L_0x720f9fb7138 .functor BUFT 1, C4<000>, C4<0>, C4<0>, C4<0>;
L_0x5d91beebeae0 .functor BUFZ 3, L_0x720f9fb7138, C4<000>, C4<000>, C4<000>;
L_0x5d91beebeba0 .functor BUFZ 1, v0x5d91beea83a0_0, C4<0>, C4<0>, C4<0>;
L_0x5d91beebed60 .functor BUFZ 1, L_0x5d91beec1ac0, C4<0>, C4<0>, C4<0>;
L_0x5d91beebee20 .functor BUFZ 64, v0x5d91bee9e160_0, C4<0000000000000000000000000000000000000000000000000000000000000000>, C4<0000000000000000000000000000000000000000000000000000000000000000>, C4<0000000000000000000000000000000000000000000000000000000000000000>;
L_0x720f9fb7888 .functor BUFT 1, C4<00>, C4<0>, C4<0>, C4<0>;
L_0x5d91beebf090 .functor BUFZ 2, L_0x720f9fb7888, C4<00>, C4<00>, C4<00>;
L_0x5d91beebf150 .functor BUFZ 1, v0x5d91bee9e3e0_0, C4<0>, C4<0>, C4<0>;
L_0x5d91beebf3d0 .functor BUFZ 1, L_0x5d91beeaaef0, C4<0>, C4<0>, C4<0>;
L_0x5d91beebf490 .functor BUFZ 128, v0x5d91beea9240_0, C4<00000000000000000000000000000000000000000000000000000000000000000000000000000000000000000000000000000000000000000000000000000000>, C4<00000000000000000000000000000000000000000000000000000000000000000000000000000000000000000000000000000000000000000000000000000000>, C4<00000000000000000000000000000000000000000000000000000000000000000000000000000000000000000000000000000000000000000000000000000000>;
L_0x5d91beebf680 .functor BUFZ 1, v0x5d91beea94a0_0, C4<0>, C4<0>, C4<0>;
L_0x5d91beebf6f0 .functor BUFZ 1, L_0x5d91beeccf60, C4<0>, C4<0>, C4<0>;
L_0x5d91beebf940 .functor BUFZ 1, v0x5d91beea9320_0, C4<0>, C4<0>, C4<0>;
L_0x5d91beebfd30 .functor OR 1, L_0x5d91beebf9b0, L_0x5d91beebfbc0, C4<0>, C4<0>;
L_0x5d91beec0170 .functor OR 1, L_0x5d91beebfd30, L_0x5d91beebffe0, C4<0>, C4<0>;
L_0x5d91beec0320 .functor OR 1, L_0x5d91beec0170, L_0x5d91beec0280, C4<0>, C4<0>;
L_0x5d91beec0780 .functor OR 1, L_0x5d91beec0320, L_0x5d91beec05e0, C4<0>, C4<0>;
L_0x5d91beec08e0 .functor OR 1, L_0x5d91beec0780, L_0x5d91beec00d0, C4<0>, C4<0>;
v0x5d91beea01c0_0 .var "CLK", 0 0;
v0x5d91beea0280_0 .var "RST", 0 0;
L_0x720f9fb7690 .functor BUFT 1, C4<00000000000000000000000000001110>, C4<0>, C4<0>, C4<0>;
v0x5d91beea0340_0 .net/2u *"_ivl_148", 31 0, L_0x720f9fb7690;  1 drivers
v0x5d91beea0410_0 .net *"_ivl_150", 0 0, L_0x5d91beebf9b0;  1 drivers
L_0x720f9fb76d8 .functor BUFT 1, C4<00000000000000000000000000100100>, C4<0>, C4<0>, C4<0>;
v0x5d91beea04d0_0 .net/2u *"_ivl_152", 31 0, L_0x720f9fb76d8;  1 drivers
v0x5d91beea05b0_0 .net *"_ivl_154", 0 0, L_0x5d91beebfbc0;  1 drivers
v0x5d91beea0670_0 .net *"_ivl_157", 0 0, L_0x5d91beebfd30;  1 drivers
L_0x720f9fb7720 .functor BUFT 1, C4<00000000000000000000000000110000>, C4<0>, C4<0>, C4<0>;
v0x5d91beea0730_0 .net/2u *"_ivl_158", 31 0, L_0x720f9fb7720;  1 drivers
v0x5d91beea0810_0 .net *"_ivl_160", 0 0, L_0x5d91beebffe0;  1 drivers
v0x5d91beea08d0_0 .net *"_ivl_163", 0 0, L_0x5d91beec0170;  1 drivers
L_0x720f9fb7768 .functor BUFT 1, C4<00000000000000000000000001000110>, C4<0>, C4<0>, C4<0>;
v0x5d91beea0990_0 .net/2u *"_ivl_164", 31 0, L_0x720f9fb7768;  1 drivers
v0x5d91beea0a70_0 .net *"_ivl_166", 0 0, L_0x5d91beec0280;  1 drivers
v0x5d91beea0b30_0 .net *"_ivl_169", 0 0, L_0x5d91beec0320;  1 drivers
L_0x720f9fb77b0 .functor BUFT 1, C4<00000000000000000000000001010010>, C4<0>, C4<0>, C4<0>;
v0x5d91beea0bf0_0 .net/2u *"_ivl_170", 31 0, L_0x720f9fb77b0;  1 drivers
v0x5d91beea0cd0_0 .net *"_ivl_172", 0 0, L_0x5d91beec05e0;  1 drivers
v0x5d91beea0d90_0 .net *"_ivl_175", 0 0, L_0x5d91beec0780;  1 drivers
L_0x720f9fb77f8 .functor BUFT 1, C4<00000000000000000000000001011000>, C4<0>, C4<0>, C4<0>;
v0x5d91beea0e50_0 .net/2u *"_ivl_176", 31 0, L_0x720f9fb77f8;  1 drivers
v0x5d91beea0f30_0 .net *"_ivl_178", 0 0, L_0x5d91beec00d0;  1 drivers
v0x5d91beea0ff0_0 .net *"_ivl_60", 31 0, L_0x5d91beeaafe0;  1 drivers
L_0x720f9fb7180 .functor BUFT 1, C4<00000000000000000000000000000>, C4<0>, C4<0>, C4<0>;
v0x5d91beea10d0_0 .net *"_ivl_63", 28 0, L_0x720f9fb7180;  1 drivers
L_0x720f9fb71c8 .functor BUFT 1, C4<00000000000000000000000000000000>, C4<0>, C4<0>, C4<0>;
v0x5d91beea11b0_0 .net/2u *"_ivl_64", 31 0, L_0x720f9fb71c8;  1 drivers
v0x5d91beea1290_0 .net *"_ivl_66", 0 0, L_0x5d91beebb170;  1 drivers
v0x5d91beea1350_0 .net *"_ivl_93", 0 0, L_0x5d91beebb3b0;  1 drivers
v0x5d91beea1410_0 .net "_maxi_mac_has_outstanding_write", 0 0, L_0x5d91beebb340;  1 drivers
v0x5d91beea14d0_0 .var "_maxi_mac_outstanding_wcount", 2 0;
v0x5d91beea15b0_0 .var "_maxi_mac_raddr_cond_0_1", 0 0;
v0x5d91beea1670_0 .var "_maxi_mac_raddr_cond_1_1", 0 0;
v0x5d91beea1730_0 .var "_maxi_mac_raddr_cond_2_1", 0 0;
v0x5d91beea17f0_0 .var "_maxi_mac_raddr_cond_3_1", 0 0;
v0x5d91beea18b0_0 .var "_maxi_mac_raddr_cond_4_1", 0 0;
v0x5d91beea1970_0 .var "_maxi_mac_raddr_cond_5_1", 0 0;
v0x5d91beea1a30_0 .net "_maxi_mac_rdata_sb_0", 63 0, L_0x5d91beeaa830;  1 drivers
v0x5d91beea1b10_0 .net "_maxi_mac_rready_sb_0", 0 0, L_0x5d91beec08e0;  1 drivers
v0x5d91beea1bd0_0 .net "_maxi_mac_rvalid_sb_0", 0 0, L_0x5d91beeaadc0;  1 drivers
v0x5d91beea1c90_0 .var "_maxi_mac_waddr_cond_0_1", 0 0;
v0x5d91beea1d50_0 .var "_maxi_mac_waddr_cond_1_1", 0 0;
v0x5d91beea1e10_0 .var "_maxi_mac_waddr_cond_2_1", 0 0;
v0x5d91beea1ed0_0 .var "_maxi_mac_waddr_cond_3_1", 0 0;
v0x5d91beea1f90_0 .var "_maxi_mac_waddr_cond_4_1", 0 0;
v0x5d91beea2050_0 .var "_maxi_mac_waddr_cond_5_1", 0 0;
v0x5d91beea2110_0 .var "_maxi_mac_waddr_cond_6_1", 0 0;
v0x5d91beea21d0_0 .var "_maxi_mac_waddr_cond_7_1", 0 0;
v0x5d91beea2290_0 .var "_maxi_mac_wdata_cond_0_1", 0 0;
v0x5d91beea2350_0 .var "_maxi_mac_wdata_cond_1_1", 0 0;
v0x5d91beea2410_0 .var "_maxi_mac_wdata_cond_2_1", 0 0;
v0x5d91beea24d0_0 .var "_maxi_mac_wdata_cond_3_1", 0 0;
v0x5d91beea2590_0 .var "_maxi_mac_wdata_cond_4_1", 0 0;
v0x5d91beea2650_0 .var "_maxi_mac_wdata_cond_5_1", 0 0;
v0x5d91beea2710_0 .var "_maxi_mac_wdata_cond_6_1", 0 0;
v0x5d91beea27d0_0 .var "_maxi_mac_wdata_cond_7_1", 0 0;
v0x5d91beea2890_0 .var "_maxi_mac_wdata_sb_0", 63 0;
v0x5d91beea2970_0 .net "_maxi_mac_wready_sb_0", 0 0, L_0x5d91bee3f8a0;  1 drivers
v0x5d91beea2a30_0 .var "_maxi_mac_wstrb_sb_0", 7 0;
v0x5d91beea2b10_0 .var "_maxi_mac_wvalid_sb_0", 0 0;
v0x5d91beea2bd0_0 .var "_s_axis_mac_cond_0_1", 0 0;
v0x5d91beea2c90_0 .var "_s_axis_mac_cond_1_1", 0 0;
v0x5d91beea2d50_0 .var "_s_axis_mac_write_data_busy", 0 0;
v0x5d91beea2e10_0 .net "_s_axis_mac_write_data_idle", 0 0, L_0x5d91beebd7d0;  1 drivers
v0x5d91beea2ed0_0 .net "_s_axis_mac_write_idle", 0 0, L_0x5d91beebd890;  1 drivers
v0x5d91beea2f90_0 .var "_s_axis_mac_write_local_addr_buf", 31 0;
v0x5d91beea3070_0 .net "_s_axis_mac_write_local_addr_fifo", 31 0, L_0x5d91beebd420;  1 drivers
v0x5d91beea3150_0 .var "_s_axis_mac_write_local_stride_buf", 31 0;
v0x5d91beea3230_0 .net "_s_axis_mac_write_local_stride_fifo", 31 0, L_0x5d91beebd590;  1 drivers
v0x5d91beea3310_0 .var "_s_axis_mac_write_op_sel_buf", 7 0;
v0x5d91beea33f0_0 .net "_s_axis_mac_write_op_sel_fifo", 7 0, L_0x5d91beebd1f0;  1 drivers
v0x5d91beea34d0_0 .net "_s_axis_mac_write_req_fifo_almost_empty", 0 0, L_0x5d91beebcb00;  1 drivers
v0x5d91beea3570_0 .net "_s_axis_mac_write_req_fifo_almost_full", 0 0, L_0x5d91beebc8e0;  1 drivers
L_0x720f9fb72a0 .functor BUFT 1, C4<0>, C4<0>, C4<0>, C4<0>;
v0x5d91beea3640_0 .net "_s_axis_mac_write_req_fifo_deq", 0 0, L_0x720f9fb72a0;  1 drivers
v0x5d91beea3710_0 .net "_s_axis_mac_write_req_fifo_empty", 0 0, L_0x5d91beebc9f0;  1 drivers
L_0x720f9fb7210 .functor BUFT 1, C4<0>, C4<0>, C4<0>, C4<0>;
v0x5d91beea37e0_0 .net "_s_axis_mac_write_req_fifo_enq", 0 0, L_0x720f9fb7210;  1 drivers
v0x5d91beea38b0_0 .net "_s_axis_mac_write_req_fifo_full", 0 0, L_0x5d91beebc7a0;  1 drivers
v0x5d91beea3980_0 .net "_s_axis_mac_write_req_fifo_rdata", 104 0, L_0x5d91beebcf10;  1 drivers
L_0x720f9fb7258 .functor BUFT 1, C4<xxxxxxxxxxxxxxxxxxxxxxxxxxxxxxxxxxxxxxxxxxxxxxxxxxxxxxxxxxxxxxxxxxxxxxxxxxxxxxxxxxxxxxxxxxxxxxxxxxxxxxxxx>, C4<0>, C4<0>, C4<0>;
v0x5d91beea3a50_0 .net "_s_axis_mac_write_req_fifo_wdata", 104 0, L_0x720f9fb7258;  1 drivers
v0x5d91beea3b20_0 .var "_s_axis_mac_write_size_buf", 32 0;
v0x5d91beea3bc0_0 .net "_s_axis_mac_write_size_fifo", 32 0, L_0x5d91beebd650;  1 drivers
v0x5d91beea3c60_0 .var "_sb_maxi_mac_readdata_data_18", 63 0;
v0x5d91beea3d00_0 .net "_sb_maxi_mac_readdata_m_ready_17", 0 0, L_0x5d91beeaa760;  1 drivers
v0x5d91beea3dc0_0 .net "_sb_maxi_mac_readdata_m_value_25", 63 0, v0x5d91beea3c60_0;  1 drivers
v0x5d91beea3ea0_0 .net "_sb_maxi_mac_readdata_next_data_23", 63 0, L_0x5d91beeaa9a0;  1 drivers
v0x5d91beea3f80_0 .net "_sb_maxi_mac_readdata_next_valid_24", 0 0, L_0x5d91beeaab60;  1 drivers
v0x5d91beea4040_0 .net "_sb_maxi_mac_readdata_ready_20", 0 0, L_0x5d91beeaa8a0;  1 drivers
v0x5d91beea4100_0 .net "_sb_maxi_mac_readdata_s_data_15", 63 0, L_0x5d91beeaa5e0;  1 drivers
v0x5d91beea41e0_0 .net "_sb_maxi_mac_readdata_s_valid_16", 0 0, L_0x5d91beeaa6f0;  1 drivers
v0x5d91beea42a0_0 .net "_sb_maxi_mac_readdata_s_value_14", 63 0, L_0x5d91beeaa4e0;  1 drivers
v0x5d91beea4380_0 .var "_sb_maxi_mac_readdata_tmp_data_21", 63 0;
v0x5d91beea4460_0 .var "_sb_maxi_mac_readdata_tmp_valid_22", 0 0;
v0x5d91beea4520_0 .var "_sb_maxi_mac_readdata_valid_19", 0 0;
v0x5d91beea45e0_0 .var "_sb_maxi_mac_writedata_data_5", 71 0;
v0x5d91beea46c0_0 .net "_sb_maxi_mac_writedata_m_ready_4", 0 0, L_0x5d91bee30ac0;  1 drivers
v0x5d91beea4780_0 .net "_sb_maxi_mac_writedata_m_value_12", 7 0, L_0x5d91beea9f50;  1 drivers
v0x5d91beea4860_0 .net "_sb_maxi_mac_writedata_m_value_13", 63 0, L_0x5d91beeaa050;  1 drivers
v0x5d91beea4940_0 .net "_sb_maxi_mac_writedata_next_data_10", 71 0, L_0x5d91beea9d90;  1 drivers
v0x5d91beea4a20_0 .net "_sb_maxi_mac_writedata_next_valid_11", 0 0, L_0x5d91bee37590;  1 drivers
v0x5d91beea4ae0_0 .net "_sb_maxi_mac_writedata_ready_7", 0 0, L_0x5d91beea9c90;  1 drivers
v0x5d91beea4ba0_0 .net "_sb_maxi_mac_writedata_s_data_2", 71 0, L_0x5d91beea9ae0;  1 drivers
v0x5d91beea4c80_0 .net "_sb_maxi_mac_writedata_s_valid_3", 0 0, v0x5d91beea2b10_0;  1 drivers
v0x5d91beea4d40_0 .net "_sb_maxi_mac_writedata_s_value_0", 7 0, v0x5d91beea2a30_0;  1 drivers
v0x5d91beea4e20_0 .net "_sb_maxi_mac_writedata_s_value_1", 63 0, v0x5d91beea2890_0;  1 drivers
v0x5d91beea4f00_0 .var "_sb_maxi_mac_writedata_tmp_data_8", 71 0;
v0x5d91beea4fe0_0 .var "_sb_maxi_mac_writedata_tmp_valid_9", 0 0;
v0x5d91beea50a0_0 .var "_sb_maxi_mac_writedata_valid_6", 0 0;
v0x5d91beea5160_0 .var/s "_th_ctrl_i_4", 31 0;
v0x5d91beea5240_0 .net "_tmp_30", 31 0, L_0x5d91beebda20;  1 drivers
v0x5d91beea5320_0 .net "_tmp_31", 3 0, L_0x5d91beebda90;  1 drivers
v0x5d91beea5400_0 .net "_tmp_32", 2 0, L_0x5d91beebdc30;  1 drivers
v0x5d91beea54e0_0 .net "_tmp_33", 0 0, L_0x5d91beebdcf0;  1 drivers
v0x5d91beea55a0_0 .net "_tmp_34", 63 0, L_0x5d91beebdf60;  1 drivers
v0x5d91beea5680_0 .net "_tmp_35", 7 0, L_0x5d91beebe120;  1 drivers
v0x5d91beea5760_0 .net "_tmp_36", 0 0, L_0x5d91beebe1e0;  1 drivers
v0x5d91beea5820_0 .net "_tmp_37", 0 0, L_0x5d91beebe760;  1 drivers
v0x5d91beea58e0_0 .net "_tmp_38", 31 0, L_0x5d91beebe580;  1 drivers
v0x5d91beea59c0_0 .net "_tmp_39", 3 0, L_0x5d91beebe5f0;  1 drivers
v0x5d91beea5aa0_0 .net "_tmp_40", 2 0, L_0x5d91beebeae0;  1 drivers
v0x5d91beea5b80_0 .net "_tmp_41", 0 0, L_0x5d91beebeba0;  1 drivers
v0x5d91beea5c40_0 .net "_tmp_42", 0 0, L_0x5d91beebf3d0;  1 drivers
v0x5d91beea5d00_0 .net "_tmp_43", 127 0, L_0x5d91beebf490;  1 drivers
v0x5d91beea5de0_0 .net "_tmp_44", 0 0, L_0x5d91beebf680;  1 drivers
v0x5d91beea5ea0_0 .net "_tmp_45", 0 0, L_0x5d91beebf940;  1 drivers
v0x5d91beea5f60_0 .var "axi_s_ctrl_mac_araddr", 31 0;
v0x5d91beea6050_0 .var "axi_s_ctrl_mac_arcache", 3 0;
v0x5d91beea6120_0 .var "axi_s_ctrl_mac_arprot", 2 0;
v0x5d91beea61f0_0 .net "axi_s_ctrl_mac_arready", 0 0, L_0x5d91beec1ac0;  1 drivers
v0x5d91beea62c0_0 .var "axi_s_ctrl_mac_arvalid", 0 0;
v0x5d91beea6390_0 .var "axi_s_ctrl_mac_awaddr", 31 0;
v0x5d91beea6460_0 .var "axi_s_ctrl_mac_awcache", 3 0;
v0x5d91beea6530_0 .var "axi_s_ctrl_mac_awprot", 2 0;
v0x5d91beea6600_0 .net "axi_s_ctrl_mac_awready", 0 0, L_0x5d91beec1240;  1 drivers
v0x5d91beea66d0_0 .var "axi_s_ctrl_mac_awvalid", 0 0;
v0x5d91beea67a0_0 .var "axi_s_ctrl_mac_bready", 0 0;
v0x5d91beea7080_0 .net "axi_s_ctrl_mac_bresp", 1 0, L_0x720f9fb7840;  1 drivers
v0x5d91beea7150_0 .net "axi_s_ctrl_mac_bvalid", 0 0, v0x5d91bee9e0a0_0;  1 drivers
v0x5d91beea7220_0 .net "axi_s_ctrl_mac_rdata", 63 0, v0x5d91bee9e160_0;  1 drivers
v0x5d91beea72f0_0 .var "axi_s_ctrl_mac_rready", 0 0;
v0x5d91beea73c0_0 .net "axi_s_ctrl_mac_rresp", 1 0, L_0x720f9fb7888;  1 drivers
v0x5d91beea7490_0 .net "axi_s_ctrl_mac_rvalid", 0 0, v0x5d91bee9e3e0_0;  1 drivers
v0x5d91beea7560_0 .var "axi_s_ctrl_mac_wdata", 63 0;
v0x5d91beea7630_0 .net "axi_s_ctrl_mac_wready", 0 0, L_0x5d91beeca320;  1 drivers
v0x5d91beea7700_0 .var "axi_s_ctrl_mac_wstrb", 7 0;
v0x5d91beea77d0_0 .var "axi_s_ctrl_mac_wvalid", 0 0;
v0x5d91beea78a0_0 .var/s "axim_rdata_47", 63 0;
v0x5d91beea7940_0 .var/s "axim_rdata_48", 63 0;
v0x5d91beea79e0_0 .var/s "axim_rdata_49", 63 0;
v0x5d91beea7a80_0 .var/s "axim_rdata_50", 63 0;
v0x5d91beea7b20_0 .var/s "axim_rdata_51", 63 0;
v0x5d91beea7bc0_0 .var/s "axim_rdata_52", 63 0;
v0x5d91beea7c80_0 .var "axis_in_mac_tdata", 127 0;
v0x5d91beea7d70_0 .var "axis_in_mac_tlast", 0 0;
v0x5d91beea7e40_0 .net "axis_in_mac_tready", 0 0, L_0x5d91beeccf60;  1 drivers
v0x5d91beea7f10_0 .var "axis_in_mac_tvalid", 0 0;
v0x5d91beea7fe0_0 .var "count__s_axis_mac_write_req_fifo", 3 0;
v0x5d91beea8080_0 .var "maxi_mac_araddr", 31 0;
v0x5d91beea8120_0 .net "maxi_mac_arcache", 3 0, L_0x720f9fb70f0;  1 drivers
v0x5d91beea8200_0 .net "maxi_mac_arprot", 2 0, L_0x720f9fb7138;  1 drivers
v0x5d91beea82e0_0 .net "maxi_mac_arready", 0 0, L_0x5d91beebed60;  1 drivers
v0x5d91beea83a0_0 .var "maxi_mac_arvalid", 0 0;
v0x5d91beea8460_0 .var "maxi_mac_awaddr", 31 0;
v0x5d91beea8540_0 .net "maxi_mac_awcache", 3 0, L_0x720f9fb7018;  1 drivers
v0x5d91beea8620_0 .net "maxi_mac_awprot", 2 0, L_0x720f9fb7060;  1 drivers
v0x5d91beea8700_0 .net "maxi_mac_awready", 0 0, L_0x5d91beebdea0;  1 drivers
v0x5d91beea87c0_0 .var "maxi_mac_awvalid", 0 0;
v0x5d91beea8880_0 .net "maxi_mac_bready", 0 0, L_0x720f9fb70a8;  1 drivers
v0x5d91beea8940_0 .net "maxi_mac_bresp", 1 0, L_0x5d91beebe4c0;  1 drivers
v0x5d91beea8a20_0 .net "maxi_mac_bvalid", 0 0, L_0x5d91beebe6a0;  1 drivers
v0x5d91beea8ae0_0 .net "maxi_mac_rdata", 63 0, L_0x5d91beebee20;  1 drivers
v0x5d91beea8bc0_0 .net "maxi_mac_rready", 0 0, L_0x5d91beeaaef0;  1 drivers
v0x5d91beea8c80_0 .net "maxi_mac_rresp", 1 0, L_0x5d91beebf090;  1 drivers
v0x5d91beea8d60_0 .net "maxi_mac_rvalid", 0 0, L_0x5d91beebf150;  1 drivers
v0x5d91beea8e20_0 .net "maxi_mac_wdata", 63 0, L_0x5d91bee15b50;  1 drivers
v0x5d91beea8f00_0 .net "maxi_mac_wready", 0 0, L_0x5d91beebe3b0;  1 drivers
v0x5d91beea8fc0_0 .net "maxi_mac_wstrb", 7 0, L_0x5d91beeaa250;  1 drivers
v0x5d91beea90a0_0 .net "maxi_mac_wvalid", 0 0, v0x5d91beea50a0_0;  1 drivers
v0x5d91beea9160_0 .var "read_data_46", 127 0;
v0x5d91beea9240_0 .var "s_axis_mac_tdata", 127 0;
v0x5d91beea9320_0 .var "s_axis_mac_tlast", 0 0;
v0x5d91beea93e0_0 .net "s_axis_mac_tready", 0 0, L_0x5d91beebf6f0;  1 drivers
v0x5d91beea94a0_0 .var "s_axis_mac_tvalid", 0 0;
v0x5d91beea9560_0 .var "th_ctrl", 31 0;
v0x5d91beea9640_0 .net "unpack_write_req_local_addr_27", 31 0, L_0x5d91beebd0c0;  1 drivers
v0x5d91beea9720_0 .net "unpack_write_req_local_size_29", 32 0, L_0x5d91beebd300;  1 drivers
v0x5d91beea9800_0 .net "unpack_write_req_local_stride_28", 31 0, L_0x5d91beebd260;  1 drivers
v0x5d91beea98e0_0 .net "unpack_write_req_op_sel_26", 7 0, L_0x5d91beebd020;  1 drivers
E_0x5d91beda2a60 .event anyedge, v0x5d91beea5ea0_0;
E_0x5d91beda4ed0 .event anyedge, v0x5d91beea5de0_0;
E_0x5d91beda3290 .event anyedge, v0x5d91beea5d00_0;
E_0x5d91bec636c0 .event anyedge, v0x5d91beea5c40_0;
E_0x5d91bee80e90 .event anyedge, v0x5d91beea5b80_0;
E_0x5d91bee81f60 .event anyedge, v0x5d91beea5aa0_0;
E_0x5d91bec9d630 .event anyedge, v0x5d91beea59c0_0;
E_0x5d91bec9e950 .event anyedge, v0x5d91beea58e0_0;
E_0x5d91bedd9dc0 .event anyedge, v0x5d91beea5820_0;
E_0x5d91bec9f580 .event anyedge, v0x5d91beea5760_0;
E_0x5d91bec9ff60 .event anyedge, v0x5d91beea5680_0;
E_0x5d91beca0b90 .event anyedge, v0x5d91beea55a0_0;
E_0x5d91beca7310 .event anyedge, v0x5d91beea54e0_0;
E_0x5d91bee15f30 .event anyedge, v0x5d91beea5400_0;
E_0x5d91bec9cc50 .event anyedge, v0x5d91beea5320_0;
E_0x5d91bec97290 .event anyedge, v0x5d91beea5240_0;
L_0x5d91beea9ae0 .concat [ 64 8 0 0], v0x5d91beea2890_0, v0x5d91beea2a30_0;
L_0x5d91beea9c90 .reduce/nor v0x5d91beea4fe0_0;
L_0x5d91beea9d90 .functor MUXZ 72, L_0x5d91beea9ae0, v0x5d91beea4f00_0, v0x5d91beea4fe0_0, C4<>;
L_0x5d91beea9f50 .part v0x5d91beea45e0_0, 64, 8;
L_0x5d91beeaa050 .part v0x5d91beea45e0_0, 0, 64;
L_0x5d91beeaa5e0 .concat [ 64 0 0 0], L_0x5d91beeaa4e0;
L_0x5d91beeaa8a0 .reduce/nor v0x5d91beea4460_0;
L_0x5d91beeaa9a0 .functor MUXZ 64, L_0x5d91beeaa5e0, v0x5d91beea4380_0, v0x5d91beea4460_0, C4<>;
L_0x5d91beeaafe0 .concat [ 3 29 0 0], v0x5d91beea14d0_0, L_0x720f9fb7180;
L_0x5d91beebb170 .cmp/gt 32, L_0x5d91beeaafe0, L_0x720f9fb71c8;
L_0x5d91beebd020 .part L_0x5d91beebcf10, 97, 8;
L_0x5d91beebd0c0 .part L_0x5d91beebcf10, 65, 32;
L_0x5d91beebd260 .part L_0x5d91beebcf10, 33, 32;
L_0x5d91beebd300 .part L_0x5d91beebcf10, 0, 33;
L_0x5d91beebb3b0 .reduce/nor v0x5d91beea2d50_0;
L_0x5d91beebf9b0 .cmp/eq 32, v0x5d91beea9560_0, L_0x720f9fb7690;
L_0x5d91beebfbc0 .cmp/eq 32, v0x5d91beea9560_0, L_0x720f9fb76d8;
L_0x5d91beebffe0 .cmp/eq 32, v0x5d91beea9560_0, L_0x720f9fb7720;
L_0x5d91beec0280 .cmp/eq 32, v0x5d91beea9560_0, L_0x720f9fb7768;
L_0x5d91beec05e0 .cmp/eq 32, v0x5d91beea9560_0, L_0x720f9fb77b0;
L_0x5d91beec00d0 .cmp/eq 32, v0x5d91beea9560_0, L_0x720f9fb77f8;
S_0x5d91bedcd630 .scope module, "inst__s_axis_mac_write_req_fifo" "_s_axis_mac_write_req_fifo" 2 139, 2 1455 0, S_0x5d91beddca00;
 .timescale 0 0;
    .port_info 0 /INPUT 1 "CLK";
    .port_info 1 /INPUT 1 "RST";
    .port_info 2 /INPUT 1 "_s_axis_mac_write_req_fifo_enq";
    .port_info 3 /INPUT 105 "_s_axis_mac_write_req_fifo_wdata";
    .port_info 4 /OUTPUT 1 "_s_axis_mac_write_req_fifo_full";
    .port_info 5 /OUTPUT 1 "_s_axis_mac_write_req_fifo_almost_full";
    .port_info 6 /INPUT 1 "_s_axis_mac_write_req_fifo_deq";
    .port_info 7 /OUTPUT 105 "_s_axis_mac_write_req_fifo_rdata";
    .port_info 8 /OUTPUT 1 "_s_axis_mac_write_req_fifo_empty";
    .port_info 9 /OUTPUT 1 "_s_axis_mac_write_req_fifo_almost_empty";
L_0x720f9fb73c0 .functor BUFT 1, C4<00000000000000000000000000000111>, C4<0>, C4<0>, C4<0>;
L_0x5d91beebb930 .functor AND 32, L_0x5d91beebb890, L_0x720f9fb73c0, C4<11111111111111111111111111111111>, C4<11111111111111111111111111111111>;
L_0x720f9fb7498 .functor BUFT 1, C4<00000000000000000000000000000111>, C4<0>, C4<0>, C4<0>;
L_0x5d91beebbe20 .functor AND 32, L_0x5d91beebbd80, L_0x720f9fb7498, C4<11111111111111111111111111111111>, C4<11111111111111111111111111111111>;
L_0x720f9fb75b8 .functor BUFT 1, C4<00000000000000000000000000000111>, C4<0>, C4<0>, C4<0>;
L_0x5d91beebc3f0 .functor AND 32, L_0x5d91beebc350, L_0x720f9fb75b8, C4<11111111111111111111111111111111>, C4<11111111111111111111111111111111>;
L_0x5d91beebc7a0 .functor BUFZ 1, L_0x5d91beebc110, C4<0>, C4<0>, C4<0>;
L_0x5d91beebc8e0 .functor OR 1, L_0x5d91beebc660, L_0x5d91beebc110, C4<0>, C4<0>;
L_0x5d91beebc9f0 .functor BUFZ 1, L_0x5d91beebb570, C4<0>, C4<0>, C4<0>;
L_0x5d91beebcb00 .functor OR 1, L_0x5d91beebbb10, L_0x5d91beebb570, C4<0>, C4<0>;
L_0x5d91beebc5f0 .functor BUFZ 105, L_0x5d91beebcc10, C4<000000000000000000000000000000000000000000000000000000000000000000000000000000000000000000000000000000000>, C4<000000000000000000000000000000000000000000000000000000000000000000000000000000000000000000000000000000000>, C4<000000000000000000000000000000000000000000000000000000000000000000000000000000000000000000000000000000000>;
L_0x5d91beebcf10 .functor BUFZ 105, L_0x5d91beebc5f0, C4<000000000000000000000000000000000000000000000000000000000000000000000000000000000000000000000000000000000>, C4<000000000000000000000000000000000000000000000000000000000000000000000000000000000000000000000000000000000>, C4<000000000000000000000000000000000000000000000000000000000000000000000000000000000000000000000000000000000>;
v0x5d91bee2ce70_0 .net "CLK", 0 0, v0x5d91beea01c0_0;  1 drivers
v0x5d91bee2f080_0 .net "RST", 0 0, v0x5d91beea0280_0;  1 drivers
L_0x720f9fb7378 .functor BUFT 1, C4<00000000000000000000000000000001>, C4<0>, C4<0>, C4<0>;
v0x5d91bee2fc80_0 .net/2u *"_ivl_10", 31 0, L_0x720f9fb7378;  1 drivers
v0x5d91bee30c60_0 .net *"_ivl_12", 31 0, L_0x5d91beebb890;  1 drivers
v0x5d91bee376b0_0 .net/2u *"_ivl_14", 31 0, L_0x720f9fb73c0;  1 drivers
v0x5d91bee3f9c0_0 .net *"_ivl_16", 31 0, L_0x5d91beebb930;  1 drivers
v0x5d91bee15cf0_0 .net *"_ivl_2", 31 0, L_0x5d91beebb610;  1 drivers
v0x5d91bee8bea0_0 .net *"_ivl_20", 31 0, L_0x5d91beebbc50;  1 drivers
L_0x720f9fb7408 .functor BUFT 1, C4<00000000000000000000000000000>, C4<0>, C4<0>, C4<0>;
v0x5d91bee8bf80_0 .net *"_ivl_23", 28 0, L_0x720f9fb7408;  1 drivers
L_0x720f9fb7450 .functor BUFT 1, C4<00000000000000000000000000000001>, C4<0>, C4<0>, C4<0>;
v0x5d91bee8c060_0 .net/2u *"_ivl_24", 31 0, L_0x720f9fb7450;  1 drivers
v0x5d91bee8c140_0 .net *"_ivl_26", 31 0, L_0x5d91beebbd80;  1 drivers
v0x5d91bee8c220_0 .net/2u *"_ivl_28", 31 0, L_0x720f9fb7498;  1 drivers
v0x5d91bee8c300_0 .net *"_ivl_30", 31 0, L_0x5d91beebbe20;  1 drivers
v0x5d91bee8c3e0_0 .net *"_ivl_32", 31 0, L_0x5d91beebbfd0;  1 drivers
L_0x720f9fb74e0 .functor BUFT 1, C4<00000000000000000000000000000>, C4<0>, C4<0>, C4<0>;
v0x5d91bee8c4c0_0 .net *"_ivl_35", 28 0, L_0x720f9fb74e0;  1 drivers
v0x5d91bee8c5a0_0 .net *"_ivl_38", 31 0, L_0x5d91beebc250;  1 drivers
L_0x720f9fb7528 .functor BUFT 1, C4<00000000000000000000000000000>, C4<0>, C4<0>, C4<0>;
v0x5d91bee8c680_0 .net *"_ivl_41", 28 0, L_0x720f9fb7528;  1 drivers
L_0x720f9fb7570 .functor BUFT 1, C4<00000000000000000000000000000010>, C4<0>, C4<0>, C4<0>;
v0x5d91bee8c760_0 .net/2u *"_ivl_42", 31 0, L_0x720f9fb7570;  1 drivers
v0x5d91bee8c840_0 .net *"_ivl_44", 31 0, L_0x5d91beebc350;  1 drivers
v0x5d91bee8c920_0 .net/2u *"_ivl_46", 31 0, L_0x720f9fb75b8;  1 drivers
v0x5d91bee8ca00_0 .net *"_ivl_48", 31 0, L_0x5d91beebc3f0;  1 drivers
L_0x720f9fb72e8 .functor BUFT 1, C4<00000000000000000000000000000>, C4<0>, C4<0>, C4<0>;
v0x5d91bee8cae0_0 .net *"_ivl_5", 28 0, L_0x720f9fb72e8;  1 drivers
v0x5d91bee8cbc0_0 .net *"_ivl_50", 31 0, L_0x5d91beebc550;  1 drivers
L_0x720f9fb7600 .functor BUFT 1, C4<00000000000000000000000000000>, C4<0>, C4<0>, C4<0>;
v0x5d91bee8cca0_0 .net *"_ivl_53", 28 0, L_0x720f9fb7600;  1 drivers
v0x5d91bee8cd80_0 .net *"_ivl_6", 31 0, L_0x5d91beebb750;  1 drivers
v0x5d91bee8ce60_0 .net *"_ivl_64", 104 0, L_0x5d91beebcc10;  1 drivers
v0x5d91bee8cf40_0 .net *"_ivl_66", 4 0, L_0x5d91beebcd30;  1 drivers
L_0x720f9fb7648 .functor BUFT 1, C4<00>, C4<0>, C4<0>, C4<0>;
v0x5d91bee8d020_0 .net *"_ivl_69", 1 0, L_0x720f9fb7648;  1 drivers
L_0x720f9fb7330 .functor BUFT 1, C4<00000000000000000000000000000>, C4<0>, C4<0>, C4<0>;
v0x5d91bee8d100_0 .net *"_ivl_9", 28 0, L_0x720f9fb7330;  1 drivers
v0x5d91bee8d1e0_0 .net "_s_axis_mac_write_req_fifo_almost_empty", 0 0, L_0x5d91beebcb00;  alias, 1 drivers
v0x5d91bee8d2a0_0 .net "_s_axis_mac_write_req_fifo_almost_full", 0 0, L_0x5d91beebc8e0;  alias, 1 drivers
v0x5d91bee8d360_0 .net "_s_axis_mac_write_req_fifo_deq", 0 0, L_0x720f9fb72a0;  alias, 1 drivers
v0x5d91bee8d420_0 .net "_s_axis_mac_write_req_fifo_empty", 0 0, L_0x5d91beebc9f0;  alias, 1 drivers
v0x5d91bee8d4e0_0 .net "_s_axis_mac_write_req_fifo_enq", 0 0, L_0x720f9fb7210;  alias, 1 drivers
v0x5d91bee8d5a0_0 .net "_s_axis_mac_write_req_fifo_full", 0 0, L_0x5d91beebc7a0;  alias, 1 drivers
v0x5d91bee8d660_0 .net "_s_axis_mac_write_req_fifo_rdata", 104 0, L_0x5d91beebcf10;  alias, 1 drivers
v0x5d91bee8d740_0 .net "_s_axis_mac_write_req_fifo_wdata", 104 0, L_0x720f9fb7258;  alias, 1 drivers
v0x5d91bee8d820_0 .var "head", 2 0;
v0x5d91bee8d900_0 .net "is_almost_empty", 0 0, L_0x5d91beebbb10;  1 drivers
v0x5d91bee8d9c0_0 .net "is_almost_full", 0 0, L_0x5d91beebc660;  1 drivers
v0x5d91bee8da80_0 .net "is_empty", 0 0, L_0x5d91beebb570;  1 drivers
v0x5d91bee8db40_0 .net "is_full", 0 0, L_0x5d91beebc110;  1 drivers
v0x5d91bee8dc00 .array "mem", 7 0, 104 0;
v0x5d91bee8dcc0_0 .net "rdata", 104 0, L_0x5d91beebc5f0;  1 drivers
v0x5d91bee8dda0_0 .var "tail", 2 0;
E_0x5d91bec98110 .event posedge, v0x5d91bee2ce70_0;
L_0x5d91beebb570 .cmp/eq 3, v0x5d91bee8d820_0, v0x5d91bee8dda0_0;
L_0x5d91beebb610 .concat [ 3 29 0 0], v0x5d91bee8d820_0, L_0x720f9fb72e8;
L_0x5d91beebb750 .concat [ 3 29 0 0], v0x5d91bee8dda0_0, L_0x720f9fb7330;
L_0x5d91beebb890 .arith/sum 32, L_0x5d91beebb750, L_0x720f9fb7378;
L_0x5d91beebbb10 .cmp/eq 32, L_0x5d91beebb610, L_0x5d91beebb930;
L_0x5d91beebbc50 .concat [ 3 29 0 0], v0x5d91bee8d820_0, L_0x720f9fb7408;
L_0x5d91beebbd80 .arith/sum 32, L_0x5d91beebbc50, L_0x720f9fb7450;
L_0x5d91beebbfd0 .concat [ 3 29 0 0], v0x5d91bee8dda0_0, L_0x720f9fb74e0;
L_0x5d91beebc110 .cmp/eq 32, L_0x5d91beebbe20, L_0x5d91beebbfd0;
L_0x5d91beebc250 .concat [ 3 29 0 0], v0x5d91bee8d820_0, L_0x720f9fb7528;
L_0x5d91beebc350 .arith/sum 32, L_0x5d91beebc250, L_0x720f9fb7570;
L_0x5d91beebc550 .concat [ 3 29 0 0], v0x5d91bee8dda0_0, L_0x720f9fb7600;
L_0x5d91beebc660 .cmp/eq 32, L_0x5d91beebc3f0, L_0x5d91beebc550;
L_0x5d91beebcc10 .array/port v0x5d91bee8dc00, L_0x5d91beebcd30;
L_0x5d91beebcd30 .concat [ 3 2 0 0], v0x5d91bee8dda0_0, L_0x720f9fb7648;
S_0x5d91beddaab0 .scope module, "uut" "mac" 2 337, 2 1508 0, S_0x5d91beddca00;
 .timescale 0 0;
    .port_info 0 /INPUT 1 "CLK";
    .port_info 1 /INPUT 1 "RST";
    .port_info 2 /INPUT 32 "axi_s_ctrl_mac_awaddr";
    .port_info 3 /INPUT 4 "axi_s_ctrl_mac_awcache";
    .port_info 4 /INPUT 3 "axi_s_ctrl_mac_awprot";
    .port_info 5 /INPUT 1 "axi_s_ctrl_mac_awvalid";
    .port_info 6 /OUTPUT 1 "axi_s_ctrl_mac_awready";
    .port_info 7 /INPUT 64 "axi_s_ctrl_mac_wdata";
    .port_info 8 /INPUT 8 "axi_s_ctrl_mac_wstrb";
    .port_info 9 /INPUT 1 "axi_s_ctrl_mac_wvalid";
    .port_info 10 /OUTPUT 1 "axi_s_ctrl_mac_wready";
    .port_info 11 /OUTPUT 2 "axi_s_ctrl_mac_bresp";
    .port_info 12 /OUTPUT 1 "axi_s_ctrl_mac_bvalid";
    .port_info 13 /INPUT 1 "axi_s_ctrl_mac_bready";
    .port_info 14 /INPUT 32 "axi_s_ctrl_mac_araddr";
    .port_info 15 /INPUT 4 "axi_s_ctrl_mac_arcache";
    .port_info 16 /INPUT 3 "axi_s_ctrl_mac_arprot";
    .port_info 17 /INPUT 1 "axi_s_ctrl_mac_arvalid";
    .port_info 18 /OUTPUT 1 "axi_s_ctrl_mac_arready";
    .port_info 19 /OUTPUT 64 "axi_s_ctrl_mac_rdata";
    .port_info 20 /OUTPUT 2 "axi_s_ctrl_mac_rresp";
    .port_info 21 /OUTPUT 1 "axi_s_ctrl_mac_rvalid";
    .port_info 22 /INPUT 1 "axi_s_ctrl_mac_rready";
    .port_info 23 /INPUT 128 "axis_in_mac_tdata";
    .port_info 24 /INPUT 1 "axis_in_mac_tvalid";
    .port_info 25 /OUTPUT 1 "axis_in_mac_tready";
    .port_info 26 /INPUT 1 "axis_in_mac_tlast";
P_0x5d91bee8dfe0 .param/l "_axi_s_ctrl_mac_mask" 1 2 1563, C4<111>;
P_0x5d91bee8e020 .param/l "_axi_s_ctrl_mac_maskwidth" 1 2 1562, +C4<00000000000000000000000000000011>;
P_0x5d91bee8e060 .param/l "_axi_s_ctrl_mac_register_fsm_1" 1 2 1897, +C4<00000000000000000000000000000001>;
P_0x5d91bee8e0a0 .param/l "_axi_s_ctrl_mac_register_fsm_2" 1 2 1898, +C4<00000000000000000000000000000010>;
P_0x5d91bee8e0e0 .param/l "_axi_s_ctrl_mac_register_fsm_3" 1 2 1899, +C4<00000000000000000000000000000011>;
P_0x5d91bee8e120 .param/l "_axi_s_ctrl_mac_register_fsm_4" 1 2 1900, +C4<00000000000000000000000000000100>;
P_0x5d91bee8e160 .param/l "_axi_s_ctrl_mac_register_fsm_init" 1 2 1566, +C4<00000000000000000000000000000000>;
P_0x5d91bee8e1a0 .param/l "_axi_s_ctrl_mac_shift" 1 2 1564, +C4<00000000000000000000000000000011>;
P_0x5d91bee8e1e0 .param/l "mac_buffer_thread_1" 1 2 1972, +C4<00000000000000000000000000000001>;
P_0x5d91bee8e220 .param/l "mac_buffer_thread_10" 1 2 1981, +C4<00000000000000000000000000001010>;
P_0x5d91bee8e260 .param/l "mac_buffer_thread_11" 1 2 1982, +C4<00000000000000000000000000001011>;
P_0x5d91bee8e2a0 .param/l "mac_buffer_thread_12" 1 2 1983, +C4<00000000000000000000000000001100>;
P_0x5d91bee8e2e0 .param/l "mac_buffer_thread_2" 1 2 1973, +C4<00000000000000000000000000000010>;
P_0x5d91bee8e320 .param/l "mac_buffer_thread_3" 1 2 1974, +C4<00000000000000000000000000000011>;
P_0x5d91bee8e360 .param/l "mac_buffer_thread_4" 1 2 1975, +C4<00000000000000000000000000000100>;
P_0x5d91bee8e3a0 .param/l "mac_buffer_thread_5" 1 2 1976, +C4<00000000000000000000000000000101>;
P_0x5d91bee8e3e0 .param/l "mac_buffer_thread_6" 1 2 1977, +C4<00000000000000000000000000000110>;
P_0x5d91bee8e420 .param/l "mac_buffer_thread_7" 1 2 1978, +C4<00000000000000000000000000000111>;
P_0x5d91bee8e460 .param/l "mac_buffer_thread_8" 1 2 1979, +C4<00000000000000000000000000001000>;
P_0x5d91bee8e4a0 .param/l "mac_buffer_thread_9" 1 2 1980, +C4<00000000000000000000000000001001>;
P_0x5d91bee8e4e0 .param/l "mac_buffer_thread_init" 1 2 1661, +C4<00000000000000000000000000000000>;
P_0x5d91bee8e520 .param/l "spm_thread_1" 1 2 2062, +C4<00000000000000000000000000000001>;
P_0x5d91bee8e560 .param/l "spm_thread_10" 1 2 2071, +C4<00000000000000000000000000001010>;
P_0x5d91bee8e5a0 .param/l "spm_thread_11" 1 2 2072, +C4<00000000000000000000000000001011>;
P_0x5d91bee8e5e0 .param/l "spm_thread_12" 1 2 2073, +C4<00000000000000000000000000001100>;
P_0x5d91bee8e620 .param/l "spm_thread_13" 1 2 2074, +C4<00000000000000000000000000001101>;
P_0x5d91bee8e660 .param/l "spm_thread_14" 1 2 2075, +C4<00000000000000000000000000001110>;
P_0x5d91bee8e6a0 .param/l "spm_thread_15" 1 2 2076, +C4<00000000000000000000000000001111>;
P_0x5d91bee8e6e0 .param/l "spm_thread_16" 1 2 2077, +C4<00000000000000000000000000010000>;
P_0x5d91bee8e720 .param/l "spm_thread_17" 1 2 2078, +C4<00000000000000000000000000010001>;
P_0x5d91bee8e760 .param/l "spm_thread_18" 1 2 2079, +C4<00000000000000000000000000010010>;
P_0x5d91bee8e7a0 .param/l "spm_thread_19" 1 2 2080, +C4<00000000000000000000000000010011>;
P_0x5d91bee8e7e0 .param/l "spm_thread_2" 1 2 2063, +C4<00000000000000000000000000000010>;
P_0x5d91bee8e820 .param/l "spm_thread_20" 1 2 2081, +C4<00000000000000000000000000010100>;
P_0x5d91bee8e860 .param/l "spm_thread_21" 1 2 2082, +C4<00000000000000000000000000010101>;
P_0x5d91bee8e8a0 .param/l "spm_thread_22" 1 2 2083, +C4<00000000000000000000000000010110>;
P_0x5d91bee8e8e0 .param/l "spm_thread_23" 1 2 2084, +C4<00000000000000000000000000010111>;
P_0x5d91bee8e920 .param/l "spm_thread_24" 1 2 2085, +C4<00000000000000000000000000011000>;
P_0x5d91bee8e960 .param/l "spm_thread_25" 1 2 2086, +C4<00000000000000000000000000011001>;
P_0x5d91bee8e9a0 .param/l "spm_thread_3" 1 2 2064, +C4<00000000000000000000000000000011>;
P_0x5d91bee8e9e0 .param/l "spm_thread_4" 1 2 2065, +C4<00000000000000000000000000000100>;
P_0x5d91bee8ea20 .param/l "spm_thread_5" 1 2 2066, +C4<00000000000000000000000000000101>;
P_0x5d91bee8ea60 .param/l "spm_thread_6" 1 2 2067, +C4<00000000000000000000000000000110>;
P_0x5d91bee8eaa0 .param/l "spm_thread_7" 1 2 2068, +C4<00000000000000000000000000000111>;
P_0x5d91bee8eae0 .param/l "spm_thread_8" 1 2 2069, +C4<00000000000000000000000000001000>;
P_0x5d91bee8eb20 .param/l "spm_thread_9" 1 2 2070, +C4<00000000000000000000000000001001>;
P_0x5d91bee8eb60 .param/l "spm_thread_init" 1 2 1668, +C4<00000000000000000000000000000000>;
L_0x5d91beec0e60 .functor AND 1, L_0x5d91beec0cf0, L_0x5d91beec0d90, C4<1>, C4<1>;
L_0x5d91beec1070 .functor AND 1, L_0x5d91beec0e60, L_0x5d91beec0fa0, C4<1>, C4<1>;
L_0x5d91beec1180 .functor AND 1, L_0x5d91beec1070, v0x5d91bee9f6e0_0, C4<1>, C4<1>;
L_0x5d91beec1240 .functor AND 1, L_0x5d91beec0c00, L_0x5d91beec1180, C4<1>, C4<1>;
L_0x5d91beec16a0 .functor AND 1, L_0x5d91beec14c0, L_0x5d91beec15b0, C4<1>, C4<1>;
L_0x5d91beec17b0 .functor AND 1, L_0x5d91beec16a0, v0x5d91bee9f620_0, C4<1>, C4<1>;
L_0x5d91beec19b0 .functor AND 1, L_0x5d91beec17b0, L_0x5d91beec1870, C4<1>, C4<1>;
L_0x5d91beec1ac0 .functor AND 1, L_0x5d91beec1380, L_0x5d91beec19b0, C4<1>, C4<1>;
L_0x5d91beecc990 .functor BUFZ 8, L_0x5d91beecc130, C4<00000000>, C4<00000000>, C4<00000000>;
L_0x5d91beecca00 .functor BUFZ 32, L_0x5d91beecc1d0, C4<00000000000000000000000000000000>, C4<00000000000000000000000000000000>, C4<00000000000000000000000000000000>;
L_0x5d91beeccb20 .functor BUFZ 32, L_0x5d91beecc5a0, C4<00000000000000000000000000000000>, C4<00000000000000000000000000000000>, C4<00000000000000000000000000000000>;
L_0x5d91beeccb90 .functor BUFZ 33, L_0x5d91beecc640, C4<000000000000000000000000000000000>, C4<000000000000000000000000000000000>, C4<000000000000000000000000000000000>;
L_0x5d91beeccd60 .functor AND 1, L_0x5d91beecbb00, L_0x5d91beecccc0, C4<1>, C4<1>;
L_0x5d91beecce20 .functor BUFZ 1, L_0x5d91beeccd60, C4<0>, C4<0>, C4<0>;
v0x5d91bee92f20_0 .net "CLK", 0 0, v0x5d91beea01c0_0;  alias, 1 drivers
v0x5d91bee92fe0_0 .net "RST", 0 0, v0x5d91beea0280_0;  alias, 1 drivers
v0x5d91bee930f0_0 .var "_axi_s_ctrl_mac_flag_0", 0 0;
v0x5d91bee93190_0 .var "_axi_s_ctrl_mac_flag_1", 0 0;
v0x5d91bee93230_0 .var "_axi_s_ctrl_mac_flag_2", 0 0;
v0x5d91bee93340_0 .var "_axi_s_ctrl_mac_flag_3", 0 0;
v0x5d91bee93400_0 .var "_axi_s_ctrl_mac_flag_4", 0 0;
v0x5d91bee934c0_0 .var "_axi_s_ctrl_mac_flag_5", 0 0;
v0x5d91bee93580_0 .var "_axi_s_ctrl_mac_flag_6", 0 0;
v0x5d91bee93640_0 .var "_axi_s_ctrl_mac_rdata_cond_0_1", 0 0;
v0x5d91bee93700_0 .var/s "_axi_s_ctrl_mac_register_0", 63 0;
v0x5d91bee937e0_0 .var/s "_axi_s_ctrl_mac_register_1", 63 0;
v0x5d91bee938c0_0 .var/s "_axi_s_ctrl_mac_register_2", 63 0;
v0x5d91bee939a0_0 .var/s "_axi_s_ctrl_mac_register_3", 63 0;
v0x5d91bee93a80_0 .var/s "_axi_s_ctrl_mac_register_4", 63 0;
v0x5d91bee93b60_0 .var/s "_axi_s_ctrl_mac_register_5", 63 0;
v0x5d91bee93c40_0 .var/s "_axi_s_ctrl_mac_register_6", 63 0;
v0x5d91bee93d20_0 .var "_axi_s_ctrl_mac_register_fsm", 31 0;
v0x5d91bee93e00_0 .var/s "_axi_s_ctrl_mac_resetval_0", 63 0;
v0x5d91bee93ee0_0 .var/s "_axi_s_ctrl_mac_resetval_1", 63 0;
v0x5d91bee93fc0_0 .var/s "_axi_s_ctrl_mac_resetval_2", 63 0;
v0x5d91bee940a0_0 .var/s "_axi_s_ctrl_mac_resetval_3", 63 0;
v0x5d91bee94180_0 .var/s "_axi_s_ctrl_mac_resetval_4", 63 0;
v0x5d91bee94260_0 .var/s "_axi_s_ctrl_mac_resetval_5", 63 0;
v0x5d91bee94340_0 .var/s "_axi_s_ctrl_mac_resetval_6", 63 0;
v0x5d91bee94420_0 .var "_axis_in_mac_read_data_busy", 0 0;
v0x5d91bee944e0_0 .net "_axis_in_mac_read_data_idle", 0 0, L_0x5d91beeccd60;  1 drivers
v0x5d91bee945a0_0 .net "_axis_in_mac_read_idle", 0 0, L_0x5d91beecce20;  1 drivers
v0x5d91bee94660_0 .net "_axis_in_mac_read_local_addr_fifo", 31 0, L_0x5d91beecca00;  1 drivers
v0x5d91bee94740_0 .net "_axis_in_mac_read_local_size_fifo", 32 0, L_0x5d91beeccb90;  1 drivers
v0x5d91bee94820_0 .net "_axis_in_mac_read_local_stride_fifo", 31 0, L_0x5d91beeccb20;  1 drivers
v0x5d91bee94900_0 .net "_axis_in_mac_read_op_sel_fifo", 7 0, L_0x5d91beecc990;  1 drivers
v0x5d91bee949e0_0 .net "_axis_in_mac_read_req_fifo_almost_empty", 0 0, L_0x5d91beecbc10;  1 drivers
v0x5d91bee94c90_0 .net "_axis_in_mac_read_req_fifo_almost_full", 0 0, L_0x5d91beecb9f0;  1 drivers
L_0x720f9fb88d8 .functor BUFT 1, C4<0>, C4<0>, C4<0>, C4<0>;
v0x5d91bee94d30_0 .net "_axis_in_mac_read_req_fifo_deq", 0 0, L_0x720f9fb88d8;  1 drivers
v0x5d91bee94dd0_0 .net "_axis_in_mac_read_req_fifo_empty", 0 0, L_0x5d91beecbb00;  1 drivers
L_0x720f9fb8848 .functor BUFT 1, C4<0>, C4<0>, C4<0>, C4<0>;
v0x5d91bee94ea0_0 .net "_axis_in_mac_read_req_fifo_enq", 0 0, L_0x720f9fb8848;  1 drivers
v0x5d91bee94f70_0 .net "_axis_in_mac_read_req_fifo_full", 0 0, L_0x5d91beecb8e0;  1 drivers
v0x5d91bee95040_0 .net "_axis_in_mac_read_req_fifo_rdata", 104 0, L_0x5d91beecc020;  1 drivers
L_0x720f9fb8890 .functor BUFT 1, C4<xxxxxxxxxxxxxxxxxxxxxxxxxxxxxxxxxxxxxxxxxxxxxxxxxxxxxxxxxxxxxxxxxxxxxxxxxxxxxxxxxxxxxxxxxxxxxxxxxxxxxxxxx>, C4<0>, C4<0>, C4<0>;
v0x5d91bee95110_0 .net "_axis_in_mac_read_req_fifo_wdata", 104 0, L_0x720f9fb8890;  1 drivers
v0x5d91bee951e0_0 .net *"_ivl_100", 63 0, L_0x5d91beec3070;  1 drivers
v0x5d91bee95280_0 .net *"_ivl_102", 63 0, L_0x5d91beec3280;  1 drivers
v0x5d91bee95320_0 .net *"_ivl_104", 63 0, L_0x5d91beec33c0;  1 drivers
v0x5d91bee953c0_0 .net *"_ivl_106", 63 0, L_0x5d91beec35e0;  1 drivers
v0x5d91bee954a0_0 .net *"_ivl_108", 63 0, L_0x5d91beec3720;  1 drivers
v0x5d91bee95580_0 .net *"_ivl_11", 0 0, L_0x5d91beec0d90;  1 drivers
v0x5d91bee95640_0 .net *"_ivl_112", 31 0, L_0x5d91beec3a90;  1 drivers
L_0x720f9fb7d98 .functor BUFT 1, C4<00000000000000000000000000000>, C4<0>, C4<0>, C4<0>;
v0x5d91bee95720_0 .net *"_ivl_115", 28 0, L_0x720f9fb7d98;  1 drivers
L_0x720f9fb7de0 .functor BUFT 1, C4<00000000000000000000000000000000>, C4<0>, C4<0>, C4<0>;
v0x5d91bee95800_0 .net/2u *"_ivl_116", 31 0, L_0x720f9fb7de0;  1 drivers
v0x5d91bee958e0_0 .net *"_ivl_118", 0 0, L_0x5d91beec3cb0;  1 drivers
v0x5d91bee959a0_0 .net *"_ivl_120", 3 0, L_0x5d91beec3e20;  1 drivers
L_0x720f9fb7e28 .functor BUFT 1, C4<000>, C4<0>, C4<0>, C4<0>;
v0x5d91bee95a80_0 .net *"_ivl_123", 2 0, L_0x720f9fb7e28;  1 drivers
v0x5d91bee95b60_0 .net *"_ivl_124", 31 0, L_0x5d91beec4050;  1 drivers
L_0x720f9fb7e70 .functor BUFT 1, C4<00000000000000000000000000000>, C4<0>, C4<0>, C4<0>;
v0x5d91bee95c40_0 .net *"_ivl_127", 28 0, L_0x720f9fb7e70;  1 drivers
L_0x720f9fb7eb8 .functor BUFT 1, C4<00000000000000000000000000000001>, C4<0>, C4<0>, C4<0>;
v0x5d91bee95d20_0 .net/2u *"_ivl_128", 31 0, L_0x720f9fb7eb8;  1 drivers
v0x5d91bee95e00_0 .net *"_ivl_13", 0 0, L_0x5d91beec0e60;  1 drivers
v0x5d91bee95ec0_0 .net *"_ivl_130", 0 0, L_0x5d91beec4170;  1 drivers
v0x5d91bee95f80_0 .net *"_ivl_132", 3 0, L_0x5d91beec4400;  1 drivers
L_0x720f9fb7f00 .functor BUFT 1, C4<000>, C4<0>, C4<0>, C4<0>;
v0x5d91bee96060_0 .net *"_ivl_135", 2 0, L_0x720f9fb7f00;  1 drivers
v0x5d91bee96140_0 .net *"_ivl_136", 31 0, L_0x5d91beec4520;  1 drivers
L_0x720f9fb7f48 .functor BUFT 1, C4<00000000000000000000000000000>, C4<0>, C4<0>, C4<0>;
v0x5d91bee96220_0 .net *"_ivl_139", 28 0, L_0x720f9fb7f48;  1 drivers
L_0x720f9fb7f90 .functor BUFT 1, C4<00000000000000000000000000000010>, C4<0>, C4<0>, C4<0>;
v0x5d91bee96300_0 .net/2u *"_ivl_140", 31 0, L_0x720f9fb7f90;  1 drivers
v0x5d91bee963e0_0 .net *"_ivl_142", 0 0, L_0x5d91beec4330;  1 drivers
v0x5d91bee964a0_0 .net *"_ivl_144", 3 0, L_0x5d91beec47c0;  1 drivers
L_0x720f9fb7fd8 .functor BUFT 1, C4<000>, C4<0>, C4<0>, C4<0>;
v0x5d91bee96580_0 .net *"_ivl_147", 2 0, L_0x720f9fb7fd8;  1 drivers
v0x5d91bee96a70_0 .net *"_ivl_148", 31 0, L_0x5d91beec4a20;  1 drivers
v0x5d91bee96b50_0 .net *"_ivl_15", 0 0, L_0x5d91beec0fa0;  1 drivers
L_0x720f9fb8020 .functor BUFT 1, C4<00000000000000000000000000000>, C4<0>, C4<0>, C4<0>;
v0x5d91bee96c10_0 .net *"_ivl_151", 28 0, L_0x720f9fb8020;  1 drivers
L_0x720f9fb8068 .functor BUFT 1, C4<00000000000000000000000000000011>, C4<0>, C4<0>, C4<0>;
v0x5d91bee96cf0_0 .net/2u *"_ivl_152", 31 0, L_0x720f9fb8068;  1 drivers
v0x5d91bee96dd0_0 .net *"_ivl_154", 0 0, L_0x5d91beec4b40;  1 drivers
v0x5d91bee96e90_0 .net *"_ivl_156", 3 0, L_0x5d91beec4e00;  1 drivers
L_0x720f9fb80b0 .functor BUFT 1, C4<000>, C4<0>, C4<0>, C4<0>;
v0x5d91bee96f70_0 .net *"_ivl_159", 2 0, L_0x720f9fb80b0;  1 drivers
v0x5d91bee97050_0 .net *"_ivl_160", 31 0, L_0x5d91beec4f20;  1 drivers
L_0x720f9fb80f8 .functor BUFT 1, C4<00000000000000000000000000000>, C4<0>, C4<0>, C4<0>;
v0x5d91bee97130_0 .net *"_ivl_163", 28 0, L_0x720f9fb80f8;  1 drivers
L_0x720f9fb8140 .functor BUFT 1, C4<00000000000000000000000000000100>, C4<0>, C4<0>, C4<0>;
v0x5d91bee97210_0 .net/2u *"_ivl_164", 31 0, L_0x720f9fb8140;  1 drivers
v0x5d91bee972f0_0 .net *"_ivl_166", 0 0, L_0x5d91beec51a0;  1 drivers
v0x5d91bee973b0_0 .net *"_ivl_168", 3 0, L_0x5d91beec5310;  1 drivers
v0x5d91bee97490_0 .net *"_ivl_17", 0 0, L_0x5d91beec1070;  1 drivers
L_0x720f9fb8188 .functor BUFT 1, C4<000>, C4<0>, C4<0>, C4<0>;
v0x5d91bee97550_0 .net *"_ivl_171", 2 0, L_0x720f9fb8188;  1 drivers
v0x5d91bee97630_0 .net *"_ivl_172", 31 0, L_0x5d91beec55a0;  1 drivers
L_0x720f9fb81d0 .functor BUFT 1, C4<00000000000000000000000000000>, C4<0>, C4<0>, C4<0>;
v0x5d91bee97710_0 .net *"_ivl_175", 28 0, L_0x720f9fb81d0;  1 drivers
L_0x720f9fb8218 .functor BUFT 1, C4<00000000000000000000000000000101>, C4<0>, C4<0>, C4<0>;
v0x5d91bee977f0_0 .net/2u *"_ivl_176", 31 0, L_0x720f9fb8218;  1 drivers
v0x5d91bee978d0_0 .net *"_ivl_178", 0 0, L_0x5d91beec56c0;  1 drivers
v0x5d91bee97990_0 .net *"_ivl_180", 3 0, L_0x5d91beec59b0;  1 drivers
L_0x720f9fb8260 .functor BUFT 1, C4<000>, C4<0>, C4<0>, C4<0>;
v0x5d91bee97a70_0 .net *"_ivl_183", 2 0, L_0x720f9fb8260;  1 drivers
v0x5d91bee97b50_0 .net *"_ivl_184", 31 0, L_0x5d91beec5ad0;  1 drivers
L_0x720f9fb82a8 .functor BUFT 1, C4<00000000000000000000000000000>, C4<0>, C4<0>, C4<0>;
v0x5d91bee97c30_0 .net *"_ivl_187", 28 0, L_0x720f9fb82a8;  1 drivers
L_0x720f9fb82f0 .functor BUFT 1, C4<00000000000000000000000000000110>, C4<0>, C4<0>, C4<0>;
v0x5d91bee97d10_0 .net/2u *"_ivl_188", 31 0, L_0x720f9fb82f0;  1 drivers
v0x5d91bee97df0_0 .net *"_ivl_19", 0 0, L_0x5d91beec1180;  1 drivers
v0x5d91bee97eb0_0 .net *"_ivl_190", 0 0, L_0x5d91beec5d80;  1 drivers
v0x5d91bee97f70_0 .net *"_ivl_192", 3 0, L_0x5d91beec5ef0;  1 drivers
L_0x720f9fb8338 .functor BUFT 1, C4<000>, C4<0>, C4<0>, C4<0>;
v0x5d91bee98050_0 .net *"_ivl_195", 2 0, L_0x720f9fb8338;  1 drivers
L_0x720f9fb8380 .functor BUFT 1, C4<xxxx>, C4<0>, C4<0>, C4<0>;
v0x5d91bee98130_0 .net *"_ivl_196", 3 0, L_0x720f9fb8380;  1 drivers
v0x5d91bee98210_0 .net *"_ivl_198", 3 0, L_0x5d91beec61b0;  1 drivers
v0x5d91bee982f0_0 .net *"_ivl_200", 3 0, L_0x5d91beec6370;  1 drivers
v0x5d91bee983d0_0 .net *"_ivl_202", 3 0, L_0x5d91beec66b0;  1 drivers
v0x5d91bee984b0_0 .net *"_ivl_204", 3 0, L_0x5d91beec6840;  1 drivers
v0x5d91bee98590_0 .net *"_ivl_206", 3 0, L_0x5d91beec6b90;  1 drivers
v0x5d91bee98670_0 .net *"_ivl_208", 3 0, L_0x5d91beec6d20;  1 drivers
v0x5d91bee98750_0 .net *"_ivl_210", 3 0, L_0x5d91beec7080;  1 drivers
v0x5d91bee98830_0 .net *"_ivl_214", 31 0, L_0x5d91beec74e0;  1 drivers
L_0x720f9fb83c8 .functor BUFT 1, C4<00000000000000000000000000000>, C4<0>, C4<0>, C4<0>;
v0x5d91bee98910_0 .net *"_ivl_217", 28 0, L_0x720f9fb83c8;  1 drivers
L_0x720f9fb8410 .functor BUFT 1, C4<00000000000000000000000000000000>, C4<0>, C4<0>, C4<0>;
v0x5d91bee989f0_0 .net/2u *"_ivl_218", 31 0, L_0x720f9fb8410;  1 drivers
L_0x720f9fb7918 .functor BUFT 1, C4<00000000000000000000000000000000>, C4<0>, C4<0>, C4<0>;
v0x5d91bee98ad0_0 .net/2u *"_ivl_22", 31 0, L_0x720f9fb7918;  1 drivers
v0x5d91bee98bb0_0 .net *"_ivl_220", 0 0, L_0x5d91beec75d0;  1 drivers
v0x5d91bee98c70_0 .net *"_ivl_222", 31 0, L_0x5d91beec7900;  1 drivers
L_0x720f9fb8458 .functor BUFT 1, C4<00000000000000000000000000000>, C4<0>, C4<0>, C4<0>;
v0x5d91bee98d50_0 .net *"_ivl_225", 28 0, L_0x720f9fb8458;  1 drivers
L_0x720f9fb84a0 .functor BUFT 1, C4<00000000000000000000000000000001>, C4<0>, C4<0>, C4<0>;
v0x5d91bee98e30_0 .net/2u *"_ivl_226", 31 0, L_0x720f9fb84a0;  1 drivers
v0x5d91bee98f10_0 .net *"_ivl_228", 0 0, L_0x5d91beec79f0;  1 drivers
v0x5d91bee98fd0_0 .net *"_ivl_230", 31 0, L_0x5d91beec7d30;  1 drivers
L_0x720f9fb84e8 .functor BUFT 1, C4<00000000000000000000000000000>, C4<0>, C4<0>, C4<0>;
v0x5d91bee990b0_0 .net *"_ivl_233", 28 0, L_0x720f9fb84e8;  1 drivers
L_0x720f9fb8530 .functor BUFT 1, C4<00000000000000000000000000000010>, C4<0>, C4<0>, C4<0>;
v0x5d91bee99190_0 .net/2u *"_ivl_234", 31 0, L_0x720f9fb8530;  1 drivers
v0x5d91bee99270_0 .net *"_ivl_236", 0 0, L_0x5d91beec7e20;  1 drivers
v0x5d91bee99330_0 .net *"_ivl_238", 31 0, L_0x5d91beec8170;  1 drivers
v0x5d91bee99410_0 .net *"_ivl_24", 0 0, L_0x5d91beec1380;  1 drivers
L_0x720f9fb8578 .functor BUFT 1, C4<00000000000000000000000000000>, C4<0>, C4<0>, C4<0>;
v0x5d91bee994d0_0 .net *"_ivl_241", 28 0, L_0x720f9fb8578;  1 drivers
L_0x720f9fb85c0 .functor BUFT 1, C4<00000000000000000000000000000011>, C4<0>, C4<0>, C4<0>;
v0x5d91bee995b0_0 .net/2u *"_ivl_242", 31 0, L_0x720f9fb85c0;  1 drivers
v0x5d91bee99690_0 .net *"_ivl_244", 0 0, L_0x5d91beec8260;  1 drivers
v0x5d91bee99750_0 .net *"_ivl_246", 31 0, L_0x5d91beec85c0;  1 drivers
L_0x720f9fb8608 .functor BUFT 1, C4<00000000000000000000000000000>, C4<0>, C4<0>, C4<0>;
v0x5d91bee99830_0 .net *"_ivl_249", 28 0, L_0x720f9fb8608;  1 drivers
L_0x720f9fb8650 .functor BUFT 1, C4<00000000000000000000000000000100>, C4<0>, C4<0>, C4<0>;
v0x5d91bee99910_0 .net/2u *"_ivl_250", 31 0, L_0x720f9fb8650;  1 drivers
v0x5d91bee999f0_0 .net *"_ivl_252", 0 0, L_0x5d91beec86b0;  1 drivers
v0x5d91bee99ab0_0 .net *"_ivl_254", 31 0, L_0x5d91beec8a20;  1 drivers
L_0x720f9fb8698 .functor BUFT 1, C4<00000000000000000000000000000>, C4<0>, C4<0>, C4<0>;
v0x5d91bee99b90_0 .net *"_ivl_257", 28 0, L_0x720f9fb8698;  1 drivers
L_0x720f9fb86e0 .functor BUFT 1, C4<00000000000000000000000000000101>, C4<0>, C4<0>, C4<0>;
v0x5d91bee99c70_0 .net/2u *"_ivl_258", 31 0, L_0x720f9fb86e0;  1 drivers
v0x5d91bee99d50_0 .net *"_ivl_260", 0 0, L_0x5d91beec8b10;  1 drivers
v0x5d91bee99e10_0 .net *"_ivl_262", 31 0, L_0x5d91beec8e90;  1 drivers
L_0x720f9fb8728 .functor BUFT 1, C4<00000000000000000000000000000>, C4<0>, C4<0>, C4<0>;
v0x5d91bee99ef0_0 .net *"_ivl_265", 28 0, L_0x720f9fb8728;  1 drivers
L_0x720f9fb8770 .functor BUFT 1, C4<00000000000000000000000000000110>, C4<0>, C4<0>, C4<0>;
v0x5d91bee99fd0_0 .net/2u *"_ivl_266", 31 0, L_0x720f9fb8770;  1 drivers
v0x5d91bee9a8c0_0 .net *"_ivl_268", 0 0, L_0x5d91beec8f80;  1 drivers
v0x5d91bee9a980_0 .net *"_ivl_27", 0 0, L_0x5d91beec14c0;  1 drivers
L_0x720f9fb87b8 .functor BUFT 1, C4<xxxxxxxxxxxxxxxxxxxxxxxxxxxxxxxxxxxxxxxxxxxxxxxxxxxxxxxxxxxxxxxx>, C4<0>, C4<0>, C4<0>;
v0x5d91bee9aa40_0 .net *"_ivl_270", 63 0, L_0x720f9fb87b8;  1 drivers
v0x5d91bee9ab20_0 .net *"_ivl_272", 63 0, L_0x5d91beec9310;  1 drivers
v0x5d91bee9ac00_0 .net *"_ivl_274", 63 0, L_0x5d91beec9450;  1 drivers
v0x5d91bee9ace0_0 .net *"_ivl_276", 63 0, L_0x5d91beec97f0;  1 drivers
v0x5d91bee9adc0_0 .net *"_ivl_278", 63 0, L_0x5d91beec9930;  1 drivers
v0x5d91bee9aea0_0 .net *"_ivl_280", 63 0, L_0x5d91beec9ce0;  1 drivers
v0x5d91bee9af80_0 .net *"_ivl_282", 63 0, L_0x5d91beec9e20;  1 drivers
L_0x720f9fb8800 .functor BUFT 1, C4<00000000000000000000000000000011>, C4<0>, C4<0>, C4<0>;
v0x5d91bee9b060_0 .net/2u *"_ivl_286", 31 0, L_0x720f9fb8800;  1 drivers
v0x5d91bee9b140_0 .net *"_ivl_29", 0 0, L_0x5d91beec15b0;  1 drivers
v0x5d91bee9b200_0 .net *"_ivl_31", 0 0, L_0x5d91beec16a0;  1 drivers
v0x5d91bee9b2c0_0 .net *"_ivl_313", 0 0, L_0x5d91beecccc0;  1 drivers
L_0x720f9fb8cc8 .functor BUFT 1, C4<00000000000000000000000000000101>, C4<0>, C4<0>, C4<0>;
v0x5d91bee9b380_0 .net/2u *"_ivl_318", 31 0, L_0x720f9fb8cc8;  1 drivers
v0x5d91bee9b460_0 .net *"_ivl_33", 0 0, L_0x5d91beec17b0;  1 drivers
v0x5d91bee9b520_0 .net *"_ivl_35", 0 0, L_0x5d91beec1870;  1 drivers
v0x5d91bee9b5e0_0 .net *"_ivl_37", 0 0, L_0x5d91beec19b0;  1 drivers
L_0x720f9fb78d0 .functor BUFT 1, C4<00000000000000000000000000000000>, C4<0>, C4<0>, C4<0>;
v0x5d91bee9b6a0_0 .net/2u *"_ivl_4", 31 0, L_0x720f9fb78d0;  1 drivers
v0x5d91bee9b780_0 .net *"_ivl_40", 31 0, L_0x5d91beec1c20;  1 drivers
L_0x720f9fb7960 .functor BUFT 1, C4<00000000000000000000000000000>, C4<0>, C4<0>, C4<0>;
v0x5d91bee9b860_0 .net *"_ivl_43", 28 0, L_0x720f9fb7960;  1 drivers
L_0x720f9fb79a8 .functor BUFT 1, C4<00000000000000000000000000000000>, C4<0>, C4<0>, C4<0>;
v0x5d91bee9b940_0 .net/2u *"_ivl_44", 31 0, L_0x720f9fb79a8;  1 drivers
v0x5d91bee9ba20_0 .net *"_ivl_46", 0 0, L_0x5d91beec1d10;  1 drivers
v0x5d91bee9bae0_0 .net *"_ivl_48", 31 0, L_0x5d91beec1eb0;  1 drivers
L_0x720f9fb79f0 .functor BUFT 1, C4<00000000000000000000000000000>, C4<0>, C4<0>, C4<0>;
v0x5d91bee9bbc0_0 .net *"_ivl_51", 28 0, L_0x720f9fb79f0;  1 drivers
L_0x720f9fb7a38 .functor BUFT 1, C4<00000000000000000000000000000001>, C4<0>, C4<0>, C4<0>;
v0x5d91bee9bca0_0 .net/2u *"_ivl_52", 31 0, L_0x720f9fb7a38;  1 drivers
v0x5d91bee9bd80_0 .net *"_ivl_54", 0 0, L_0x5d91beec1fa0;  1 drivers
v0x5d91bee9be40_0 .net *"_ivl_56", 31 0, L_0x5d91beec2150;  1 drivers
L_0x720f9fb7a80 .functor BUFT 1, C4<00000000000000000000000000000>, C4<0>, C4<0>, C4<0>;
v0x5d91bee9bf20_0 .net *"_ivl_59", 28 0, L_0x720f9fb7a80;  1 drivers
v0x5d91bee9c000_0 .net *"_ivl_6", 0 0, L_0x5d91beec0c00;  1 drivers
L_0x720f9fb7ac8 .functor BUFT 1, C4<00000000000000000000000000000010>, C4<0>, C4<0>, C4<0>;
v0x5d91bee9c0c0_0 .net/2u *"_ivl_60", 31 0, L_0x720f9fb7ac8;  1 drivers
v0x5d91bee9c1a0_0 .net *"_ivl_62", 0 0, L_0x5d91beec2240;  1 drivers
v0x5d91bee9c260_0 .net *"_ivl_64", 31 0, L_0x5d91beec2400;  1 drivers
L_0x720f9fb7b10 .functor BUFT 1, C4<00000000000000000000000000000>, C4<0>, C4<0>, C4<0>;
v0x5d91bee9c340_0 .net *"_ivl_67", 28 0, L_0x720f9fb7b10;  1 drivers
L_0x720f9fb7b58 .functor BUFT 1, C4<00000000000000000000000000000011>, C4<0>, C4<0>, C4<0>;
v0x5d91bee9c420_0 .net/2u *"_ivl_68", 31 0, L_0x720f9fb7b58;  1 drivers
v0x5d91bee9c500_0 .net *"_ivl_70", 0 0, L_0x5d91beec2530;  1 drivers
v0x5d91bee9c5c0_0 .net *"_ivl_72", 31 0, L_0x5d91beec2700;  1 drivers
L_0x720f9fb7ba0 .functor BUFT 1, C4<00000000000000000000000000000>, C4<0>, C4<0>, C4<0>;
v0x5d91bee9c6a0_0 .net *"_ivl_75", 28 0, L_0x720f9fb7ba0;  1 drivers
L_0x720f9fb7be8 .functor BUFT 1, C4<00000000000000000000000000000100>, C4<0>, C4<0>, C4<0>;
v0x5d91bee9c780_0 .net/2u *"_ivl_76", 31 0, L_0x720f9fb7be8;  1 drivers
v0x5d91bee9c860_0 .net *"_ivl_78", 0 0, L_0x5d91beec27f0;  1 drivers
v0x5d91bee9c920_0 .net *"_ivl_80", 31 0, L_0x5d91beec29d0;  1 drivers
L_0x720f9fb7c30 .functor BUFT 1, C4<00000000000000000000000000000>, C4<0>, C4<0>, C4<0>;
v0x5d91bee9ca00_0 .net *"_ivl_83", 28 0, L_0x720f9fb7c30;  1 drivers
L_0x720f9fb7c78 .functor BUFT 1, C4<00000000000000000000000000000101>, C4<0>, C4<0>, C4<0>;
v0x5d91bee9cae0_0 .net/2u *"_ivl_84", 31 0, L_0x720f9fb7c78;  1 drivers
v0x5d91bee9cbc0_0 .net *"_ivl_86", 0 0, L_0x5d91beec2ac0;  1 drivers
v0x5d91bee9cc80_0 .net *"_ivl_88", 31 0, L_0x5d91beec2930;  1 drivers
v0x5d91bee9cd60_0 .net *"_ivl_9", 0 0, L_0x5d91beec0cf0;  1 drivers
L_0x720f9fb7cc0 .functor BUFT 1, C4<00000000000000000000000000000>, C4<0>, C4<0>, C4<0>;
v0x5d91bee9ce20_0 .net *"_ivl_91", 28 0, L_0x720f9fb7cc0;  1 drivers
L_0x720f9fb7d08 .functor BUFT 1, C4<00000000000000000000000000000110>, C4<0>, C4<0>, C4<0>;
v0x5d91bee9cf00_0 .net/2u *"_ivl_92", 31 0, L_0x720f9fb7d08;  1 drivers
v0x5d91bee9cfe0_0 .net *"_ivl_94", 0 0, L_0x5d91beec2d00;  1 drivers
L_0x720f9fb7d50 .functor BUFT 1, C4<xxxxxxxxxxxxxxxxxxxxxxxxxxxxxxxxxxxxxxxxxxxxxxxxxxxxxxxxxxxxxxxx>, C4<0>, C4<0>, C4<0>;
v0x5d91bee9d0a0_0 .net *"_ivl_96", 63 0, L_0x720f9fb7d50;  1 drivers
v0x5d91bee9d180_0 .net *"_ivl_98", 63 0, L_0x5d91beec2f30;  1 drivers
v0x5d91bee9d260_0 .var/s "_mac_buffer_thread_i_0", 31 0;
v0x5d91bee9d340_0 .var/s "_mac_buffer_thread_last_1", 31 0;
v0x5d91bee9d420_0 .var/s "_spm_thread_byte_3", 31 0;
v0x5d91bee9d500_0 .var/s "_spm_thread_i_2", 31 0;
v0x5d91bee9d5e0_0 .var "addr_0", 31 0;
v0x5d91bee9d6c0_0 .net "axi_s_ctrl_mac_araddr", 31 0, v0x5d91beea5f60_0;  1 drivers
v0x5d91bee9d7a0_0 .net "axi_s_ctrl_mac_arcache", 3 0, v0x5d91beea6050_0;  1 drivers
v0x5d91bee9d880_0 .net "axi_s_ctrl_mac_arprot", 2 0, v0x5d91beea6120_0;  1 drivers
v0x5d91bee9d960_0 .net "axi_s_ctrl_mac_arready", 0 0, L_0x5d91beec1ac0;  alias, 1 drivers
v0x5d91bee9da20_0 .net "axi_s_ctrl_mac_arvalid", 0 0, v0x5d91beea62c0_0;  1 drivers
v0x5d91bee9dae0_0 .net "axi_s_ctrl_mac_awaddr", 31 0, v0x5d91beea6390_0;  1 drivers
v0x5d91bee9dbc0_0 .net "axi_s_ctrl_mac_awcache", 3 0, v0x5d91beea6460_0;  1 drivers
v0x5d91bee9dca0_0 .net "axi_s_ctrl_mac_awprot", 2 0, v0x5d91beea6530_0;  1 drivers
v0x5d91bee9dd80_0 .net "axi_s_ctrl_mac_awready", 0 0, L_0x5d91beec1240;  alias, 1 drivers
v0x5d91bee9de40_0 .net "axi_s_ctrl_mac_awvalid", 0 0, v0x5d91beea66d0_0;  1 drivers
v0x5d91bee9df00_0 .net "axi_s_ctrl_mac_bready", 0 0, v0x5d91beea67a0_0;  1 drivers
v0x5d91bee9dfc0_0 .net "axi_s_ctrl_mac_bresp", 1 0, L_0x720f9fb7840;  alias, 1 drivers
v0x5d91bee9e0a0_0 .var "axi_s_ctrl_mac_bvalid", 0 0;
v0x5d91bee9e160_0 .var "axi_s_ctrl_mac_rdata", 63 0;
v0x5d91bee9e240_0 .net "axi_s_ctrl_mac_rready", 0 0, v0x5d91beea72f0_0;  1 drivers
v0x5d91bee9e300_0 .net "axi_s_ctrl_mac_rresp", 1 0, L_0x720f9fb7888;  alias, 1 drivers
v0x5d91bee9e3e0_0 .var "axi_s_ctrl_mac_rvalid", 0 0;
v0x5d91bee9e4a0_0 .net "axi_s_ctrl_mac_wdata", 63 0, v0x5d91beea7560_0;  1 drivers
v0x5d91bee9e580_0 .net "axi_s_ctrl_mac_wready", 0 0, L_0x5d91beeca320;  alias, 1 drivers
v0x5d91bee9e640_0 .net "axi_s_ctrl_mac_wstrb", 7 0, v0x5d91beea7700_0;  1 drivers
v0x5d91bee9e720_0 .net "axi_s_ctrl_mac_wvalid", 0 0, v0x5d91beea77d0_0;  1 drivers
v0x5d91bee9e7e0_0 .net "axis_in_mac_tdata", 127 0, v0x5d91beea7c80_0;  1 drivers
v0x5d91bee9e8c0_0 .net "axis_in_mac_tlast", 0 0, v0x5d91beea7d70_0;  1 drivers
v0x5d91bee9e980_0 .net "axis_in_mac_tready", 0 0, L_0x5d91beeccf60;  alias, 1 drivers
v0x5d91bee9ea40_0 .net "axis_in_mac_tvalid", 0 0, v0x5d91beea7f10_0;  1 drivers
v0x5d91bee9eb00_0 .var "axis_maskaddr_5", 2 0;
v0x5d91bee9ebe0_0 .net "axislite_flag_7", 0 0, L_0x5d91beec7210;  1 drivers
v0x5d91bee9eca0_0 .net/s "axislite_rdata_6", 63 0, L_0x5d91beec3950;  1 drivers
v0x5d91bee9ed80_0 .net/s "axislite_resetval_8", 63 0, L_0x5d91beeca1e0;  1 drivers
v0x5d91bee9ee60_0 .var/s "axistreamin_tdata_19", 127 0;
v0x5d91bee9ef40_0 .var "axistreamin_tlast_20", 0 0;
v0x5d91bee9f000_0 .var "buffer_13", 511 0;
v0x5d91bee9f0e0_0 .var "count__axis_in_mac_read_req_fifo", 3 0;
v0x5d91bee9f1c0_0 .var "data_15", 127 0;
v0x5d91bee9f2a0_0 .var "end_bit_17", 63 0;
v0x5d91bee9f380_0 .var "mac_buffer_thread", 31 0;
v0x5d91bee9f460_0 .var "mac_result_14", 63 0;
v0x5d91bee9f540_0 .var "mask_18", 511 0;
v0x5d91bee9f620_0 .var "prev_arvalid_4", 0 0;
v0x5d91bee9f6e0_0 .var "prev_awvalid_3", 0 0;
v0x5d91bee9f7a0_0 .var "readvalid_2", 0 0;
v0x5d91bee9f860_0 .var "spm_thread", 31 0;
v0x5d91bee9f940_0 .var "start_bit_16", 63 0;
v0x5d91bee9fa20_0 .net "unpack_read_req_local_addr_10", 31 0, L_0x5d91beecc1d0;  1 drivers
v0x5d91bee9fb00_0 .net "unpack_read_req_local_size_12", 32 0, L_0x5d91beecc640;  1 drivers
v0x5d91bee9fbe0_0 .net "unpack_read_req_local_stride_11", 31 0, L_0x5d91beecc5a0;  1 drivers
v0x5d91bee9fcc0_0 .net "unpack_read_req_op_sel_9", 7 0, L_0x5d91beecc130;  1 drivers
v0x5d91bee9fda0_0 .var "writevalid_1", 0 0;
L_0x5d91beec0c00 .cmp/eq 32, v0x5d91bee93d20_0, L_0x720f9fb78d0;
L_0x5d91beec0cf0 .reduce/nor v0x5d91bee9fda0_0;
L_0x5d91beec0d90 .reduce/nor v0x5d91bee9f7a0_0;
L_0x5d91beec0fa0 .reduce/nor v0x5d91bee9e0a0_0;
L_0x5d91beec1380 .cmp/eq 32, v0x5d91bee93d20_0, L_0x720f9fb7918;
L_0x5d91beec14c0 .reduce/nor v0x5d91bee9f7a0_0;
L_0x5d91beec15b0 .reduce/nor v0x5d91bee9fda0_0;
L_0x5d91beec1870 .reduce/nor v0x5d91bee9f6e0_0;
L_0x5d91beec1c20 .concat [ 3 29 0 0], v0x5d91bee9eb00_0, L_0x720f9fb7960;
L_0x5d91beec1d10 .cmp/eq 32, L_0x5d91beec1c20, L_0x720f9fb79a8;
L_0x5d91beec1eb0 .concat [ 3 29 0 0], v0x5d91bee9eb00_0, L_0x720f9fb79f0;
L_0x5d91beec1fa0 .cmp/eq 32, L_0x5d91beec1eb0, L_0x720f9fb7a38;
L_0x5d91beec2150 .concat [ 3 29 0 0], v0x5d91bee9eb00_0, L_0x720f9fb7a80;
L_0x5d91beec2240 .cmp/eq 32, L_0x5d91beec2150, L_0x720f9fb7ac8;
L_0x5d91beec2400 .concat [ 3 29 0 0], v0x5d91bee9eb00_0, L_0x720f9fb7b10;
L_0x5d91beec2530 .cmp/eq 32, L_0x5d91beec2400, L_0x720f9fb7b58;
L_0x5d91beec2700 .concat [ 3 29 0 0], v0x5d91bee9eb00_0, L_0x720f9fb7ba0;
L_0x5d91beec27f0 .cmp/eq 32, L_0x5d91beec2700, L_0x720f9fb7be8;
L_0x5d91beec29d0 .concat [ 3 29 0 0], v0x5d91bee9eb00_0, L_0x720f9fb7c30;
L_0x5d91beec2ac0 .cmp/eq 32, L_0x5d91beec29d0, L_0x720f9fb7c78;
L_0x5d91beec2930 .concat [ 3 29 0 0], v0x5d91bee9eb00_0, L_0x720f9fb7cc0;
L_0x5d91beec2d00 .cmp/eq 32, L_0x5d91beec2930, L_0x720f9fb7d08;
L_0x5d91beec2f30 .functor MUXZ 64, L_0x720f9fb7d50, v0x5d91bee93c40_0, L_0x5d91beec2d00, C4<>;
L_0x5d91beec3070 .functor MUXZ 64, L_0x5d91beec2f30, v0x5d91bee93b60_0, L_0x5d91beec2ac0, C4<>;
L_0x5d91beec3280 .functor MUXZ 64, L_0x5d91beec3070, v0x5d91bee93a80_0, L_0x5d91beec27f0, C4<>;
L_0x5d91beec33c0 .functor MUXZ 64, L_0x5d91beec3280, v0x5d91bee939a0_0, L_0x5d91beec2530, C4<>;
L_0x5d91beec35e0 .functor MUXZ 64, L_0x5d91beec33c0, v0x5d91bee938c0_0, L_0x5d91beec2240, C4<>;
L_0x5d91beec3720 .functor MUXZ 64, L_0x5d91beec35e0, v0x5d91bee937e0_0, L_0x5d91beec1fa0, C4<>;
L_0x5d91beec3950 .functor MUXZ 64, L_0x5d91beec3720, v0x5d91bee93700_0, L_0x5d91beec1d10, C4<>;
L_0x5d91beec3a90 .concat [ 3 29 0 0], v0x5d91bee9eb00_0, L_0x720f9fb7d98;
L_0x5d91beec3cb0 .cmp/eq 32, L_0x5d91beec3a90, L_0x720f9fb7de0;
L_0x5d91beec3e20 .concat [ 1 3 0 0], v0x5d91bee930f0_0, L_0x720f9fb7e28;
L_0x5d91beec4050 .concat [ 3 29 0 0], v0x5d91bee9eb00_0, L_0x720f9fb7e70;
L_0x5d91beec4170 .cmp/eq 32, L_0x5d91beec4050, L_0x720f9fb7eb8;
L_0x5d91beec4400 .concat [ 1 3 0 0], v0x5d91bee93190_0, L_0x720f9fb7f00;
L_0x5d91beec4520 .concat [ 3 29 0 0], v0x5d91bee9eb00_0, L_0x720f9fb7f48;
L_0x5d91beec4330 .cmp/eq 32, L_0x5d91beec4520, L_0x720f9fb7f90;
L_0x5d91beec47c0 .concat [ 1 3 0 0], v0x5d91bee93230_0, L_0x720f9fb7fd8;
L_0x5d91beec4a20 .concat [ 3 29 0 0], v0x5d91bee9eb00_0, L_0x720f9fb8020;
L_0x5d91beec4b40 .cmp/eq 32, L_0x5d91beec4a20, L_0x720f9fb8068;
L_0x5d91beec4e00 .concat [ 1 3 0 0], v0x5d91bee93340_0, L_0x720f9fb80b0;
L_0x5d91beec4f20 .concat [ 3 29 0 0], v0x5d91bee9eb00_0, L_0x720f9fb80f8;
L_0x5d91beec51a0 .cmp/eq 32, L_0x5d91beec4f20, L_0x720f9fb8140;
L_0x5d91beec5310 .concat [ 1 3 0 0], v0x5d91bee93400_0, L_0x720f9fb8188;
L_0x5d91beec55a0 .concat [ 3 29 0 0], v0x5d91bee9eb00_0, L_0x720f9fb81d0;
L_0x5d91beec56c0 .cmp/eq 32, L_0x5d91beec55a0, L_0x720f9fb8218;
L_0x5d91beec59b0 .concat [ 1 3 0 0], v0x5d91bee934c0_0, L_0x720f9fb8260;
L_0x5d91beec5ad0 .concat [ 3 29 0 0], v0x5d91bee9eb00_0, L_0x720f9fb82a8;
L_0x5d91beec5d80 .cmp/eq 32, L_0x5d91beec5ad0, L_0x720f9fb82f0;
L_0x5d91beec5ef0 .concat [ 1 3 0 0], v0x5d91bee93580_0, L_0x720f9fb8338;
L_0x5d91beec61b0 .functor MUXZ 4, L_0x720f9fb8380, L_0x5d91beec5ef0, L_0x5d91beec5d80, C4<>;
L_0x5d91beec6370 .functor MUXZ 4, L_0x5d91beec61b0, L_0x5d91beec59b0, L_0x5d91beec56c0, C4<>;
L_0x5d91beec66b0 .functor MUXZ 4, L_0x5d91beec6370, L_0x5d91beec5310, L_0x5d91beec51a0, C4<>;
L_0x5d91beec6840 .functor MUXZ 4, L_0x5d91beec66b0, L_0x5d91beec4e00, L_0x5d91beec4b40, C4<>;
L_0x5d91beec6b90 .functor MUXZ 4, L_0x5d91beec6840, L_0x5d91beec47c0, L_0x5d91beec4330, C4<>;
L_0x5d91beec6d20 .functor MUXZ 4, L_0x5d91beec6b90, L_0x5d91beec4400, L_0x5d91beec4170, C4<>;
L_0x5d91beec7080 .functor MUXZ 4, L_0x5d91beec6d20, L_0x5d91beec3e20, L_0x5d91beec3cb0, C4<>;
L_0x5d91beec7210 .part L_0x5d91beec7080, 0, 1;
L_0x5d91beec74e0 .concat [ 3 29 0 0], v0x5d91bee9eb00_0, L_0x720f9fb83c8;
L_0x5d91beec75d0 .cmp/eq 32, L_0x5d91beec74e0, L_0x720f9fb8410;
L_0x5d91beec7900 .concat [ 3 29 0 0], v0x5d91bee9eb00_0, L_0x720f9fb8458;
L_0x5d91beec79f0 .cmp/eq 32, L_0x5d91beec7900, L_0x720f9fb84a0;
L_0x5d91beec7d30 .concat [ 3 29 0 0], v0x5d91bee9eb00_0, L_0x720f9fb84e8;
L_0x5d91beec7e20 .cmp/eq 32, L_0x5d91beec7d30, L_0x720f9fb8530;
L_0x5d91beec8170 .concat [ 3 29 0 0], v0x5d91bee9eb00_0, L_0x720f9fb8578;
L_0x5d91beec8260 .cmp/eq 32, L_0x5d91beec8170, L_0x720f9fb85c0;
L_0x5d91beec85c0 .concat [ 3 29 0 0], v0x5d91bee9eb00_0, L_0x720f9fb8608;
L_0x5d91beec86b0 .cmp/eq 32, L_0x5d91beec85c0, L_0x720f9fb8650;
L_0x5d91beec8a20 .concat [ 3 29 0 0], v0x5d91bee9eb00_0, L_0x720f9fb8698;
L_0x5d91beec8b10 .cmp/eq 32, L_0x5d91beec8a20, L_0x720f9fb86e0;
L_0x5d91beec8e90 .concat [ 3 29 0 0], v0x5d91bee9eb00_0, L_0x720f9fb8728;
L_0x5d91beec8f80 .cmp/eq 32, L_0x5d91beec8e90, L_0x720f9fb8770;
L_0x5d91beec9310 .functor MUXZ 64, L_0x720f9fb87b8, v0x5d91bee94340_0, L_0x5d91beec8f80, C4<>;
L_0x5d91beec9450 .functor MUXZ 64, L_0x5d91beec9310, v0x5d91bee94260_0, L_0x5d91beec8b10, C4<>;
L_0x5d91beec97f0 .functor MUXZ 64, L_0x5d91beec9450, v0x5d91bee94180_0, L_0x5d91beec86b0, C4<>;
L_0x5d91beec9930 .functor MUXZ 64, L_0x5d91beec97f0, v0x5d91bee940a0_0, L_0x5d91beec8260, C4<>;
L_0x5d91beec9ce0 .functor MUXZ 64, L_0x5d91beec9930, v0x5d91bee93fc0_0, L_0x5d91beec7e20, C4<>;
L_0x5d91beec9e20 .functor MUXZ 64, L_0x5d91beec9ce0, v0x5d91bee93ee0_0, L_0x5d91beec79f0, C4<>;
L_0x5d91beeca1e0 .functor MUXZ 64, L_0x5d91beec9e20, v0x5d91bee93e00_0, L_0x5d91beec75d0, C4<>;
L_0x5d91beeca320 .cmp/eq 32, v0x5d91bee93d20_0, L_0x720f9fb8800;
L_0x5d91beecc130 .part L_0x5d91beecc020, 97, 8;
L_0x5d91beecc1d0 .part L_0x5d91beecc020, 65, 32;
L_0x5d91beecc5a0 .part L_0x5d91beecc020, 33, 32;
L_0x5d91beecc640 .part L_0x5d91beecc020, 0, 33;
L_0x5d91beecccc0 .reduce/nor v0x5d91bee94420_0;
L_0x5d91beeccf60 .cmp/eq 32, v0x5d91bee9f380_0, L_0x720f9fb8cc8;
S_0x5d91beddc620 .scope module, "inst__axis_in_mac_read_req_fifo" "_axis_in_mac_read_req_fifo" 2 1614, 2 2215 0, S_0x5d91beddaab0;
 .timescale 0 0;
    .port_info 0 /INPUT 1 "CLK";
    .port_info 1 /INPUT 1 "RST";
    .port_info 2 /INPUT 1 "_axis_in_mac_read_req_fifo_enq";
    .port_info 3 /INPUT 105 "_axis_in_mac_read_req_fifo_wdata";
    .port_info 4 /OUTPUT 1 "_axis_in_mac_read_req_fifo_full";
    .port_info 5 /OUTPUT 1 "_axis_in_mac_read_req_fifo_almost_full";
    .port_info 6 /INPUT 1 "_axis_in_mac_read_req_fifo_deq";
    .port_info 7 /OUTPUT 105 "_axis_in_mac_read_req_fifo_rdata";
    .port_info 8 /OUTPUT 1 "_axis_in_mac_read_req_fifo_empty";
    .port_info 9 /OUTPUT 1 "_axis_in_mac_read_req_fifo_almost_empty";
L_0x720f9fb89f8 .functor BUFT 1, C4<00000000000000000000000000000111>, C4<0>, C4<0>, C4<0>;
L_0x5d91beec20e0 .functor AND 32, L_0x5d91beecaab0, L_0x720f9fb89f8, C4<11111111111111111111111111111111>, C4<11111111111111111111111111111111>;
L_0x720f9fb8ad0 .functor BUFT 1, C4<00000000000000000000000000000111>, C4<0>, C4<0>, C4<0>;
L_0x5d91beecaf60 .functor AND 32, L_0x5d91beecaec0, L_0x720f9fb8ad0, C4<11111111111111111111111111111111>, C4<11111111111111111111111111111111>;
L_0x720f9fb8bf0 .functor BUFT 1, C4<00000000000000000000000000000111>, C4<0>, C4<0>, C4<0>;
L_0x5d91beecb530 .functor AND 32, L_0x5d91beecb490, L_0x720f9fb8bf0, C4<11111111111111111111111111111111>, C4<11111111111111111111111111111111>;
L_0x5d91beecb8e0 .functor BUFZ 1, L_0x5d91beecb250, C4<0>, C4<0>, C4<0>;
L_0x5d91beecb9f0 .functor OR 1, L_0x5d91beecb7a0, L_0x5d91beecb250, C4<0>, C4<0>;
L_0x5d91beecbb00 .functor BUFZ 1, L_0x5d91beeca790, C4<0>, C4<0>, C4<0>;
L_0x5d91beecbc10 .functor OR 1, L_0x5d91beecac90, L_0x5d91beeca790, C4<0>, C4<0>;
L_0x5d91beecb730 .functor BUFZ 105, L_0x5d91beecbd20, C4<000000000000000000000000000000000000000000000000000000000000000000000000000000000000000000000000000000000>, C4<000000000000000000000000000000000000000000000000000000000000000000000000000000000000000000000000000000000>, C4<000000000000000000000000000000000000000000000000000000000000000000000000000000000000000000000000000000000>;
L_0x5d91beecc020 .functor BUFZ 105, L_0x5d91beecb730, C4<000000000000000000000000000000000000000000000000000000000000000000000000000000000000000000000000000000000>, C4<000000000000000000000000000000000000000000000000000000000000000000000000000000000000000000000000000000000>, C4<000000000000000000000000000000000000000000000000000000000000000000000000000000000000000000000000000000000>;
v0x5d91bee905b0_0 .net "CLK", 0 0, v0x5d91beea01c0_0;  alias, 1 drivers
v0x5d91bee906a0_0 .net "RST", 0 0, v0x5d91beea0280_0;  alias, 1 drivers
v0x5d91bee90770_0 .net "_axis_in_mac_read_req_fifo_almost_empty", 0 0, L_0x5d91beecbc10;  alias, 1 drivers
v0x5d91bee90840_0 .net "_axis_in_mac_read_req_fifo_almost_full", 0 0, L_0x5d91beecb9f0;  alias, 1 drivers
v0x5d91bee908e0_0 .net "_axis_in_mac_read_req_fifo_deq", 0 0, L_0x720f9fb88d8;  alias, 1 drivers
v0x5d91bee909d0_0 .net "_axis_in_mac_read_req_fifo_empty", 0 0, L_0x5d91beecbb00;  alias, 1 drivers
v0x5d91bee90a90_0 .net "_axis_in_mac_read_req_fifo_enq", 0 0, L_0x720f9fb8848;  alias, 1 drivers
v0x5d91bee90b50_0 .net "_axis_in_mac_read_req_fifo_full", 0 0, L_0x5d91beecb8e0;  alias, 1 drivers
v0x5d91bee90c10_0 .net "_axis_in_mac_read_req_fifo_rdata", 104 0, L_0x5d91beecc020;  alias, 1 drivers
v0x5d91bee90cf0_0 .net "_axis_in_mac_read_req_fifo_wdata", 104 0, L_0x720f9fb8890;  alias, 1 drivers
L_0x720f9fb89b0 .functor BUFT 1, C4<00000000000000000000000000000001>, C4<0>, C4<0>, C4<0>;
v0x5d91bee90dd0_0 .net/2u *"_ivl_10", 31 0, L_0x720f9fb89b0;  1 drivers
v0x5d91bee90eb0_0 .net *"_ivl_12", 31 0, L_0x5d91beecaab0;  1 drivers
v0x5d91bee90f90_0 .net/2u *"_ivl_14", 31 0, L_0x720f9fb89f8;  1 drivers
v0x5d91bee91070_0 .net *"_ivl_16", 31 0, L_0x5d91beec20e0;  1 drivers
v0x5d91bee91150_0 .net *"_ivl_2", 31 0, L_0x5d91beeca830;  1 drivers
v0x5d91bee91230_0 .net *"_ivl_20", 31 0, L_0x5d91beecadd0;  1 drivers
L_0x720f9fb8a40 .functor BUFT 1, C4<00000000000000000000000000000>, C4<0>, C4<0>, C4<0>;
v0x5d91bee91310_0 .net *"_ivl_23", 28 0, L_0x720f9fb8a40;  1 drivers
L_0x720f9fb8a88 .functor BUFT 1, C4<00000000000000000000000000000001>, C4<0>, C4<0>, C4<0>;
v0x5d91bee913f0_0 .net/2u *"_ivl_24", 31 0, L_0x720f9fb8a88;  1 drivers
v0x5d91bee914d0_0 .net *"_ivl_26", 31 0, L_0x5d91beecaec0;  1 drivers
v0x5d91bee915b0_0 .net/2u *"_ivl_28", 31 0, L_0x720f9fb8ad0;  1 drivers
v0x5d91bee91690_0 .net *"_ivl_30", 31 0, L_0x5d91beecaf60;  1 drivers
v0x5d91bee91770_0 .net *"_ivl_32", 31 0, L_0x5d91beecb110;  1 drivers
L_0x720f9fb8b18 .functor BUFT 1, C4<00000000000000000000000000000>, C4<0>, C4<0>, C4<0>;
v0x5d91bee91850_0 .net *"_ivl_35", 28 0, L_0x720f9fb8b18;  1 drivers
v0x5d91bee91930_0 .net *"_ivl_38", 31 0, L_0x5d91beecb390;  1 drivers
L_0x720f9fb8b60 .functor BUFT 1, C4<00000000000000000000000000000>, C4<0>, C4<0>, C4<0>;
v0x5d91bee91a10_0 .net *"_ivl_41", 28 0, L_0x720f9fb8b60;  1 drivers
L_0x720f9fb8ba8 .functor BUFT 1, C4<00000000000000000000000000000010>, C4<0>, C4<0>, C4<0>;
v0x5d91bee91af0_0 .net/2u *"_ivl_42", 31 0, L_0x720f9fb8ba8;  1 drivers
v0x5d91bee91bd0_0 .net *"_ivl_44", 31 0, L_0x5d91beecb490;  1 drivers
v0x5d91bee91cb0_0 .net/2u *"_ivl_46", 31 0, L_0x720f9fb8bf0;  1 drivers
v0x5d91bee91d90_0 .net *"_ivl_48", 31 0, L_0x5d91beecb530;  1 drivers
L_0x720f9fb8920 .functor BUFT 1, C4<00000000000000000000000000000>, C4<0>, C4<0>, C4<0>;
v0x5d91bee91e70_0 .net *"_ivl_5", 28 0, L_0x720f9fb8920;  1 drivers
v0x5d91bee91f50_0 .net *"_ivl_50", 31 0, L_0x5d91beecb690;  1 drivers
L_0x720f9fb8c38 .functor BUFT 1, C4<00000000000000000000000000000>, C4<0>, C4<0>, C4<0>;
v0x5d91bee92030_0 .net *"_ivl_53", 28 0, L_0x720f9fb8c38;  1 drivers
v0x5d91bee92110_0 .net *"_ivl_6", 31 0, L_0x5d91beeca970;  1 drivers
v0x5d91bee92400_0 .net *"_ivl_64", 104 0, L_0x5d91beecbd20;  1 drivers
v0x5d91bee924e0_0 .net *"_ivl_66", 4 0, L_0x5d91beecbe40;  1 drivers
L_0x720f9fb8c80 .functor BUFT 1, C4<00>, C4<0>, C4<0>, C4<0>;
v0x5d91bee925c0_0 .net *"_ivl_69", 1 0, L_0x720f9fb8c80;  1 drivers
L_0x720f9fb8968 .functor BUFT 1, C4<00000000000000000000000000000>, C4<0>, C4<0>, C4<0>;
v0x5d91bee926a0_0 .net *"_ivl_9", 28 0, L_0x720f9fb8968;  1 drivers
v0x5d91bee92780_0 .var "head", 2 0;
v0x5d91bee92860_0 .net "is_almost_empty", 0 0, L_0x5d91beecac90;  1 drivers
v0x5d91bee92920_0 .net "is_almost_full", 0 0, L_0x5d91beecb7a0;  1 drivers
v0x5d91bee929e0_0 .net "is_empty", 0 0, L_0x5d91beeca790;  1 drivers
v0x5d91bee92aa0_0 .net "is_full", 0 0, L_0x5d91beecb250;  1 drivers
v0x5d91bee92b60 .array "mem", 7 0, 104 0;
v0x5d91bee92c20_0 .net "rdata", 104 0, L_0x5d91beecb730;  1 drivers
v0x5d91bee92d00_0 .var "tail", 2 0;
L_0x5d91beeca790 .cmp/eq 3, v0x5d91bee92780_0, v0x5d91bee92d00_0;
L_0x5d91beeca830 .concat [ 3 29 0 0], v0x5d91bee92780_0, L_0x720f9fb8920;
L_0x5d91beeca970 .concat [ 3 29 0 0], v0x5d91bee92d00_0, L_0x720f9fb8968;
L_0x5d91beecaab0 .arith/sum 32, L_0x5d91beeca970, L_0x720f9fb89b0;
L_0x5d91beecac90 .cmp/eq 32, L_0x5d91beeca830, L_0x5d91beec20e0;
L_0x5d91beecadd0 .concat [ 3 29 0 0], v0x5d91bee92780_0, L_0x720f9fb8a40;
L_0x5d91beecaec0 .arith/sum 32, L_0x5d91beecadd0, L_0x720f9fb8a88;
L_0x5d91beecb110 .concat [ 3 29 0 0], v0x5d91bee92d00_0, L_0x720f9fb8b18;
L_0x5d91beecb250 .cmp/eq 32, L_0x5d91beecaf60, L_0x5d91beecb110;
L_0x5d91beecb390 .concat [ 3 29 0 0], v0x5d91bee92780_0, L_0x720f9fb8b60;
L_0x5d91beecb490 .arith/sum 32, L_0x5d91beecb390, L_0x720f9fb8ba8;
L_0x5d91beecb690 .concat [ 3 29 0 0], v0x5d91bee92d00_0, L_0x720f9fb8c38;
L_0x5d91beecb7a0 .cmp/eq 32, L_0x5d91beecb530, L_0x5d91beecb690;
L_0x5d91beecbd20 .array/port v0x5d91bee92b60, L_0x5d91beecbe40;
L_0x5d91beecbe40 .concat [ 3 2 0 0], v0x5d91bee92d00_0, L_0x720f9fb8c80;
    .scope S_0x5d91bedcd630;
T_0 ;
    %wait E_0x5d91bec98110;
    %load/vec4 v0x5d91bee2f080_0;
    %flag_set/vec4 8;
    %jmp/0xz  T_0.0, 8;
    %pushi/vec4 0, 0, 3;
    %assign/vec4 v0x5d91bee8d820_0, 0;
    %pushi/vec4 0, 0, 3;
    %assign/vec4 v0x5d91bee8dda0_0, 0;
    %jmp T_0.1;
T_0.0 ;
    %load/vec4 v0x5d91bee8d4e0_0;
    %flag_set/vec4 9;
    %flag_get/vec4 9;
    %jmp/0 T_0.4, 9;
    %load/vec4 v0x5d91bee8db40_0;
    %nor/r;
    %and;
T_0.4;
    %flag_set/vec4 8;
    %jmp/0xz  T_0.2, 8;
    %load/vec4 v0x5d91bee8d740_0;
    %load/vec4 v0x5d91bee8d820_0;
    %pad/u 5;
    %ix/vec4 3;
    %ix/load 4, 0, 0; Constant delay
    %assign/vec4/a/d v0x5d91bee8dc00, 0, 4;
    %load/vec4 v0x5d91bee8d820_0;
    %addi 1, 0, 3;
    %assign/vec4 v0x5d91bee8d820_0, 0;
T_0.2 ;
    %load/vec4 v0x5d91bee8d360_0;
    %flag_set/vec4 9;
    %flag_get/vec4 9;
    %jmp/0 T_0.7, 9;
    %load/vec4 v0x5d91bee8da80_0;
    %nor/r;
    %and;
T_0.7;
    %flag_set/vec4 8;
    %jmp/0xz  T_0.5, 8;
    %load/vec4 v0x5d91bee8dda0_0;
    %addi 1, 0, 3;
    %assign/vec4 v0x5d91bee8dda0_0, 0;
T_0.5 ;
T_0.1 ;
    %jmp T_0;
    .thread T_0;
    .scope S_0x5d91beddc620;
T_1 ;
    %wait E_0x5d91bec98110;
    %load/vec4 v0x5d91bee906a0_0;
    %flag_set/vec4 8;
    %jmp/0xz  T_1.0, 8;
    %pushi/vec4 0, 0, 3;
    %assign/vec4 v0x5d91bee92780_0, 0;
    %pushi/vec4 0, 0, 3;
    %assign/vec4 v0x5d91bee92d00_0, 0;
    %jmp T_1.1;
T_1.0 ;
    %load/vec4 v0x5d91bee90a90_0;
    %flag_set/vec4 9;
    %flag_get/vec4 9;
    %jmp/0 T_1.4, 9;
    %load/vec4 v0x5d91bee92aa0_0;
    %nor/r;
    %and;
T_1.4;
    %flag_set/vec4 8;
    %jmp/0xz  T_1.2, 8;
    %load/vec4 v0x5d91bee90cf0_0;
    %load/vec4 v0x5d91bee92780_0;
    %pad/u 5;
    %ix/vec4 3;
    %ix/load 4, 0, 0; Constant delay
    %assign/vec4/a/d v0x5d91bee92b60, 0, 4;
    %load/vec4 v0x5d91bee92780_0;
    %addi 1, 0, 3;
    %assign/vec4 v0x5d91bee92780_0, 0;
T_1.2 ;
    %load/vec4 v0x5d91bee908e0_0;
    %flag_set/vec4 9;
    %flag_get/vec4 9;
    %jmp/0 T_1.7, 9;
    %load/vec4 v0x5d91bee929e0_0;
    %nor/r;
    %and;
T_1.7;
    %flag_set/vec4 8;
    %jmp/0xz  T_1.5, 8;
    %load/vec4 v0x5d91bee92d00_0;
    %addi 1, 0, 3;
    %assign/vec4 v0x5d91bee92d00_0, 0;
T_1.5 ;
T_1.1 ;
    %jmp T_1;
    .thread T_1;
    .scope S_0x5d91beddaab0;
T_2 ;
    %wait E_0x5d91bec98110;
    %load/vec4 v0x5d91bee92fe0_0;
    %flag_set/vec4 8;
    %jmp/0xz  T_2.0, 8;
    %pushi/vec4 0, 0, 64;
    %assign/vec4 v0x5d91bee9e160_0, 0;
    %pushi/vec4 0, 0, 1;
    %assign/vec4 v0x5d91bee9e3e0_0, 0;
    %pushi/vec4 0, 0, 1;
    %assign/vec4 v0x5d91bee93640_0, 0;
    %jmp T_2.1;
T_2.0 ;
    %load/vec4 v0x5d91bee93640_0;
    %flag_set/vec4 8;
    %jmp/0xz  T_2.2, 8;
    %pushi/vec4 0, 0, 1;
    %assign/vec4 v0x5d91bee9e3e0_0, 0;
T_2.2 ;
    %load/vec4 v0x5d91bee93d20_0;
    %cmpi/e 1, 0, 32;
    %flag_get/vec4 4;
    %jmp/0 T_2.6, 4;
    %load/vec4 v0x5d91bee9e240_0;
    %flag_set/vec4 9;
    %flag_get/vec4 9;
    %jmp/1 T_2.7, 9;
    %load/vec4 v0x5d91bee9e3e0_0;
    %nor/r;
    %or;
T_2.7;
    %and;
T_2.6;
    %flag_set/vec4 8;
    %jmp/0xz  T_2.4, 8;
    %load/vec4 v0x5d91bee9eca0_0;
    %assign/vec4 v0x5d91bee9e160_0, 0;
    %pushi/vec4 1, 0, 1;
    %assign/vec4 v0x5d91bee9e3e0_0, 0;
T_2.4 ;
    %pushi/vec4 1, 0, 1;
    %assign/vec4 v0x5d91bee93640_0, 0;
    %load/vec4 v0x5d91bee9e3e0_0;
    %flag_set/vec4 9;
    %flag_get/vec4 9;
    %jmp/0 T_2.10, 9;
    %load/vec4 v0x5d91bee9e240_0;
    %nor/r;
    %and;
T_2.10;
    %flag_set/vec4 8;
    %jmp/0xz  T_2.8, 8;
    %load/vec4 v0x5d91bee9e3e0_0;
    %assign/vec4 v0x5d91bee9e3e0_0, 0;
T_2.8 ;
T_2.1 ;
    %jmp T_2;
    .thread T_2;
    .scope S_0x5d91beddaab0;
T_3 ;
    %wait E_0x5d91bec98110;
    %load/vec4 v0x5d91bee92fe0_0;
    %flag_set/vec4 8;
    %jmp/0xz  T_3.0, 8;
    %pushi/vec4 0, 0, 1;
    %assign/vec4 v0x5d91bee9e0a0_0, 0;
    %pushi/vec4 0, 0, 1;
    %assign/vec4 v0x5d91bee9f6e0_0, 0;
    %pushi/vec4 0, 0, 1;
    %assign/vec4 v0x5d91bee9f620_0, 0;
    %pushi/vec4 0, 0, 1;
    %assign/vec4 v0x5d91bee9fda0_0, 0;
    %pushi/vec4 0, 0, 1;
    %assign/vec4 v0x5d91bee9f7a0_0, 0;
    %pushi/vec4 0, 0, 32;
    %assign/vec4 v0x5d91bee9d5e0_0, 0;
    %pushi/vec4 0, 0, 64;
    %assign/vec4 v0x5d91bee93700_0, 0;
    %pushi/vec4 0, 0, 1;
    %assign/vec4 v0x5d91bee930f0_0, 0;
    %pushi/vec4 0, 0, 64;
    %assign/vec4 v0x5d91bee937e0_0, 0;
    %pushi/vec4 0, 0, 1;
    %assign/vec4 v0x5d91bee93190_0, 0;
    %pushi/vec4 0, 0, 64;
    %assign/vec4 v0x5d91bee938c0_0, 0;
    %pushi/vec4 0, 0, 1;
    %assign/vec4 v0x5d91bee93230_0, 0;
    %pushi/vec4 0, 0, 64;
    %assign/vec4 v0x5d91bee939a0_0, 0;
    %pushi/vec4 0, 0, 1;
    %assign/vec4 v0x5d91bee93340_0, 0;
    %pushi/vec4 0, 0, 64;
    %assign/vec4 v0x5d91bee93a80_0, 0;
    %pushi/vec4 0, 0, 1;
    %assign/vec4 v0x5d91bee93400_0, 0;
    %pushi/vec4 0, 0, 64;
    %assign/vec4 v0x5d91bee93b60_0, 0;
    %pushi/vec4 0, 0, 1;
    %assign/vec4 v0x5d91bee934c0_0, 0;
    %pushi/vec4 0, 0, 64;
    %assign/vec4 v0x5d91bee93c40_0, 0;
    %pushi/vec4 0, 0, 1;
    %assign/vec4 v0x5d91bee93580_0, 0;
    %jmp T_3.1;
T_3.0 ;
    %load/vec4 v0x5d91bee9e0a0_0;
    %flag_set/vec4 9;
    %flag_get/vec4 9;
    %jmp/0 T_3.4, 9;
    %load/vec4 v0x5d91bee9df00_0;
    %and;
T_3.4;
    %flag_set/vec4 8;
    %jmp/0xz  T_3.2, 8;
    %pushi/vec4 0, 0, 1;
    %assign/vec4 v0x5d91bee9e0a0_0, 0;
T_3.2 ;
    %load/vec4 v0x5d91bee9e720_0;
    %flag_set/vec4 9;
    %flag_get/vec4 9;
    %jmp/0 T_3.7, 9;
    %load/vec4 v0x5d91bee9e580_0;
    %and;
T_3.7;
    %flag_set/vec4 8;
    %jmp/0xz  T_3.5, 8;
    %pushi/vec4 1, 0, 1;
    %assign/vec4 v0x5d91bee9e0a0_0, 0;
T_3.5 ;
    %load/vec4 v0x5d91bee9de40_0;
    %assign/vec4 v0x5d91bee9f6e0_0, 0;
    %load/vec4 v0x5d91bee9da20_0;
    %assign/vec4 v0x5d91bee9f620_0, 0;
    %pushi/vec4 0, 0, 1;
    %assign/vec4 v0x5d91bee9fda0_0, 0;
    %pushi/vec4 0, 0, 1;
    %assign/vec4 v0x5d91bee9f7a0_0, 0;
    %load/vec4 v0x5d91bee9dd80_0;
    %flag_set/vec4 10;
    %flag_get/vec4 10;
    %jmp/0 T_3.11, 10;
    %load/vec4 v0x5d91bee9de40_0;
    %and;
T_3.11;
    %flag_set/vec4 9;
    %flag_get/vec4 9;
    %jmp/0 T_3.10, 9;
    %load/vec4 v0x5d91bee9e0a0_0;
    %nor/r;
    %and;
T_3.10;
    %flag_set/vec4 8;
    %jmp/0xz  T_3.8, 8;
    %load/vec4 v0x5d91bee9dae0_0;
    %assign/vec4 v0x5d91bee9d5e0_0, 0;
    %pushi/vec4 1, 0, 1;
    %assign/vec4 v0x5d91bee9fda0_0, 0;
    %jmp T_3.9;
T_3.8 ;
    %load/vec4 v0x5d91bee9d960_0;
    %flag_set/vec4 9;
    %flag_get/vec4 9;
    %jmp/0 T_3.14, 9;
    %load/vec4 v0x5d91bee9da20_0;
    %and;
T_3.14;
    %flag_set/vec4 8;
    %jmp/0xz  T_3.12, 8;
    %load/vec4 v0x5d91bee9d6c0_0;
    %assign/vec4 v0x5d91bee9d5e0_0, 0;
    %pushi/vec4 1, 0, 1;
    %assign/vec4 v0x5d91bee9f7a0_0, 0;
T_3.12 ;
T_3.9 ;
    %load/vec4 v0x5d91bee93d20_0;
    %cmpi/e 1, 0, 32;
    %flag_get/vec4 4;
    %jmp/0 T_3.19, 4;
    %load/vec4 v0x5d91bee9e240_0;
    %flag_set/vec4 11;
    %flag_get/vec4 11;
    %jmp/1 T_3.20, 11;
    %load/vec4 v0x5d91bee9e3e0_0;
    %nor/r;
    %or;
T_3.20;
    %and;
T_3.19;
    %flag_set/vec4 10;
    %flag_get/vec4 10;
    %jmp/0 T_3.18, 10;
    %load/vec4 v0x5d91bee9ebe0_0;
    %and;
T_3.18;
    %flag_set/vec4 9;
    %flag_get/vec4 9;
    %jmp/0 T_3.17, 9;
    %load/vec4 v0x5d91bee9eb00_0;
    %pad/u 32;
    %pushi/vec4 0, 0, 32;
    %cmp/e;
    %flag_get/vec4 4;
    %and;
T_3.17;
    %flag_set/vec4 8;
    %jmp/0xz  T_3.15, 8;
    %load/vec4 v0x5d91bee9ed80_0;
    %assign/vec4 v0x5d91bee93700_0, 0;
    %pushi/vec4 0, 0, 1;
    %assign/vec4 v0x5d91bee930f0_0, 0;
T_3.15 ;
    %load/vec4 v0x5d91bee93d20_0;
    %cmpi/e 1, 0, 32;
    %flag_get/vec4 4;
    %jmp/0 T_3.25, 4;
    %load/vec4 v0x5d91bee9e240_0;
    %flag_set/vec4 11;
    %flag_get/vec4 11;
    %jmp/1 T_3.26, 11;
    %load/vec4 v0x5d91bee9e3e0_0;
    %nor/r;
    %or;
T_3.26;
    %and;
T_3.25;
    %flag_set/vec4 10;
    %flag_get/vec4 10;
    %jmp/0 T_3.24, 10;
    %load/vec4 v0x5d91bee9ebe0_0;
    %and;
T_3.24;
    %flag_set/vec4 9;
    %flag_get/vec4 9;
    %jmp/0 T_3.23, 9;
    %load/vec4 v0x5d91bee9eb00_0;
    %pad/u 32;
    %pushi/vec4 1, 0, 32;
    %cmp/e;
    %flag_get/vec4 4;
    %and;
T_3.23;
    %flag_set/vec4 8;
    %jmp/0xz  T_3.21, 8;
    %load/vec4 v0x5d91bee9ed80_0;
    %assign/vec4 v0x5d91bee937e0_0, 0;
    %pushi/vec4 0, 0, 1;
    %assign/vec4 v0x5d91bee93190_0, 0;
T_3.21 ;
    %load/vec4 v0x5d91bee93d20_0;
    %cmpi/e 1, 0, 32;
    %flag_get/vec4 4;
    %jmp/0 T_3.31, 4;
    %load/vec4 v0x5d91bee9e240_0;
    %flag_set/vec4 11;
    %flag_get/vec4 11;
    %jmp/1 T_3.32, 11;
    %load/vec4 v0x5d91bee9e3e0_0;
    %nor/r;
    %or;
T_3.32;
    %and;
T_3.31;
    %flag_set/vec4 10;
    %flag_get/vec4 10;
    %jmp/0 T_3.30, 10;
    %load/vec4 v0x5d91bee9ebe0_0;
    %and;
T_3.30;
    %flag_set/vec4 9;
    %flag_get/vec4 9;
    %jmp/0 T_3.29, 9;
    %load/vec4 v0x5d91bee9eb00_0;
    %pad/u 32;
    %pushi/vec4 2, 0, 32;
    %cmp/e;
    %flag_get/vec4 4;
    %and;
T_3.29;
    %flag_set/vec4 8;
    %jmp/0xz  T_3.27, 8;
    %load/vec4 v0x5d91bee9ed80_0;
    %assign/vec4 v0x5d91bee938c0_0, 0;
    %pushi/vec4 0, 0, 1;
    %assign/vec4 v0x5d91bee93230_0, 0;
T_3.27 ;
    %load/vec4 v0x5d91bee93d20_0;
    %cmpi/e 1, 0, 32;
    %flag_get/vec4 4;
    %jmp/0 T_3.37, 4;
    %load/vec4 v0x5d91bee9e240_0;
    %flag_set/vec4 11;
    %flag_get/vec4 11;
    %jmp/1 T_3.38, 11;
    %load/vec4 v0x5d91bee9e3e0_0;
    %nor/r;
    %or;
T_3.38;
    %and;
T_3.37;
    %flag_set/vec4 10;
    %flag_get/vec4 10;
    %jmp/0 T_3.36, 10;
    %load/vec4 v0x5d91bee9ebe0_0;
    %and;
T_3.36;
    %flag_set/vec4 9;
    %flag_get/vec4 9;
    %jmp/0 T_3.35, 9;
    %load/vec4 v0x5d91bee9eb00_0;
    %pad/u 32;
    %pushi/vec4 3, 0, 32;
    %cmp/e;
    %flag_get/vec4 4;
    %and;
T_3.35;
    %flag_set/vec4 8;
    %jmp/0xz  T_3.33, 8;
    %load/vec4 v0x5d91bee9ed80_0;
    %assign/vec4 v0x5d91bee939a0_0, 0;
    %pushi/vec4 0, 0, 1;
    %assign/vec4 v0x5d91bee93340_0, 0;
T_3.33 ;
    %load/vec4 v0x5d91bee93d20_0;
    %cmpi/e 1, 0, 32;
    %flag_get/vec4 4;
    %jmp/0 T_3.43, 4;
    %load/vec4 v0x5d91bee9e240_0;
    %flag_set/vec4 11;
    %flag_get/vec4 11;
    %jmp/1 T_3.44, 11;
    %load/vec4 v0x5d91bee9e3e0_0;
    %nor/r;
    %or;
T_3.44;
    %and;
T_3.43;
    %flag_set/vec4 10;
    %flag_get/vec4 10;
    %jmp/0 T_3.42, 10;
    %load/vec4 v0x5d91bee9ebe0_0;
    %and;
T_3.42;
    %flag_set/vec4 9;
    %flag_get/vec4 9;
    %jmp/0 T_3.41, 9;
    %load/vec4 v0x5d91bee9eb00_0;
    %pad/u 32;
    %pushi/vec4 4, 0, 32;
    %cmp/e;
    %flag_get/vec4 4;
    %and;
T_3.41;
    %flag_set/vec4 8;
    %jmp/0xz  T_3.39, 8;
    %load/vec4 v0x5d91bee9ed80_0;
    %assign/vec4 v0x5d91bee93a80_0, 0;
    %pushi/vec4 0, 0, 1;
    %assign/vec4 v0x5d91bee93400_0, 0;
T_3.39 ;
    %load/vec4 v0x5d91bee93d20_0;
    %cmpi/e 1, 0, 32;
    %flag_get/vec4 4;
    %jmp/0 T_3.49, 4;
    %load/vec4 v0x5d91bee9e240_0;
    %flag_set/vec4 11;
    %flag_get/vec4 11;
    %jmp/1 T_3.50, 11;
    %load/vec4 v0x5d91bee9e3e0_0;
    %nor/r;
    %or;
T_3.50;
    %and;
T_3.49;
    %flag_set/vec4 10;
    %flag_get/vec4 10;
    %jmp/0 T_3.48, 10;
    %load/vec4 v0x5d91bee9ebe0_0;
    %and;
T_3.48;
    %flag_set/vec4 9;
    %flag_get/vec4 9;
    %jmp/0 T_3.47, 9;
    %load/vec4 v0x5d91bee9eb00_0;
    %pad/u 32;
    %pushi/vec4 5, 0, 32;
    %cmp/e;
    %flag_get/vec4 4;
    %and;
T_3.47;
    %flag_set/vec4 8;
    %jmp/0xz  T_3.45, 8;
    %load/vec4 v0x5d91bee9ed80_0;
    %assign/vec4 v0x5d91bee93b60_0, 0;
    %pushi/vec4 0, 0, 1;
    %assign/vec4 v0x5d91bee934c0_0, 0;
T_3.45 ;
    %load/vec4 v0x5d91bee93d20_0;
    %cmpi/e 1, 0, 32;
    %flag_get/vec4 4;
    %jmp/0 T_3.55, 4;
    %load/vec4 v0x5d91bee9e240_0;
    %flag_set/vec4 11;
    %flag_get/vec4 11;
    %jmp/1 T_3.56, 11;
    %load/vec4 v0x5d91bee9e3e0_0;
    %nor/r;
    %or;
T_3.56;
    %and;
T_3.55;
    %flag_set/vec4 10;
    %flag_get/vec4 10;
    %jmp/0 T_3.54, 10;
    %load/vec4 v0x5d91bee9ebe0_0;
    %and;
T_3.54;
    %flag_set/vec4 9;
    %flag_get/vec4 9;
    %jmp/0 T_3.53, 9;
    %load/vec4 v0x5d91bee9eb00_0;
    %pad/u 32;
    %pushi/vec4 6, 0, 32;
    %cmp/e;
    %flag_get/vec4 4;
    %and;
T_3.53;
    %flag_set/vec4 8;
    %jmp/0xz  T_3.51, 8;
    %load/vec4 v0x5d91bee9ed80_0;
    %assign/vec4 v0x5d91bee93c40_0, 0;
    %pushi/vec4 0, 0, 1;
    %assign/vec4 v0x5d91bee93580_0, 0;
T_3.51 ;
    %load/vec4 v0x5d91bee93d20_0;
    %cmpi/e 3, 0, 32;
    %flag_get/vec4 4;
    %jmp/0 T_3.60, 4;
    %load/vec4 v0x5d91bee9e720_0;
    %and;
T_3.60;
    %flag_set/vec4 9;
    %flag_get/vec4 9;
    %jmp/0 T_3.59, 9;
    %load/vec4 v0x5d91bee9eb00_0;
    %pad/u 32;
    %pushi/vec4 0, 0, 32;
    %cmp/e;
    %flag_get/vec4 4;
    %and;
T_3.59;
    %flag_set/vec4 8;
    %jmp/0xz  T_3.57, 8;
    %load/vec4 v0x5d91bee9e4a0_0;
    %assign/vec4 v0x5d91bee93700_0, 0;
T_3.57 ;
    %load/vec4 v0x5d91bee93d20_0;
    %cmpi/e 3, 0, 32;
    %flag_get/vec4 4;
    %jmp/0 T_3.64, 4;
    %load/vec4 v0x5d91bee9e720_0;
    %and;
T_3.64;
    %flag_set/vec4 9;
    %flag_get/vec4 9;
    %jmp/0 T_3.63, 9;
    %load/vec4 v0x5d91bee9eb00_0;
    %pad/u 32;
    %pushi/vec4 1, 0, 32;
    %cmp/e;
    %flag_get/vec4 4;
    %and;
T_3.63;
    %flag_set/vec4 8;
    %jmp/0xz  T_3.61, 8;
    %load/vec4 v0x5d91bee9e4a0_0;
    %assign/vec4 v0x5d91bee937e0_0, 0;
T_3.61 ;
    %load/vec4 v0x5d91bee93d20_0;
    %cmpi/e 3, 0, 32;
    %flag_get/vec4 4;
    %jmp/0 T_3.68, 4;
    %load/vec4 v0x5d91bee9e720_0;
    %and;
T_3.68;
    %flag_set/vec4 9;
    %flag_get/vec4 9;
    %jmp/0 T_3.67, 9;
    %load/vec4 v0x5d91bee9eb00_0;
    %pad/u 32;
    %pushi/vec4 2, 0, 32;
    %cmp/e;
    %flag_get/vec4 4;
    %and;
T_3.67;
    %flag_set/vec4 8;
    %jmp/0xz  T_3.65, 8;
    %load/vec4 v0x5d91bee9e4a0_0;
    %assign/vec4 v0x5d91bee938c0_0, 0;
T_3.65 ;
    %load/vec4 v0x5d91bee93d20_0;
    %cmpi/e 3, 0, 32;
    %flag_get/vec4 4;
    %jmp/0 T_3.72, 4;
    %load/vec4 v0x5d91bee9e720_0;
    %and;
T_3.72;
    %flag_set/vec4 9;
    %flag_get/vec4 9;
    %jmp/0 T_3.71, 9;
    %load/vec4 v0x5d91bee9eb00_0;
    %pad/u 32;
    %pushi/vec4 3, 0, 32;
    %cmp/e;
    %flag_get/vec4 4;
    %and;
T_3.71;
    %flag_set/vec4 8;
    %jmp/0xz  T_3.69, 8;
    %load/vec4 v0x5d91bee9e4a0_0;
    %assign/vec4 v0x5d91bee939a0_0, 0;
T_3.69 ;
    %load/vec4 v0x5d91bee93d20_0;
    %cmpi/e 3, 0, 32;
    %flag_get/vec4 4;
    %jmp/0 T_3.76, 4;
    %load/vec4 v0x5d91bee9e720_0;
    %and;
T_3.76;
    %flag_set/vec4 9;
    %flag_get/vec4 9;
    %jmp/0 T_3.75, 9;
    %load/vec4 v0x5d91bee9eb00_0;
    %pad/u 32;
    %pushi/vec4 4, 0, 32;
    %cmp/e;
    %flag_get/vec4 4;
    %and;
T_3.75;
    %flag_set/vec4 8;
    %jmp/0xz  T_3.73, 8;
    %load/vec4 v0x5d91bee9e4a0_0;
    %assign/vec4 v0x5d91bee93a80_0, 0;
T_3.73 ;
    %load/vec4 v0x5d91bee93d20_0;
    %cmpi/e 3, 0, 32;
    %flag_get/vec4 4;
    %jmp/0 T_3.80, 4;
    %load/vec4 v0x5d91bee9e720_0;
    %and;
T_3.80;
    %flag_set/vec4 9;
    %flag_get/vec4 9;
    %jmp/0 T_3.79, 9;
    %load/vec4 v0x5d91bee9eb00_0;
    %pad/u 32;
    %pushi/vec4 5, 0, 32;
    %cmp/e;
    %flag_get/vec4 4;
    %and;
T_3.79;
    %flag_set/vec4 8;
    %jmp/0xz  T_3.77, 8;
    %load/vec4 v0x5d91bee9e4a0_0;
    %assign/vec4 v0x5d91bee93b60_0, 0;
T_3.77 ;
    %load/vec4 v0x5d91bee93d20_0;
    %cmpi/e 3, 0, 32;
    %flag_get/vec4 4;
    %jmp/0 T_3.84, 4;
    %load/vec4 v0x5d91bee9e720_0;
    %and;
T_3.84;
    %flag_set/vec4 9;
    %flag_get/vec4 9;
    %jmp/0 T_3.83, 9;
    %load/vec4 v0x5d91bee9eb00_0;
    %pad/u 32;
    %pushi/vec4 6, 0, 32;
    %cmp/e;
    %flag_get/vec4 4;
    %and;
T_3.83;
    %flag_set/vec4 8;
    %jmp/0xz  T_3.81, 8;
    %load/vec4 v0x5d91bee9e4a0_0;
    %assign/vec4 v0x5d91bee93c40_0, 0;
T_3.81 ;
    %load/vec4 v0x5d91bee9f860_0;
    %cmpi/e 6, 0, 32;
    %flag_get/vec4 4;
    %jmp/0 T_3.87, 4;
    %pushi/vec4 0, 0, 1;
    %and;
T_3.87;
    %flag_set/vec4 8;
    %jmp/0xz  T_3.85, 8;
    %pushi/vec4 1, 0, 64;
    %assign/vec4 v0x5d91bee93700_0, 0;
    %pushi/vec4 0, 0, 1;
    %assign/vec4 v0x5d91bee930f0_0, 0;
T_3.85 ;
    %load/vec4 v0x5d91bee9f860_0;
    %cmpi/e 6, 0, 32;
    %flag_get/vec4 4;
    %jmp/0 T_3.90, 4;
    %pushi/vec4 0, 0, 1;
    %and;
T_3.90;
    %flag_set/vec4 8;
    %jmp/0xz  T_3.88, 8;
    %pushi/vec4 1, 0, 64;
    %assign/vec4 v0x5d91bee937e0_0, 0;
    %pushi/vec4 0, 0, 1;
    %assign/vec4 v0x5d91bee93190_0, 0;
T_3.88 ;
    %load/vec4 v0x5d91bee9f860_0;
    %cmpi/e 6, 0, 32;
    %flag_get/vec4 4;
    %jmp/0 T_3.93, 4;
    %pushi/vec4 0, 0, 1;
    %and;
T_3.93;
    %flag_set/vec4 8;
    %jmp/0xz  T_3.91, 8;
    %pushi/vec4 1, 0, 64;
    %assign/vec4 v0x5d91bee938c0_0, 0;
    %pushi/vec4 0, 0, 1;
    %assign/vec4 v0x5d91bee93230_0, 0;
T_3.91 ;
    %load/vec4 v0x5d91bee9f860_0;
    %cmpi/e 6, 0, 32;
    %flag_get/vec4 4;
    %jmp/0 T_3.96, 4;
    %pushi/vec4 1, 0, 1;
    %and;
T_3.96;
    %flag_set/vec4 8;
    %jmp/0xz  T_3.94, 8;
    %pushi/vec4 1, 0, 64;
    %assign/vec4 v0x5d91bee939a0_0, 0;
    %pushi/vec4 0, 0, 1;
    %assign/vec4 v0x5d91bee93340_0, 0;
T_3.94 ;
    %load/vec4 v0x5d91bee9f860_0;
    %cmpi/e 6, 0, 32;
    %flag_get/vec4 4;
    %jmp/0 T_3.99, 4;
    %pushi/vec4 0, 0, 1;
    %and;
T_3.99;
    %flag_set/vec4 8;
    %jmp/0xz  T_3.97, 8;
    %pushi/vec4 1, 0, 64;
    %assign/vec4 v0x5d91bee93a80_0, 0;
    %pushi/vec4 0, 0, 1;
    %assign/vec4 v0x5d91bee93400_0, 0;
T_3.97 ;
    %load/vec4 v0x5d91bee9f860_0;
    %cmpi/e 6, 0, 32;
    %flag_get/vec4 4;
    %jmp/0 T_3.102, 4;
    %pushi/vec4 0, 0, 1;
    %and;
T_3.102;
    %flag_set/vec4 8;
    %jmp/0xz  T_3.100, 8;
    %pushi/vec4 1, 0, 64;
    %assign/vec4 v0x5d91bee93b60_0, 0;
    %pushi/vec4 0, 0, 1;
    %assign/vec4 v0x5d91bee934c0_0, 0;
T_3.100 ;
    %load/vec4 v0x5d91bee9f860_0;
    %cmpi/e 6, 0, 32;
    %flag_get/vec4 4;
    %jmp/0 T_3.105, 4;
    %pushi/vec4 0, 0, 1;
    %and;
T_3.105;
    %flag_set/vec4 8;
    %jmp/0xz  T_3.103, 8;
    %pushi/vec4 1, 0, 64;
    %assign/vec4 v0x5d91bee93c40_0, 0;
    %pushi/vec4 0, 0, 1;
    %assign/vec4 v0x5d91bee93580_0, 0;
T_3.103 ;
    %load/vec4 v0x5d91bee9f860_0;
    %cmpi/e 21, 0, 32;
    %flag_get/vec4 4;
    %jmp/0 T_3.108, 4;
    %pushi/vec4 0, 0, 1;
    %and;
T_3.108;
    %flag_set/vec4 8;
    %jmp/0xz  T_3.106, 8;
    %load/vec4 v0x5d91bee9f460_0;
    %assign/vec4 v0x5d91bee93700_0, 0;
    %pushi/vec4 0, 0, 1;
    %assign/vec4 v0x5d91bee930f0_0, 0;
T_3.106 ;
    %load/vec4 v0x5d91bee9f860_0;
    %cmpi/e 21, 0, 32;
    %flag_get/vec4 4;
    %jmp/0 T_3.111, 4;
    %pushi/vec4 0, 0, 1;
    %and;
T_3.111;
    %flag_set/vec4 8;
    %jmp/0xz  T_3.109, 8;
    %load/vec4 v0x5d91bee9f460_0;
    %assign/vec4 v0x5d91bee937e0_0, 0;
    %pushi/vec4 0, 0, 1;
    %assign/vec4 v0x5d91bee93190_0, 0;
T_3.109 ;
    %load/vec4 v0x5d91bee9f860_0;
    %cmpi/e 21, 0, 32;
    %flag_get/vec4 4;
    %jmp/0 T_3.114, 4;
    %pushi/vec4 0, 0, 1;
    %and;
T_3.114;
    %flag_set/vec4 8;
    %jmp/0xz  T_3.112, 8;
    %load/vec4 v0x5d91bee9f460_0;
    %assign/vec4 v0x5d91bee938c0_0, 0;
    %pushi/vec4 0, 0, 1;
    %assign/vec4 v0x5d91bee93230_0, 0;
T_3.112 ;
    %load/vec4 v0x5d91bee9f860_0;
    %cmpi/e 21, 0, 32;
    %flag_get/vec4 4;
    %jmp/0 T_3.117, 4;
    %pushi/vec4 0, 0, 1;
    %and;
T_3.117;
    %flag_set/vec4 8;
    %jmp/0xz  T_3.115, 8;
    %load/vec4 v0x5d91bee9f460_0;
    %assign/vec4 v0x5d91bee939a0_0, 0;
    %pushi/vec4 0, 0, 1;
    %assign/vec4 v0x5d91bee93340_0, 0;
T_3.115 ;
    %load/vec4 v0x5d91bee9f860_0;
    %cmpi/e 21, 0, 32;
    %flag_get/vec4 4;
    %jmp/0 T_3.120, 4;
    %pushi/vec4 0, 0, 1;
    %and;
T_3.120;
    %flag_set/vec4 8;
    %jmp/0xz  T_3.118, 8;
    %load/vec4 v0x5d91bee9f460_0;
    %assign/vec4 v0x5d91bee93a80_0, 0;
    %pushi/vec4 0, 0, 1;
    %assign/vec4 v0x5d91bee93400_0, 0;
T_3.118 ;
    %load/vec4 v0x5d91bee9f860_0;
    %cmpi/e 21, 0, 32;
    %flag_get/vec4 4;
    %jmp/0 T_3.123, 4;
    %pushi/vec4 0, 0, 1;
    %and;
T_3.123;
    %flag_set/vec4 8;
    %jmp/0xz  T_3.121, 8;
    %load/vec4 v0x5d91bee9f460_0;
    %assign/vec4 v0x5d91bee93b60_0, 0;
    %pushi/vec4 0, 0, 1;
    %assign/vec4 v0x5d91bee934c0_0, 0;
T_3.121 ;
    %load/vec4 v0x5d91bee9f860_0;
    %cmpi/e 21, 0, 32;
    %flag_get/vec4 4;
    %jmp/0 T_3.126, 4;
    %pushi/vec4 1, 0, 1;
    %and;
T_3.126;
    %flag_set/vec4 8;
    %jmp/0xz  T_3.124, 8;
    %load/vec4 v0x5d91bee9f460_0;
    %assign/vec4 v0x5d91bee93c40_0, 0;
    %pushi/vec4 0, 0, 1;
    %assign/vec4 v0x5d91bee93580_0, 0;
T_3.124 ;
    %load/vec4 v0x5d91bee9f860_0;
    %cmpi/e 22, 0, 32;
    %flag_get/vec4 4;
    %jmp/0 T_3.129, 4;
    %pushi/vec4 0, 0, 1;
    %and;
T_3.129;
    %flag_set/vec4 8;
    %jmp/0xz  T_3.127, 8;
    %pushi/vec4 0, 0, 64;
    %assign/vec4 v0x5d91bee93700_0, 0;
    %pushi/vec4 0, 0, 1;
    %assign/vec4 v0x5d91bee930f0_0, 0;
T_3.127 ;
    %load/vec4 v0x5d91bee9f860_0;
    %cmpi/e 22, 0, 32;
    %flag_get/vec4 4;
    %jmp/0 T_3.132, 4;
    %pushi/vec4 0, 0, 1;
    %and;
T_3.132;
    %flag_set/vec4 8;
    %jmp/0xz  T_3.130, 8;
    %pushi/vec4 0, 0, 64;
    %assign/vec4 v0x5d91bee937e0_0, 0;
    %pushi/vec4 0, 0, 1;
    %assign/vec4 v0x5d91bee93190_0, 0;
T_3.130 ;
    %load/vec4 v0x5d91bee9f860_0;
    %cmpi/e 22, 0, 32;
    %flag_get/vec4 4;
    %jmp/0 T_3.135, 4;
    %pushi/vec4 1, 0, 1;
    %and;
T_3.135;
    %flag_set/vec4 8;
    %jmp/0xz  T_3.133, 8;
    %pushi/vec4 0, 0, 64;
    %assign/vec4 v0x5d91bee938c0_0, 0;
    %pushi/vec4 0, 0, 1;
    %assign/vec4 v0x5d91bee93230_0, 0;
T_3.133 ;
    %load/vec4 v0x5d91bee9f860_0;
    %cmpi/e 22, 0, 32;
    %flag_get/vec4 4;
    %jmp/0 T_3.138, 4;
    %pushi/vec4 0, 0, 1;
    %and;
T_3.138;
    %flag_set/vec4 8;
    %jmp/0xz  T_3.136, 8;
    %pushi/vec4 0, 0, 64;
    %assign/vec4 v0x5d91bee939a0_0, 0;
    %pushi/vec4 0, 0, 1;
    %assign/vec4 v0x5d91bee93340_0, 0;
T_3.136 ;
    %load/vec4 v0x5d91bee9f860_0;
    %cmpi/e 22, 0, 32;
    %flag_get/vec4 4;
    %jmp/0 T_3.141, 4;
    %pushi/vec4 0, 0, 1;
    %and;
T_3.141;
    %flag_set/vec4 8;
    %jmp/0xz  T_3.139, 8;
    %pushi/vec4 0, 0, 64;
    %assign/vec4 v0x5d91bee93a80_0, 0;
    %pushi/vec4 0, 0, 1;
    %assign/vec4 v0x5d91bee93400_0, 0;
T_3.139 ;
    %load/vec4 v0x5d91bee9f860_0;
    %cmpi/e 22, 0, 32;
    %flag_get/vec4 4;
    %jmp/0 T_3.144, 4;
    %pushi/vec4 0, 0, 1;
    %and;
T_3.144;
    %flag_set/vec4 8;
    %jmp/0xz  T_3.142, 8;
    %pushi/vec4 0, 0, 64;
    %assign/vec4 v0x5d91bee93b60_0, 0;
    %pushi/vec4 0, 0, 1;
    %assign/vec4 v0x5d91bee934c0_0, 0;
T_3.142 ;
    %load/vec4 v0x5d91bee9f860_0;
    %cmpi/e 22, 0, 32;
    %flag_get/vec4 4;
    %jmp/0 T_3.147, 4;
    %pushi/vec4 0, 0, 1;
    %and;
T_3.147;
    %flag_set/vec4 8;
    %jmp/0xz  T_3.145, 8;
    %pushi/vec4 0, 0, 64;
    %assign/vec4 v0x5d91bee93c40_0, 0;
    %pushi/vec4 0, 0, 1;
    %assign/vec4 v0x5d91bee93580_0, 0;
T_3.145 ;
    %load/vec4 v0x5d91bee9f860_0;
    %cmpi/e 23, 0, 32;
    %flag_get/vec4 4;
    %jmp/0 T_3.150, 4;
    %pushi/vec4 0, 0, 1;
    %and;
T_3.150;
    %flag_set/vec4 8;
    %jmp/0xz  T_3.148, 8;
    %pushi/vec4 0, 0, 64;
    %assign/vec4 v0x5d91bee93700_0, 0;
    %pushi/vec4 0, 0, 1;
    %assign/vec4 v0x5d91bee930f0_0, 0;
T_3.148 ;
    %load/vec4 v0x5d91bee9f860_0;
    %cmpi/e 23, 0, 32;
    %flag_get/vec4 4;
    %jmp/0 T_3.153, 4;
    %pushi/vec4 0, 0, 1;
    %and;
T_3.153;
    %flag_set/vec4 8;
    %jmp/0xz  T_3.151, 8;
    %pushi/vec4 0, 0, 64;
    %assign/vec4 v0x5d91bee937e0_0, 0;
    %pushi/vec4 0, 0, 1;
    %assign/vec4 v0x5d91bee93190_0, 0;
T_3.151 ;
    %load/vec4 v0x5d91bee9f860_0;
    %cmpi/e 23, 0, 32;
    %flag_get/vec4 4;
    %jmp/0 T_3.156, 4;
    %pushi/vec4 0, 0, 1;
    %and;
T_3.156;
    %flag_set/vec4 8;
    %jmp/0xz  T_3.154, 8;
    %pushi/vec4 0, 0, 64;
    %assign/vec4 v0x5d91bee938c0_0, 0;
    %pushi/vec4 0, 0, 1;
    %assign/vec4 v0x5d91bee93230_0, 0;
T_3.154 ;
    %load/vec4 v0x5d91bee9f860_0;
    %cmpi/e 23, 0, 32;
    %flag_get/vec4 4;
    %jmp/0 T_3.159, 4;
    %pushi/vec4 1, 0, 1;
    %and;
T_3.159;
    %flag_set/vec4 8;
    %jmp/0xz  T_3.157, 8;
    %pushi/vec4 0, 0, 64;
    %assign/vec4 v0x5d91bee939a0_0, 0;
    %pushi/vec4 0, 0, 1;
    %assign/vec4 v0x5d91bee93340_0, 0;
T_3.157 ;
    %load/vec4 v0x5d91bee9f860_0;
    %cmpi/e 23, 0, 32;
    %flag_get/vec4 4;
    %jmp/0 T_3.162, 4;
    %pushi/vec4 0, 0, 1;
    %and;
T_3.162;
    %flag_set/vec4 8;
    %jmp/0xz  T_3.160, 8;
    %pushi/vec4 0, 0, 64;
    %assign/vec4 v0x5d91bee93a80_0, 0;
    %pushi/vec4 0, 0, 1;
    %assign/vec4 v0x5d91bee93400_0, 0;
T_3.160 ;
    %load/vec4 v0x5d91bee9f860_0;
    %cmpi/e 23, 0, 32;
    %flag_get/vec4 4;
    %jmp/0 T_3.165, 4;
    %pushi/vec4 0, 0, 1;
    %and;
T_3.165;
    %flag_set/vec4 8;
    %jmp/0xz  T_3.163, 8;
    %pushi/vec4 0, 0, 64;
    %assign/vec4 v0x5d91bee93b60_0, 0;
    %pushi/vec4 0, 0, 1;
    %assign/vec4 v0x5d91bee934c0_0, 0;
T_3.163 ;
    %load/vec4 v0x5d91bee9f860_0;
    %cmpi/e 23, 0, 32;
    %flag_get/vec4 4;
    %jmp/0 T_3.168, 4;
    %pushi/vec4 0, 0, 1;
    %and;
T_3.168;
    %flag_set/vec4 8;
    %jmp/0xz  T_3.166, 8;
    %pushi/vec4 0, 0, 64;
    %assign/vec4 v0x5d91bee93c40_0, 0;
    %pushi/vec4 0, 0, 1;
    %assign/vec4 v0x5d91bee93580_0, 0;
T_3.166 ;
T_3.1 ;
    %jmp T_3;
    .thread T_3;
    .scope S_0x5d91beddaab0;
T_4 ;
    %wait E_0x5d91bec98110;
    %load/vec4 v0x5d91bee92fe0_0;
    %flag_set/vec4 8;
    %jmp/0xz  T_4.0, 8;
    %pushi/vec4 0, 0, 32;
    %assign/vec4 v0x5d91bee93d20_0, 0;
    %pushi/vec4 0, 0, 3;
    %assign/vec4 v0x5d91bee9eb00_0, 0;
    %jmp T_4.1;
T_4.0 ;
    %load/vec4 v0x5d91bee93d20_0;
    %dup/vec4;
    %pushi/vec4 0, 0, 32;
    %cmp/u;
    %jmp/1 T_4.2, 6;
    %dup/vec4;
    %pushi/vec4 1, 0, 32;
    %cmp/u;
    %jmp/1 T_4.3, 6;
    %dup/vec4;
    %pushi/vec4 2, 0, 32;
    %cmp/u;
    %jmp/1 T_4.4, 6;
    %dup/vec4;
    %pushi/vec4 3, 0, 32;
    %cmp/u;
    %jmp/1 T_4.5, 6;
    %dup/vec4;
    %pushi/vec4 4, 0, 32;
    %cmp/u;
    %jmp/1 T_4.6, 6;
    %jmp T_4.7;
T_4.2 ;
    %load/vec4 v0x5d91bee9f7a0_0;
    %flag_set/vec4 8;
    %jmp/1 T_4.10, 8;
    %load/vec4 v0x5d91bee9fda0_0;
    %flag_set/vec4 9;
    %flag_or 8, 9;
T_4.10;
    %jmp/0xz  T_4.8, 8;
    %load/vec4 v0x5d91bee9d5e0_0;
    %ix/load 4, 3, 0;
    %flag_set/imm 4, 0;
    %shiftr 4;
    %pushi/vec4 7, 0, 32;
    %and;
    %pad/u 3;
    %assign/vec4 v0x5d91bee9eb00_0, 0;
T_4.8 ;
    %load/vec4 v0x5d91bee9f7a0_0;
    %flag_set/vec4 8;
    %jmp/0xz  T_4.11, 8;
    %pushi/vec4 1, 0, 32;
    %assign/vec4 v0x5d91bee93d20_0, 0;
T_4.11 ;
    %load/vec4 v0x5d91bee9fda0_0;
    %flag_set/vec4 8;
    %jmp/0xz  T_4.13, 8;
    %pushi/vec4 3, 0, 32;
    %assign/vec4 v0x5d91bee93d20_0, 0;
T_4.13 ;
    %jmp T_4.7;
T_4.3 ;
    %load/vec4 v0x5d91bee9e240_0;
    %flag_set/vec4 8;
    %jmp/1 T_4.17, 8;
    %load/vec4 v0x5d91bee9e3e0_0;
    %nor/r;
    %flag_set/vec4 9;
    %flag_or 8, 9;
T_4.17;
    %jmp/0xz  T_4.15, 8;
    %pushi/vec4 2, 0, 32;
    %assign/vec4 v0x5d91bee93d20_0, 0;
T_4.15 ;
    %jmp T_4.7;
T_4.4 ;
    %load/vec4 v0x5d91bee9e240_0;
    %flag_set/vec4 9;
    %flag_get/vec4 9;
    %jmp/0 T_4.20, 9;
    %load/vec4 v0x5d91bee9e3e0_0;
    %and;
T_4.20;
    %flag_set/vec4 8;
    %jmp/0xz  T_4.18, 8;
    %pushi/vec4 0, 0, 32;
    %assign/vec4 v0x5d91bee93d20_0, 0;
T_4.18 ;
    %jmp T_4.7;
T_4.5 ;
    %load/vec4 v0x5d91bee9e720_0;
    %flag_set/vec4 8;
    %jmp/0xz  T_4.21, 8;
    %pushi/vec4 4, 0, 32;
    %assign/vec4 v0x5d91bee93d20_0, 0;
T_4.21 ;
    %jmp T_4.7;
T_4.6 ;
    %load/vec4 v0x5d91bee9df00_0;
    %flag_set/vec4 9;
    %flag_get/vec4 9;
    %jmp/0 T_4.25, 9;
    %load/vec4 v0x5d91bee9e0a0_0;
    %and;
T_4.25;
    %flag_set/vec4 8;
    %jmp/0xz  T_4.23, 8;
    %pushi/vec4 0, 0, 32;
    %assign/vec4 v0x5d91bee93d20_0, 0;
T_4.23 ;
    %jmp T_4.7;
T_4.7 ;
    %pop/vec4 1;
T_4.1 ;
    %jmp T_4;
    .thread T_4;
    .scope S_0x5d91beddaab0;
T_5 ;
    %wait E_0x5d91bec98110;
    %load/vec4 v0x5d91bee92fe0_0;
    %flag_set/vec4 8;
    %jmp/0xz  T_5.0, 8;
    %pushi/vec4 0, 0, 1;
    %assign/vec4 v0x5d91bee94420_0, 0;
    %jmp T_5.1;
T_5.0 ;
    %load/vec4 v0x5d91bee9f380_0;
    %cmpi/e 4, 0, 32;
    %flag_get/vec4 4;
    %jmp/0 T_5.4, 4;
    %load/vec4 v0x5d91bee945a0_0;
    %and;
T_5.4;
    %flag_set/vec4 8;
    %jmp/0xz  T_5.2, 8;
    %pushi/vec4 1, 0, 1;
    %assign/vec4 v0x5d91bee94420_0, 0;
T_5.2 ;
    %load/vec4 v0x5d91bee9f380_0;
    %cmpi/e 5, 0, 32;
    %flag_get/vec4 4;
    %jmp/0 T_5.7, 4;
    %load/vec4 v0x5d91bee9ea40_0;
    %and;
T_5.7;
    %flag_set/vec4 8;
    %jmp/0xz  T_5.5, 8;
    %pushi/vec4 0, 0, 1;
    %assign/vec4 v0x5d91bee94420_0, 0;
T_5.5 ;
T_5.1 ;
    %jmp T_5;
    .thread T_5;
    .scope S_0x5d91beddaab0;
T_6 ;
    %wait E_0x5d91bec98110;
    %load/vec4 v0x5d91bee92fe0_0;
    %flag_set/vec4 8;
    %jmp/0xz  T_6.0, 8;
    %pushi/vec4 0, 0, 4;
    %assign/vec4 v0x5d91bee9f0e0_0, 0;
    %jmp T_6.1;
T_6.0 ;
    %load/vec4 v0x5d91bee94ea0_0;
    %flag_set/vec4 10;
    %flag_get/vec4 10;
    %jmp/0 T_6.5, 10;
    %load/vec4 v0x5d91bee94f70_0;
    %nor/r;
    %and;
T_6.5;
    %flag_set/vec4 9;
    %flag_get/vec4 9;
    %jmp/0 T_6.4, 9;
    %load/vec4 v0x5d91bee94d30_0;
    %flag_set/vec4 9;
    %flag_get/vec4 9;
    %jmp/0 T_6.6, 9;
    %load/vec4 v0x5d91bee94dd0_0;
    %nor/r;
    %and;
T_6.6;
    %and;
T_6.4;
    %flag_set/vec4 8;
    %jmp/0xz  T_6.2, 8;
    %load/vec4 v0x5d91bee9f0e0_0;
    %assign/vec4 v0x5d91bee9f0e0_0, 0;
    %jmp T_6.3;
T_6.2 ;
    %load/vec4 v0x5d91bee94ea0_0;
    %flag_set/vec4 9;
    %flag_get/vec4 9;
    %jmp/0 T_6.9, 9;
    %load/vec4 v0x5d91bee94f70_0;
    %nor/r;
    %and;
T_6.9;
    %flag_set/vec4 8;
    %jmp/0xz  T_6.7, 8;
    %load/vec4 v0x5d91bee9f0e0_0;
    %addi 1, 0, 4;
    %assign/vec4 v0x5d91bee9f0e0_0, 0;
    %jmp T_6.8;
T_6.7 ;
    %load/vec4 v0x5d91bee94d30_0;
    %flag_set/vec4 9;
    %flag_get/vec4 9;
    %jmp/0 T_6.12, 9;
    %load/vec4 v0x5d91bee94dd0_0;
    %nor/r;
    %and;
T_6.12;
    %flag_set/vec4 8;
    %jmp/0xz  T_6.10, 8;
    %load/vec4 v0x5d91bee9f0e0_0;
    %subi 1, 0, 4;
    %assign/vec4 v0x5d91bee9f0e0_0, 0;
T_6.10 ;
T_6.8 ;
T_6.3 ;
T_6.1 ;
    %jmp T_6;
    .thread T_6;
    .scope S_0x5d91beddaab0;
T_7 ;
    %wait E_0x5d91bec98110;
    %load/vec4 v0x5d91bee92fe0_0;
    %flag_set/vec4 8;
    %jmp/0xz  T_7.0, 8;
    %pushi/vec4 0, 0, 32;
    %assign/vec4 v0x5d91bee9f380_0, 0;
    %pushi/vec4 0, 0, 32;
    %assign/vec4 v0x5d91bee9d260_0, 0;
    %pushi/vec4 0, 0, 128;
    %assign/vec4 v0x5d91bee9ee60_0, 0;
    %pushi/vec4 0, 0, 1;
    %assign/vec4 v0x5d91bee9ef40_0, 0;
    %pushi/vec4 0, 0, 128;
    %assign/vec4 v0x5d91bee9f1c0_0, 0;
    %pushi/vec4 0, 0, 32;
    %assign/vec4 v0x5d91bee9d340_0, 0;
    %pushi/vec4 0, 0, 512;
    %assign/vec4 v0x5d91bee9f540_0, 0;
    %pushi/vec4 0, 0, 512;
    %assign/vec4 v0x5d91bee9f000_0, 0;
    %jmp T_7.1;
T_7.0 ;
    %load/vec4 v0x5d91bee9f380_0;
    %dup/vec4;
    %pushi/vec4 0, 0, 32;
    %cmp/u;
    %jmp/1 T_7.2, 6;
    %dup/vec4;
    %pushi/vec4 1, 0, 32;
    %cmp/u;
    %jmp/1 T_7.3, 6;
    %dup/vec4;
    %pushi/vec4 2, 0, 32;
    %cmp/u;
    %jmp/1 T_7.4, 6;
    %dup/vec4;
    %pushi/vec4 3, 0, 32;
    %cmp/u;
    %jmp/1 T_7.5, 6;
    %dup/vec4;
    %pushi/vec4 4, 0, 32;
    %cmp/u;
    %jmp/1 T_7.6, 6;
    %dup/vec4;
    %pushi/vec4 5, 0, 32;
    %cmp/u;
    %jmp/1 T_7.7, 6;
    %dup/vec4;
    %pushi/vec4 6, 0, 32;
    %cmp/u;
    %jmp/1 T_7.8, 6;
    %dup/vec4;
    %pushi/vec4 7, 0, 32;
    %cmp/u;
    %jmp/1 T_7.9, 6;
    %dup/vec4;
    %pushi/vec4 8, 0, 32;
    %cmp/u;
    %jmp/1 T_7.10, 6;
    %dup/vec4;
    %pushi/vec4 9, 0, 32;
    %cmp/u;
    %jmp/1 T_7.11, 6;
    %dup/vec4;
    %pushi/vec4 10, 0, 32;
    %cmp/u;
    %jmp/1 T_7.12, 6;
    %dup/vec4;
    %pushi/vec4 11, 0, 32;
    %cmp/u;
    %jmp/1 T_7.13, 6;
    %jmp T_7.14;
T_7.2 ;
    %pushi/vec4 1, 0, 32;
    %assign/vec4 v0x5d91bee9f380_0, 0;
    %jmp T_7.14;
T_7.3 ;
    %pushi/vec4 2, 0, 32;
    %assign/vec4 v0x5d91bee9f380_0, 0;
    %jmp T_7.14;
T_7.4 ;
    %pushi/vec4 0, 0, 32;
    %assign/vec4 v0x5d91bee9d260_0, 0;
    %pushi/vec4 3, 0, 32;
    %assign/vec4 v0x5d91bee9f380_0, 0;
    %jmp T_7.14;
T_7.5 ;
    %load/vec4 v0x5d91bee9d260_0;
    %cmpi/s 4, 0, 32;
    %jmp/0xz  T_7.15, 5;
    %pushi/vec4 4, 0, 32;
    %assign/vec4 v0x5d91bee9f380_0, 0;
    %jmp T_7.16;
T_7.15 ;
    %pushi/vec4 11, 0, 32;
    %assign/vec4 v0x5d91bee9f380_0, 0;
T_7.16 ;
    %jmp T_7.14;
T_7.6 ;
    %load/vec4 v0x5d91bee945a0_0;
    %flag_set/vec4 8;
    %jmp/0xz  T_7.17, 8;
    %pushi/vec4 5, 0, 32;
    %assign/vec4 v0x5d91bee9f380_0, 0;
T_7.17 ;
    %jmp T_7.14;
T_7.7 ;
    %load/vec4 v0x5d91bee9ea40_0;
    %flag_set/vec4 8;
    %jmp/0xz  T_7.19, 8;
    %load/vec4 v0x5d91bee9e7e0_0;
    %assign/vec4 v0x5d91bee9ee60_0, 0;
T_7.19 ;
    %load/vec4 v0x5d91bee9ea40_0;
    %flag_set/vec4 8;
    %jmp/0xz  T_7.21, 8;
    %load/vec4 v0x5d91bee9e8c0_0;
    %assign/vec4 v0x5d91bee9ef40_0, 0;
T_7.21 ;
    %load/vec4 v0x5d91bee9ea40_0;
    %flag_set/vec4 8;
    %jmp/0xz  T_7.23, 8;
    %pushi/vec4 6, 0, 32;
    %assign/vec4 v0x5d91bee9f380_0, 0;
T_7.23 ;
    %jmp T_7.14;
T_7.8 ;
    %load/vec4 v0x5d91bee9ee60_0;
    %assign/vec4 v0x5d91bee9f1c0_0, 0;
    %load/vec4 v0x5d91bee9ef40_0;
    %pad/u 32;
    %assign/vec4 v0x5d91bee9d340_0, 0;
    %pushi/vec4 7, 0, 32;
    %assign/vec4 v0x5d91bee9f380_0, 0;
    %jmp T_7.14;
T_7.9 ;
    %pushi/vec4 4294967295, 0, 416;
    %concati/vec4 4294967295, 0, 32;
    %concati/vec4 4294967295, 0, 32;
    %concati/vec4 4294967295, 0, 32;
    %load/vec4 v0x5d91bee9d260_0;
    %ix/load 5, 7, 0;
    %flag_set/imm 4, 0;
    %shiftl 5;
    %ix/vec4 4;
    %shiftl 4;
    %inv;
    %assign/vec4 v0x5d91bee9f540_0, 0;
    %pushi/vec4 8, 0, 32;
    %assign/vec4 v0x5d91bee9f380_0, 0;
    %jmp T_7.14;
T_7.10 ;
    %vpi_call 2 2044 "$display", " read: %x", v0x5d91bee9f1c0_0 {0 0 0};
    %pushi/vec4 9, 0, 32;
    %assign/vec4 v0x5d91bee9f380_0, 0;
    %jmp T_7.14;
T_7.11 ;
    %load/vec4 v0x5d91bee9f000_0;
    %load/vec4 v0x5d91bee9f540_0;
    %and;
    %load/vec4 v0x5d91bee9f1c0_0;
    %pad/u 512;
    %load/vec4 v0x5d91bee9d260_0;
    %ix/load 5, 7, 0;
    %flag_set/imm 4, 0;
    %shiftl 5;
    %ix/vec4 4;
    %shiftl 4;
    %or;
    %assign/vec4 v0x5d91bee9f000_0, 0;
    %pushi/vec4 10, 0, 32;
    %assign/vec4 v0x5d91bee9f380_0, 0;
    %jmp T_7.14;
T_7.12 ;
    %load/vec4 v0x5d91bee9d260_0;
    %addi 1, 0, 32;
    %assign/vec4 v0x5d91bee9d260_0, 0;
    %pushi/vec4 3, 0, 32;
    %assign/vec4 v0x5d91bee9f380_0, 0;
    %jmp T_7.14;
T_7.13 ;
    %pushi/vec4 1, 0, 32;
    %assign/vec4 v0x5d91bee9f380_0, 0;
    %jmp T_7.14;
T_7.14 ;
    %pop/vec4 1;
T_7.1 ;
    %jmp T_7;
    .thread T_7;
    .scope S_0x5d91beddaab0;
T_8 ;
    %wait E_0x5d91bec98110;
    %load/vec4 v0x5d91bee92fe0_0;
    %flag_set/vec4 8;
    %jmp/0xz  T_8.0, 8;
    %pushi/vec4 0, 0, 32;
    %assign/vec4 v0x5d91bee9f860_0, 0;
    %pushi/vec4 0, 0, 64;
    %assign/vec4 v0x5d91bee9f460_0, 0;
    %pushi/vec4 0, 0, 64;
    %assign/vec4 v0x5d91bee9f940_0, 0;
    %pushi/vec4 0, 0, 64;
    %assign/vec4 v0x5d91bee9f2a0_0, 0;
    %pushi/vec4 0, 0, 32;
    %assign/vec4 v0x5d91bee9d500_0, 0;
    %pushi/vec4 0, 0, 32;
    %assign/vec4 v0x5d91bee9d420_0, 0;
    %jmp T_8.1;
T_8.0 ;
    %load/vec4 v0x5d91bee9f860_0;
    %dup/vec4;
    %pushi/vec4 0, 0, 32;
    %cmp/u;
    %jmp/1 T_8.2, 6;
    %dup/vec4;
    %pushi/vec4 1, 0, 32;
    %cmp/u;
    %jmp/1 T_8.3, 6;
    %dup/vec4;
    %pushi/vec4 2, 0, 32;
    %cmp/u;
    %jmp/1 T_8.4, 6;
    %dup/vec4;
    %pushi/vec4 3, 0, 32;
    %cmp/u;
    %jmp/1 T_8.5, 6;
    %dup/vec4;
    %pushi/vec4 4, 0, 32;
    %cmp/u;
    %jmp/1 T_8.6, 6;
    %dup/vec4;
    %pushi/vec4 5, 0, 32;
    %cmp/u;
    %jmp/1 T_8.7, 6;
    %dup/vec4;
    %pushi/vec4 6, 0, 32;
    %cmp/u;
    %jmp/1 T_8.8, 6;
    %dup/vec4;
    %pushi/vec4 7, 0, 32;
    %cmp/u;
    %jmp/1 T_8.9, 6;
    %dup/vec4;
    %pushi/vec4 8, 0, 32;
    %cmp/u;
    %jmp/1 T_8.10, 6;
    %dup/vec4;
    %pushi/vec4 9, 0, 32;
    %cmp/u;
    %jmp/1 T_8.11, 6;
    %dup/vec4;
    %pushi/vec4 10, 0, 32;
    %cmp/u;
    %jmp/1 T_8.12, 6;
    %dup/vec4;
    %pushi/vec4 11, 0, 32;
    %cmp/u;
    %jmp/1 T_8.13, 6;
    %dup/vec4;
    %pushi/vec4 12, 0, 32;
    %cmp/u;
    %jmp/1 T_8.14, 6;
    %dup/vec4;
    %pushi/vec4 13, 0, 32;
    %cmp/u;
    %jmp/1 T_8.15, 6;
    %dup/vec4;
    %pushi/vec4 14, 0, 32;
    %cmp/u;
    %jmp/1 T_8.16, 6;
    %dup/vec4;
    %pushi/vec4 15, 0, 32;
    %cmp/u;
    %jmp/1 T_8.17, 6;
    %dup/vec4;
    %pushi/vec4 16, 0, 32;
    %cmp/u;
    %jmp/1 T_8.18, 6;
    %dup/vec4;
    %pushi/vec4 17, 0, 32;
    %cmp/u;
    %jmp/1 T_8.19, 6;
    %dup/vec4;
    %pushi/vec4 18, 0, 32;
    %cmp/u;
    %jmp/1 T_8.20, 6;
    %dup/vec4;
    %pushi/vec4 19, 0, 32;
    %cmp/u;
    %jmp/1 T_8.21, 6;
    %dup/vec4;
    %pushi/vec4 20, 0, 32;
    %cmp/u;
    %jmp/1 T_8.22, 6;
    %dup/vec4;
    %pushi/vec4 21, 0, 32;
    %cmp/u;
    %jmp/1 T_8.23, 6;
    %dup/vec4;
    %pushi/vec4 22, 0, 32;
    %cmp/u;
    %jmp/1 T_8.24, 6;
    %dup/vec4;
    %pushi/vec4 23, 0, 32;
    %cmp/u;
    %jmp/1 T_8.25, 6;
    %dup/vec4;
    %pushi/vec4 24, 0, 32;
    %cmp/u;
    %jmp/1 T_8.26, 6;
    %jmp T_8.27;
T_8.2 ;
    %pushi/vec4 1, 0, 32;
    %assign/vec4 v0x5d91bee9f860_0, 0;
    %jmp T_8.27;
T_8.3 ;
    %pushi/vec4 2, 0, 32;
    %assign/vec4 v0x5d91bee9f860_0, 0;
    %jmp T_8.27;
T_8.4 ;
    %pushi/vec4 3, 0, 32;
    %assign/vec4 v0x5d91bee9f860_0, 0;
    %jmp T_8.27;
T_8.5 ;
    %load/vec4 v0x5d91bee938c0_0;
    %cmpi/ne 0, 0, 64;
    %jmp/0xz  T_8.28, 4;
    %pushi/vec4 4, 0, 32;
    %assign/vec4 v0x5d91bee9f860_0, 0;
    %jmp T_8.29;
T_8.28 ;
    %pushi/vec4 5, 0, 32;
    %assign/vec4 v0x5d91bee9f860_0, 0;
T_8.29 ;
    %jmp T_8.27;
T_8.6 ;
    %pushi/vec4 6, 0, 32;
    %assign/vec4 v0x5d91bee9f860_0, 0;
    %jmp T_8.27;
T_8.7 ;
    %pushi/vec4 2, 0, 32;
    %assign/vec4 v0x5d91bee9f860_0, 0;
    %jmp T_8.27;
T_8.8 ;
    %pushi/vec4 7, 0, 32;
    %assign/vec4 v0x5d91bee9f860_0, 0;
    %jmp T_8.27;
T_8.9 ;
    %load/vec4 v0x5d91bee938c0_0;
    %cmpi/e 1, 0, 64;
    %jmp/0xz  T_8.30, 4;
    %pushi/vec4 8, 0, 32;
    %assign/vec4 v0x5d91bee9f860_0, 0;
    %jmp T_8.31;
T_8.30 ;
    %pushi/vec4 10, 0, 32;
    %assign/vec4 v0x5d91bee9f860_0, 0;
T_8.31 ;
    %jmp T_8.27;
T_8.10 ;
    %pushi/vec4 3421674724, 0, 32;
    %concati/vec4 2216829733, 0, 32;
    %assign/vec4 v0x5d91bee9f460_0, 0;
    %pushi/vec4 9, 0, 32;
    %assign/vec4 v0x5d91bee9f860_0, 0;
    %jmp T_8.27;
T_8.11 ;
    %pushi/vec4 22, 0, 32;
    %assign/vec4 v0x5d91bee9f860_0, 0;
    %jmp T_8.27;
T_8.12 ;
    %load/vec4 v0x5d91bee938c0_0;
    %cmpi/e 2, 0, 64;
    %jmp/0xz  T_8.32, 4;
    %pushi/vec4 11, 0, 32;
    %assign/vec4 v0x5d91bee9f860_0, 0;
    %jmp T_8.33;
T_8.32 ;
    %pushi/vec4 21, 0, 32;
    %assign/vec4 v0x5d91bee9f860_0, 0;
T_8.33 ;
    %jmp T_8.27;
T_8.13 ;
    %load/vec4 v0x5d91bee93a80_0;
    %assign/vec4 v0x5d91bee9f940_0, 0;
    %pushi/vec4 12, 0, 32;
    %assign/vec4 v0x5d91bee9f860_0, 0;
    %jmp T_8.27;
T_8.14 ;
    %load/vec4 v0x5d91bee93b60_0;
    %assign/vec4 v0x5d91bee9f2a0_0, 0;
    %pushi/vec4 13, 0, 32;
    %assign/vec4 v0x5d91bee9f860_0, 0;
    %jmp T_8.27;
T_8.15 ;
    %vpi_call 2 2161 "$display", "buffer: %x", v0x5d91bee9f000_0 {0 0 0};
    %pushi/vec4 14, 0, 32;
    %assign/vec4 v0x5d91bee9f860_0, 0;
    %jmp T_8.27;
T_8.16 ;
    %load/vec4 v0x5d91bee9f940_0;
    %ix/load 4, 3, 0;
    %flag_set/imm 4, 0;
    %shiftr 4;
    %pad/u 32;
    %assign/vec4 v0x5d91bee9d500_0, 0;
    %pushi/vec4 15, 0, 32;
    %assign/vec4 v0x5d91bee9f860_0, 0;
    %jmp T_8.27;
T_8.17 ;
    %load/vec4 v0x5d91bee9d500_0;
    %pad/u 64;
    %load/vec4 v0x5d91bee9f2a0_0;
    %ix/load 4, 3, 0;
    %flag_set/imm 4, 0;
    %shiftr 4;
    %addi 1, 0, 64;
    %cmp/u;
    %jmp/0xz  T_8.34, 5;
    %pushi/vec4 16, 0, 32;
    %assign/vec4 v0x5d91bee9f860_0, 0;
    %jmp T_8.35;
T_8.34 ;
    %pushi/vec4 20, 0, 32;
    %assign/vec4 v0x5d91bee9f860_0, 0;
T_8.35 ;
    %jmp T_8.27;
T_8.18 ;
    %load/vec4 v0x5d91bee9f000_0;
    %load/vec4 v0x5d91bee9d500_0;
    %ix/load 5, 3, 0;
    %flag_set/imm 4, 0;
    %shiftl 5;
    %ix/vec4 4;
    %shiftr 4;
    %pushi/vec4 255, 0, 512;
    %and;
    %pad/u 32;
    %assign/vec4 v0x5d91bee9d420_0, 0;
    %pushi/vec4 17, 0, 32;
    %assign/vec4 v0x5d91bee9f860_0, 0;
    %jmp T_8.27;
T_8.19 ;
    %load/vec4 v0x5d91bee9f460_0;
    %load/vec4 v0x5d91bee9d420_0;
    %pad/u 64;
    %xor;
    %assign/vec4 v0x5d91bee9f460_0, 0;
    %pushi/vec4 18, 0, 32;
    %assign/vec4 v0x5d91bee9f860_0, 0;
    %jmp T_8.27;
T_8.20 ;
    %load/vec4 v0x5d91bee9f460_0;
    %pushi/vec4 2147483648, 0, 55;
    %concati/vec4 435, 0, 9;
    %mul;
    %assign/vec4 v0x5d91bee9f460_0, 0;
    %pushi/vec4 19, 0, 32;
    %assign/vec4 v0x5d91bee9f860_0, 0;
    %jmp T_8.27;
T_8.21 ;
    %load/vec4 v0x5d91bee9d500_0;
    %addi 1, 0, 32;
    %assign/vec4 v0x5d91bee9d500_0, 0;
    %pushi/vec4 15, 0, 32;
    %assign/vec4 v0x5d91bee9f860_0, 0;
    %jmp T_8.27;
T_8.22 ;
    %pushi/vec4 22, 0, 32;
    %assign/vec4 v0x5d91bee9f860_0, 0;
    %jmp T_8.27;
T_8.23 ;
    %pushi/vec4 22, 0, 32;
    %assign/vec4 v0x5d91bee9f860_0, 0;
    %jmp T_8.27;
T_8.24 ;
    %pushi/vec4 23, 0, 32;
    %assign/vec4 v0x5d91bee9f860_0, 0;
    %jmp T_8.27;
T_8.25 ;
    %pushi/vec4 24, 0, 32;
    %assign/vec4 v0x5d91bee9f860_0, 0;
    %jmp T_8.27;
T_8.26 ;
    %pushi/vec4 1, 0, 32;
    %assign/vec4 v0x5d91bee9f860_0, 0;
    %jmp T_8.27;
T_8.27 ;
    %pop/vec4 1;
T_8.1 ;
    %jmp T_8;
    .thread T_8;
    .scope S_0x5d91beddca00;
T_9 ;
    %wait E_0x5d91bec97290;
    %load/vec4 v0x5d91beea5240_0;
    %store/vec4 v0x5d91beea6390_0, 0, 32;
    %jmp T_9;
    .thread T_9, $push;
    .scope S_0x5d91beddca00;
T_10 ;
    %wait E_0x5d91bec9cc50;
    %load/vec4 v0x5d91beea5320_0;
    %store/vec4 v0x5d91beea6460_0, 0, 4;
    %jmp T_10;
    .thread T_10, $push;
    .scope S_0x5d91beddca00;
T_11 ;
    %wait E_0x5d91bee15f30;
    %load/vec4 v0x5d91beea5400_0;
    %store/vec4 v0x5d91beea6530_0, 0, 3;
    %jmp T_11;
    .thread T_11, $push;
    .scope S_0x5d91beddca00;
T_12 ;
    %wait E_0x5d91beca7310;
    %load/vec4 v0x5d91beea54e0_0;
    %store/vec4 v0x5d91beea66d0_0, 0, 1;
    %jmp T_12;
    .thread T_12, $push;
    .scope S_0x5d91beddca00;
T_13 ;
    %wait E_0x5d91beca0b90;
    %load/vec4 v0x5d91beea55a0_0;
    %store/vec4 v0x5d91beea7560_0, 0, 64;
    %jmp T_13;
    .thread T_13, $push;
    .scope S_0x5d91beddca00;
T_14 ;
    %wait E_0x5d91bec9ff60;
    %load/vec4 v0x5d91beea5680_0;
    %store/vec4 v0x5d91beea7700_0, 0, 8;
    %jmp T_14;
    .thread T_14, $push;
    .scope S_0x5d91beddca00;
T_15 ;
    %wait E_0x5d91bec9f580;
    %load/vec4 v0x5d91beea5760_0;
    %store/vec4 v0x5d91beea77d0_0, 0, 1;
    %jmp T_15;
    .thread T_15, $push;
    .scope S_0x5d91beddca00;
T_16 ;
    %wait E_0x5d91bedd9dc0;
    %load/vec4 v0x5d91beea5820_0;
    %store/vec4 v0x5d91beea67a0_0, 0, 1;
    %jmp T_16;
    .thread T_16, $push;
    .scope S_0x5d91beddca00;
T_17 ;
    %wait E_0x5d91bec9e950;
    %load/vec4 v0x5d91beea58e0_0;
    %store/vec4 v0x5d91beea5f60_0, 0, 32;
    %jmp T_17;
    .thread T_17, $push;
    .scope S_0x5d91beddca00;
T_18 ;
    %wait E_0x5d91bec9d630;
    %load/vec4 v0x5d91beea59c0_0;
    %store/vec4 v0x5d91beea6050_0, 0, 4;
    %jmp T_18;
    .thread T_18, $push;
    .scope S_0x5d91beddca00;
T_19 ;
    %wait E_0x5d91bee81f60;
    %load/vec4 v0x5d91beea5aa0_0;
    %store/vec4 v0x5d91beea6120_0, 0, 3;
    %jmp T_19;
    .thread T_19, $push;
    .scope S_0x5d91beddca00;
T_20 ;
    %wait E_0x5d91bee80e90;
    %load/vec4 v0x5d91beea5b80_0;
    %store/vec4 v0x5d91beea62c0_0, 0, 1;
    %jmp T_20;
    .thread T_20, $push;
    .scope S_0x5d91beddca00;
T_21 ;
    %wait E_0x5d91bec636c0;
    %load/vec4 v0x5d91beea5c40_0;
    %store/vec4 v0x5d91beea72f0_0, 0, 1;
    %jmp T_21;
    .thread T_21, $push;
    .scope S_0x5d91beddca00;
T_22 ;
    %wait E_0x5d91beda3290;
    %load/vec4 v0x5d91beea5d00_0;
    %store/vec4 v0x5d91beea7c80_0, 0, 128;
    %jmp T_22;
    .thread T_22, $push;
    .scope S_0x5d91beddca00;
T_23 ;
    %wait E_0x5d91beda4ed0;
    %load/vec4 v0x5d91beea5de0_0;
    %store/vec4 v0x5d91beea7f10_0, 0, 1;
    %jmp T_23;
    .thread T_23, $push;
    .scope S_0x5d91beddca00;
T_24 ;
    %wait E_0x5d91beda2a60;
    %load/vec4 v0x5d91beea5ea0_0;
    %store/vec4 v0x5d91beea7d70_0, 0, 1;
    %jmp T_24;
    .thread T_24, $push;
    .scope S_0x5d91beddca00;
T_25 ;
    %pushi/vec4 0, 0, 1;
    %store/vec4 v0x5d91beea01c0_0, 0, 1;
T_25.0 ;
    %delay 5, 0;
    %load/vec4 v0x5d91beea01c0_0;
    %nor/r;
    %store/vec4 v0x5d91beea01c0_0, 0, 1;
    %jmp T_25.0;
    %end;
    .thread T_25;
    .scope S_0x5d91beddca00;
T_26 ;
    %pushi/vec4 0, 0, 1;
    %store/vec4 v0x5d91beea0280_0, 0, 1;
    %pushi/vec4 0, 0, 32;
    %store/vec4 v0x5d91beea8460_0, 0, 32;
    %pushi/vec4 0, 0, 1;
    %store/vec4 v0x5d91beea87c0_0, 0, 1;
    %pushi/vec4 0, 0, 64;
    %store/vec4 v0x5d91beea2890_0, 0, 64;
    %pushi/vec4 0, 0, 8;
    %store/vec4 v0x5d91beea2a30_0, 0, 8;
    %pushi/vec4 0, 0, 1;
    %store/vec4 v0x5d91beea2b10_0, 0, 1;
    %pushi/vec4 0, 0, 72;
    %store/vec4 v0x5d91beea45e0_0, 0, 72;
    %pushi/vec4 0, 0, 1;
    %store/vec4 v0x5d91beea50a0_0, 0, 1;
    %pushi/vec4 0, 0, 72;
    %store/vec4 v0x5d91beea4f00_0, 0, 72;
    %pushi/vec4 0, 0, 1;
    %store/vec4 v0x5d91beea4fe0_0, 0, 1;
    %pushi/vec4 0, 0, 32;
    %store/vec4 v0x5d91beea8080_0, 0, 32;
    %pushi/vec4 0, 0, 1;
    %store/vec4 v0x5d91beea83a0_0, 0, 1;
    %pushi/vec4 0, 0, 64;
    %store/vec4 v0x5d91beea3c60_0, 0, 64;
    %pushi/vec4 0, 0, 1;
    %store/vec4 v0x5d91beea4520_0, 0, 1;
    %pushi/vec4 0, 0, 64;
    %store/vec4 v0x5d91beea4380_0, 0, 64;
    %pushi/vec4 0, 0, 1;
    %store/vec4 v0x5d91beea4460_0, 0, 1;
    %pushi/vec4 0, 0, 3;
    %store/vec4 v0x5d91beea14d0_0, 0, 3;
    %pushi/vec4 0, 0, 128;
    %store/vec4 v0x5d91beea9240_0, 0, 128;
    %pushi/vec4 0, 0, 1;
    %store/vec4 v0x5d91beea94a0_0, 0, 1;
    %pushi/vec4 0, 0, 1;
    %store/vec4 v0x5d91beea9320_0, 0, 1;
    %pushi/vec4 0, 0, 4;
    %store/vec4 v0x5d91beea7fe0_0, 0, 4;
    %pushi/vec4 0, 0, 8;
    %store/vec4 v0x5d91beea3310_0, 0, 8;
    %pushi/vec4 0, 0, 32;
    %store/vec4 v0x5d91beea2f90_0, 0, 32;
    %pushi/vec4 0, 0, 32;
    %store/vec4 v0x5d91beea3150_0, 0, 32;
    %pushi/vec4 0, 0, 33;
    %store/vec4 v0x5d91beea3b20_0, 0, 33;
    %pushi/vec4 0, 0, 1;
    %store/vec4 v0x5d91beea2d50_0, 0, 1;
    %pushi/vec4 0, 0, 128;
    %store/vec4 v0x5d91beea9160_0, 0, 128;
    %pushi/vec4 0, 0, 32;
    %store/vec4 v0x5d91beea9560_0, 0, 32;
    %pushi/vec4 0, 0, 32;
    %store/vec4 v0x5d91beea5160_0, 0, 32;
    %pushi/vec4 0, 0, 1;
    %store/vec4 v0x5d91beea2bd0_0, 0, 1;
    %pushi/vec4 0, 0, 1;
    %store/vec4 v0x5d91beea1c90_0, 0, 1;
    %pushi/vec4 0, 0, 1;
    %store/vec4 v0x5d91beea2290_0, 0, 1;
    %pushi/vec4 0, 0, 1;
    %store/vec4 v0x5d91beea15b0_0, 0, 1;
    %pushi/vec4 0, 0, 64;
    %store/vec4 v0x5d91beea78a0_0, 0, 64;
    %pushi/vec4 0, 0, 1;
    %store/vec4 v0x5d91beea1d50_0, 0, 1;
    %pushi/vec4 0, 0, 1;
    %store/vec4 v0x5d91beea2350_0, 0, 1;
    %pushi/vec4 0, 0, 1;
    %store/vec4 v0x5d91beea1e10_0, 0, 1;
    %pushi/vec4 0, 0, 1;
    %store/vec4 v0x5d91beea2410_0, 0, 1;
    %pushi/vec4 0, 0, 1;
    %store/vec4 v0x5d91beea1ed0_0, 0, 1;
    %pushi/vec4 0, 0, 1;
    %store/vec4 v0x5d91beea24d0_0, 0, 1;
    %pushi/vec4 0, 0, 1;
    %store/vec4 v0x5d91beea1670_0, 0, 1;
    %pushi/vec4 0, 0, 64;
    %store/vec4 v0x5d91beea7940_0, 0, 64;
    %pushi/vec4 0, 0, 1;
    %store/vec4 v0x5d91beea2c90_0, 0, 1;
    %pushi/vec4 0, 0, 1;
    %store/vec4 v0x5d91beea1730_0, 0, 1;
    %pushi/vec4 0, 0, 64;
    %store/vec4 v0x5d91beea79e0_0, 0, 64;
    %pushi/vec4 0, 0, 1;
    %store/vec4 v0x5d91beea1f90_0, 0, 1;
    %pushi/vec4 0, 0, 1;
    %store/vec4 v0x5d91beea2590_0, 0, 1;
    %pushi/vec4 0, 0, 1;
    %store/vec4 v0x5d91beea2050_0, 0, 1;
    %pushi/vec4 0, 0, 1;
    %store/vec4 v0x5d91beea2650_0, 0, 1;
    %pushi/vec4 0, 0, 1;
    %store/vec4 v0x5d91beea2110_0, 0, 1;
    %pushi/vec4 0, 0, 1;
    %store/vec4 v0x5d91beea2710_0, 0, 1;
    %pushi/vec4 0, 0, 1;
    %store/vec4 v0x5d91beea17f0_0, 0, 1;
    %pushi/vec4 0, 0, 64;
    %store/vec4 v0x5d91beea7a80_0, 0, 64;
    %pushi/vec4 0, 0, 1;
    %store/vec4 v0x5d91beea21d0_0, 0, 1;
    %pushi/vec4 0, 0, 1;
    %store/vec4 v0x5d91beea27d0_0, 0, 1;
    %pushi/vec4 0, 0, 1;
    %store/vec4 v0x5d91beea18b0_0, 0, 1;
    %pushi/vec4 0, 0, 64;
    %store/vec4 v0x5d91beea7b20_0, 0, 64;
    %pushi/vec4 0, 0, 1;
    %store/vec4 v0x5d91beea1970_0, 0, 1;
    %pushi/vec4 0, 0, 64;
    %store/vec4 v0x5d91beea7bc0_0, 0, 64;
    %delay 100, 0;
    %pushi/vec4 1, 0, 1;
    %store/vec4 v0x5d91beea0280_0, 0, 1;
    %delay 100, 0;
    %pushi/vec4 0, 0, 1;
    %store/vec4 v0x5d91beea0280_0, 0, 1;
    %delay 1000000, 0;
    %vpi_call 2 442 "$finish" {0 0 0};
    %end;
    .thread T_26;
    .scope S_0x5d91beddca00;
T_27 ;
    %wait E_0x5d91bec98110;
    %load/vec4 v0x5d91beea0280_0;
    %flag_set/vec4 8;
    %jmp/0xz  T_27.0, 8;
    %pushi/vec4 0, 0, 32;
    %assign/vec4 v0x5d91beea8460_0, 0;
    %pushi/vec4 0, 0, 1;
    %assign/vec4 v0x5d91beea87c0_0, 0;
    %pushi/vec4 0, 0, 1;
    %assign/vec4 v0x5d91beea1c90_0, 0;
    %pushi/vec4 0, 0, 1;
    %assign/vec4 v0x5d91beea1d50_0, 0;
    %pushi/vec4 0, 0, 1;
    %assign/vec4 v0x5d91beea1e10_0, 0;
    %pushi/vec4 0, 0, 1;
    %assign/vec4 v0x5d91beea1ed0_0, 0;
    %pushi/vec4 0, 0, 1;
    %assign/vec4 v0x5d91beea1f90_0, 0;
    %pushi/vec4 0, 0, 1;
    %assign/vec4 v0x5d91beea2050_0, 0;
    %pushi/vec4 0, 0, 1;
    %assign/vec4 v0x5d91beea2110_0, 0;
    %pushi/vec4 0, 0, 1;
    %assign/vec4 v0x5d91beea21d0_0, 0;
    %jmp T_27.1;
T_27.0 ;
    %load/vec4 v0x5d91beea1c90_0;
    %flag_set/vec4 8;
    %jmp/0xz  T_27.2, 8;
    %pushi/vec4 0, 0, 1;
    %assign/vec4 v0x5d91beea87c0_0, 0;
T_27.2 ;
    %load/vec4 v0x5d91beea1d50_0;
    %flag_set/vec4 8;
    %jmp/0xz  T_27.4, 8;
    %pushi/vec4 0, 0, 1;
    %assign/vec4 v0x5d91beea87c0_0, 0;
T_27.4 ;
    %load/vec4 v0x5d91beea1e10_0;
    %flag_set/vec4 8;
    %jmp/0xz  T_27.6, 8;
    %pushi/vec4 0, 0, 1;
    %assign/vec4 v0x5d91beea87c0_0, 0;
T_27.6 ;
    %load/vec4 v0x5d91beea1ed0_0;
    %flag_set/vec4 8;
    %jmp/0xz  T_27.8, 8;
    %pushi/vec4 0, 0, 1;
    %assign/vec4 v0x5d91beea87c0_0, 0;
T_27.8 ;
    %load/vec4 v0x5d91beea1f90_0;
    %flag_set/vec4 8;
    %jmp/0xz  T_27.10, 8;
    %pushi/vec4 0, 0, 1;
    %assign/vec4 v0x5d91beea87c0_0, 0;
T_27.10 ;
    %load/vec4 v0x5d91beea2050_0;
    %flag_set/vec4 8;
    %jmp/0xz  T_27.12, 8;
    %pushi/vec4 0, 0, 1;
    %assign/vec4 v0x5d91beea87c0_0, 0;
T_27.12 ;
    %load/vec4 v0x5d91beea2110_0;
    %flag_set/vec4 8;
    %jmp/0xz  T_27.14, 8;
    %pushi/vec4 0, 0, 1;
    %assign/vec4 v0x5d91beea87c0_0, 0;
T_27.14 ;
    %load/vec4 v0x5d91beea21d0_0;
    %flag_set/vec4 8;
    %jmp/0xz  T_27.16, 8;
    %pushi/vec4 0, 0, 1;
    %assign/vec4 v0x5d91beea87c0_0, 0;
T_27.16 ;
    %load/vec4 v0x5d91beea9560_0;
    %cmpi/e 6, 0, 32;
    %flag_get/vec4 4;
    %jmp/0 T_27.20, 4;
    %load/vec4 v0x5d91beea14d0_0;
    %pad/u 32;
    %cmpi/e 0, 0, 32;
    %flag_get/vec4 4;
    %jmp/0 T_27.21, 4;
    %load/vec4 v0x5d91beea8700_0;
    %flag_set/vec4 9;
    %flag_get/vec4 9;
    %jmp/1 T_27.22, 9;
    %load/vec4 v0x5d91beea87c0_0;
    %nor/r;
    %or;
T_27.22;
    %and;
T_27.21;
    %and;
T_27.20;
    %flag_set/vec4 8;
    %jmp/0xz  T_27.18, 8;
    %pushi/vec4 16, 0, 32;
    %assign/vec4 v0x5d91beea8460_0, 0;
    %pushi/vec4 1, 0, 1;
    %assign/vec4 v0x5d91beea87c0_0, 0;
T_27.18 ;
    %pushi/vec4 1, 0, 1;
    %assign/vec4 v0x5d91beea1c90_0, 0;
    %load/vec4 v0x5d91beea87c0_0;
    %flag_set/vec4 9;
    %flag_get/vec4 9;
    %jmp/0 T_27.25, 9;
    %load/vec4 v0x5d91beea8700_0;
    %nor/r;
    %and;
T_27.25;
    %flag_set/vec4 8;
    %jmp/0xz  T_27.23, 8;
    %load/vec4 v0x5d91beea87c0_0;
    %assign/vec4 v0x5d91beea87c0_0, 0;
T_27.23 ;
    %load/vec4 v0x5d91beea9560_0;
    %cmpi/e 18, 0, 32;
    %flag_get/vec4 4;
    %jmp/0 T_27.28, 4;
    %load/vec4 v0x5d91beea14d0_0;
    %pad/u 32;
    %cmpi/e 0, 0, 32;
    %flag_get/vec4 4;
    %jmp/0 T_27.29, 4;
    %load/vec4 v0x5d91beea8700_0;
    %flag_set/vec4 9;
    %flag_get/vec4 9;
    %jmp/1 T_27.30, 9;
    %load/vec4 v0x5d91beea87c0_0;
    %nor/r;
    %or;
T_27.30;
    %and;
T_27.29;
    %and;
T_27.28;
    %flag_set/vec4 8;
    %jmp/0xz  T_27.26, 8;
    %pushi/vec4 32, 0, 32;
    %assign/vec4 v0x5d91beea8460_0, 0;
    %pushi/vec4 1, 0, 1;
    %assign/vec4 v0x5d91beea87c0_0, 0;
T_27.26 ;
    %pushi/vec4 1, 0, 1;
    %assign/vec4 v0x5d91beea1d50_0, 0;
    %load/vec4 v0x5d91beea87c0_0;
    %flag_set/vec4 9;
    %flag_get/vec4 9;
    %jmp/0 T_27.33, 9;
    %load/vec4 v0x5d91beea8700_0;
    %nor/r;
    %and;
T_27.33;
    %flag_set/vec4 8;
    %jmp/0xz  T_27.31, 8;
    %load/vec4 v0x5d91beea87c0_0;
    %assign/vec4 v0x5d91beea87c0_0, 0;
T_27.31 ;
    %load/vec4 v0x5d91beea9560_0;
    %cmpi/e 23, 0, 32;
    %flag_get/vec4 4;
    %jmp/0 T_27.36, 4;
    %load/vec4 v0x5d91beea14d0_0;
    %pad/u 32;
    %cmpi/e 0, 0, 32;
    %flag_get/vec4 4;
    %jmp/0 T_27.37, 4;
    %load/vec4 v0x5d91beea8700_0;
    %flag_set/vec4 9;
    %flag_get/vec4 9;
    %jmp/1 T_27.38, 9;
    %load/vec4 v0x5d91beea87c0_0;
    %nor/r;
    %or;
T_27.38;
    %and;
T_27.37;
    %and;
T_27.36;
    %flag_set/vec4 8;
    %jmp/0xz  T_27.34, 8;
    %pushi/vec4 40, 0, 32;
    %assign/vec4 v0x5d91beea8460_0, 0;
    %pushi/vec4 1, 0, 1;
    %assign/vec4 v0x5d91beea87c0_0, 0;
T_27.34 ;
    %pushi/vec4 1, 0, 1;
    %assign/vec4 v0x5d91beea1e10_0, 0;
    %load/vec4 v0x5d91beea87c0_0;
    %flag_set/vec4 9;
    %flag_get/vec4 9;
    %jmp/0 T_27.41, 9;
    %load/vec4 v0x5d91beea8700_0;
    %nor/r;
    %and;
T_27.41;
    %flag_set/vec4 8;
    %jmp/0xz  T_27.39, 8;
    %load/vec4 v0x5d91beea87c0_0;
    %assign/vec4 v0x5d91beea87c0_0, 0;
T_27.39 ;
    %load/vec4 v0x5d91beea9560_0;
    %cmpi/e 28, 0, 32;
    %flag_get/vec4 4;
    %jmp/0 T_27.44, 4;
    %load/vec4 v0x5d91beea14d0_0;
    %pad/u 32;
    %cmpi/e 0, 0, 32;
    %flag_get/vec4 4;
    %jmp/0 T_27.45, 4;
    %load/vec4 v0x5d91beea8700_0;
    %flag_set/vec4 9;
    %flag_get/vec4 9;
    %jmp/1 T_27.46, 9;
    %load/vec4 v0x5d91beea87c0_0;
    %nor/r;
    %or;
T_27.46;
    %and;
T_27.45;
    %and;
T_27.44;
    %flag_set/vec4 8;
    %jmp/0xz  T_27.42, 8;
    %pushi/vec4 16, 0, 32;
    %assign/vec4 v0x5d91beea8460_0, 0;
    %pushi/vec4 1, 0, 1;
    %assign/vec4 v0x5d91beea87c0_0, 0;
T_27.42 ;
    %pushi/vec4 1, 0, 1;
    %assign/vec4 v0x5d91beea1ed0_0, 0;
    %load/vec4 v0x5d91beea87c0_0;
    %flag_set/vec4 9;
    %flag_get/vec4 9;
    %jmp/0 T_27.49, 9;
    %load/vec4 v0x5d91beea8700_0;
    %nor/r;
    %and;
T_27.49;
    %flag_set/vec4 8;
    %jmp/0xz  T_27.47, 8;
    %load/vec4 v0x5d91beea87c0_0;
    %assign/vec4 v0x5d91beea87c0_0, 0;
T_27.47 ;
    %load/vec4 v0x5d91beea9560_0;
    %cmpi/e 52, 0, 32;
    %flag_get/vec4 4;
    %jmp/0 T_27.52, 4;
    %load/vec4 v0x5d91beea14d0_0;
    %pad/u 32;
    %cmpi/e 0, 0, 32;
    %flag_get/vec4 4;
    %jmp/0 T_27.53, 4;
    %load/vec4 v0x5d91beea8700_0;
    %flag_set/vec4 9;
    %flag_get/vec4 9;
    %jmp/1 T_27.54, 9;
    %load/vec4 v0x5d91beea87c0_0;
    %nor/r;
    %or;
T_27.54;
    %and;
T_27.53;
    %and;
T_27.52;
    %flag_set/vec4 8;
    %jmp/0xz  T_27.50, 8;
    %pushi/vec4 32, 0, 32;
    %assign/vec4 v0x5d91beea8460_0, 0;
    %pushi/vec4 1, 0, 1;
    %assign/vec4 v0x5d91beea87c0_0, 0;
T_27.50 ;
    %pushi/vec4 1, 0, 1;
    %assign/vec4 v0x5d91beea1f90_0, 0;
    %load/vec4 v0x5d91beea87c0_0;
    %flag_set/vec4 9;
    %flag_get/vec4 9;
    %jmp/0 T_27.57, 9;
    %load/vec4 v0x5d91beea8700_0;
    %nor/r;
    %and;
T_27.57;
    %flag_set/vec4 8;
    %jmp/0xz  T_27.55, 8;
    %load/vec4 v0x5d91beea87c0_0;
    %assign/vec4 v0x5d91beea87c0_0, 0;
T_27.55 ;
    %load/vec4 v0x5d91beea9560_0;
    %cmpi/e 57, 0, 32;
    %flag_get/vec4 4;
    %jmp/0 T_27.60, 4;
    %load/vec4 v0x5d91beea14d0_0;
    %pad/u 32;
    %cmpi/e 0, 0, 32;
    %flag_get/vec4 4;
    %jmp/0 T_27.61, 4;
    %load/vec4 v0x5d91beea8700_0;
    %flag_set/vec4 9;
    %flag_get/vec4 9;
    %jmp/1 T_27.62, 9;
    %load/vec4 v0x5d91beea87c0_0;
    %nor/r;
    %or;
T_27.62;
    %and;
T_27.61;
    %and;
T_27.60;
    %flag_set/vec4 8;
    %jmp/0xz  T_27.58, 8;
    %pushi/vec4 40, 0, 32;
    %assign/vec4 v0x5d91beea8460_0, 0;
    %pushi/vec4 1, 0, 1;
    %assign/vec4 v0x5d91beea87c0_0, 0;
T_27.58 ;
    %pushi/vec4 1, 0, 1;
    %assign/vec4 v0x5d91beea2050_0, 0;
    %load/vec4 v0x5d91beea87c0_0;
    %flag_set/vec4 9;
    %flag_get/vec4 9;
    %jmp/0 T_27.65, 9;
    %load/vec4 v0x5d91beea8700_0;
    %nor/r;
    %and;
T_27.65;
    %flag_set/vec4 8;
    %jmp/0xz  T_27.63, 8;
    %load/vec4 v0x5d91beea87c0_0;
    %assign/vec4 v0x5d91beea87c0_0, 0;
T_27.63 ;
    %load/vec4 v0x5d91beea9560_0;
    %cmpi/e 62, 0, 32;
    %flag_get/vec4 4;
    %jmp/0 T_27.68, 4;
    %load/vec4 v0x5d91beea14d0_0;
    %pad/u 32;
    %cmpi/e 0, 0, 32;
    %flag_get/vec4 4;
    %jmp/0 T_27.69, 4;
    %load/vec4 v0x5d91beea8700_0;
    %flag_set/vec4 9;
    %flag_get/vec4 9;
    %jmp/1 T_27.70, 9;
    %load/vec4 v0x5d91beea87c0_0;
    %nor/r;
    %or;
T_27.70;
    %and;
T_27.69;
    %and;
T_27.68;
    %flag_set/vec4 8;
    %jmp/0xz  T_27.66, 8;
    %pushi/vec4 16, 0, 32;
    %assign/vec4 v0x5d91beea8460_0, 0;
    %pushi/vec4 1, 0, 1;
    %assign/vec4 v0x5d91beea87c0_0, 0;
T_27.66 ;
    %pushi/vec4 1, 0, 1;
    %assign/vec4 v0x5d91beea2110_0, 0;
    %load/vec4 v0x5d91beea87c0_0;
    %flag_set/vec4 9;
    %flag_get/vec4 9;
    %jmp/0 T_27.73, 9;
    %load/vec4 v0x5d91beea8700_0;
    %nor/r;
    %and;
T_27.73;
    %flag_set/vec4 8;
    %jmp/0xz  T_27.71, 8;
    %load/vec4 v0x5d91beea87c0_0;
    %assign/vec4 v0x5d91beea87c0_0, 0;
T_27.71 ;
    %load/vec4 v0x5d91beea9560_0;
    %cmpi/e 74, 0, 32;
    %flag_get/vec4 4;
    %jmp/0 T_27.76, 4;
    %load/vec4 v0x5d91beea14d0_0;
    %pad/u 32;
    %cmpi/e 0, 0, 32;
    %flag_get/vec4 4;
    %jmp/0 T_27.77, 4;
    %load/vec4 v0x5d91beea8700_0;
    %flag_set/vec4 9;
    %flag_get/vec4 9;
    %jmp/1 T_27.78, 9;
    %load/vec4 v0x5d91beea87c0_0;
    %nor/r;
    %or;
T_27.78;
    %and;
T_27.77;
    %and;
T_27.76;
    %flag_set/vec4 8;
    %jmp/0xz  T_27.74, 8;
    %pushi/vec4 16, 0, 32;
    %assign/vec4 v0x5d91beea8460_0, 0;
    %pushi/vec4 1, 0, 1;
    %assign/vec4 v0x5d91beea87c0_0, 0;
T_27.74 ;
    %pushi/vec4 1, 0, 1;
    %assign/vec4 v0x5d91beea21d0_0, 0;
    %load/vec4 v0x5d91beea87c0_0;
    %flag_set/vec4 9;
    %flag_get/vec4 9;
    %jmp/0 T_27.81, 9;
    %load/vec4 v0x5d91beea8700_0;
    %nor/r;
    %and;
T_27.81;
    %flag_set/vec4 8;
    %jmp/0xz  T_27.79, 8;
    %load/vec4 v0x5d91beea87c0_0;
    %assign/vec4 v0x5d91beea87c0_0, 0;
T_27.79 ;
T_27.1 ;
    %jmp T_27;
    .thread T_27;
    .scope S_0x5d91beddca00;
T_28 ;
    %wait E_0x5d91bec98110;
    %load/vec4 v0x5d91beea0280_0;
    %flag_set/vec4 8;
    %jmp/0xz  T_28.0, 8;
    %pushi/vec4 0, 0, 64;
    %assign/vec4 v0x5d91beea2890_0, 0;
    %pushi/vec4 0, 0, 1;
    %assign/vec4 v0x5d91beea2b10_0, 0;
    %pushi/vec4 0, 0, 8;
    %assign/vec4 v0x5d91beea2a30_0, 0;
    %pushi/vec4 0, 0, 1;
    %assign/vec4 v0x5d91beea2290_0, 0;
    %pushi/vec4 0, 0, 1;
    %assign/vec4 v0x5d91beea2350_0, 0;
    %pushi/vec4 0, 0, 1;
    %assign/vec4 v0x5d91beea2410_0, 0;
    %pushi/vec4 0, 0, 1;
    %assign/vec4 v0x5d91beea24d0_0, 0;
    %pushi/vec4 0, 0, 1;
    %assign/vec4 v0x5d91beea2590_0, 0;
    %pushi/vec4 0, 0, 1;
    %assign/vec4 v0x5d91beea2650_0, 0;
    %pushi/vec4 0, 0, 1;
    %assign/vec4 v0x5d91beea2710_0, 0;
    %pushi/vec4 0, 0, 1;
    %assign/vec4 v0x5d91beea27d0_0, 0;
    %jmp T_28.1;
T_28.0 ;
    %load/vec4 v0x5d91beea2290_0;
    %flag_set/vec4 8;
    %jmp/0xz  T_28.2, 8;
    %pushi/vec4 0, 0, 1;
    %assign/vec4 v0x5d91beea2b10_0, 0;
T_28.2 ;
    %load/vec4 v0x5d91beea2350_0;
    %flag_set/vec4 8;
    %jmp/0xz  T_28.4, 8;
    %pushi/vec4 0, 0, 1;
    %assign/vec4 v0x5d91beea2b10_0, 0;
T_28.4 ;
    %load/vec4 v0x5d91beea2410_0;
    %flag_set/vec4 8;
    %jmp/0xz  T_28.6, 8;
    %pushi/vec4 0, 0, 1;
    %assign/vec4 v0x5d91beea2b10_0, 0;
T_28.6 ;
    %load/vec4 v0x5d91beea24d0_0;
    %flag_set/vec4 8;
    %jmp/0xz  T_28.8, 8;
    %pushi/vec4 0, 0, 1;
    %assign/vec4 v0x5d91beea2b10_0, 0;
T_28.8 ;
    %load/vec4 v0x5d91beea2590_0;
    %flag_set/vec4 8;
    %jmp/0xz  T_28.10, 8;
    %pushi/vec4 0, 0, 1;
    %assign/vec4 v0x5d91beea2b10_0, 0;
T_28.10 ;
    %load/vec4 v0x5d91beea2650_0;
    %flag_set/vec4 8;
    %jmp/0xz  T_28.12, 8;
    %pushi/vec4 0, 0, 1;
    %assign/vec4 v0x5d91beea2b10_0, 0;
T_28.12 ;
    %load/vec4 v0x5d91beea2710_0;
    %flag_set/vec4 8;
    %jmp/0xz  T_28.14, 8;
    %pushi/vec4 0, 0, 1;
    %assign/vec4 v0x5d91beea2b10_0, 0;
T_28.14 ;
    %load/vec4 v0x5d91beea27d0_0;
    %flag_set/vec4 8;
    %jmp/0xz  T_28.16, 8;
    %pushi/vec4 0, 0, 1;
    %assign/vec4 v0x5d91beea2b10_0, 0;
T_28.16 ;
    %load/vec4 v0x5d91beea9560_0;
    %cmpi/e 8, 0, 32;
    %flag_get/vec4 4;
    %jmp/0 T_28.20, 4;
    %load/vec4 v0x5d91beea2970_0;
    %flag_set/vec4 9;
    %flag_get/vec4 9;
    %jmp/1 T_28.21, 9;
    %load/vec4 v0x5d91beea2b10_0;
    %nor/r;
    %or;
T_28.21;
    %and;
T_28.20;
    %flag_set/vec4 8;
    %jmp/0xz  T_28.18, 8;
    %pushi/vec4 1, 0, 64;
    %assign/vec4 v0x5d91beea2890_0, 0;
    %pushi/vec4 1, 0, 1;
    %assign/vec4 v0x5d91beea2b10_0, 0;
    %pushi/vec4 255, 0, 8;
    %assign/vec4 v0x5d91beea2a30_0, 0;
T_28.18 ;
    %pushi/vec4 1, 0, 1;
    %assign/vec4 v0x5d91beea2290_0, 0;
    %load/vec4 v0x5d91beea2b10_0;
    %flag_set/vec4 9;
    %flag_get/vec4 9;
    %jmp/0 T_28.24, 9;
    %load/vec4 v0x5d91beea2970_0;
    %nor/r;
    %and;
T_28.24;
    %flag_set/vec4 8;
    %jmp/0xz  T_28.22, 8;
    %load/vec4 v0x5d91beea2b10_0;
    %assign/vec4 v0x5d91beea2b10_0, 0;
T_28.22 ;
    %load/vec4 v0x5d91beea9560_0;
    %cmpi/e 20, 0, 32;
    %flag_get/vec4 4;
    %jmp/0 T_28.27, 4;
    %load/vec4 v0x5d91beea2970_0;
    %flag_set/vec4 9;
    %flag_get/vec4 9;
    %jmp/1 T_28.28, 9;
    %load/vec4 v0x5d91beea2b10_0;
    %nor/r;
    %or;
T_28.28;
    %and;
T_28.27;
    %flag_set/vec4 8;
    %jmp/0xz  T_28.25, 8;
    %pushi/vec4 0, 0, 64;
    %assign/vec4 v0x5d91beea2890_0, 0;
    %pushi/vec4 1, 0, 1;
    %assign/vec4 v0x5d91beea2b10_0, 0;
    %pushi/vec4 255, 0, 8;
    %assign/vec4 v0x5d91beea2a30_0, 0;
T_28.25 ;
    %pushi/vec4 1, 0, 1;
    %assign/vec4 v0x5d91beea2350_0, 0;
    %load/vec4 v0x5d91beea2b10_0;
    %flag_set/vec4 9;
    %flag_get/vec4 9;
    %jmp/0 T_28.31, 9;
    %load/vec4 v0x5d91beea2970_0;
    %nor/r;
    %and;
T_28.31;
    %flag_set/vec4 8;
    %jmp/0xz  T_28.29, 8;
    %load/vec4 v0x5d91beea2b10_0;
    %assign/vec4 v0x5d91beea2b10_0, 0;
T_28.29 ;
    %load/vec4 v0x5d91beea9560_0;
    %cmpi/e 25, 0, 32;
    %flag_get/vec4 4;
    %jmp/0 T_28.34, 4;
    %load/vec4 v0x5d91beea2970_0;
    %flag_set/vec4 9;
    %flag_get/vec4 9;
    %jmp/1 T_28.35, 9;
    %load/vec4 v0x5d91beea2b10_0;
    %nor/r;
    %or;
T_28.35;
    %and;
T_28.34;
    %flag_set/vec4 8;
    %jmp/0xz  T_28.32, 8;
    %pushi/vec4 64, 0, 64;
    %assign/vec4 v0x5d91beea2890_0, 0;
    %pushi/vec4 1, 0, 1;
    %assign/vec4 v0x5d91beea2b10_0, 0;
    %pushi/vec4 255, 0, 8;
    %assign/vec4 v0x5d91beea2a30_0, 0;
T_28.32 ;
    %pushi/vec4 1, 0, 1;
    %assign/vec4 v0x5d91beea2410_0, 0;
    %load/vec4 v0x5d91beea2b10_0;
    %flag_set/vec4 9;
    %flag_get/vec4 9;
    %jmp/0 T_28.38, 9;
    %load/vec4 v0x5d91beea2970_0;
    %nor/r;
    %and;
T_28.38;
    %flag_set/vec4 8;
    %jmp/0xz  T_28.36, 8;
    %load/vec4 v0x5d91beea2b10_0;
    %assign/vec4 v0x5d91beea2b10_0, 0;
T_28.36 ;
    %load/vec4 v0x5d91beea9560_0;
    %cmpi/e 30, 0, 32;
    %flag_get/vec4 4;
    %jmp/0 T_28.41, 4;
    %load/vec4 v0x5d91beea2970_0;
    %flag_set/vec4 9;
    %flag_get/vec4 9;
    %jmp/1 T_28.42, 9;
    %load/vec4 v0x5d91beea2b10_0;
    %nor/r;
    %or;
T_28.42;
    %and;
T_28.41;
    %flag_set/vec4 8;
    %jmp/0xz  T_28.39, 8;
    %pushi/vec4 2, 0, 64;
    %assign/vec4 v0x5d91beea2890_0, 0;
    %pushi/vec4 1, 0, 1;
    %assign/vec4 v0x5d91beea2b10_0, 0;
    %pushi/vec4 255, 0, 8;
    %assign/vec4 v0x5d91beea2a30_0, 0;
T_28.39 ;
    %pushi/vec4 1, 0, 1;
    %assign/vec4 v0x5d91beea24d0_0, 0;
    %load/vec4 v0x5d91beea2b10_0;
    %flag_set/vec4 9;
    %flag_get/vec4 9;
    %jmp/0 T_28.45, 9;
    %load/vec4 v0x5d91beea2970_0;
    %nor/r;
    %and;
T_28.45;
    %flag_set/vec4 8;
    %jmp/0xz  T_28.43, 8;
    %load/vec4 v0x5d91beea2b10_0;
    %assign/vec4 v0x5d91beea2b10_0, 0;
T_28.43 ;
    %load/vec4 v0x5d91beea9560_0;
    %cmpi/e 54, 0, 32;
    %flag_get/vec4 4;
    %jmp/0 T_28.48, 4;
    %load/vec4 v0x5d91beea2970_0;
    %flag_set/vec4 9;
    %flag_get/vec4 9;
    %jmp/1 T_28.49, 9;
    %load/vec4 v0x5d91beea2b10_0;
    %nor/r;
    %or;
T_28.49;
    %and;
T_28.48;
    %flag_set/vec4 8;
    %jmp/0xz  T_28.46, 8;
    %pushi/vec4 0, 0, 64;
    %assign/vec4 v0x5d91beea2890_0, 0;
    %pushi/vec4 1, 0, 1;
    %assign/vec4 v0x5d91beea2b10_0, 0;
    %pushi/vec4 255, 0, 8;
    %assign/vec4 v0x5d91beea2a30_0, 0;
T_28.46 ;
    %pushi/vec4 1, 0, 1;
    %assign/vec4 v0x5d91beea2590_0, 0;
    %load/vec4 v0x5d91beea2b10_0;
    %flag_set/vec4 9;
    %flag_get/vec4 9;
    %jmp/0 T_28.52, 9;
    %load/vec4 v0x5d91beea2970_0;
    %nor/r;
    %and;
T_28.52;
    %flag_set/vec4 8;
    %jmp/0xz  T_28.50, 8;
    %load/vec4 v0x5d91beea2b10_0;
    %assign/vec4 v0x5d91beea2b10_0, 0;
T_28.50 ;
    %load/vec4 v0x5d91beea9560_0;
    %cmpi/e 59, 0, 32;
    %flag_get/vec4 4;
    %jmp/0 T_28.55, 4;
    %load/vec4 v0x5d91beea2970_0;
    %flag_set/vec4 9;
    %flag_get/vec4 9;
    %jmp/1 T_28.56, 9;
    %load/vec4 v0x5d91beea2b10_0;
    %nor/r;
    %or;
T_28.56;
    %and;
T_28.55;
    %flag_set/vec4 8;
    %jmp/0xz  T_28.53, 8;
    %pushi/vec4 7, 0, 64;
    %assign/vec4 v0x5d91beea2890_0, 0;
    %pushi/vec4 1, 0, 1;
    %assign/vec4 v0x5d91beea2b10_0, 0;
    %pushi/vec4 255, 0, 8;
    %assign/vec4 v0x5d91beea2a30_0, 0;
T_28.53 ;
    %pushi/vec4 1, 0, 1;
    %assign/vec4 v0x5d91beea2650_0, 0;
    %load/vec4 v0x5d91beea2b10_0;
    %flag_set/vec4 9;
    %flag_get/vec4 9;
    %jmp/0 T_28.59, 9;
    %load/vec4 v0x5d91beea2970_0;
    %nor/r;
    %and;
T_28.59;
    %flag_set/vec4 8;
    %jmp/0xz  T_28.57, 8;
    %load/vec4 v0x5d91beea2b10_0;
    %assign/vec4 v0x5d91beea2b10_0, 0;
T_28.57 ;
    %load/vec4 v0x5d91beea9560_0;
    %cmpi/e 64, 0, 32;
    %flag_get/vec4 4;
    %jmp/0 T_28.62, 4;
    %load/vec4 v0x5d91beea2970_0;
    %flag_set/vec4 9;
    %flag_get/vec4 9;
    %jmp/1 T_28.63, 9;
    %load/vec4 v0x5d91beea2b10_0;
    %nor/r;
    %or;
T_28.63;
    %and;
T_28.62;
    %flag_set/vec4 8;
    %jmp/0xz  T_28.60, 8;
    %pushi/vec4 2, 0, 64;
    %assign/vec4 v0x5d91beea2890_0, 0;
    %pushi/vec4 1, 0, 1;
    %assign/vec4 v0x5d91beea2b10_0, 0;
    %pushi/vec4 255, 0, 8;
    %assign/vec4 v0x5d91beea2a30_0, 0;
T_28.60 ;
    %pushi/vec4 1, 0, 1;
    %assign/vec4 v0x5d91beea2710_0, 0;
    %load/vec4 v0x5d91beea2b10_0;
    %flag_set/vec4 9;
    %flag_get/vec4 9;
    %jmp/0 T_28.66, 9;
    %load/vec4 v0x5d91beea2970_0;
    %nor/r;
    %and;
T_28.66;
    %flag_set/vec4 8;
    %jmp/0xz  T_28.64, 8;
    %load/vec4 v0x5d91beea2b10_0;
    %assign/vec4 v0x5d91beea2b10_0, 0;
T_28.64 ;
    %load/vec4 v0x5d91beea9560_0;
    %cmpi/e 76, 0, 32;
    %flag_get/vec4 4;
    %jmp/0 T_28.69, 4;
    %load/vec4 v0x5d91beea2970_0;
    %flag_set/vec4 9;
    %flag_get/vec4 9;
    %jmp/1 T_28.70, 9;
    %load/vec4 v0x5d91beea2b10_0;
    %nor/r;
    %or;
T_28.70;
    %and;
T_28.69;
    %flag_set/vec4 8;
    %jmp/0xz  T_28.67, 8;
    %pushi/vec4 4, 0, 64;
    %assign/vec4 v0x5d91beea2890_0, 0;
    %pushi/vec4 1, 0, 1;
    %assign/vec4 v0x5d91beea2b10_0, 0;
    %pushi/vec4 255, 0, 8;
    %assign/vec4 v0x5d91beea2a30_0, 0;
T_28.67 ;
    %pushi/vec4 1, 0, 1;
    %assign/vec4 v0x5d91beea27d0_0, 0;
    %load/vec4 v0x5d91beea2b10_0;
    %flag_set/vec4 9;
    %flag_get/vec4 9;
    %jmp/0 T_28.73, 9;
    %load/vec4 v0x5d91beea2970_0;
    %nor/r;
    %and;
T_28.73;
    %flag_set/vec4 8;
    %jmp/0xz  T_28.71, 8;
    %load/vec4 v0x5d91beea2b10_0;
    %assign/vec4 v0x5d91beea2b10_0, 0;
T_28.71 ;
T_28.1 ;
    %jmp T_28;
    .thread T_28;
    .scope S_0x5d91beddca00;
T_29 ;
    %wait E_0x5d91bec98110;
    %load/vec4 v0x5d91beea0280_0;
    %flag_set/vec4 8;
    %jmp/0xz  T_29.0, 8;
    %pushi/vec4 0, 0, 72;
    %assign/vec4 v0x5d91beea45e0_0, 0;
    %pushi/vec4 0, 0, 1;
    %assign/vec4 v0x5d91beea50a0_0, 0;
    %pushi/vec4 0, 0, 72;
    %assign/vec4 v0x5d91beea4f00_0, 0;
    %pushi/vec4 0, 0, 1;
    %assign/vec4 v0x5d91beea4fe0_0, 0;
    %jmp T_29.1;
T_29.0 ;
    %load/vec4 v0x5d91beea46c0_0;
    %flag_set/vec4 8;
    %jmp/1 T_29.4, 8;
    %load/vec4 v0x5d91beea50a0_0;
    %nor/r;
    %flag_set/vec4 9;
    %flag_or 8, 9;
T_29.4;
    %jmp/0xz  T_29.2, 8;
    %load/vec4 v0x5d91beea4940_0;
    %assign/vec4 v0x5d91beea45e0_0, 0;
    %load/vec4 v0x5d91beea4a20_0;
    %assign/vec4 v0x5d91beea50a0_0, 0;
T_29.2 ;
    %load/vec4 v0x5d91beea4fe0_0;
    %nor/r;
    %flag_set/vec4 10;
    %flag_get/vec4 10;
    %jmp/0 T_29.8, 10;
    %load/vec4 v0x5d91beea50a0_0;
    %and;
T_29.8;
    %flag_set/vec4 9;
    %flag_get/vec4 9;
    %jmp/0 T_29.7, 9;
    %load/vec4 v0x5d91beea46c0_0;
    %nor/r;
    %and;
T_29.7;
    %flag_set/vec4 8;
    %jmp/0xz  T_29.5, 8;
    %load/vec4 v0x5d91beea4ba0_0;
    %assign/vec4 v0x5d91beea4f00_0, 0;
    %load/vec4 v0x5d91beea4c80_0;
    %assign/vec4 v0x5d91beea4fe0_0, 0;
T_29.5 ;
    %load/vec4 v0x5d91beea4fe0_0;
    %flag_set/vec4 9;
    %flag_get/vec4 9;
    %jmp/0 T_29.11, 9;
    %load/vec4 v0x5d91beea46c0_0;
    %and;
T_29.11;
    %flag_set/vec4 8;
    %jmp/0xz  T_29.9, 8;
    %pushi/vec4 0, 0, 1;
    %assign/vec4 v0x5d91beea4fe0_0, 0;
T_29.9 ;
T_29.1 ;
    %jmp T_29;
    .thread T_29;
    .scope S_0x5d91beddca00;
T_30 ;
    %wait E_0x5d91bec98110;
    %load/vec4 v0x5d91beea0280_0;
    %flag_set/vec4 8;
    %jmp/0xz  T_30.0, 8;
    %pushi/vec4 0, 0, 32;
    %assign/vec4 v0x5d91beea8080_0, 0;
    %pushi/vec4 0, 0, 1;
    %assign/vec4 v0x5d91beea83a0_0, 0;
    %pushi/vec4 0, 0, 1;
    %assign/vec4 v0x5d91beea15b0_0, 0;
    %pushi/vec4 0, 0, 1;
    %assign/vec4 v0x5d91beea1670_0, 0;
    %pushi/vec4 0, 0, 1;
    %assign/vec4 v0x5d91beea1730_0, 0;
    %pushi/vec4 0, 0, 1;
    %assign/vec4 v0x5d91beea17f0_0, 0;
    %pushi/vec4 0, 0, 1;
    %assign/vec4 v0x5d91beea18b0_0, 0;
    %pushi/vec4 0, 0, 1;
    %assign/vec4 v0x5d91beea1970_0, 0;
    %jmp T_30.1;
T_30.0 ;
    %load/vec4 v0x5d91beea15b0_0;
    %flag_set/vec4 8;
    %jmp/0xz  T_30.2, 8;
    %pushi/vec4 0, 0, 1;
    %assign/vec4 v0x5d91beea83a0_0, 0;
T_30.2 ;
    %load/vec4 v0x5d91beea1670_0;
    %flag_set/vec4 8;
    %jmp/0xz  T_30.4, 8;
    %pushi/vec4 0, 0, 1;
    %assign/vec4 v0x5d91beea83a0_0, 0;
T_30.4 ;
    %load/vec4 v0x5d91beea1730_0;
    %flag_set/vec4 8;
    %jmp/0xz  T_30.6, 8;
    %pushi/vec4 0, 0, 1;
    %assign/vec4 v0x5d91beea83a0_0, 0;
T_30.6 ;
    %load/vec4 v0x5d91beea17f0_0;
    %flag_set/vec4 8;
    %jmp/0xz  T_30.8, 8;
    %pushi/vec4 0, 0, 1;
    %assign/vec4 v0x5d91beea83a0_0, 0;
T_30.8 ;
    %load/vec4 v0x5d91beea18b0_0;
    %flag_set/vec4 8;
    %jmp/0xz  T_30.10, 8;
    %pushi/vec4 0, 0, 1;
    %assign/vec4 v0x5d91beea83a0_0, 0;
T_30.10 ;
    %load/vec4 v0x5d91beea1970_0;
    %flag_set/vec4 8;
    %jmp/0xz  T_30.12, 8;
    %pushi/vec4 0, 0, 1;
    %assign/vec4 v0x5d91beea83a0_0, 0;
T_30.12 ;
    %load/vec4 v0x5d91beea9560_0;
    %cmpi/e 12, 0, 32;
    %flag_get/vec4 4;
    %jmp/0 T_30.16, 4;
    %load/vec4 v0x5d91beea82e0_0;
    %flag_set/vec4 9;
    %flag_get/vec4 9;
    %jmp/1 T_30.17, 9;
    %load/vec4 v0x5d91beea83a0_0;
    %nor/r;
    %or;
T_30.17;
    %and;
T_30.16;
    %flag_set/vec4 8;
    %jmp/0xz  T_30.14, 8;
    %pushi/vec4 24, 0, 32;
    %assign/vec4 v0x5d91beea8080_0, 0;
    %pushi/vec4 1, 0, 1;
    %assign/vec4 v0x5d91beea83a0_0, 0;
T_30.14 ;
    %pushi/vec4 1, 0, 1;
    %assign/vec4 v0x5d91beea15b0_0, 0;
    %load/vec4 v0x5d91beea83a0_0;
    %flag_set/vec4 9;
    %flag_get/vec4 9;
    %jmp/0 T_30.20, 9;
    %load/vec4 v0x5d91beea82e0_0;
    %nor/r;
    %and;
T_30.20;
    %flag_set/vec4 8;
    %jmp/0xz  T_30.18, 8;
    %load/vec4 v0x5d91beea83a0_0;
    %assign/vec4 v0x5d91beea83a0_0, 0;
T_30.18 ;
    %load/vec4 v0x5d91beea9560_0;
    %cmpi/e 34, 0, 32;
    %flag_get/vec4 4;
    %jmp/0 T_30.23, 4;
    %load/vec4 v0x5d91beea82e0_0;
    %flag_set/vec4 9;
    %flag_get/vec4 9;
    %jmp/1 T_30.24, 9;
    %load/vec4 v0x5d91beea83a0_0;
    %nor/r;
    %or;
T_30.24;
    %and;
T_30.23;
    %flag_set/vec4 8;
    %jmp/0xz  T_30.21, 8;
    %pushi/vec4 24, 0, 32;
    %assign/vec4 v0x5d91beea8080_0, 0;
    %pushi/vec4 1, 0, 1;
    %assign/vec4 v0x5d91beea83a0_0, 0;
T_30.21 ;
    %pushi/vec4 1, 0, 1;
    %assign/vec4 v0x5d91beea1670_0, 0;
    %load/vec4 v0x5d91beea83a0_0;
    %flag_set/vec4 9;
    %flag_get/vec4 9;
    %jmp/0 T_30.27, 9;
    %load/vec4 v0x5d91beea82e0_0;
    %nor/r;
    %and;
T_30.27;
    %flag_set/vec4 8;
    %jmp/0xz  T_30.25, 8;
    %load/vec4 v0x5d91beea83a0_0;
    %assign/vec4 v0x5d91beea83a0_0, 0;
T_30.25 ;
    %load/vec4 v0x5d91beea9560_0;
    %cmpi/e 46, 0, 32;
    %flag_get/vec4 4;
    %jmp/0 T_30.30, 4;
    %load/vec4 v0x5d91beea82e0_0;
    %flag_set/vec4 9;
    %flag_get/vec4 9;
    %jmp/1 T_30.31, 9;
    %load/vec4 v0x5d91beea83a0_0;
    %nor/r;
    %or;
T_30.31;
    %and;
T_30.30;
    %flag_set/vec4 8;
    %jmp/0xz  T_30.28, 8;
    %pushi/vec4 24, 0, 32;
    %assign/vec4 v0x5d91beea8080_0, 0;
    %pushi/vec4 1, 0, 1;
    %assign/vec4 v0x5d91beea83a0_0, 0;
T_30.28 ;
    %pushi/vec4 1, 0, 1;
    %assign/vec4 v0x5d91beea1730_0, 0;
    %load/vec4 v0x5d91beea83a0_0;
    %flag_set/vec4 9;
    %flag_get/vec4 9;
    %jmp/0 T_30.34, 9;
    %load/vec4 v0x5d91beea82e0_0;
    %nor/r;
    %and;
T_30.34;
    %flag_set/vec4 8;
    %jmp/0xz  T_30.32, 8;
    %load/vec4 v0x5d91beea83a0_0;
    %assign/vec4 v0x5d91beea83a0_0, 0;
T_30.32 ;
    %load/vec4 v0x5d91beea9560_0;
    %cmpi/e 68, 0, 32;
    %flag_get/vec4 4;
    %jmp/0 T_30.37, 4;
    %load/vec4 v0x5d91beea82e0_0;
    %flag_set/vec4 9;
    %flag_get/vec4 9;
    %jmp/1 T_30.38, 9;
    %load/vec4 v0x5d91beea83a0_0;
    %nor/r;
    %or;
T_30.38;
    %and;
T_30.37;
    %flag_set/vec4 8;
    %jmp/0xz  T_30.35, 8;
    %pushi/vec4 24, 0, 32;
    %assign/vec4 v0x5d91beea8080_0, 0;
    %pushi/vec4 1, 0, 1;
    %assign/vec4 v0x5d91beea83a0_0, 0;
T_30.35 ;
    %pushi/vec4 1, 0, 1;
    %assign/vec4 v0x5d91beea17f0_0, 0;
    %load/vec4 v0x5d91beea83a0_0;
    %flag_set/vec4 9;
    %flag_get/vec4 9;
    %jmp/0 T_30.41, 9;
    %load/vec4 v0x5d91beea82e0_0;
    %nor/r;
    %and;
T_30.41;
    %flag_set/vec4 8;
    %jmp/0xz  T_30.39, 8;
    %load/vec4 v0x5d91beea83a0_0;
    %assign/vec4 v0x5d91beea83a0_0, 0;
T_30.39 ;
    %load/vec4 v0x5d91beea9560_0;
    %cmpi/e 80, 0, 32;
    %flag_get/vec4 4;
    %jmp/0 T_30.44, 4;
    %load/vec4 v0x5d91beea82e0_0;
    %flag_set/vec4 9;
    %flag_get/vec4 9;
    %jmp/1 T_30.45, 9;
    %load/vec4 v0x5d91beea83a0_0;
    %nor/r;
    %or;
T_30.45;
    %and;
T_30.44;
    %flag_set/vec4 8;
    %jmp/0xz  T_30.42, 8;
    %pushi/vec4 24, 0, 32;
    %assign/vec4 v0x5d91beea8080_0, 0;
    %pushi/vec4 1, 0, 1;
    %assign/vec4 v0x5d91beea83a0_0, 0;
T_30.42 ;
    %pushi/vec4 1, 0, 1;
    %assign/vec4 v0x5d91beea18b0_0, 0;
    %load/vec4 v0x5d91beea83a0_0;
    %flag_set/vec4 9;
    %flag_get/vec4 9;
    %jmp/0 T_30.48, 9;
    %load/vec4 v0x5d91beea82e0_0;
    %nor/r;
    %and;
T_30.48;
    %flag_set/vec4 8;
    %jmp/0xz  T_30.46, 8;
    %load/vec4 v0x5d91beea83a0_0;
    %assign/vec4 v0x5d91beea83a0_0, 0;
T_30.46 ;
    %load/vec4 v0x5d91beea9560_0;
    %cmpi/e 86, 0, 32;
    %flag_get/vec4 4;
    %jmp/0 T_30.51, 4;
    %load/vec4 v0x5d91beea82e0_0;
    %flag_set/vec4 9;
    %flag_get/vec4 9;
    %jmp/1 T_30.52, 9;
    %load/vec4 v0x5d91beea83a0_0;
    %nor/r;
    %or;
T_30.52;
    %and;
T_30.51;
    %flag_set/vec4 8;
    %jmp/0xz  T_30.49, 8;
    %pushi/vec4 48, 0, 32;
    %assign/vec4 v0x5d91beea8080_0, 0;
    %pushi/vec4 1, 0, 1;
    %assign/vec4 v0x5d91beea83a0_0, 0;
T_30.49 ;
    %pushi/vec4 1, 0, 1;
    %assign/vec4 v0x5d91beea1970_0, 0;
    %load/vec4 v0x5d91beea83a0_0;
    %flag_set/vec4 9;
    %flag_get/vec4 9;
    %jmp/0 T_30.55, 9;
    %load/vec4 v0x5d91beea82e0_0;
    %nor/r;
    %and;
T_30.55;
    %flag_set/vec4 8;
    %jmp/0xz  T_30.53, 8;
    %load/vec4 v0x5d91beea83a0_0;
    %assign/vec4 v0x5d91beea83a0_0, 0;
T_30.53 ;
T_30.1 ;
    %jmp T_30;
    .thread T_30;
    .scope S_0x5d91beddca00;
T_31 ;
    %wait E_0x5d91bec98110;
    %load/vec4 v0x5d91beea0280_0;
    %flag_set/vec4 8;
    %jmp/0xz  T_31.0, 8;
    %pushi/vec4 0, 0, 64;
    %assign/vec4 v0x5d91beea3c60_0, 0;
    %pushi/vec4 0, 0, 1;
    %assign/vec4 v0x5d91beea4520_0, 0;
    %pushi/vec4 0, 0, 64;
    %assign/vec4 v0x5d91beea4380_0, 0;
    %pushi/vec4 0, 0, 1;
    %assign/vec4 v0x5d91beea4460_0, 0;
    %jmp T_31.1;
T_31.0 ;
    %load/vec4 v0x5d91beea3d00_0;
    %flag_set/vec4 8;
    %jmp/1 T_31.4, 8;
    %load/vec4 v0x5d91beea4520_0;
    %nor/r;
    %flag_set/vec4 9;
    %flag_or 8, 9;
T_31.4;
    %jmp/0xz  T_31.2, 8;
    %load/vec4 v0x5d91beea3ea0_0;
    %assign/vec4 v0x5d91beea3c60_0, 0;
    %load/vec4 v0x5d91beea3f80_0;
    %assign/vec4 v0x5d91beea4520_0, 0;
T_31.2 ;
    %load/vec4 v0x5d91beea4460_0;
    %nor/r;
    %flag_set/vec4 10;
    %flag_get/vec4 10;
    %jmp/0 T_31.8, 10;
    %load/vec4 v0x5d91beea4520_0;
    %and;
T_31.8;
    %flag_set/vec4 9;
    %flag_get/vec4 9;
    %jmp/0 T_31.7, 9;
    %load/vec4 v0x5d91beea3d00_0;
    %nor/r;
    %and;
T_31.7;
    %flag_set/vec4 8;
    %jmp/0xz  T_31.5, 8;
    %load/vec4 v0x5d91beea4100_0;
    %assign/vec4 v0x5d91beea4380_0, 0;
    %load/vec4 v0x5d91beea41e0_0;
    %assign/vec4 v0x5d91beea4460_0, 0;
T_31.5 ;
    %load/vec4 v0x5d91beea4460_0;
    %flag_set/vec4 9;
    %flag_get/vec4 9;
    %jmp/0 T_31.11, 9;
    %load/vec4 v0x5d91beea3d00_0;
    %and;
T_31.11;
    %flag_set/vec4 8;
    %jmp/0xz  T_31.9, 8;
    %pushi/vec4 0, 0, 1;
    %assign/vec4 v0x5d91beea4460_0, 0;
T_31.9 ;
T_31.1 ;
    %jmp T_31;
    .thread T_31;
    .scope S_0x5d91beddca00;
T_32 ;
    %wait E_0x5d91bec98110;
    %load/vec4 v0x5d91beea0280_0;
    %flag_set/vec4 8;
    %jmp/0xz  T_32.0, 8;
    %pushi/vec4 0, 0, 3;
    %assign/vec4 v0x5d91beea14d0_0, 0;
    %jmp T_32.1;
T_32.0 ;
    %load/vec4 v0x5d91beea87c0_0;
    %flag_set/vec4 11;
    %flag_get/vec4 11;
    %jmp/0 T_32.6, 11;
    %load/vec4 v0x5d91beea8700_0;
    %and;
T_32.6;
    %flag_set/vec4 10;
    %flag_get/vec4 10;
    %jmp/0 T_32.5, 10;
    %load/vec4 v0x5d91beea8a20_0;
    %flag_set/vec4 10;
    %flag_get/vec4 10;
    %jmp/0 T_32.7, 10;
    %load/vec4 v0x5d91beea8880_0;
    %and;
T_32.7;
    %nor/r;
    %and;
T_32.5;
    %flag_set/vec4 9;
    %flag_get/vec4 9;
    %jmp/0 T_32.4, 9;
    %load/vec4 v0x5d91beea14d0_0;
    %pad/u 32;
    %cmpi/u 7, 0, 32;
    %flag_get/vec4 5;
    %and;
T_32.4;
    %flag_set/vec4 8;
    %jmp/0xz  T_32.2, 8;
    %load/vec4 v0x5d91beea14d0_0;
    %addi 1, 0, 3;
    %assign/vec4 v0x5d91beea14d0_0, 0;
T_32.2 ;
    %load/vec4 v0x5d91beea87c0_0;
    %flag_set/vec4 11;
    %flag_get/vec4 11;
    %jmp/0 T_32.12, 11;
    %load/vec4 v0x5d91beea8700_0;
    %and;
T_32.12;
    %nor/r;
    %flag_set/vec4 10;
    %flag_get/vec4 10;
    %jmp/0 T_32.11, 10;
    %load/vec4 v0x5d91beea8a20_0;
    %flag_set/vec4 10;
    %flag_get/vec4 10;
    %jmp/0 T_32.13, 10;
    %load/vec4 v0x5d91beea8880_0;
    %and;
T_32.13;
    %and;
T_32.11;
    %flag_set/vec4 9;
    %flag_get/vec4 9;
    %jmp/0 T_32.10, 9;
    %pushi/vec4 0, 0, 32;
    %load/vec4 v0x5d91beea14d0_0;
    %pad/u 32;
    %cmp/u;
    %flag_get/vec4 5;
    %and;
T_32.10;
    %flag_set/vec4 8;
    %jmp/0xz  T_32.8, 8;
    %load/vec4 v0x5d91beea14d0_0;
    %subi 1, 0, 3;
    %assign/vec4 v0x5d91beea14d0_0, 0;
T_32.8 ;
T_32.1 ;
    %jmp T_32;
    .thread T_32;
    .scope S_0x5d91beddca00;
T_33 ;
    %wait E_0x5d91bec98110;
    %load/vec4 v0x5d91beea0280_0;
    %flag_set/vec4 8;
    %jmp/0xz  T_33.0, 8;
    %pushi/vec4 0, 0, 128;
    %assign/vec4 v0x5d91beea9240_0, 0;
    %pushi/vec4 0, 0, 1;
    %assign/vec4 v0x5d91beea94a0_0, 0;
    %pushi/vec4 0, 0, 1;
    %assign/vec4 v0x5d91beea9320_0, 0;
    %pushi/vec4 0, 0, 1;
    %assign/vec4 v0x5d91beea2bd0_0, 0;
    %pushi/vec4 0, 0, 1;
    %assign/vec4 v0x5d91beea2c90_0, 0;
    %jmp T_33.1;
T_33.0 ;
    %load/vec4 v0x5d91beea2bd0_0;
    %flag_set/vec4 8;
    %jmp/0xz  T_33.2, 8;
    %pushi/vec4 0, 0, 1;
    %assign/vec4 v0x5d91beea94a0_0, 0;
    %pushi/vec4 0, 0, 1;
    %assign/vec4 v0x5d91beea9320_0, 0;
T_33.2 ;
    %load/vec4 v0x5d91beea2c90_0;
    %flag_set/vec4 8;
    %jmp/0xz  T_33.4, 8;
    %pushi/vec4 0, 0, 1;
    %assign/vec4 v0x5d91beea94a0_0, 0;
    %pushi/vec4 0, 0, 1;
    %assign/vec4 v0x5d91beea9320_0, 0;
T_33.4 ;
    %load/vec4 v0x5d91beea9560_0;
    %cmpi/e 4, 0, 32;
    %flag_get/vec4 4;
    %jmp/0 T_33.8, 4;
    %load/vec4 v0x5d91beea93e0_0;
    %flag_set/vec4 9;
    %flag_get/vec4 9;
    %jmp/1 T_33.9, 9;
    %load/vec4 v0x5d91beea94a0_0;
    %nor/r;
    %or;
T_33.9;
    %and;
T_33.8;
    %flag_set/vec4 8;
    %jmp/0xz  T_33.6, 8;
    %load/vec4 v0x5d91beea5160_0;
    %pad/s 128;
    %assign/vec4 v0x5d91beea9240_0, 0;
    %pushi/vec4 1, 0, 1;
    %assign/vec4 v0x5d91beea94a0_0, 0;
    %load/vec4 v0x5d91beea5160_0;
    %pushi/vec4 3, 0, 32;
    %cmp/e;
    %flag_get/vec4 4;
    %assign/vec4 v0x5d91beea9320_0, 0;
T_33.6 ;
    %pushi/vec4 1, 0, 1;
    %assign/vec4 v0x5d91beea2bd0_0, 0;
    %load/vec4 v0x5d91beea94a0_0;
    %flag_set/vec4 9;
    %flag_get/vec4 9;
    %jmp/0 T_33.12, 9;
    %load/vec4 v0x5d91beea93e0_0;
    %nor/r;
    %and;
T_33.12;
    %flag_set/vec4 8;
    %jmp/0xz  T_33.10, 8;
    %load/vec4 v0x5d91beea94a0_0;
    %assign/vec4 v0x5d91beea94a0_0, 0;
    %load/vec4 v0x5d91beea9320_0;
    %assign/vec4 v0x5d91beea9320_0, 0;
T_33.10 ;
    %load/vec4 v0x5d91beea9560_0;
    %cmpi/e 43, 0, 32;
    %flag_get/vec4 4;
    %jmp/0 T_33.15, 4;
    %load/vec4 v0x5d91beea93e0_0;
    %flag_set/vec4 9;
    %flag_get/vec4 9;
    %jmp/1 T_33.16, 9;
    %load/vec4 v0x5d91beea94a0_0;
    %nor/r;
    %or;
T_33.16;
    %and;
T_33.15;
    %flag_set/vec4 8;
    %jmp/0xz  T_33.13, 8;
    %load/vec4 v0x5d91beea5160_0;
    %pad/s 128;
    %ix/load 4, 1, 0;
    %flag_set/imm 4, 0;
    %shiftl 4;
    %assign/vec4 v0x5d91beea9240_0, 0;
    %pushi/vec4 1, 0, 1;
    %assign/vec4 v0x5d91beea94a0_0, 0;
    %load/vec4 v0x5d91beea5160_0;
    %pushi/vec4 3, 0, 32;
    %cmp/e;
    %flag_get/vec4 4;
    %assign/vec4 v0x5d91beea9320_0, 0;
T_33.13 ;
    %pushi/vec4 1, 0, 1;
    %assign/vec4 v0x5d91beea2c90_0, 0;
    %load/vec4 v0x5d91beea94a0_0;
    %flag_set/vec4 9;
    %flag_get/vec4 9;
    %jmp/0 T_33.19, 9;
    %load/vec4 v0x5d91beea93e0_0;
    %nor/r;
    %and;
T_33.19;
    %flag_set/vec4 8;
    %jmp/0xz  T_33.17, 8;
    %load/vec4 v0x5d91beea94a0_0;
    %assign/vec4 v0x5d91beea94a0_0, 0;
    %load/vec4 v0x5d91beea9320_0;
    %assign/vec4 v0x5d91beea9320_0, 0;
T_33.17 ;
T_33.1 ;
    %jmp T_33;
    .thread T_33;
    .scope S_0x5d91beddca00;
T_34 ;
    %wait E_0x5d91bec98110;
    %load/vec4 v0x5d91beea0280_0;
    %flag_set/vec4 8;
    %jmp/0xz  T_34.0, 8;
    %pushi/vec4 0, 0, 1;
    %assign/vec4 v0x5d91beea2d50_0, 0;
    %jmp T_34.1;
T_34.0 ;
    %load/vec4 v0x5d91beea9560_0;
    %cmpi/e 3, 0, 32;
    %flag_get/vec4 4;
    %jmp/0 T_34.4, 4;
    %load/vec4 v0x5d91beea2ed0_0;
    %and;
T_34.4;
    %flag_set/vec4 8;
    %jmp/0xz  T_34.2, 8;
    %pushi/vec4 1, 0, 1;
    %assign/vec4 v0x5d91beea2d50_0, 0;
T_34.2 ;
    %load/vec4 v0x5d91beea9560_0;
    %cmpi/e 4, 0, 32;
    %flag_get/vec4 4;
    %jmp/0 T_34.7, 4;
    %load/vec4 v0x5d91beea93e0_0;
    %flag_set/vec4 9;
    %flag_get/vec4 9;
    %jmp/1 T_34.8, 9;
    %load/vec4 v0x5d91beea94a0_0;
    %nor/r;
    %or;
T_34.8;
    %and;
T_34.7;
    %flag_set/vec4 8;
    %jmp/0xz  T_34.5, 8;
    %pushi/vec4 0, 0, 1;
    %assign/vec4 v0x5d91beea2d50_0, 0;
T_34.5 ;
    %load/vec4 v0x5d91beea9560_0;
    %cmpi/e 42, 0, 32;
    %flag_get/vec4 4;
    %jmp/0 T_34.11, 4;
    %load/vec4 v0x5d91beea2ed0_0;
    %and;
T_34.11;
    %flag_set/vec4 8;
    %jmp/0xz  T_34.9, 8;
    %pushi/vec4 1, 0, 1;
    %assign/vec4 v0x5d91beea2d50_0, 0;
T_34.9 ;
    %load/vec4 v0x5d91beea9560_0;
    %cmpi/e 43, 0, 32;
    %flag_get/vec4 4;
    %jmp/0 T_34.14, 4;
    %load/vec4 v0x5d91beea93e0_0;
    %flag_set/vec4 9;
    %flag_get/vec4 9;
    %jmp/1 T_34.15, 9;
    %load/vec4 v0x5d91beea94a0_0;
    %nor/r;
    %or;
T_34.15;
    %and;
T_34.14;
    %flag_set/vec4 8;
    %jmp/0xz  T_34.12, 8;
    %pushi/vec4 0, 0, 1;
    %assign/vec4 v0x5d91beea2d50_0, 0;
T_34.12 ;
T_34.1 ;
    %jmp T_34;
    .thread T_34;
    .scope S_0x5d91beddca00;
T_35 ;
    %wait E_0x5d91bec98110;
    %load/vec4 v0x5d91beea0280_0;
    %flag_set/vec4 8;
    %jmp/0xz  T_35.0, 8;
    %pushi/vec4 0, 0, 4;
    %assign/vec4 v0x5d91beea7fe0_0, 0;
    %jmp T_35.1;
T_35.0 ;
    %load/vec4 v0x5d91beea37e0_0;
    %flag_set/vec4 10;
    %flag_get/vec4 10;
    %jmp/0 T_35.5, 10;
    %load/vec4 v0x5d91beea38b0_0;
    %nor/r;
    %and;
T_35.5;
    %flag_set/vec4 9;
    %flag_get/vec4 9;
    %jmp/0 T_35.4, 9;
    %load/vec4 v0x5d91beea3640_0;
    %flag_set/vec4 9;
    %flag_get/vec4 9;
    %jmp/0 T_35.6, 9;
    %load/vec4 v0x5d91beea3710_0;
    %nor/r;
    %and;
T_35.6;
    %and;
T_35.4;
    %flag_set/vec4 8;
    %jmp/0xz  T_35.2, 8;
    %load/vec4 v0x5d91beea7fe0_0;
    %assign/vec4 v0x5d91beea7fe0_0, 0;
    %jmp T_35.3;
T_35.2 ;
    %load/vec4 v0x5d91beea37e0_0;
    %flag_set/vec4 9;
    %flag_get/vec4 9;
    %jmp/0 T_35.9, 9;
    %load/vec4 v0x5d91beea38b0_0;
    %nor/r;
    %and;
T_35.9;
    %flag_set/vec4 8;
    %jmp/0xz  T_35.7, 8;
    %load/vec4 v0x5d91beea7fe0_0;
    %addi 1, 0, 4;
    %assign/vec4 v0x5d91beea7fe0_0, 0;
    %jmp T_35.8;
T_35.7 ;
    %load/vec4 v0x5d91beea3640_0;
    %flag_set/vec4 9;
    %flag_get/vec4 9;
    %jmp/0 T_35.12, 9;
    %load/vec4 v0x5d91beea3710_0;
    %nor/r;
    %and;
T_35.12;
    %flag_set/vec4 8;
    %jmp/0xz  T_35.10, 8;
    %load/vec4 v0x5d91beea7fe0_0;
    %subi 1, 0, 4;
    %assign/vec4 v0x5d91beea7fe0_0, 0;
T_35.10 ;
T_35.8 ;
T_35.3 ;
T_35.1 ;
    %jmp T_35;
    .thread T_35;
    .scope S_0x5d91beddca00;
T_36 ;
    %wait E_0x5d91bec98110;
    %load/vec4 v0x5d91beea0280_0;
    %flag_set/vec4 8;
    %jmp/0xz  T_36.0, 8;
    %pushi/vec4 0, 0, 32;
    %assign/vec4 v0x5d91beea9560_0, 0;
    %pushi/vec4 0, 0, 32;
    %assign/vec4 v0x5d91beea5160_0, 0;
    %pushi/vec4 0, 0, 64;
    %assign/vec4 v0x5d91beea78a0_0, 0;
    %pushi/vec4 0, 0, 64;
    %assign/vec4 v0x5d91beea7940_0, 0;
    %pushi/vec4 0, 0, 64;
    %assign/vec4 v0x5d91beea79e0_0, 0;
    %pushi/vec4 0, 0, 64;
    %assign/vec4 v0x5d91beea7a80_0, 0;
    %pushi/vec4 0, 0, 64;
    %assign/vec4 v0x5d91beea7b20_0, 0;
    %pushi/vec4 0, 0, 64;
    %assign/vec4 v0x5d91beea7bc0_0, 0;
    %jmp T_36.1;
T_36.0 ;
    %load/vec4 v0x5d91beea9560_0;
    %dup/vec4;
    %pushi/vec4 0, 0, 32;
    %cmp/u;
    %jmp/1 T_36.2, 6;
    %dup/vec4;
    %pushi/vec4 1, 0, 32;
    %cmp/u;
    %jmp/1 T_36.3, 6;
    %dup/vec4;
    %pushi/vec4 2, 0, 32;
    %cmp/u;
    %jmp/1 T_36.4, 6;
    %dup/vec4;
    %pushi/vec4 3, 0, 32;
    %cmp/u;
    %jmp/1 T_36.5, 6;
    %dup/vec4;
    %pushi/vec4 4, 0, 32;
    %cmp/u;
    %jmp/1 T_36.6, 6;
    %dup/vec4;
    %pushi/vec4 5, 0, 32;
    %cmp/u;
    %jmp/1 T_36.7, 6;
    %dup/vec4;
    %pushi/vec4 6, 0, 32;
    %cmp/u;
    %jmp/1 T_36.8, 6;
    %dup/vec4;
    %pushi/vec4 7, 0, 32;
    %cmp/u;
    %jmp/1 T_36.9, 6;
    %dup/vec4;
    %pushi/vec4 8, 0, 32;
    %cmp/u;
    %jmp/1 T_36.10, 6;
    %dup/vec4;
    %pushi/vec4 9, 0, 32;
    %cmp/u;
    %jmp/1 T_36.11, 6;
    %dup/vec4;
    %pushi/vec4 10, 0, 32;
    %cmp/u;
    %jmp/1 T_36.12, 6;
    %dup/vec4;
    %pushi/vec4 11, 0, 32;
    %cmp/u;
    %jmp/1 T_36.13, 6;
    %dup/vec4;
    %pushi/vec4 12, 0, 32;
    %cmp/u;
    %jmp/1 T_36.14, 6;
    %dup/vec4;
    %pushi/vec4 13, 0, 32;
    %cmp/u;
    %jmp/1 T_36.15, 6;
    %dup/vec4;
    %pushi/vec4 14, 0, 32;
    %cmp/u;
    %jmp/1 T_36.16, 6;
    %dup/vec4;
    %pushi/vec4 15, 0, 32;
    %cmp/u;
    %jmp/1 T_36.17, 6;
    %dup/vec4;
    %pushi/vec4 16, 0, 32;
    %cmp/u;
    %jmp/1 T_36.18, 6;
    %dup/vec4;
    %pushi/vec4 17, 0, 32;
    %cmp/u;
    %jmp/1 T_36.19, 6;
    %dup/vec4;
    %pushi/vec4 18, 0, 32;
    %cmp/u;
    %jmp/1 T_36.20, 6;
    %dup/vec4;
    %pushi/vec4 19, 0, 32;
    %cmp/u;
    %jmp/1 T_36.21, 6;
    %dup/vec4;
    %pushi/vec4 20, 0, 32;
    %cmp/u;
    %jmp/1 T_36.22, 6;
    %dup/vec4;
    %pushi/vec4 21, 0, 32;
    %cmp/u;
    %jmp/1 T_36.23, 6;
    %dup/vec4;
    %pushi/vec4 22, 0, 32;
    %cmp/u;
    %jmp/1 T_36.24, 6;
    %dup/vec4;
    %pushi/vec4 23, 0, 32;
    %cmp/u;
    %jmp/1 T_36.25, 6;
    %dup/vec4;
    %pushi/vec4 24, 0, 32;
    %cmp/u;
    %jmp/1 T_36.26, 6;
    %dup/vec4;
    %pushi/vec4 25, 0, 32;
    %cmp/u;
    %jmp/1 T_36.27, 6;
    %dup/vec4;
    %pushi/vec4 26, 0, 32;
    %cmp/u;
    %jmp/1 T_36.28, 6;
    %dup/vec4;
    %pushi/vec4 27, 0, 32;
    %cmp/u;
    %jmp/1 T_36.29, 6;
    %dup/vec4;
    %pushi/vec4 28, 0, 32;
    %cmp/u;
    %jmp/1 T_36.30, 6;
    %dup/vec4;
    %pushi/vec4 29, 0, 32;
    %cmp/u;
    %jmp/1 T_36.31, 6;
    %dup/vec4;
    %pushi/vec4 30, 0, 32;
    %cmp/u;
    %jmp/1 T_36.32, 6;
    %dup/vec4;
    %pushi/vec4 31, 0, 32;
    %cmp/u;
    %jmp/1 T_36.33, 6;
    %dup/vec4;
    %pushi/vec4 32, 0, 32;
    %cmp/u;
    %jmp/1 T_36.34, 6;
    %dup/vec4;
    %pushi/vec4 33, 0, 32;
    %cmp/u;
    %jmp/1 T_36.35, 6;
    %dup/vec4;
    %pushi/vec4 34, 0, 32;
    %cmp/u;
    %jmp/1 T_36.36, 6;
    %dup/vec4;
    %pushi/vec4 35, 0, 32;
    %cmp/u;
    %jmp/1 T_36.37, 6;
    %dup/vec4;
    %pushi/vec4 36, 0, 32;
    %cmp/u;
    %jmp/1 T_36.38, 6;
    %dup/vec4;
    %pushi/vec4 37, 0, 32;
    %cmp/u;
    %jmp/1 T_36.39, 6;
    %dup/vec4;
    %pushi/vec4 38, 0, 32;
    %cmp/u;
    %jmp/1 T_36.40, 6;
    %dup/vec4;
    %pushi/vec4 39, 0, 32;
    %cmp/u;
    %jmp/1 T_36.41, 6;
    %dup/vec4;
    %pushi/vec4 40, 0, 32;
    %cmp/u;
    %jmp/1 T_36.42, 6;
    %dup/vec4;
    %pushi/vec4 41, 0, 32;
    %cmp/u;
    %jmp/1 T_36.43, 6;
    %dup/vec4;
    %pushi/vec4 42, 0, 32;
    %cmp/u;
    %jmp/1 T_36.44, 6;
    %dup/vec4;
    %pushi/vec4 43, 0, 32;
    %cmp/u;
    %jmp/1 T_36.45, 6;
    %dup/vec4;
    %pushi/vec4 44, 0, 32;
    %cmp/u;
    %jmp/1 T_36.46, 6;
    %dup/vec4;
    %pushi/vec4 45, 0, 32;
    %cmp/u;
    %jmp/1 T_36.47, 6;
    %dup/vec4;
    %pushi/vec4 46, 0, 32;
    %cmp/u;
    %jmp/1 T_36.48, 6;
    %dup/vec4;
    %pushi/vec4 47, 0, 32;
    %cmp/u;
    %jmp/1 T_36.49, 6;
    %dup/vec4;
    %pushi/vec4 48, 0, 32;
    %cmp/u;
    %jmp/1 T_36.50, 6;
    %dup/vec4;
    %pushi/vec4 49, 0, 32;
    %cmp/u;
    %jmp/1 T_36.51, 6;
    %dup/vec4;
    %pushi/vec4 50, 0, 32;
    %cmp/u;
    %jmp/1 T_36.52, 6;
    %dup/vec4;
    %pushi/vec4 51, 0, 32;
    %cmp/u;
    %jmp/1 T_36.53, 6;
    %dup/vec4;
    %pushi/vec4 52, 0, 32;
    %cmp/u;
    %jmp/1 T_36.54, 6;
    %dup/vec4;
    %pushi/vec4 53, 0, 32;
    %cmp/u;
    %jmp/1 T_36.55, 6;
    %dup/vec4;
    %pushi/vec4 54, 0, 32;
    %cmp/u;
    %jmp/1 T_36.56, 6;
    %dup/vec4;
    %pushi/vec4 55, 0, 32;
    %cmp/u;
    %jmp/1 T_36.57, 6;
    %dup/vec4;
    %pushi/vec4 56, 0, 32;
    %cmp/u;
    %jmp/1 T_36.58, 6;
    %dup/vec4;
    %pushi/vec4 57, 0, 32;
    %cmp/u;
    %jmp/1 T_36.59, 6;
    %dup/vec4;
    %pushi/vec4 58, 0, 32;
    %cmp/u;
    %jmp/1 T_36.60, 6;
    %dup/vec4;
    %pushi/vec4 59, 0, 32;
    %cmp/u;
    %jmp/1 T_36.61, 6;
    %dup/vec4;
    %pushi/vec4 60, 0, 32;
    %cmp/u;
    %jmp/1 T_36.62, 6;
    %dup/vec4;
    %pushi/vec4 61, 0, 32;
    %cmp/u;
    %jmp/1 T_36.63, 6;
    %dup/vec4;
    %pushi/vec4 62, 0, 32;
    %cmp/u;
    %jmp/1 T_36.64, 6;
    %dup/vec4;
    %pushi/vec4 63, 0, 32;
    %cmp/u;
    %jmp/1 T_36.65, 6;
    %dup/vec4;
    %pushi/vec4 64, 0, 32;
    %cmp/u;
    %jmp/1 T_36.66, 6;
    %dup/vec4;
    %pushi/vec4 65, 0, 32;
    %cmp/u;
    %jmp/1 T_36.67, 6;
    %dup/vec4;
    %pushi/vec4 66, 0, 32;
    %cmp/u;
    %jmp/1 T_36.68, 6;
    %dup/vec4;
    %pushi/vec4 67, 0, 32;
    %cmp/u;
    %jmp/1 T_36.69, 6;
    %dup/vec4;
    %pushi/vec4 68, 0, 32;
    %cmp/u;
    %jmp/1 T_36.70, 6;
    %dup/vec4;
    %pushi/vec4 69, 0, 32;
    %cmp/u;
    %jmp/1 T_36.71, 6;
    %dup/vec4;
    %pushi/vec4 70, 0, 32;
    %cmp/u;
    %jmp/1 T_36.72, 6;
    %dup/vec4;
    %pushi/vec4 71, 0, 32;
    %cmp/u;
    %jmp/1 T_36.73, 6;
    %dup/vec4;
    %pushi/vec4 72, 0, 32;
    %cmp/u;
    %jmp/1 T_36.74, 6;
    %dup/vec4;
    %pushi/vec4 73, 0, 32;
    %cmp/u;
    %jmp/1 T_36.75, 6;
    %dup/vec4;
    %pushi/vec4 74, 0, 32;
    %cmp/u;
    %jmp/1 T_36.76, 6;
    %dup/vec4;
    %pushi/vec4 75, 0, 32;
    %cmp/u;
    %jmp/1 T_36.77, 6;
    %dup/vec4;
    %pushi/vec4 76, 0, 32;
    %cmp/u;
    %jmp/1 T_36.78, 6;
    %dup/vec4;
    %pushi/vec4 77, 0, 32;
    %cmp/u;
    %jmp/1 T_36.79, 6;
    %dup/vec4;
    %pushi/vec4 78, 0, 32;
    %cmp/u;
    %jmp/1 T_36.80, 6;
    %dup/vec4;
    %pushi/vec4 79, 0, 32;
    %cmp/u;
    %jmp/1 T_36.81, 6;
    %dup/vec4;
    %pushi/vec4 80, 0, 32;
    %cmp/u;
    %jmp/1 T_36.82, 6;
    %dup/vec4;
    %pushi/vec4 81, 0, 32;
    %cmp/u;
    %jmp/1 T_36.83, 6;
    %dup/vec4;
    %pushi/vec4 82, 0, 32;
    %cmp/u;
    %jmp/1 T_36.84, 6;
    %dup/vec4;
    %pushi/vec4 83, 0, 32;
    %cmp/u;
    %jmp/1 T_36.85, 6;
    %dup/vec4;
    %pushi/vec4 84, 0, 32;
    %cmp/u;
    %jmp/1 T_36.86, 6;
    %dup/vec4;
    %pushi/vec4 85, 0, 32;
    %cmp/u;
    %jmp/1 T_36.87, 6;
    %dup/vec4;
    %pushi/vec4 86, 0, 32;
    %cmp/u;
    %jmp/1 T_36.88, 6;
    %dup/vec4;
    %pushi/vec4 87, 0, 32;
    %cmp/u;
    %jmp/1 T_36.89, 6;
    %dup/vec4;
    %pushi/vec4 88, 0, 32;
    %cmp/u;
    %jmp/1 T_36.90, 6;
    %dup/vec4;
    %pushi/vec4 89, 0, 32;
    %cmp/u;
    %jmp/1 T_36.91, 6;
    %jmp T_36.92;
T_36.2 ;
    %pushi/vec4 1, 0, 32;
    %assign/vec4 v0x5d91beea9560_0, 0;
    %jmp T_36.92;
T_36.3 ;
    %pushi/vec4 0, 0, 32;
    %assign/vec4 v0x5d91beea5160_0, 0;
    %pushi/vec4 2, 0, 32;
    %assign/vec4 v0x5d91beea9560_0, 0;
    %jmp T_36.92;
T_36.4 ;
    %load/vec4 v0x5d91beea5160_0;
    %cmpi/s 4, 0, 32;
    %jmp/0xz  T_36.93, 5;
    %pushi/vec4 3, 0, 32;
    %assign/vec4 v0x5d91beea9560_0, 0;
    %jmp T_36.94;
T_36.93 ;
    %pushi/vec4 6, 0, 32;
    %assign/vec4 v0x5d91beea9560_0, 0;
T_36.94 ;
    %jmp T_36.92;
T_36.5 ;
    %load/vec4 v0x5d91beea2ed0_0;
    %flag_set/vec4 8;
    %jmp/0xz  T_36.95, 8;
    %pushi/vec4 4, 0, 32;
    %assign/vec4 v0x5d91beea9560_0, 0;
T_36.95 ;
    %jmp T_36.92;
T_36.6 ;
    %load/vec4 v0x5d91beea93e0_0;
    %flag_set/vec4 8;
    %jmp/1 T_36.99, 8;
    %load/vec4 v0x5d91beea94a0_0;
    %nor/r;
    %flag_set/vec4 9;
    %flag_or 8, 9;
T_36.99;
    %jmp/0xz  T_36.97, 8;
    %pushi/vec4 5, 0, 32;
    %assign/vec4 v0x5d91beea9560_0, 0;
T_36.97 ;
    %jmp T_36.92;
T_36.7 ;
    %load/vec4 v0x5d91beea5160_0;
    %addi 1, 0, 32;
    %assign/vec4 v0x5d91beea5160_0, 0;
    %pushi/vec4 2, 0, 32;
    %assign/vec4 v0x5d91beea9560_0, 0;
    %jmp T_36.92;
T_36.8 ;
    %load/vec4 v0x5d91beea14d0_0;
    %pad/u 32;
    %cmpi/e 0, 0, 32;
    %flag_get/vec4 4;
    %jmp/0 T_36.102, 4;
    %load/vec4 v0x5d91beea8700_0;
    %flag_set/vec4 9;
    %flag_get/vec4 9;
    %jmp/1 T_36.103, 9;
    %load/vec4 v0x5d91beea87c0_0;
    %nor/r;
    %or;
T_36.103;
    %and;
T_36.102;
    %flag_set/vec4 8;
    %jmp/0xz  T_36.100, 8;
    %pushi/vec4 7, 0, 32;
    %assign/vec4 v0x5d91beea9560_0, 0;
T_36.100 ;
    %jmp T_36.92;
T_36.9 ;
    %load/vec4 v0x5d91beea87c0_0;
    %flag_set/vec4 9;
    %flag_get/vec4 9;
    %jmp/0 T_36.106, 9;
    %load/vec4 v0x5d91beea8700_0;
    %and;
T_36.106;
    %flag_set/vec4 8;
    %jmp/0xz  T_36.104, 8;
    %pushi/vec4 8, 0, 32;
    %assign/vec4 v0x5d91beea9560_0, 0;
T_36.104 ;
    %jmp T_36.92;
T_36.10 ;
    %load/vec4 v0x5d91beea2970_0;
    %flag_set/vec4 8;
    %jmp/1 T_36.109, 8;
    %load/vec4 v0x5d91beea2b10_0;
    %nor/r;
    %flag_set/vec4 9;
    %flag_or 8, 9;
T_36.109;
    %jmp/0xz  T_36.107, 8;
    %pushi/vec4 9, 0, 32;
    %assign/vec4 v0x5d91beea9560_0, 0;
T_36.107 ;
    %jmp T_36.92;
T_36.11 ;
    %load/vec4 v0x5d91beea2b10_0;
    %flag_set/vec4 9;
    %flag_get/vec4 9;
    %jmp/0 T_36.112, 9;
    %load/vec4 v0x5d91beea2970_0;
    %and;
T_36.112;
    %flag_set/vec4 8;
    %jmp/0xz  T_36.110, 8;
    %pushi/vec4 10, 0, 32;
    %assign/vec4 v0x5d91beea9560_0, 0;
T_36.110 ;
    %jmp T_36.92;
T_36.12 ;
    %load/vec4 v0x5d91beea1410_0;
    %nor/r;
    %flag_set/vec4 8;
    %jmp/0xz  T_36.113, 8;
    %pushi/vec4 11, 0, 32;
    %assign/vec4 v0x5d91beea9560_0, 0;
T_36.113 ;
    %jmp T_36.92;
T_36.13 ;
    %pushi/vec4 12, 0, 32;
    %assign/vec4 v0x5d91beea9560_0, 0;
    %jmp T_36.92;
T_36.14 ;
    %load/vec4 v0x5d91beea82e0_0;
    %flag_set/vec4 8;
    %jmp/1 T_36.117, 8;
    %load/vec4 v0x5d91beea83a0_0;
    %nor/r;
    %flag_set/vec4 9;
    %flag_or 8, 9;
T_36.117;
    %jmp/0xz  T_36.115, 8;
    %pushi/vec4 13, 0, 32;
    %assign/vec4 v0x5d91beea9560_0, 0;
T_36.115 ;
    %jmp T_36.92;
T_36.15 ;
    %load/vec4 v0x5d91beea83a0_0;
    %flag_set/vec4 9;
    %flag_get/vec4 9;
    %jmp/0 T_36.120, 9;
    %load/vec4 v0x5d91beea82e0_0;
    %and;
T_36.120;
    %flag_set/vec4 8;
    %jmp/0xz  T_36.118, 8;
    %pushi/vec4 14, 0, 32;
    %assign/vec4 v0x5d91beea9560_0, 0;
T_36.118 ;
    %jmp T_36.92;
T_36.16 ;
    %load/vec4 v0x5d91beea1bd0_0;
    %flag_set/vec4 8;
    %jmp/0xz  T_36.121, 8;
    %load/vec4 v0x5d91beea1a30_0;
    %assign/vec4 v0x5d91beea78a0_0, 0;
T_36.121 ;
    %load/vec4 v0x5d91beea1bd0_0;
    %flag_set/vec4 8;
    %jmp/0xz  T_36.123, 8;
    %pushi/vec4 15, 0, 32;
    %assign/vec4 v0x5d91beea9560_0, 0;
T_36.123 ;
    %jmp T_36.92;
T_36.17 ;
    %load/vec4 v0x5d91beea78a0_0;
    %cmpi/e 0, 0, 64;
    %jmp/0xz  T_36.125, 4;
    %pushi/vec4 16, 0, 32;
    %assign/vec4 v0x5d91beea9560_0, 0;
    %jmp T_36.126;
T_36.125 ;
    %pushi/vec4 17, 0, 32;
    %assign/vec4 v0x5d91beea9560_0, 0;
T_36.126 ;
    %jmp T_36.92;
T_36.18 ;
    %pushi/vec4 18, 0, 32;
    %assign/vec4 v0x5d91beea9560_0, 0;
    %jmp T_36.92;
T_36.19 ;
    %pushi/vec4 11, 0, 32;
    %assign/vec4 v0x5d91beea9560_0, 0;
    %jmp T_36.92;
T_36.20 ;
    %load/vec4 v0x5d91beea14d0_0;
    %pad/u 32;
    %cmpi/e 0, 0, 32;
    %flag_get/vec4 4;
    %jmp/0 T_36.129, 4;
    %load/vec4 v0x5d91beea8700_0;
    %flag_set/vec4 9;
    %flag_get/vec4 9;
    %jmp/1 T_36.130, 9;
    %load/vec4 v0x5d91beea87c0_0;
    %nor/r;
    %or;
T_36.130;
    %and;
T_36.129;
    %flag_set/vec4 8;
    %jmp/0xz  T_36.127, 8;
    %pushi/vec4 19, 0, 32;
    %assign/vec4 v0x5d91beea9560_0, 0;
T_36.127 ;
    %jmp T_36.92;
T_36.21 ;
    %load/vec4 v0x5d91beea87c0_0;
    %flag_set/vec4 9;
    %flag_get/vec4 9;
    %jmp/0 T_36.133, 9;
    %load/vec4 v0x5d91beea8700_0;
    %and;
T_36.133;
    %flag_set/vec4 8;
    %jmp/0xz  T_36.131, 8;
    %pushi/vec4 20, 0, 32;
    %assign/vec4 v0x5d91beea9560_0, 0;
T_36.131 ;
    %jmp T_36.92;
T_36.22 ;
    %load/vec4 v0x5d91beea2970_0;
    %flag_set/vec4 8;
    %jmp/1 T_36.136, 8;
    %load/vec4 v0x5d91beea2b10_0;
    %nor/r;
    %flag_set/vec4 9;
    %flag_or 8, 9;
T_36.136;
    %jmp/0xz  T_36.134, 8;
    %pushi/vec4 21, 0, 32;
    %assign/vec4 v0x5d91beea9560_0, 0;
T_36.134 ;
    %jmp T_36.92;
T_36.23 ;
    %load/vec4 v0x5d91beea2b10_0;
    %flag_set/vec4 9;
    %flag_get/vec4 9;
    %jmp/0 T_36.139, 9;
    %load/vec4 v0x5d91beea2970_0;
    %and;
T_36.139;
    %flag_set/vec4 8;
    %jmp/0xz  T_36.137, 8;
    %pushi/vec4 22, 0, 32;
    %assign/vec4 v0x5d91beea9560_0, 0;
T_36.137 ;
    %jmp T_36.92;
T_36.24 ;
    %load/vec4 v0x5d91beea1410_0;
    %nor/r;
    %flag_set/vec4 8;
    %jmp/0xz  T_36.140, 8;
    %pushi/vec4 23, 0, 32;
    %assign/vec4 v0x5d91beea9560_0, 0;
T_36.140 ;
    %jmp T_36.92;
T_36.25 ;
    %load/vec4 v0x5d91beea14d0_0;
    %pad/u 32;
    %cmpi/e 0, 0, 32;
    %flag_get/vec4 4;
    %jmp/0 T_36.144, 4;
    %load/vec4 v0x5d91beea8700_0;
    %flag_set/vec4 9;
    %flag_get/vec4 9;
    %jmp/1 T_36.145, 9;
    %load/vec4 v0x5d91beea87c0_0;
    %nor/r;
    %or;
T_36.145;
    %and;
T_36.144;
    %flag_set/vec4 8;
    %jmp/0xz  T_36.142, 8;
    %pushi/vec4 24, 0, 32;
    %assign/vec4 v0x5d91beea9560_0, 0;
T_36.142 ;
    %jmp T_36.92;
T_36.26 ;
    %load/vec4 v0x5d91beea87c0_0;
    %flag_set/vec4 9;
    %flag_get/vec4 9;
    %jmp/0 T_36.148, 9;
    %load/vec4 v0x5d91beea8700_0;
    %and;
T_36.148;
    %flag_set/vec4 8;
    %jmp/0xz  T_36.146, 8;
    %pushi/vec4 25, 0, 32;
    %assign/vec4 v0x5d91beea9560_0, 0;
T_36.146 ;
    %jmp T_36.92;
T_36.27 ;
    %load/vec4 v0x5d91beea2970_0;
    %flag_set/vec4 8;
    %jmp/1 T_36.151, 8;
    %load/vec4 v0x5d91beea2b10_0;
    %nor/r;
    %flag_set/vec4 9;
    %flag_or 8, 9;
T_36.151;
    %jmp/0xz  T_36.149, 8;
    %pushi/vec4 26, 0, 32;
    %assign/vec4 v0x5d91beea9560_0, 0;
T_36.149 ;
    %jmp T_36.92;
T_36.28 ;
    %load/vec4 v0x5d91beea2b10_0;
    %flag_set/vec4 9;
    %flag_get/vec4 9;
    %jmp/0 T_36.154, 9;
    %load/vec4 v0x5d91beea2970_0;
    %and;
T_36.154;
    %flag_set/vec4 8;
    %jmp/0xz  T_36.152, 8;
    %pushi/vec4 27, 0, 32;
    %assign/vec4 v0x5d91beea9560_0, 0;
T_36.152 ;
    %jmp T_36.92;
T_36.29 ;
    %load/vec4 v0x5d91beea1410_0;
    %nor/r;
    %flag_set/vec4 8;
    %jmp/0xz  T_36.155, 8;
    %pushi/vec4 28, 0, 32;
    %assign/vec4 v0x5d91beea9560_0, 0;
T_36.155 ;
    %jmp T_36.92;
T_36.30 ;
    %load/vec4 v0x5d91beea14d0_0;
    %pad/u 32;
    %cmpi/e 0, 0, 32;
    %flag_get/vec4 4;
    %jmp/0 T_36.159, 4;
    %load/vec4 v0x5d91beea8700_0;
    %flag_set/vec4 9;
    %flag_get/vec4 9;
    %jmp/1 T_36.160, 9;
    %load/vec4 v0x5d91beea87c0_0;
    %nor/r;
    %or;
T_36.160;
    %and;
T_36.159;
    %flag_set/vec4 8;
    %jmp/0xz  T_36.157, 8;
    %pushi/vec4 29, 0, 32;
    %assign/vec4 v0x5d91beea9560_0, 0;
T_36.157 ;
    %jmp T_36.92;
T_36.31 ;
    %load/vec4 v0x5d91beea87c0_0;
    %flag_set/vec4 9;
    %flag_get/vec4 9;
    %jmp/0 T_36.163, 9;
    %load/vec4 v0x5d91beea8700_0;
    %and;
T_36.163;
    %flag_set/vec4 8;
    %jmp/0xz  T_36.161, 8;
    %pushi/vec4 30, 0, 32;
    %assign/vec4 v0x5d91beea9560_0, 0;
T_36.161 ;
    %jmp T_36.92;
T_36.32 ;
    %load/vec4 v0x5d91beea2970_0;
    %flag_set/vec4 8;
    %jmp/1 T_36.166, 8;
    %load/vec4 v0x5d91beea2b10_0;
    %nor/r;
    %flag_set/vec4 9;
    %flag_or 8, 9;
T_36.166;
    %jmp/0xz  T_36.164, 8;
    %pushi/vec4 31, 0, 32;
    %assign/vec4 v0x5d91beea9560_0, 0;
T_36.164 ;
    %jmp T_36.92;
T_36.33 ;
    %load/vec4 v0x5d91beea2b10_0;
    %flag_set/vec4 9;
    %flag_get/vec4 9;
    %jmp/0 T_36.169, 9;
    %load/vec4 v0x5d91beea2970_0;
    %and;
T_36.169;
    %flag_set/vec4 8;
    %jmp/0xz  T_36.167, 8;
    %pushi/vec4 32, 0, 32;
    %assign/vec4 v0x5d91beea9560_0, 0;
T_36.167 ;
    %jmp T_36.92;
T_36.34 ;
    %load/vec4 v0x5d91beea1410_0;
    %nor/r;
    %flag_set/vec4 8;
    %jmp/0xz  T_36.170, 8;
    %pushi/vec4 33, 0, 32;
    %assign/vec4 v0x5d91beea9560_0, 0;
T_36.170 ;
    %jmp T_36.92;
T_36.35 ;
    %pushi/vec4 34, 0, 32;
    %assign/vec4 v0x5d91beea9560_0, 0;
    %jmp T_36.92;
T_36.36 ;
    %load/vec4 v0x5d91beea82e0_0;
    %flag_set/vec4 8;
    %jmp/1 T_36.174, 8;
    %load/vec4 v0x5d91beea83a0_0;
    %nor/r;
    %flag_set/vec4 9;
    %flag_or 8, 9;
T_36.174;
    %jmp/0xz  T_36.172, 8;
    %pushi/vec4 35, 0, 32;
    %assign/vec4 v0x5d91beea9560_0, 0;
T_36.172 ;
    %jmp T_36.92;
T_36.37 ;
    %load/vec4 v0x5d91beea83a0_0;
    %flag_set/vec4 9;
    %flag_get/vec4 9;
    %jmp/0 T_36.177, 9;
    %load/vec4 v0x5d91beea82e0_0;
    %and;
T_36.177;
    %flag_set/vec4 8;
    %jmp/0xz  T_36.175, 8;
    %pushi/vec4 36, 0, 32;
    %assign/vec4 v0x5d91beea9560_0, 0;
T_36.175 ;
    %jmp T_36.92;
T_36.38 ;
    %load/vec4 v0x5d91beea1bd0_0;
    %flag_set/vec4 8;
    %jmp/0xz  T_36.178, 8;
    %load/vec4 v0x5d91beea1a30_0;
    %assign/vec4 v0x5d91beea7940_0, 0;
T_36.178 ;
    %load/vec4 v0x5d91beea1bd0_0;
    %flag_set/vec4 8;
    %jmp/0xz  T_36.180, 8;
    %pushi/vec4 37, 0, 32;
    %assign/vec4 v0x5d91beea9560_0, 0;
T_36.180 ;
    %jmp T_36.92;
T_36.39 ;
    %load/vec4 v0x5d91beea7940_0;
    %cmpi/e 0, 0, 64;
    %jmp/0xz  T_36.182, 4;
    %pushi/vec4 38, 0, 32;
    %assign/vec4 v0x5d91beea9560_0, 0;
    %jmp T_36.183;
T_36.182 ;
    %pushi/vec4 39, 0, 32;
    %assign/vec4 v0x5d91beea9560_0, 0;
T_36.183 ;
    %jmp T_36.92;
T_36.40 ;
    %pushi/vec4 40, 0, 32;
    %assign/vec4 v0x5d91beea9560_0, 0;
    %jmp T_36.92;
T_36.41 ;
    %pushi/vec4 33, 0, 32;
    %assign/vec4 v0x5d91beea9560_0, 0;
    %jmp T_36.92;
T_36.42 ;
    %pushi/vec4 0, 0, 32;
    %assign/vec4 v0x5d91beea5160_0, 0;
    %pushi/vec4 41, 0, 32;
    %assign/vec4 v0x5d91beea9560_0, 0;
    %jmp T_36.92;
T_36.43 ;
    %load/vec4 v0x5d91beea5160_0;
    %cmpi/s 4, 0, 32;
    %jmp/0xz  T_36.184, 5;
    %pushi/vec4 42, 0, 32;
    %assign/vec4 v0x5d91beea9560_0, 0;
    %jmp T_36.185;
T_36.184 ;
    %pushi/vec4 45, 0, 32;
    %assign/vec4 v0x5d91beea9560_0, 0;
T_36.185 ;
    %jmp T_36.92;
T_36.44 ;
    %load/vec4 v0x5d91beea2ed0_0;
    %flag_set/vec4 8;
    %jmp/0xz  T_36.186, 8;
    %pushi/vec4 43, 0, 32;
    %assign/vec4 v0x5d91beea9560_0, 0;
T_36.186 ;
    %jmp T_36.92;
T_36.45 ;
    %load/vec4 v0x5d91beea93e0_0;
    %flag_set/vec4 8;
    %jmp/1 T_36.190, 8;
    %load/vec4 v0x5d91beea94a0_0;
    %nor/r;
    %flag_set/vec4 9;
    %flag_or 8, 9;
T_36.190;
    %jmp/0xz  T_36.188, 8;
    %pushi/vec4 44, 0, 32;
    %assign/vec4 v0x5d91beea9560_0, 0;
T_36.188 ;
    %jmp T_36.92;
T_36.46 ;
    %load/vec4 v0x5d91beea5160_0;
    %addi 1, 0, 32;
    %assign/vec4 v0x5d91beea5160_0, 0;
    %pushi/vec4 41, 0, 32;
    %assign/vec4 v0x5d91beea9560_0, 0;
    %jmp T_36.92;
T_36.47 ;
    %pushi/vec4 46, 0, 32;
    %assign/vec4 v0x5d91beea9560_0, 0;
    %jmp T_36.92;
T_36.48 ;
    %load/vec4 v0x5d91beea82e0_0;
    %flag_set/vec4 8;
    %jmp/1 T_36.193, 8;
    %load/vec4 v0x5d91beea83a0_0;
    %nor/r;
    %flag_set/vec4 9;
    %flag_or 8, 9;
T_36.193;
    %jmp/0xz  T_36.191, 8;
    %pushi/vec4 47, 0, 32;
    %assign/vec4 v0x5d91beea9560_0, 0;
T_36.191 ;
    %jmp T_36.92;
T_36.49 ;
    %load/vec4 v0x5d91beea83a0_0;
    %flag_set/vec4 9;
    %flag_get/vec4 9;
    %jmp/0 T_36.196, 9;
    %load/vec4 v0x5d91beea82e0_0;
    %and;
T_36.196;
    %flag_set/vec4 8;
    %jmp/0xz  T_36.194, 8;
    %pushi/vec4 48, 0, 32;
    %assign/vec4 v0x5d91beea9560_0, 0;
T_36.194 ;
    %jmp T_36.92;
T_36.50 ;
    %load/vec4 v0x5d91beea1bd0_0;
    %flag_set/vec4 8;
    %jmp/0xz  T_36.197, 8;
    %load/vec4 v0x5d91beea1a30_0;
    %assign/vec4 v0x5d91beea79e0_0, 0;
T_36.197 ;
    %load/vec4 v0x5d91beea1bd0_0;
    %flag_set/vec4 8;
    %jmp/0xz  T_36.199, 8;
    %pushi/vec4 49, 0, 32;
    %assign/vec4 v0x5d91beea9560_0, 0;
T_36.199 ;
    %jmp T_36.92;
T_36.51 ;
    %load/vec4 v0x5d91beea79e0_0;
    %cmpi/e 0, 0, 64;
    %jmp/0xz  T_36.201, 4;
    %pushi/vec4 50, 0, 32;
    %assign/vec4 v0x5d91beea9560_0, 0;
    %jmp T_36.202;
T_36.201 ;
    %pushi/vec4 51, 0, 32;
    %assign/vec4 v0x5d91beea9560_0, 0;
T_36.202 ;
    %jmp T_36.92;
T_36.52 ;
    %pushi/vec4 52, 0, 32;
    %assign/vec4 v0x5d91beea9560_0, 0;
    %jmp T_36.92;
T_36.53 ;
    %pushi/vec4 45, 0, 32;
    %assign/vec4 v0x5d91beea9560_0, 0;
    %jmp T_36.92;
T_36.54 ;
    %load/vec4 v0x5d91beea14d0_0;
    %pad/u 32;
    %cmpi/e 0, 0, 32;
    %flag_get/vec4 4;
    %jmp/0 T_36.205, 4;
    %load/vec4 v0x5d91beea8700_0;
    %flag_set/vec4 9;
    %flag_get/vec4 9;
    %jmp/1 T_36.206, 9;
    %load/vec4 v0x5d91beea87c0_0;
    %nor/r;
    %or;
T_36.206;
    %and;
T_36.205;
    %flag_set/vec4 8;
    %jmp/0xz  T_36.203, 8;
    %pushi/vec4 53, 0, 32;
    %assign/vec4 v0x5d91beea9560_0, 0;
T_36.203 ;
    %jmp T_36.92;
T_36.55 ;
    %load/vec4 v0x5d91beea87c0_0;
    %flag_set/vec4 9;
    %flag_get/vec4 9;
    %jmp/0 T_36.209, 9;
    %load/vec4 v0x5d91beea8700_0;
    %and;
T_36.209;
    %flag_set/vec4 8;
    %jmp/0xz  T_36.207, 8;
    %pushi/vec4 54, 0, 32;
    %assign/vec4 v0x5d91beea9560_0, 0;
T_36.207 ;
    %jmp T_36.92;
T_36.56 ;
    %load/vec4 v0x5d91beea2970_0;
    %flag_set/vec4 8;
    %jmp/1 T_36.212, 8;
    %load/vec4 v0x5d91beea2b10_0;
    %nor/r;
    %flag_set/vec4 9;
    %flag_or 8, 9;
T_36.212;
    %jmp/0xz  T_36.210, 8;
    %pushi/vec4 55, 0, 32;
    %assign/vec4 v0x5d91beea9560_0, 0;
T_36.210 ;
    %jmp T_36.92;
T_36.57 ;
    %load/vec4 v0x5d91beea2b10_0;
    %flag_set/vec4 9;
    %flag_get/vec4 9;
    %jmp/0 T_36.215, 9;
    %load/vec4 v0x5d91beea2970_0;
    %and;
T_36.215;
    %flag_set/vec4 8;
    %jmp/0xz  T_36.213, 8;
    %pushi/vec4 56, 0, 32;
    %assign/vec4 v0x5d91beea9560_0, 0;
T_36.213 ;
    %jmp T_36.92;
T_36.58 ;
    %load/vec4 v0x5d91beea1410_0;
    %nor/r;
    %flag_set/vec4 8;
    %jmp/0xz  T_36.216, 8;
    %pushi/vec4 57, 0, 32;
    %assign/vec4 v0x5d91beea9560_0, 0;
T_36.216 ;
    %jmp T_36.92;
T_36.59 ;
    %load/vec4 v0x5d91beea14d0_0;
    %pad/u 32;
    %cmpi/e 0, 0, 32;
    %flag_get/vec4 4;
    %jmp/0 T_36.220, 4;
    %load/vec4 v0x5d91beea8700_0;
    %flag_set/vec4 9;
    %flag_get/vec4 9;
    %jmp/1 T_36.221, 9;
    %load/vec4 v0x5d91beea87c0_0;
    %nor/r;
    %or;
T_36.221;
    %and;
T_36.220;
    %flag_set/vec4 8;
    %jmp/0xz  T_36.218, 8;
    %pushi/vec4 58, 0, 32;
    %assign/vec4 v0x5d91beea9560_0, 0;
T_36.218 ;
    %jmp T_36.92;
T_36.60 ;
    %load/vec4 v0x5d91beea87c0_0;
    %flag_set/vec4 9;
    %flag_get/vec4 9;
    %jmp/0 T_36.224, 9;
    %load/vec4 v0x5d91beea8700_0;
    %and;
T_36.224;
    %flag_set/vec4 8;
    %jmp/0xz  T_36.222, 8;
    %pushi/vec4 59, 0, 32;
    %assign/vec4 v0x5d91beea9560_0, 0;
T_36.222 ;
    %jmp T_36.92;
T_36.61 ;
    %load/vec4 v0x5d91beea2970_0;
    %flag_set/vec4 8;
    %jmp/1 T_36.227, 8;
    %load/vec4 v0x5d91beea2b10_0;
    %nor/r;
    %flag_set/vec4 9;
    %flag_or 8, 9;
T_36.227;
    %jmp/0xz  T_36.225, 8;
    %pushi/vec4 60, 0, 32;
    %assign/vec4 v0x5d91beea9560_0, 0;
T_36.225 ;
    %jmp T_36.92;
T_36.62 ;
    %load/vec4 v0x5d91beea2b10_0;
    %flag_set/vec4 9;
    %flag_get/vec4 9;
    %jmp/0 T_36.230, 9;
    %load/vec4 v0x5d91beea2970_0;
    %and;
T_36.230;
    %flag_set/vec4 8;
    %jmp/0xz  T_36.228, 8;
    %pushi/vec4 61, 0, 32;
    %assign/vec4 v0x5d91beea9560_0, 0;
T_36.228 ;
    %jmp T_36.92;
T_36.63 ;
    %load/vec4 v0x5d91beea1410_0;
    %nor/r;
    %flag_set/vec4 8;
    %jmp/0xz  T_36.231, 8;
    %pushi/vec4 62, 0, 32;
    %assign/vec4 v0x5d91beea9560_0, 0;
T_36.231 ;
    %jmp T_36.92;
T_36.64 ;
    %load/vec4 v0x5d91beea14d0_0;
    %pad/u 32;
    %cmpi/e 0, 0, 32;
    %flag_get/vec4 4;
    %jmp/0 T_36.235, 4;
    %load/vec4 v0x5d91beea8700_0;
    %flag_set/vec4 9;
    %flag_get/vec4 9;
    %jmp/1 T_36.236, 9;
    %load/vec4 v0x5d91beea87c0_0;
    %nor/r;
    %or;
T_36.236;
    %and;
T_36.235;
    %flag_set/vec4 8;
    %jmp/0xz  T_36.233, 8;
    %pushi/vec4 63, 0, 32;
    %assign/vec4 v0x5d91beea9560_0, 0;
T_36.233 ;
    %jmp T_36.92;
T_36.65 ;
    %load/vec4 v0x5d91beea87c0_0;
    %flag_set/vec4 9;
    %flag_get/vec4 9;
    %jmp/0 T_36.239, 9;
    %load/vec4 v0x5d91beea8700_0;
    %and;
T_36.239;
    %flag_set/vec4 8;
    %jmp/0xz  T_36.237, 8;
    %pushi/vec4 64, 0, 32;
    %assign/vec4 v0x5d91beea9560_0, 0;
T_36.237 ;
    %jmp T_36.92;
T_36.66 ;
    %load/vec4 v0x5d91beea2970_0;
    %flag_set/vec4 8;
    %jmp/1 T_36.242, 8;
    %load/vec4 v0x5d91beea2b10_0;
    %nor/r;
    %flag_set/vec4 9;
    %flag_or 8, 9;
T_36.242;
    %jmp/0xz  T_36.240, 8;
    %pushi/vec4 65, 0, 32;
    %assign/vec4 v0x5d91beea9560_0, 0;
T_36.240 ;
    %jmp T_36.92;
T_36.67 ;
    %load/vec4 v0x5d91beea2b10_0;
    %flag_set/vec4 9;
    %flag_get/vec4 9;
    %jmp/0 T_36.245, 9;
    %load/vec4 v0x5d91beea2970_0;
    %and;
T_36.245;
    %flag_set/vec4 8;
    %jmp/0xz  T_36.243, 8;
    %pushi/vec4 66, 0, 32;
    %assign/vec4 v0x5d91beea9560_0, 0;
T_36.243 ;
    %jmp T_36.92;
T_36.68 ;
    %load/vec4 v0x5d91beea1410_0;
    %nor/r;
    %flag_set/vec4 8;
    %jmp/0xz  T_36.246, 8;
    %pushi/vec4 67, 0, 32;
    %assign/vec4 v0x5d91beea9560_0, 0;
T_36.246 ;
    %jmp T_36.92;
T_36.69 ;
    %pushi/vec4 68, 0, 32;
    %assign/vec4 v0x5d91beea9560_0, 0;
    %jmp T_36.92;
T_36.70 ;
    %load/vec4 v0x5d91beea82e0_0;
    %flag_set/vec4 8;
    %jmp/1 T_36.250, 8;
    %load/vec4 v0x5d91beea83a0_0;
    %nor/r;
    %flag_set/vec4 9;
    %flag_or 8, 9;
T_36.250;
    %jmp/0xz  T_36.248, 8;
    %pushi/vec4 69, 0, 32;
    %assign/vec4 v0x5d91beea9560_0, 0;
T_36.248 ;
    %jmp T_36.92;
T_36.71 ;
    %load/vec4 v0x5d91beea83a0_0;
    %flag_set/vec4 9;
    %flag_get/vec4 9;
    %jmp/0 T_36.253, 9;
    %load/vec4 v0x5d91beea82e0_0;
    %and;
T_36.253;
    %flag_set/vec4 8;
    %jmp/0xz  T_36.251, 8;
    %pushi/vec4 70, 0, 32;
    %assign/vec4 v0x5d91beea9560_0, 0;
T_36.251 ;
    %jmp T_36.92;
T_36.72 ;
    %load/vec4 v0x5d91beea1bd0_0;
    %flag_set/vec4 8;
    %jmp/0xz  T_36.254, 8;
    %load/vec4 v0x5d91beea1a30_0;
    %assign/vec4 v0x5d91beea7a80_0, 0;
T_36.254 ;
    %load/vec4 v0x5d91beea1bd0_0;
    %flag_set/vec4 8;
    %jmp/0xz  T_36.256, 8;
    %pushi/vec4 71, 0, 32;
    %assign/vec4 v0x5d91beea9560_0, 0;
T_36.256 ;
    %jmp T_36.92;
T_36.73 ;
    %load/vec4 v0x5d91beea7a80_0;
    %cmpi/e 0, 0, 64;
    %jmp/0xz  T_36.258, 4;
    %pushi/vec4 72, 0, 32;
    %assign/vec4 v0x5d91beea9560_0, 0;
    %jmp T_36.259;
T_36.258 ;
    %pushi/vec4 73, 0, 32;
    %assign/vec4 v0x5d91beea9560_0, 0;
T_36.259 ;
    %jmp T_36.92;
T_36.74 ;
    %pushi/vec4 74, 0, 32;
    %assign/vec4 v0x5d91beea9560_0, 0;
    %jmp T_36.92;
T_36.75 ;
    %pushi/vec4 67, 0, 32;
    %assign/vec4 v0x5d91beea9560_0, 0;
    %jmp T_36.92;
T_36.76 ;
    %load/vec4 v0x5d91beea14d0_0;
    %pad/u 32;
    %cmpi/e 0, 0, 32;
    %flag_get/vec4 4;
    %jmp/0 T_36.262, 4;
    %load/vec4 v0x5d91beea8700_0;
    %flag_set/vec4 9;
    %flag_get/vec4 9;
    %jmp/1 T_36.263, 9;
    %load/vec4 v0x5d91beea87c0_0;
    %nor/r;
    %or;
T_36.263;
    %and;
T_36.262;
    %flag_set/vec4 8;
    %jmp/0xz  T_36.260, 8;
    %pushi/vec4 75, 0, 32;
    %assign/vec4 v0x5d91beea9560_0, 0;
T_36.260 ;
    %jmp T_36.92;
T_36.77 ;
    %load/vec4 v0x5d91beea87c0_0;
    %flag_set/vec4 9;
    %flag_get/vec4 9;
    %jmp/0 T_36.266, 9;
    %load/vec4 v0x5d91beea8700_0;
    %and;
T_36.266;
    %flag_set/vec4 8;
    %jmp/0xz  T_36.264, 8;
    %pushi/vec4 76, 0, 32;
    %assign/vec4 v0x5d91beea9560_0, 0;
T_36.264 ;
    %jmp T_36.92;
T_36.78 ;
    %load/vec4 v0x5d91beea2970_0;
    %flag_set/vec4 8;
    %jmp/1 T_36.269, 8;
    %load/vec4 v0x5d91beea2b10_0;
    %nor/r;
    %flag_set/vec4 9;
    %flag_or 8, 9;
T_36.269;
    %jmp/0xz  T_36.267, 8;
    %pushi/vec4 77, 0, 32;
    %assign/vec4 v0x5d91beea9560_0, 0;
T_36.267 ;
    %jmp T_36.92;
T_36.79 ;
    %load/vec4 v0x5d91beea2b10_0;
    %flag_set/vec4 9;
    %flag_get/vec4 9;
    %jmp/0 T_36.272, 9;
    %load/vec4 v0x5d91beea2970_0;
    %and;
T_36.272;
    %flag_set/vec4 8;
    %jmp/0xz  T_36.270, 8;
    %pushi/vec4 78, 0, 32;
    %assign/vec4 v0x5d91beea9560_0, 0;
T_36.270 ;
    %jmp T_36.92;
T_36.80 ;
    %load/vec4 v0x5d91beea1410_0;
    %nor/r;
    %flag_set/vec4 8;
    %jmp/0xz  T_36.273, 8;
    %pushi/vec4 79, 0, 32;
    %assign/vec4 v0x5d91beea9560_0, 0;
T_36.273 ;
    %jmp T_36.92;
T_36.81 ;
    %pushi/vec4 80, 0, 32;
    %assign/vec4 v0x5d91beea9560_0, 0;
    %jmp T_36.92;
T_36.82 ;
    %load/vec4 v0x5d91beea82e0_0;
    %flag_set/vec4 8;
    %jmp/1 T_36.277, 8;
    %load/vec4 v0x5d91beea83a0_0;
    %nor/r;
    %flag_set/vec4 9;
    %flag_or 8, 9;
T_36.277;
    %jmp/0xz  T_36.275, 8;
    %pushi/vec4 81, 0, 32;
    %assign/vec4 v0x5d91beea9560_0, 0;
T_36.275 ;
    %jmp T_36.92;
T_36.83 ;
    %load/vec4 v0x5d91beea83a0_0;
    %flag_set/vec4 9;
    %flag_get/vec4 9;
    %jmp/0 T_36.280, 9;
    %load/vec4 v0x5d91beea82e0_0;
    %and;
T_36.280;
    %flag_set/vec4 8;
    %jmp/0xz  T_36.278, 8;
    %pushi/vec4 82, 0, 32;
    %assign/vec4 v0x5d91beea9560_0, 0;
T_36.278 ;
    %jmp T_36.92;
T_36.84 ;
    %load/vec4 v0x5d91beea1bd0_0;
    %flag_set/vec4 8;
    %jmp/0xz  T_36.281, 8;
    %load/vec4 v0x5d91beea1a30_0;
    %assign/vec4 v0x5d91beea7b20_0, 0;
T_36.281 ;
    %load/vec4 v0x5d91beea1bd0_0;
    %flag_set/vec4 8;
    %jmp/0xz  T_36.283, 8;
    %pushi/vec4 83, 0, 32;
    %assign/vec4 v0x5d91beea9560_0, 0;
T_36.283 ;
    %jmp T_36.92;
T_36.85 ;
    %load/vec4 v0x5d91beea7b20_0;
    %cmpi/e 0, 0, 64;
    %jmp/0xz  T_36.285, 4;
    %pushi/vec4 84, 0, 32;
    %assign/vec4 v0x5d91beea9560_0, 0;
    %jmp T_36.286;
T_36.285 ;
    %pushi/vec4 85, 0, 32;
    %assign/vec4 v0x5d91beea9560_0, 0;
T_36.286 ;
    %jmp T_36.92;
T_36.86 ;
    %pushi/vec4 86, 0, 32;
    %assign/vec4 v0x5d91beea9560_0, 0;
    %jmp T_36.92;
T_36.87 ;
    %pushi/vec4 79, 0, 32;
    %assign/vec4 v0x5d91beea9560_0, 0;
    %jmp T_36.92;
T_36.88 ;
    %load/vec4 v0x5d91beea82e0_0;
    %flag_set/vec4 8;
    %jmp/1 T_36.289, 8;
    %load/vec4 v0x5d91beea83a0_0;
    %nor/r;
    %flag_set/vec4 9;
    %flag_or 8, 9;
T_36.289;
    %jmp/0xz  T_36.287, 8;
    %pushi/vec4 87, 0, 32;
    %assign/vec4 v0x5d91beea9560_0, 0;
T_36.287 ;
    %jmp T_36.92;
T_36.89 ;
    %load/vec4 v0x5d91beea83a0_0;
    %flag_set/vec4 9;
    %flag_get/vec4 9;
    %jmp/0 T_36.292, 9;
    %load/vec4 v0x5d91beea82e0_0;
    %and;
T_36.292;
    %flag_set/vec4 8;
    %jmp/0xz  T_36.290, 8;
    %pushi/vec4 88, 0, 32;
    %assign/vec4 v0x5d91beea9560_0, 0;
T_36.290 ;
    %jmp T_36.92;
T_36.90 ;
    %load/vec4 v0x5d91beea1bd0_0;
    %flag_set/vec4 8;
    %jmp/0xz  T_36.293, 8;
    %load/vec4 v0x5d91beea1a30_0;
    %assign/vec4 v0x5d91beea7bc0_0, 0;
T_36.293 ;
    %load/vec4 v0x5d91beea1bd0_0;
    %flag_set/vec4 8;
    %jmp/0xz  T_36.295, 8;
    %pushi/vec4 89, 0, 32;
    %assign/vec4 v0x5d91beea9560_0, 0;
T_36.295 ;
    %jmp T_36.92;
T_36.91 ;
    %vpi_call 2 1443 "$display", "MAC Result: %x", v0x5d91beea7bc0_0 {0 0 0};
    %pushi/vec4 90, 0, 32;
    %assign/vec4 v0x5d91beea9560_0, 0;
    %jmp T_36.92;
T_36.92 ;
    %pop/vec4 1;
T_36.1 ;
    %jmp T_36;
    .thread T_36;
# The file index is used to find the file name in the following table.
:file_names 3;
    "N/A";
    "<interactive>";
    "/tmp/tmp7k2md29p";
