#! /usr/local/bin/vvp
:ivl_version "12.0 (stable)";
:ivl_delay_selection "TYPICAL";
:vpi_time_precision + 0;
:vpi_module "/usr/local/lib/ivl/system.vpi";
:vpi_module "/usr/local/lib/ivl/vhdl_sys.vpi";
:vpi_module "/usr/local/lib/ivl/vhdl_textio.vpi";
:vpi_module "/usr/local/lib/ivl/v2005_math.vpi";
:vpi_module "/usr/local/lib/ivl/va_math.vpi";
S_0x5716ed4c3ed0 .scope module, "test_memreq" "test_memreq" 2 3;
 .timescale 0 0;
P_0x5716ed580db0 .param/l "_memory_request_raddr_fsm_1" 1 2 979, +C4<00000000000000000000000000000001>;
P_0x5716ed580df0 .param/l "_memory_request_raddr_fsm_init" 1 2 294, +C4<00000000000000000000000000000000>;
P_0x5716ed580e30 .param/l "_memory_request_rdata_fsm_1" 1 2 1011, +C4<00000000000000000000000000000001>;
P_0x5716ed580e70 .param/l "_memory_request_rdata_fsm_10" 1 2 1020, +C4<00000000000000000000000000001010>;
P_0x5716ed580eb0 .param/l "_memory_request_rdata_fsm_11" 1 2 1021, +C4<00000000000000000000000000001011>;
P_0x5716ed580ef0 .param/l "_memory_request_rdata_fsm_2" 1 2 1012, +C4<00000000000000000000000000000010>;
P_0x5716ed580f30 .param/l "_memory_request_rdata_fsm_3" 1 2 1013, +C4<00000000000000000000000000000011>;
P_0x5716ed580f70 .param/l "_memory_request_rdata_fsm_4" 1 2 1014, +C4<00000000000000000000000000000100>;
P_0x5716ed580fb0 .param/l "_memory_request_rdata_fsm_5" 1 2 1015, +C4<00000000000000000000000000000101>;
P_0x5716ed580ff0 .param/l "_memory_request_rdata_fsm_6" 1 2 1016, +C4<00000000000000000000000000000110>;
P_0x5716ed581030 .param/l "_memory_request_rdata_fsm_7" 1 2 1017, +C4<00000000000000000000000000000111>;
P_0x5716ed581070 .param/l "_memory_request_rdata_fsm_8" 1 2 1018, +C4<00000000000000000000000000001000>;
P_0x5716ed5810b0 .param/l "_memory_request_rdata_fsm_9" 1 2 1019, +C4<00000000000000000000000000001001>;
P_0x5716ed5810f0 .param/l "_memory_request_rdata_fsm_init" 1 2 296, +C4<00000000000000000000000000000000>;
P_0x5716ed581130 .param/l "_memory_request_waddr_fsm_1" 1 2 865, +C4<00000000000000000000000000000001>;
P_0x5716ed581170 .param/l "_memory_request_waddr_fsm_10" 1 2 874, +C4<00000000000000000000000000001010>;
P_0x5716ed5811b0 .param/l "_memory_request_waddr_fsm_11" 1 2 875, +C4<00000000000000000000000000001011>;
P_0x5716ed5811f0 .param/l "_memory_request_waddr_fsm_2" 1 2 866, +C4<00000000000000000000000000000010>;
P_0x5716ed581230 .param/l "_memory_request_waddr_fsm_3" 1 2 867, +C4<00000000000000000000000000000011>;
P_0x5716ed581270 .param/l "_memory_request_waddr_fsm_4" 1 2 868, +C4<00000000000000000000000000000100>;
P_0x5716ed5812b0 .param/l "_memory_request_waddr_fsm_5" 1 2 869, +C4<00000000000000000000000000000101>;
P_0x5716ed5812f0 .param/l "_memory_request_waddr_fsm_6" 1 2 870, +C4<00000000000000000000000000000110>;
P_0x5716ed581330 .param/l "_memory_request_waddr_fsm_7" 1 2 871, +C4<00000000000000000000000000000111>;
P_0x5716ed581370 .param/l "_memory_request_waddr_fsm_8" 1 2 872, +C4<00000000000000000000000000001000>;
P_0x5716ed5813b0 .param/l "_memory_request_waddr_fsm_9" 1 2 873, +C4<00000000000000000000000000001001>;
P_0x5716ed5813f0 .param/l "_memory_request_waddr_fsm_init" 1 2 290, +C4<00000000000000000000000000000000>;
P_0x5716ed581430 .param/l "_memory_request_wdata_fsm_1" 1 2 937, +C4<00000000000000000000000000000001>;
P_0x5716ed581470 .param/l "_memory_request_wdata_fsm_init" 1 2 292, +C4<00000000000000000000000000000000>;
P_0x5716ed5814b0 .param/l "_tmp_43" 1 2 383, +C4<00000000000000000000000000000001>;
P_0x5716ed5814f0 .param/l "_tmp_48" 1 2 407, +C4<00000000000000000000000000000001>;
P_0x5716ed581530 .param/l "_tmp_60" 1 2 435, +C4<00000000000000000000000000000001>;
P_0x5716ed581570 .param/l "th_ctrl_1" 1 2 1221, +C4<00000000000000000000000000000001>;
P_0x5716ed5815b0 .param/l "th_ctrl_10" 1 2 1230, +C4<00000000000000000000000000001010>;
P_0x5716ed5815f0 .param/l "th_ctrl_11" 1 2 1231, +C4<00000000000000000000000000001011>;
P_0x5716ed581630 .param/l "th_ctrl_2" 1 2 1222, +C4<00000000000000000000000000000010>;
P_0x5716ed581670 .param/l "th_ctrl_3" 1 2 1223, +C4<00000000000000000000000000000011>;
P_0x5716ed5816b0 .param/l "th_ctrl_4" 1 2 1224, +C4<00000000000000000000000000000100>;
P_0x5716ed5816f0 .param/l "th_ctrl_5" 1 2 1225, +C4<00000000000000000000000000000101>;
P_0x5716ed581730 .param/l "th_ctrl_6" 1 2 1226, +C4<00000000000000000000000000000110>;
P_0x5716ed581770 .param/l "th_ctrl_7" 1 2 1227, +C4<00000000000000000000000000000111>;
P_0x5716ed5817b0 .param/l "th_ctrl_8" 1 2 1228, +C4<00000000000000000000000000001000>;
P_0x5716ed5817f0 .param/l "th_ctrl_9" 1 2 1229, +C4<00000000000000000000000000001001>;
P_0x5716ed581830 .param/l "th_ctrl_init" 1 2 536, +C4<00000000000000000000000000000000>;
L_0x5716ed497200 .functor BUFZ 1, L_0x5716ed5c1780, C4<0>, C4<0>, C4<0>;
L_0x5716ed4891c0 .functor OR 1, v0x5716ed5a66b0_0, v0x5716ed5a3340_0, C4<0>, C4<0>;
L_0x5716ed417cb0 .functor BUFZ 1, L_0x5716ed5af710, C4<0>, C4<0>, C4<0>;
L_0x5716ed42c1d0 .functor BUFZ 64, L_0x5716ed5afad0, C4<0000000000000000000000000000000000000000000000000000000000000000>, C4<0000000000000000000000000000000000000000000000000000000000000000>, C4<0000000000000000000000000000000000000000000000000000000000000000>;
L_0x5716ed5afcd0 .functor BUFZ 8, L_0x5716ed5af9d0, C4<00000000>, C4<00000000>, C4<00000000>;
L_0x5716ed5aff60 .functor BUFZ 64, L_0x5716ed5c2270, C4<0000000000000000000000000000000000000000000000000000000000000000>, C4<0000000000000000000000000000000000000000000000000000000000000000>, C4<0000000000000000000000000000000000000000000000000000000000000000>;
L_0x5716ed5b0170 .functor BUFZ 1, L_0x5716ed5c24b0, C4<0>, C4<0>, C4<0>;
o0x9895b0c3c38 .functor BUFZ 1, C4<z>; HiZ drive
L_0x5716ed5b01e0 .functor BUFZ 1, o0x9895b0c3c38, C4<0>, C4<0>, C4<0>;
L_0x5716ed5b05e0 .functor OR 1, v0x5716ed5a5b30_0, L_0x5716ed5b0170, C4<0>, C4<0>;
L_0x5716ed5b02b0 .functor BUFZ 64, v0x5716ed5a53d0_0, C4<0000000000000000000000000000000000000000000000000000000000000000>, C4<0000000000000000000000000000000000000000000000000000000000000000>, C4<0000000000000000000000000000000000000000000000000000000000000000>;
L_0x5716ed5b0840 .functor BUFZ 1, v0x5716ed5a5bf0_0, C4<0>, C4<0>, C4<0>;
L_0x5716ed5b0970 .functor BUFZ 1, L_0x5716ed5b0320, C4<0>, C4<0>, C4<0>;
L_0x5716ed5c0d40 .functor OR 1, L_0x5716ed5c0ba0, v0x5716ed5ab470_0, C4<0>, C4<0>;
L_0x5716ed5c0e50 .functor BUFZ 32, v0x5716ed5ab1f0_0, C4<00000000000000000000000000000000>, C4<00000000000000000000000000000000>, C4<00000000000000000000000000000000>;
L_0x9895b06d018 .functor BUFT 1, C4<0011>, C4<0>, C4<0>, C4<0>;
L_0x5716ed5c0ef0 .functor BUFZ 4, L_0x9895b06d018, C4<0000>, C4<0000>, C4<0000>;
L_0x9895b06d060 .functor BUFT 1, C4<000>, C4<0>, C4<0>, C4<0>;
L_0x5716ed5c1090 .functor BUFZ 3, L_0x9895b06d060, C4<000>, C4<000>, C4<000>;
L_0x5716ed5c1150 .functor BUFZ 1, v0x5716ed5ab470_0, C4<0>, C4<0>, C4<0>;
L_0x5716ed5c12d0 .functor BUFZ 1, L_0x5716ed5d4f10, C4<0>, C4<0>, C4<0>;
L_0x5716ed5c1390 .functor BUFZ 64, L_0x5716ed42c1d0, C4<0000000000000000000000000000000000000000000000000000000000000000>, C4<0000000000000000000000000000000000000000000000000000000000000000>, C4<0000000000000000000000000000000000000000000000000000000000000000>;
L_0x5716ed5c1520 .functor BUFZ 8, L_0x5716ed5afcd0, C4<00000000>, C4<00000000>, C4<00000000>;
L_0x5716ed5c15e0 .functor BUFZ 1, v0x5716ed5a6770_0, C4<0>, C4<0>, C4<0>;
L_0x5716ed5c1780 .functor BUFZ 1, L_0x5716ed5de360, C4<0>, C4<0>, C4<0>;
L_0x9895b06e4e8 .functor BUFT 1, C4<00>, C4<0>, C4<0>, C4<0>;
L_0x5716ed5c1890 .functor BUFZ 2, L_0x9895b06e4e8, C4<00>, C4<00>, C4<00>;
L_0x5716ed5c1a40 .functor BUFZ 1, v0x5716ed597f00_0, C4<0>, C4<0>, C4<0>;
L_0x9895b06d0a8 .functor BUFT 1, C4<1>, C4<0>, C4<0>, C4<0>;
L_0x5716ed5c1b00 .functor BUFZ 1, L_0x9895b06d0a8, C4<0>, C4<0>, C4<0>;
L_0x5716ed5c1cc0 .functor BUFZ 32, v0x5716ed5aaed0_0, C4<00000000000000000000000000000000>, C4<00000000000000000000000000000000>, C4<00000000000000000000000000000000>;
L_0x9895b06d0f0 .functor BUFT 1, C4<0011>, C4<0>, C4<0>, C4<0>;
L_0x5716ed5c1d30 .functor BUFZ 4, L_0x9895b06d0f0, C4<0000>, C4<0000>, C4<0000>;
L_0x9895b06d138 .functor BUFT 1, C4<000>, C4<0>, C4<0>, C4<0>;
L_0x5716ed5c1f00 .functor BUFZ 3, L_0x9895b06d138, C4<000>, C4<000>, C4<000>;
L_0x5716ed5c1fc0 .functor BUFZ 1, v0x5716ed5ab150_0, C4<0>, C4<0>, C4<0>;
L_0x5716ed5c2180 .functor BUFZ 1, L_0x5716ed5d5760, C4<0>, C4<0>, C4<0>;
L_0x5716ed5c2270 .functor BUFZ 64, v0x5716ed597fc0_0, C4<0000000000000000000000000000000000000000000000000000000000000000>, C4<0000000000000000000000000000000000000000000000000000000000000000>, C4<0000000000000000000000000000000000000000000000000000000000000000>;
L_0x9895b06e530 .functor BUFT 1, C4<00>, C4<0>, C4<0>, C4<0>;
L_0x5716ed5c2060 .functor BUFZ 2, L_0x9895b06e530, C4<00>, C4<00>, C4<00>;
L_0x5716ed5c24b0 .functor BUFZ 1, v0x5716ed598240_0, C4<0>, C4<0>, C4<0>;
L_0x5716ed5c26b0 .functor BUFZ 1, L_0x5716ed5b0970, C4<0>, C4<0>, C4<0>;
L_0x5716ed5c7800 .functor BUFZ 128, L_0x5716ed5d13a0, C4<00000000000000000000000000000000000000000000000000000000000000000000000000000000000000000000000000000000000000000000000000000000>, C4<00000000000000000000000000000000000000000000000000000000000000000000000000000000000000000000000000000000000000000000000000000000>, C4<00000000000000000000000000000000000000000000000000000000000000000000000000000000000000000000000000000000000000000000000000000000>;
L_0x5716ed5c79c0 .functor BUFZ 16, L_0x5716ed5d1460, C4<0000000000000000>, C4<0000000000000000>, C4<0000000000000000>;
L_0x5716ed5c7a30 .functor BUFZ 1, L_0x5716ed5d1810, C4<0>, C4<0>, C4<0>;
L_0x5716ed5c7e00 .functor AND 1, L_0x5716ed5d1920, L_0x5716ed5c7760, C4<1>, C4<1>;
L_0x5716ed5c8140 .functor AND 1, L_0x5716ed5d1920, L_0x5716ed5c7760, C4<1>, C4<1>;
L_0x5716ed5c8370 .functor AND 1, L_0x5716ed5d1920, L_0x5716ed5c7760, C4<1>, C4<1>;
L_0x5716ed5c7d90 .functor AND 1, L_0x5716ed5c8370, L_0x5716ed5c8470, C4<1>, C4<1>;
L_0x5716ed5c8ab0 .functor BUFZ 32, L_0x5716ed5cfbd0, C4<00000000000000000000000000000000>, C4<00000000000000000000000000000000>, C4<00000000000000000000000000000000>;
L_0x5716ed5c8cb0 .functor AND 1, L_0x5716ed5c8fa0, L_0x5716ed5d0f10, C4<1>, C4<1>;
L_0x5716ed5c9280 .functor AND 1, L_0x5716ed5c8cb0, v0x5716ed5ad560_0, C4<1>, C4<1>;
L_0x5716ed5c9680 .functor AND 1, L_0x5716ed5c9480, L_0x5716ed5d0f10, C4<1>, C4<1>;
L_0x5716ed5c9930 .functor AND 1, L_0x5716ed5c9680, v0x5716ed5ad560_0, C4<1>, C4<1>;
L_0x5716ed5c9b30 .functor AND 1, L_0x5716ed5c9a40, L_0x5716ed5d0f10, C4<1>, C4<1>;
L_0x5716ed5c9da0 .functor AND 1, L_0x5716ed5c9b30, v0x5716ed5ad560_0, C4<1>, C4<1>;
L_0x5716ed5c9fd0 .functor AND 1, L_0x5716ed5c9da0, L_0x5716ed5c9e60, C4<1>, C4<1>;
L_0x5716ed5cab00 .functor AND 1, L_0x5716ed5ca8c0, L_0x5716ed5ca960, C4<1>, C4<1>;
L_0x5716ed5cacf0 .functor AND 1, L_0x5716ed5cab00, L_0x5716ed5cabc0, C4<1>, C4<1>;
L_0x5716ed5cbaf0 .functor AND 1, L_0x5716ed5cb820, L_0x5716ed5cba00, C4<1>, C4<1>;
L_0x5716ed5cbe80 .functor AND 1, L_0x5716ed5cbaf0, L_0x5716ed5cbc00, C4<1>, C4<1>;
L_0x5716ed5cc1c0 .functor AND 1, L_0x5716ed5cbe80, L_0x5716ed5cc120, C4<1>, C4<1>;
L_0x5716ed5cc700 .functor BUFZ 32, L_0x5716ed5d24c0, C4<00000000000000000000000000000000>, C4<00000000000000000000000000000000>, C4<00000000000000000000000000000000>;
L_0x5716ed5ccc60 .functor AND 1, L_0x5716ed5cd030, L_0x5716ed5d3800, C4<1>, C4<1>;
L_0x5716ed5cd170 .functor AND 1, L_0x5716ed5ccc60, v0x5716ed5acc00_0, C4<1>, C4<1>;
L_0x5716ed5cd8e0 .functor AND 1, L_0x5716ed5cd7a0, L_0x5716ed5d3800, C4<1>, C4<1>;
L_0x5716ed5cd9f0 .functor AND 1, L_0x5716ed5cd8e0, v0x5716ed5acc00_0, C4<1>, C4<1>;
L_0x5716ed5cdfa0 .functor AND 1, L_0x5716ed5cdd10, L_0x5716ed5d3800, C4<1>, C4<1>;
L_0x5716ed5ce060 .functor AND 1, L_0x5716ed5cdfa0, v0x5716ed5acc00_0, C4<1>, C4<1>;
L_0x5716ed5ce3e0 .functor AND 1, L_0x5716ed5ce060, L_0x5716ed5ce340, C4<1>, C4<1>;
L_0x5716ed5cf050 .functor AND 1, L_0x5716ed5ced40, L_0x5716ed5cefb0, C4<1>, C4<1>;
L_0x5716ed5cf650 .functor AND 1, L_0x5716ed5cf050, L_0x5716ed5cf340, C4<1>, C4<1>;
L_0x5716ed5cfbd0 .functor BUFZ 32, v0x5716ed596160_0, C4<00000000000000000000000000000000>, C4<00000000000000000000000000000000>, C4<00000000000000000000000000000000>;
L_0x5716ed5cff20 .functor BUFZ 8, v0x5716ed596400_0, C4<00000000>, C4<00000000>, C4<00000000>;
L_0x9895b06f4f0 .functor BUFT 1, C4<100>, C4<0>, C4<0>, C4<0>;
L_0x5716ed5d0030 .functor BUFZ 3, L_0x9895b06f4f0, C4<000>, C4<000>, C4<000>;
L_0x9895b06f538 .functor BUFT 1, C4<01>, C4<0>, C4<0>, C4<0>;
L_0x5716ed5d0340 .functor BUFZ 2, L_0x9895b06f538, C4<00>, C4<00>, C4<00>;
L_0x9895b06f580 .functor BUFT 1, C4<0>, C4<0>, C4<0>, C4<0>;
L_0x5716ed5d0400 .functor BUFZ 1, L_0x9895b06f580, C4<0>, C4<0>, C4<0>;
L_0x9895b06f5c8 .functor BUFT 1, C4<0011>, C4<0>, C4<0>, C4<0>;
L_0x5716ed5d0720 .functor BUFZ 4, L_0x9895b06f5c8, C4<0000>, C4<0000>, C4<0000>;
L_0x9895b06f610 .functor BUFT 1, C4<000>, C4<0>, C4<0>, C4<0>;
L_0x5716ed5d07e0 .functor BUFZ 3, L_0x9895b06f610, C4<000>, C4<000>, C4<000>;
L_0x9895b06f658 .functor BUFT 1, C4<0000>, C4<0>, C4<0>, C4<0>;
L_0x5716ed5d0b10 .functor BUFZ 4, L_0x9895b06f658, C4<0000>, C4<0000>, C4<0000>;
L_0x9895b06f6a0 .functor BUFT 1, C4<00>, C4<0>, C4<0>, C4<0>;
L_0x5716ed5d0bd0 .functor BUFZ 2, L_0x9895b06f6a0, C4<00>, C4<00>, C4<00>;
L_0x5716ed5d0f10 .functor BUFZ 1, v0x5716ed596a00_0, C4<0>, C4<0>, C4<0>;
L_0x5716ed5d1010 .functor BUFZ 1, v0x5716ed5ad560_0, C4<0>, C4<0>, C4<0>;
L_0x5716ed5d13a0 .functor BUFZ 128, L_0x5716ed5df8b0, C4<00000000000000000000000000000000000000000000000000000000000000000000000000000000000000000000000000000000000000000000000000000000>, C4<00000000000000000000000000000000000000000000000000000000000000000000000000000000000000000000000000000000000000000000000000000000>, C4<00000000000000000000000000000000000000000000000000000000000000000000000000000000000000000000000000000000000000000000000000000000>;
L_0x5716ed5d1460 .functor BUFZ 16, L_0x5716ed5dfa00, C4<0000000000000000>, C4<0000000000000000>, C4<0000000000000000>;
L_0x5716ed5d1810 .functor BUFZ 1, L_0x5716ed5dfac0, C4<0>, C4<0>, C4<0>;
L_0x5716ed5d1920 .functor BUFZ 1, v0x5716ed594f60_0, C4<0>, C4<0>, C4<0>;
L_0x5716ed5d1cd0 .functor BUFZ 1, L_0x5716ed5c7760, C4<0>, C4<0>, C4<0>;
L_0x9895b06d210 .functor BUFT 1, C4<00>, C4<0>, C4<0>, C4<0>;
L_0x5716ed5d1d40 .functor BUFZ 2, L_0x9895b06d210, C4<00>, C4<00>, C4<00>;
L_0x5716ed5d20c0 .functor BUFZ 1, v0x5716ed5ada40_0, C4<0>, C4<0>, C4<0>;
L_0x9895b06f6e8 .functor BUFT 1, C4<1>, C4<0>, C4<0>, C4<0>;
L_0x5716ed5d2130 .functor BUFZ 1, L_0x9895b06f6e8, C4<0>, C4<0>, C4<0>;
L_0x5716ed5d24c0 .functor BUFZ 32, v0x5716ed595800_0, C4<00000000000000000000000000000000>, C4<00000000000000000000000000000000>, C4<00000000000000000000000000000000>;
L_0x5716ed5d25d0 .functor BUFZ 8, v0x5716ed595aa0_0, C4<00000000>, C4<00000000>, C4<00000000>;
L_0x9895b06f730 .functor BUFT 1, C4<100>, C4<0>, C4<0>, C4<0>;
L_0x5716ed5d29c0 .functor BUFZ 3, L_0x9895b06f730, C4<000>, C4<000>, C4<000>;
L_0x9895b06f778 .functor BUFT 1, C4<01>, C4<0>, C4<0>, C4<0>;
L_0x5716ed5d2a80 .functor BUFZ 2, L_0x9895b06f778, C4<00>, C4<00>, C4<00>;
L_0x9895b06f7c0 .functor BUFT 1, C4<0>, C4<0>, C4<0>, C4<0>;
L_0x5716ed5d2e30 .functor BUFZ 1, L_0x9895b06f7c0, C4<0>, C4<0>, C4<0>;
L_0x9895b06f808 .functor BUFT 1, C4<0011>, C4<0>, C4<0>, C4<0>;
L_0x5716ed5d2ef0 .functor BUFZ 4, L_0x9895b06f808, C4<0000>, C4<0000>, C4<0000>;
L_0x9895b06f850 .functor BUFT 1, C4<000>, C4<0>, C4<0>, C4<0>;
L_0x5716ed5d32b0 .functor BUFZ 3, L_0x9895b06f850, C4<000>, C4<000>, C4<000>;
L_0x9895b06f898 .functor BUFT 1, C4<0000>, C4<0>, C4<0>, C4<0>;
L_0x5716ed5d3370 .functor BUFZ 4, L_0x9895b06f898, C4<0000>, C4<0000>, C4<0000>;
L_0x9895b06f8e0 .functor BUFT 1, C4<00>, C4<0>, C4<0>, C4<0>;
L_0x5716ed5d3740 .functor BUFZ 2, L_0x9895b06f8e0, C4<00>, C4<00>, C4<00>;
L_0x5716ed5d3800 .functor BUFZ 1, v0x5716ed5960a0_0, C4<0>, C4<0>, C4<0>;
L_0x5716ed5d3c20 .functor BUFZ 1, v0x5716ed5acc00_0, C4<0>, C4<0>, C4<0>;
L_0x5716ed5d3d20 .functor BUFZ 128, v0x5716ed5adb00_0, C4<00000000000000000000000000000000000000000000000000000000000000000000000000000000000000000000000000000000000000000000000000000000>, C4<00000000000000000000000000000000000000000000000000000000000000000000000000000000000000000000000000000000000000000000000000000000>, C4<00000000000000000000000000000000000000000000000000000000000000000000000000000000000000000000000000000000000000000000000000000000>;
L_0x9895b06d258 .functor BUFT 1, C4<00>, C4<0>, C4<0>, C4<0>;
L_0x5716ed5d40c0 .functor BUFZ 2, L_0x9895b06d258, C4<00>, C4<00>, C4<00>;
L_0x5716ed5d4130 .functor BUFZ 1, v0x5716ed5adbe0_0, C4<0>, C4<0>, C4<0>;
L_0x5716ed5d44e0 .functor BUFZ 1, v0x5716ed5ade40_0, C4<0>, C4<0>, C4<0>;
L_0x5716ed5d4550 .functor BUFZ 1, L_0x5716ed5e0ed0, C4<0>, C4<0>, C4<0>;
v0x5716ed59e390_0 .var "CLK", 0 0;
v0x5716ed59e450_0 .var "RST", 0 0;
v0x5716ed59e510_0 .var "__memory_request_rdata_fsm_cond_11_0_1", 0 0;
v0x5716ed59e5b0_0 .var "__tmp_44_1", 0 0;
v0x5716ed59e670_0 .var "__tmp_49_1", 0 0;
v0x5716ed59e750_0 .var "__tmp_61_1", 0 0;
v0x5716ed59e830_0 .var "_d1__memory_request_rdata_fsm", 31 0;
v0x5716ed59e910_0 .net *"_ivl_127", 0 0, L_0x5716ed5c7e00;  1 drivers
L_0x9895b06dd98 .functor BUFT 1, C4<xxxxxxxxxxxxxxxxxxxxxxxxxxxxxxxxxxxxxxxxxxxxxxxxxxxxxxxxxxxxxxxxxxxxxxxxxxxxxxxxxxxxxxxxxxxxxxxxxxxxxxxxxxxxxxxxxxxxxxxxxxxxxxxxxxxxxxxxxxxxxxxxx>, C4<0>, C4<0>, C4<0>;
v0x5716ed59e9d0_0 .net *"_ivl_128", 144 0, L_0x9895b06dd98;  1 drivers
v0x5716ed59eab0_0 .net *"_ivl_133", 0 0, L_0x5716ed5c8140;  1 drivers
v0x5716ed59eb70_0 .net *"_ivl_135", 0 0, L_0x5716ed5c8370;  1 drivers
v0x5716ed59ec30_0 .net *"_ivl_137", 0 0, L_0x5716ed5c8470;  1 drivers
v0x5716ed59ecf0_0 .net *"_ivl_139", 0 0, L_0x5716ed5c7d90;  1 drivers
L_0x9895b06dde0 .functor BUFT 1, C4<0>, C4<0>, C4<0>, C4<0>;
v0x5716ed59edb0_0 .net/2u *"_ivl_140", 0 0, L_0x9895b06dde0;  1 drivers
v0x5716ed59ee90_0 .net *"_ivl_148", 8 0, L_0x5716ed5c8b20;  1 drivers
L_0x9895b06de28 .functor BUFT 1, C4<0>, C4<0>, C4<0>, C4<0>;
v0x5716ed59ef70_0 .net *"_ivl_151", 0 0, L_0x9895b06de28;  1 drivers
L_0x9895b06de70 .functor BUFT 1, C4<000000001>, C4<0>, C4<0>, C4<0>;
v0x5716ed59f050_0 .net/2u *"_ivl_152", 8 0, L_0x9895b06de70;  1 drivers
L_0x9895b06deb8 .functor BUFT 1, C4<00000000000000000000000000001011>, C4<0>, C4<0>, C4<0>;
v0x5716ed59f240_0 .net/2u *"_ivl_158", 31 0, L_0x9895b06deb8;  1 drivers
v0x5716ed59f320_0 .net *"_ivl_160", 0 0, L_0x5716ed5c8fa0;  1 drivers
v0x5716ed59f3e0_0 .net *"_ivl_163", 0 0, L_0x5716ed5c8cb0;  1 drivers
v0x5716ed59f4a0_0 .net *"_ivl_165", 0 0, L_0x5716ed5c9280;  1 drivers
L_0x9895b06df00 .functor BUFT 1, C4<xxxxxxxxxxxxxxxxxxxxxxxxxxxxxxxxxxxxxxxxx>, C4<0>, C4<0>, C4<0>;
v0x5716ed59f560_0 .net *"_ivl_166", 40 0, L_0x9895b06df00;  1 drivers
L_0x9895b06df48 .functor BUFT 1, C4<00000000000000000000000000001011>, C4<0>, C4<0>, C4<0>;
v0x5716ed59f640_0 .net/2u *"_ivl_170", 31 0, L_0x9895b06df48;  1 drivers
v0x5716ed59f720_0 .net *"_ivl_172", 0 0, L_0x5716ed5c9480;  1 drivers
v0x5716ed59f7e0_0 .net *"_ivl_175", 0 0, L_0x5716ed5c9680;  1 drivers
v0x5716ed59f8a0_0 .net *"_ivl_177", 0 0, L_0x5716ed5c9930;  1 drivers
L_0x9895b06df90 .functor BUFT 1, C4<00000000000000000000000000001011>, C4<0>, C4<0>, C4<0>;
v0x5716ed59f960_0 .net/2u *"_ivl_178", 31 0, L_0x9895b06df90;  1 drivers
v0x5716ed59fa40_0 .net *"_ivl_180", 0 0, L_0x5716ed5c9a40;  1 drivers
v0x5716ed59fb00_0 .net *"_ivl_183", 0 0, L_0x5716ed5c9b30;  1 drivers
v0x5716ed59fbc0_0 .net *"_ivl_185", 0 0, L_0x5716ed5c9da0;  1 drivers
v0x5716ed59fc80_0 .net *"_ivl_187", 0 0, L_0x5716ed5c9e60;  1 drivers
v0x5716ed59fd40_0 .net *"_ivl_189", 0 0, L_0x5716ed5c9fd0;  1 drivers
L_0x9895b06dfd8 .functor BUFT 1, C4<0>, C4<0>, C4<0>, C4<0>;
v0x5716ed59fe00_0 .net/2u *"_ivl_190", 0 0, L_0x9895b06dfd8;  1 drivers
L_0x9895b06e020 .functor BUFT 1, C4<00000000000000000000000000000000>, C4<0>, C4<0>, C4<0>;
v0x5716ed59fee0_0 .net/2u *"_ivl_200", 31 0, L_0x9895b06e020;  1 drivers
v0x5716ed59ffc0_0 .net *"_ivl_202", 0 0, L_0x5716ed5ca8c0;  1 drivers
v0x5716ed5a0080_0 .net *"_ivl_205", 0 0, L_0x5716ed5ca960;  1 drivers
v0x5716ed5a0140_0 .net *"_ivl_207", 0 0, L_0x5716ed5cab00;  1 drivers
v0x5716ed5a0200_0 .net *"_ivl_209", 0 0, L_0x5716ed5cabc0;  1 drivers
v0x5716ed5a02c0_0 .net *"_ivl_211", 0 0, L_0x5716ed5cacf0;  1 drivers
L_0x9895b06e068 .functor BUFT 1, C4<01>, C4<0>, C4<0>, C4<0>;
v0x5716ed5a0380_0 .net/2s *"_ivl_212", 1 0, L_0x9895b06e068;  1 drivers
L_0x9895b06e0b0 .functor BUFT 1, C4<00>, C4<0>, C4<0>, C4<0>;
v0x5716ed5a0460_0 .net/2s *"_ivl_214", 1 0, L_0x9895b06e0b0;  1 drivers
v0x5716ed5a0540_0 .net *"_ivl_216", 1 0, L_0x5716ed5caf80;  1 drivers
L_0x9895b06e0f8 .functor BUFT 1, C4<00000000000000000000000000000001>, C4<0>, C4<0>, C4<0>;
v0x5716ed5a0620_0 .net/2u *"_ivl_228", 31 0, L_0x9895b06e0f8;  1 drivers
v0x5716ed5a0700_0 .net *"_ivl_230", 0 0, L_0x5716ed5cb820;  1 drivers
L_0x9895b06e140 .functor BUFT 1, C4<000000000000000000000000000001111>, C4<0>, C4<0>, C4<0>;
v0x5716ed5a07c0_0 .net/2u *"_ivl_232", 32 0, L_0x9895b06e140;  1 drivers
v0x5716ed5a08a0_0 .net *"_ivl_234", 0 0, L_0x5716ed5cba00;  1 drivers
v0x5716ed5a0960_0 .net *"_ivl_239", 0 0, L_0x5716ed5cbc00;  1 drivers
v0x5716ed5a0a20_0 .net *"_ivl_241", 0 0, L_0x5716ed5cbe80;  1 drivers
v0x5716ed5a0ae0_0 .net *"_ivl_243", 0 0, L_0x5716ed5cc120;  1 drivers
v0x5716ed5a0ba0_0 .net *"_ivl_245", 0 0, L_0x5716ed5cc1c0;  1 drivers
L_0x9895b06e188 .functor BUFT 1, C4<01>, C4<0>, C4<0>, C4<0>;
v0x5716ed5a0c60_0 .net/2s *"_ivl_246", 1 0, L_0x9895b06e188;  1 drivers
L_0x9895b06e1d0 .functor BUFT 1, C4<00>, C4<0>, C4<0>, C4<0>;
v0x5716ed5a0d40_0 .net/2s *"_ivl_248", 1 0, L_0x9895b06e1d0;  1 drivers
v0x5716ed5a0e20_0 .net *"_ivl_250", 1 0, L_0x5716ed5cc2d0;  1 drivers
v0x5716ed5a0f00_0 .net *"_ivl_256", 8 0, L_0x5716ed5cc960;  1 drivers
L_0x9895b06e218 .functor BUFT 1, C4<0>, C4<0>, C4<0>, C4<0>;
v0x5716ed5a0fe0_0 .net *"_ivl_259", 0 0, L_0x9895b06e218;  1 drivers
L_0x9895b06e260 .functor BUFT 1, C4<000000001>, C4<0>, C4<0>, C4<0>;
v0x5716ed5a10c0_0 .net/2u *"_ivl_260", 8 0, L_0x9895b06e260;  1 drivers
L_0x9895b06e2a8 .functor BUFT 1, C4<00000000000000000000000000000001>, C4<0>, C4<0>, C4<0>;
v0x5716ed5a11a0_0 .net/2u *"_ivl_266", 31 0, L_0x9895b06e2a8;  1 drivers
v0x5716ed5a1280_0 .net *"_ivl_268", 0 0, L_0x5716ed5cd030;  1 drivers
v0x5716ed5a1340_0 .net *"_ivl_271", 0 0, L_0x5716ed5ccc60;  1 drivers
v0x5716ed5a1400_0 .net *"_ivl_273", 0 0, L_0x5716ed5cd170;  1 drivers
L_0x9895b06e2f0 .functor BUFT 1, C4<xxxxxxxxxxxxxxxxxxxxxxxxxxxxxxxxxxxxxxxxx>, C4<0>, C4<0>, C4<0>;
v0x5716ed5a14c0_0 .net *"_ivl_274", 40 0, L_0x9895b06e2f0;  1 drivers
L_0x9895b06e338 .functor BUFT 1, C4<00000000000000000000000000000001>, C4<0>, C4<0>, C4<0>;
v0x5716ed5a15a0_0 .net/2u *"_ivl_278", 31 0, L_0x9895b06e338;  1 drivers
v0x5716ed5a1680_0 .net *"_ivl_280", 0 0, L_0x5716ed5cd7a0;  1 drivers
v0x5716ed5a1740_0 .net *"_ivl_283", 0 0, L_0x5716ed5cd8e0;  1 drivers
v0x5716ed5a1800_0 .net *"_ivl_285", 0 0, L_0x5716ed5cd9f0;  1 drivers
L_0x9895b06e380 .functor BUFT 1, C4<00000000000000000000000000000001>, C4<0>, C4<0>, C4<0>;
v0x5716ed5a18c0_0 .net/2u *"_ivl_286", 31 0, L_0x9895b06e380;  1 drivers
v0x5716ed5a19a0_0 .net *"_ivl_288", 0 0, L_0x5716ed5cdd10;  1 drivers
v0x5716ed5a1a60_0 .net *"_ivl_291", 0 0, L_0x5716ed5cdfa0;  1 drivers
v0x5716ed5a1b20_0 .net *"_ivl_293", 0 0, L_0x5716ed5ce060;  1 drivers
v0x5716ed5a1be0_0 .net *"_ivl_295", 0 0, L_0x5716ed5ce340;  1 drivers
v0x5716ed5a1ca0_0 .net *"_ivl_297", 0 0, L_0x5716ed5ce3e0;  1 drivers
L_0x9895b06e3c8 .functor BUFT 1, C4<0>, C4<0>, C4<0>, C4<0>;
v0x5716ed5a1d60_0 .net/2u *"_ivl_298", 0 0, L_0x9895b06e3c8;  1 drivers
L_0x9895b06e410 .functor BUFT 1, C4<00000000000000000000000000000000>, C4<0>, C4<0>, C4<0>;
v0x5716ed5a1e40_0 .net/2u *"_ivl_308", 31 0, L_0x9895b06e410;  1 drivers
v0x5716ed5a1f20_0 .net *"_ivl_310", 0 0, L_0x5716ed5ced40;  1 drivers
v0x5716ed5a1fe0_0 .net *"_ivl_313", 0 0, L_0x5716ed5cefb0;  1 drivers
v0x5716ed5a20a0_0 .net *"_ivl_315", 0 0, L_0x5716ed5cf050;  1 drivers
v0x5716ed5a2160_0 .net *"_ivl_317", 0 0, L_0x5716ed5cf340;  1 drivers
v0x5716ed5a2220_0 .net *"_ivl_319", 0 0, L_0x5716ed5cf650;  1 drivers
L_0x9895b06e458 .functor BUFT 1, C4<01>, C4<0>, C4<0>, C4<0>;
v0x5716ed5a22e0_0 .net/2s *"_ivl_320", 1 0, L_0x9895b06e458;  1 drivers
L_0x9895b06e4a0 .functor BUFT 1, C4<00>, C4<0>, C4<0>, C4<0>;
v0x5716ed5a23c0_0 .net/2s *"_ivl_322", 1 0, L_0x9895b06e4a0;  1 drivers
v0x5716ed5a24a0_0 .net *"_ivl_324", 1 0, L_0x5716ed5cf710;  1 drivers
v0x5716ed5a2580_0 .net *"_ivl_60", 31 0, L_0x5716ed5b0a60;  1 drivers
L_0x9895b06d180 .functor BUFT 1, C4<00000000000000000000000000000>, C4<0>, C4<0>, C4<0>;
v0x5716ed5a2660_0 .net *"_ivl_63", 28 0, L_0x9895b06d180;  1 drivers
L_0x9895b06d1c8 .functor BUFT 1, C4<00000000000000000000000000000000>, C4<0>, C4<0>, C4<0>;
v0x5716ed5a2740_0 .net/2u *"_ivl_64", 31 0, L_0x9895b06d1c8;  1 drivers
v0x5716ed5a2820_0 .net *"_ivl_66", 0 0, L_0x5716ed5c0ba0;  1 drivers
v0x5716ed5a28e0_0 .var "_keep_sleep_count", 32 0;
v0x5716ed5a29c0_0 .net "_maxi_memreq_has_outstanding_write", 0 0, L_0x5716ed5c0d40;  1 drivers
v0x5716ed5a2a80_0 .var "_maxi_memreq_outstanding_wcount", 2 0;
v0x5716ed5a2b60_0 .net "_maxi_memreq_rdata_sb_0", 63 0, L_0x5716ed5b02b0;  1 drivers
v0x5716ed5a2c40_0 .net "_maxi_memreq_rready_sb_0", 0 0, o0x9895b0c3c38;  0 drivers
v0x5716ed5a2d00_0 .net "_maxi_memreq_rvalid_sb_0", 0 0, L_0x5716ed5b0840;  1 drivers
v0x5716ed5a2dc0_0 .var "_maxi_memreq_waddr_cond_0_1", 0 0;
v0x5716ed5a2e80_0 .var "_maxi_memreq_waddr_cond_1_1", 0 0;
v0x5716ed5a2f40_0 .var "_maxi_memreq_wdata_cond_0_1", 0 0;
v0x5716ed5a3000_0 .var "_maxi_memreq_wdata_cond_1_1", 0 0;
v0x5716ed5a30c0_0 .var "_maxi_memreq_wdata_sb_0", 63 0;
v0x5716ed5a31a0_0 .net "_maxi_memreq_wready_sb_0", 0 0, L_0x5716ed417cb0;  1 drivers
v0x5716ed5a3260_0 .var "_maxi_memreq_wstrb_sb_0", 7 0;
v0x5716ed5a3340_0 .var "_maxi_memreq_wvalid_sb_0", 0 0;
v0x5716ed5a3400 .array "_memory_request_mem", 1048575 0, 7 0;
v0x5716ed5a34c0_0 .var "_memory_request_raddr_fsm", 31 0;
v0x5716ed5a35a0_0 .var "_memory_request_rdata_fsm", 31 0;
v0x5716ed5a3680_0 .net "_memory_request_rreq_fifo_almost_empty", 0 0, L_0x5716ed5c5710;  1 drivers
v0x5716ed5a3720_0 .net "_memory_request_rreq_fifo_almost_full", 0 0, L_0x5716ed5c54f0;  1 drivers
v0x5716ed5a37f0_0 .net "_memory_request_rreq_fifo_deq", 0 0, L_0x5716ed5cf8a0;  1 drivers
v0x5716ed5a38c0_0 .net "_memory_request_rreq_fifo_empty", 0 0, L_0x5716ed5c5600;  1 drivers
v0x5716ed5a3990_0 .net "_memory_request_rreq_fifo_enq", 0 0, L_0x5716ed5ce4f0;  1 drivers
v0x5716ed5a3a60_0 .net "_memory_request_rreq_fifo_full", 0 0, L_0x5716ed5c53e0;  1 drivers
v0x5716ed5a3b30_0 .net "_memory_request_rreq_fifo_rdata", 40 0, L_0x5716ed5c5b20;  1 drivers
v0x5716ed5a3c00_0 .net "_memory_request_rreq_fifo_wdata", 40 0, L_0x5716ed5cd430;  1 drivers
v0x5716ed5a3cd0_0 .var "_memory_request_waddr_fsm", 31 0;
v0x5716ed5a3d70_0 .net "_memory_request_wdata_fifo_almost_empty", 0 0, L_0x5716ed5c7240;  1 drivers
v0x5716ed5a3e40_0 .net "_memory_request_wdata_fifo_almost_full", 0 0, L_0x5716ed5c7020;  1 drivers
v0x5716ed5a3f10_0 .net "_memory_request_wdata_fifo_deq", 0 0, L_0x5716ed5cc5c0;  1 drivers
v0x5716ed5a3fb0_0 .net "_memory_request_wdata_fifo_empty", 0 0, L_0x5716ed5c7130;  1 drivers
v0x5716ed5a4080_0 .net "_memory_request_wdata_fifo_enq", 0 0, L_0x5716ed5c87a0;  1 drivers
v0x5716ed5a4150_0 .net "_memory_request_wdata_fifo_full", 0 0, L_0x5716ed5c6f10;  1 drivers
v0x5716ed5a4220_0 .net "_memory_request_wdata_fifo_rdata", 144 0, L_0x5716ed5c7650;  1 drivers
v0x5716ed5a42f0_0 .net "_memory_request_wdata_fifo_wdata", 144 0, L_0x5716ed5c7f60;  1 drivers
v0x5716ed5a43c0_0 .var "_memory_request_wdata_fsm", 31 0;
v0x5716ed5a4460_0 .net "_memory_request_wreq_fifo_almost_empty", 0 0, L_0x5716ed5c3c70;  1 drivers
v0x5716ed5a4530_0 .net "_memory_request_wreq_fifo_almost_full", 0 0, L_0x5716ed5c3a50;  1 drivers
v0x5716ed5a4600_0 .net "_memory_request_wreq_fifo_deq", 0 0, L_0x5716ed5cb220;  1 drivers
v0x5716ed5a46a0_0 .net "_memory_request_wreq_fifo_empty", 0 0, L_0x5716ed5c3b60;  1 drivers
v0x5716ed5a4770_0 .net "_memory_request_wreq_fifo_enq", 0 0, L_0x5716ed5ca2a0;  1 drivers
v0x5716ed5a4840_0 .net "_memory_request_wreq_fifo_full", 0 0, L_0x5716ed5c3910;  1 drivers
v0x5716ed5a4910_0 .net "_memory_request_wreq_fifo_rdata", 40 0, L_0x5716ed5c4080;  1 drivers
v0x5716ed5a49e0_0 .net "_memory_request_wreq_fifo_wdata", 40 0, L_0x5716ed5c8dc0;  1 drivers
v0x5716ed5a4a80_0 .var "_read_addr", 31 0;
v0x5716ed5a5330_0 .var "_read_count", 32 0;
v0x5716ed5a53d0_0 .var "_sb_maxi_memreq_readdata_data_18", 63 0;
v0x5716ed5a5470_0 .net "_sb_maxi_memreq_readdata_m_ready_17", 0 0, L_0x5716ed5b01e0;  1 drivers
v0x5716ed5a5510_0 .net "_sb_maxi_memreq_readdata_m_value_25", 63 0, v0x5716ed5a53d0_0;  1 drivers
v0x5716ed5a55b0_0 .net "_sb_maxi_memreq_readdata_next_data_23", 63 0, L_0x5716ed5b0420;  1 drivers
v0x5716ed5a5650_0 .net "_sb_maxi_memreq_readdata_next_valid_24", 0 0, L_0x5716ed5b05e0;  1 drivers
v0x5716ed5a5710_0 .net "_sb_maxi_memreq_readdata_ready_20", 0 0, L_0x5716ed5b0320;  1 drivers
v0x5716ed5a57d0_0 .net "_sb_maxi_memreq_readdata_s_data_15", 63 0, L_0x5716ed5b0060;  1 drivers
v0x5716ed5a58b0_0 .net "_sb_maxi_memreq_readdata_s_valid_16", 0 0, L_0x5716ed5b0170;  1 drivers
v0x5716ed5a5970_0 .net "_sb_maxi_memreq_readdata_s_value_14", 63 0, L_0x5716ed5aff60;  1 drivers
v0x5716ed5a5a50_0 .var "_sb_maxi_memreq_readdata_tmp_data_21", 63 0;
v0x5716ed5a5b30_0 .var "_sb_maxi_memreq_readdata_tmp_valid_22", 0 0;
v0x5716ed5a5bf0_0 .var "_sb_maxi_memreq_readdata_valid_19", 0 0;
v0x5716ed5a5cb0_0 .var "_sb_maxi_memreq_writedata_data_5", 71 0;
v0x5716ed5a5d90_0 .net "_sb_maxi_memreq_writedata_m_ready_4", 0 0, L_0x5716ed497200;  1 drivers
v0x5716ed5a5e50_0 .net "_sb_maxi_memreq_writedata_m_value_12", 7 0, L_0x5716ed5af9d0;  1 drivers
v0x5716ed5a5f30_0 .net "_sb_maxi_memreq_writedata_m_value_13", 63 0, L_0x5716ed5afad0;  1 drivers
v0x5716ed5a6010_0 .net "_sb_maxi_memreq_writedata_next_data_10", 71 0, L_0x5716ed5af810;  1 drivers
v0x5716ed5a60f0_0 .net "_sb_maxi_memreq_writedata_next_valid_11", 0 0, L_0x5716ed4891c0;  1 drivers
v0x5716ed5a61b0_0 .net "_sb_maxi_memreq_writedata_ready_7", 0 0, L_0x5716ed5af710;  1 drivers
v0x5716ed5a6270_0 .net "_sb_maxi_memreq_writedata_s_data_2", 71 0, L_0x5716ed5af560;  1 drivers
v0x5716ed5a6350_0 .net "_sb_maxi_memreq_writedata_s_valid_3", 0 0, v0x5716ed5a3340_0;  1 drivers
v0x5716ed5a6410_0 .net "_sb_maxi_memreq_writedata_s_value_0", 7 0, v0x5716ed5a3260_0;  1 drivers
v0x5716ed5a64f0_0 .net "_sb_maxi_memreq_writedata_s_value_1", 63 0, v0x5716ed5a30c0_0;  1 drivers
v0x5716ed5a65d0_0 .var "_sb_maxi_memreq_writedata_tmp_data_8", 71 0;
v0x5716ed5a66b0_0 .var "_sb_maxi_memreq_writedata_tmp_valid_9", 0 0;
v0x5716ed5a6770_0 .var "_sb_maxi_memreq_writedata_valid_6", 0 0;
v0x5716ed5a6830_0 .var "_sleep_interval_count", 32 0;
v0x5716ed5a6910_0 .net "_tmp_26", 31 0, L_0x5716ed5c0e50;  1 drivers
v0x5716ed5a69f0_0 .net "_tmp_27", 3 0, L_0x5716ed5c0ef0;  1 drivers
v0x5716ed5a6ad0_0 .net "_tmp_28", 2 0, L_0x5716ed5c1090;  1 drivers
v0x5716ed5a6bb0_0 .net "_tmp_29", 0 0, L_0x5716ed5c1150;  1 drivers
v0x5716ed5a6c70_0 .net "_tmp_30", 63 0, L_0x5716ed5c1390;  1 drivers
v0x5716ed5a6d50_0 .net "_tmp_31", 7 0, L_0x5716ed5c1520;  1 drivers
v0x5716ed5a6e30_0 .net "_tmp_32", 0 0, L_0x5716ed5c15e0;  1 drivers
v0x5716ed5a6ef0_0 .net "_tmp_33", 0 0, L_0x5716ed5c1b00;  1 drivers
v0x5716ed5a6fb0_0 .net "_tmp_34", 31 0, L_0x5716ed5c1cc0;  1 drivers
v0x5716ed5a7090_0 .net "_tmp_35", 3 0, L_0x5716ed5c1d30;  1 drivers
v0x5716ed5a7170_0 .net "_tmp_36", 2 0, L_0x5716ed5c1f00;  1 drivers
v0x5716ed5a7250_0 .net "_tmp_37", 0 0, L_0x5716ed5c1fc0;  1 drivers
v0x5716ed5a7310_0 .net "_tmp_38", 0 0, L_0x5716ed5c26b0;  1 drivers
v0x5716ed5a73d0_0 .net "_tmp_44", 0 0, L_0x5716ed5c8980;  1 drivers
v0x5716ed5a74b0_0 .net "_tmp_49", 0 0, L_0x5716ed5ca480;  1 drivers
v0x5716ed5a7590_0 .net "_tmp_61", 0 0, L_0x5716ed5ce880;  1 drivers
v0x5716ed5a7670_0 .net "_tmp_64", 0 0, L_0x5716ed5d1010;  1 drivers
v0x5716ed5a7730_0 .net "_tmp_65", 0 0, L_0x5716ed5d1cd0;  1 drivers
v0x5716ed5a77f0_0 .net "_tmp_66", 1 0, L_0x5716ed5d1d40;  1 drivers
v0x5716ed5a78d0_0 .net "_tmp_67", 0 0, L_0x5716ed5d20c0;  1 drivers
v0x5716ed5a7990_0 .net "_tmp_68", 0 0, L_0x5716ed5d3c20;  1 drivers
v0x5716ed5a7a50_0 .net "_tmp_69", 127 0, L_0x5716ed5d3d20;  1 drivers
v0x5716ed5a7b30_0 .net "_tmp_70", 1 0, L_0x5716ed5d40c0;  1 drivers
v0x5716ed5a7c10_0 .net "_tmp_71", 0 0, L_0x5716ed5d4130;  1 drivers
v0x5716ed5a7cd0_0 .net "_tmp_72", 0 0, L_0x5716ed5d44e0;  1 drivers
v0x5716ed5a7d90_0 .var "_write_addr", 31 0;
v0x5716ed5a7e70_0 .var "_write_count", 32 0;
v0x5716ed5a7f50_0 .net "axi_m_llc_araddr", 31 0, v0x5716ed595800_0;  1 drivers
v0x5716ed5a8040_0 .net "axi_m_llc_arburst", 1 0, L_0x9895b06f778;  1 drivers
v0x5716ed5a8110_0 .net "axi_m_llc_arcache", 3 0, L_0x9895b06f808;  1 drivers
v0x5716ed5a81e0_0 .net "axi_m_llc_arlen", 7 0, v0x5716ed595aa0_0;  1 drivers
v0x5716ed5a82b0_0 .net "axi_m_llc_arlock", 0 0, L_0x9895b06f7c0;  1 drivers
v0x5716ed5a8380_0 .net "axi_m_llc_arprot", 2 0, L_0x9895b06f850;  1 drivers
v0x5716ed5a8450_0 .net "axi_m_llc_arqos", 3 0, L_0x9895b06f898;  1 drivers
v0x5716ed5a8520_0 .var "axi_m_llc_arready", 0 0;
v0x5716ed5a85f0_0 .net "axi_m_llc_arsize", 2 0, L_0x9895b06f730;  1 drivers
v0x5716ed5a86c0_0 .net "axi_m_llc_aruser", 1 0, L_0x9895b06f8e0;  1 drivers
v0x5716ed5a8790_0 .net "axi_m_llc_arvalid", 0 0, v0x5716ed5960a0_0;  1 drivers
v0x5716ed5a8860_0 .net "axi_m_llc_awaddr", 31 0, v0x5716ed596160_0;  1 drivers
v0x5716ed5a8930_0 .net "axi_m_llc_awburst", 1 0, L_0x9895b06f538;  1 drivers
v0x5716ed5a8a00_0 .net "axi_m_llc_awcache", 3 0, L_0x9895b06f5c8;  1 drivers
v0x5716ed5a8ad0_0 .net "axi_m_llc_awlen", 7 0, v0x5716ed596400_0;  1 drivers
v0x5716ed5a8ba0_0 .net "axi_m_llc_awlock", 0 0, L_0x9895b06f580;  1 drivers
v0x5716ed5a8c70_0 .net "axi_m_llc_awprot", 2 0, L_0x9895b06f610;  1 drivers
v0x5716ed5a8d40_0 .net "axi_m_llc_awqos", 3 0, L_0x9895b06f658;  1 drivers
v0x5716ed5a8e10_0 .var "axi_m_llc_awready", 0 0;
v0x5716ed5a8ee0_0 .net "axi_m_llc_awsize", 2 0, L_0x9895b06f4f0;  1 drivers
v0x5716ed5a8fb0_0 .net "axi_m_llc_awuser", 1 0, L_0x9895b06f6a0;  1 drivers
v0x5716ed5a9080_0 .net "axi_m_llc_awvalid", 0 0, v0x5716ed596a00_0;  1 drivers
v0x5716ed5a9150_0 .net "axi_m_llc_bready", 0 0, L_0x9895b06f6e8;  1 drivers
v0x5716ed5a9220_0 .var "axi_m_llc_bresp", 1 0;
v0x5716ed5a92f0_0 .var "axi_m_llc_bvalid", 0 0;
v0x5716ed5a93c0_0 .var "axi_m_llc_rdata", 127 0;
v0x5716ed5a9490_0 .var "axi_m_llc_rlast", 0 0;
v0x5716ed5a9560_0 .net "axi_m_llc_rready", 0 0, L_0x5716ed5e0ed0;  1 drivers
v0x5716ed5a9630_0 .var "axi_m_llc_rresp", 1 0;
v0x5716ed5a9700_0 .var "axi_m_llc_rvalid", 0 0;
v0x5716ed5a97d0_0 .net "axi_m_llc_wdata", 127 0, L_0x5716ed5df8b0;  1 drivers
v0x5716ed5a98a0_0 .net "axi_m_llc_wlast", 0 0, L_0x5716ed5dfac0;  1 drivers
v0x5716ed5a9970_0 .var "axi_m_llc_wready", 0 0;
v0x5716ed5a9a40_0 .net "axi_m_llc_wstrb", 15 0, L_0x5716ed5dfa00;  1 drivers
v0x5716ed5a9b10_0 .net "axi_m_llc_wvalid", 0 0, v0x5716ed594f60_0;  1 drivers
v0x5716ed5a9be0_0 .var "axi_s_ctrl_memreq_araddr", 31 0;
v0x5716ed5a9cb0_0 .var "axi_s_ctrl_memreq_arcache", 3 0;
v0x5716ed5a9d80_0 .var "axi_s_ctrl_memreq_arprot", 2 0;
v0x5716ed5a9e50_0 .net "axi_s_ctrl_memreq_arready", 0 0, L_0x5716ed5d5760;  1 drivers
v0x5716ed5a9f20_0 .var "axi_s_ctrl_memreq_arvalid", 0 0;
v0x5716ed5a9ff0_0 .var "axi_s_ctrl_memreq_awaddr", 31 0;
v0x5716ed5aa0c0_0 .var "axi_s_ctrl_memreq_awcache", 3 0;
v0x5716ed5aa190_0 .var "axi_s_ctrl_memreq_awprot", 2 0;
v0x5716ed5aa260_0 .net "axi_s_ctrl_memreq_awready", 0 0, L_0x5716ed5d4f10;  1 drivers
v0x5716ed5aa330_0 .var "axi_s_ctrl_memreq_awvalid", 0 0;
v0x5716ed5aa400_0 .var "axi_s_ctrl_memreq_bready", 0 0;
v0x5716ed5aa4d0_0 .net "axi_s_ctrl_memreq_bresp", 1 0, L_0x9895b06e4e8;  1 drivers
v0x5716ed5aa5a0_0 .net "axi_s_ctrl_memreq_bvalid", 0 0, v0x5716ed597f00_0;  1 drivers
v0x5716ed5aa670_0 .net "axi_s_ctrl_memreq_rdata", 63 0, v0x5716ed597fc0_0;  1 drivers
v0x5716ed5aa740_0 .var "axi_s_ctrl_memreq_rready", 0 0;
v0x5716ed5aa810_0 .net "axi_s_ctrl_memreq_rresp", 1 0, L_0x9895b06e530;  1 drivers
v0x5716ed5aa8e0_0 .net "axi_s_ctrl_memreq_rvalid", 0 0, v0x5716ed598240_0;  1 drivers
v0x5716ed5aa9b0_0 .var "axi_s_ctrl_memreq_wdata", 63 0;
v0x5716ed5aaa80_0 .net "axi_s_ctrl_memreq_wready", 0 0, L_0x5716ed5de360;  1 drivers
v0x5716ed5aab50_0 .var "axi_s_ctrl_memreq_wstrb", 7 0;
v0x5716ed5aac20_0 .var "axi_s_ctrl_memreq_wvalid", 0 0;
v0x5716ed5aacf0_0 .var "count__memory_request_rreq_fifo", 3 0;
v0x5716ed5aad90_0 .var "count__memory_request_wdata_fifo", 3 0;
v0x5716ed5aae30_0 .var "count__memory_request_wreq_fifo", 3 0;
v0x5716ed5aaed0_0 .var "maxi_memreq_araddr", 31 0;
v0x5716ed5aaf70_0 .net "maxi_memreq_arcache", 3 0, L_0x9895b06d0f0;  1 drivers
v0x5716ed5ab010_0 .net "maxi_memreq_arprot", 2 0, L_0x9895b06d138;  1 drivers
v0x5716ed5ab0b0_0 .net "maxi_memreq_arready", 0 0, L_0x5716ed5c2180;  1 drivers
v0x5716ed5ab150_0 .var "maxi_memreq_arvalid", 0 0;
v0x5716ed5ab1f0_0 .var "maxi_memreq_awaddr", 31 0;
v0x5716ed5ab290_0 .net "maxi_memreq_awcache", 3 0, L_0x9895b06d018;  1 drivers
v0x5716ed5ab330_0 .net "maxi_memreq_awprot", 2 0, L_0x9895b06d060;  1 drivers
v0x5716ed5ab3d0_0 .net "maxi_memreq_awready", 0 0, L_0x5716ed5c12d0;  1 drivers
v0x5716ed5ab470_0 .var "maxi_memreq_awvalid", 0 0;
v0x5716ed5ab510_0 .net "maxi_memreq_bready", 0 0, L_0x9895b06d0a8;  1 drivers
v0x5716ed5ab5b0_0 .net "maxi_memreq_bresp", 1 0, L_0x5716ed5c1890;  1 drivers
v0x5716ed5ab690_0 .net "maxi_memreq_bvalid", 0 0, L_0x5716ed5c1a40;  1 drivers
v0x5716ed5ab750_0 .net "maxi_memreq_rdata", 63 0, L_0x5716ed5c2270;  1 drivers
v0x5716ed5a4b60_0 .net "maxi_memreq_rready", 0 0, L_0x5716ed5b0970;  1 drivers
v0x5716ed5a4c20_0 .net "maxi_memreq_rresp", 1 0, L_0x5716ed5c2060;  1 drivers
v0x5716ed5a4d00_0 .net "maxi_memreq_rvalid", 0 0, L_0x5716ed5c24b0;  1 drivers
v0x5716ed5a4dc0_0 .net "maxi_memreq_wdata", 63 0, L_0x5716ed42c1d0;  1 drivers
v0x5716ed5a4ea0_0 .net "maxi_memreq_wready", 0 0, L_0x5716ed5c1780;  1 drivers
v0x5716ed5a4f60_0 .net "maxi_memreq_wstrb", 7 0, L_0x5716ed5afcd0;  1 drivers
v0x5716ed5a5040_0 .net "maxi_memreq_wvalid", 0 0, v0x5716ed5a6770_0;  1 drivers
v0x5716ed5a5100_0 .net "memory_request_araddr", 31 0, L_0x5716ed5d24c0;  1 drivers
v0x5716ed5a51e0_0 .net "memory_request_arburst", 1 0, L_0x5716ed5d2a80;  1 drivers
v0x5716ed5ac800_0 .net "memory_request_arcache", 3 0, L_0x5716ed5d2ef0;  1 drivers
v0x5716ed5ac8a0_0 .net "memory_request_arlen", 7 0, L_0x5716ed5d25d0;  1 drivers
v0x5716ed5ac960_0 .net "memory_request_arlock", 0 0, L_0x5716ed5d2e30;  1 drivers
v0x5716ed5aca40_0 .net "memory_request_arprot", 2 0, L_0x5716ed5d32b0;  1 drivers
v0x5716ed5acb20_0 .net "memory_request_arqos", 3 0, L_0x5716ed5d3370;  1 drivers
v0x5716ed5acc00_0 .var "memory_request_arready", 0 0;
v0x5716ed5accc0_0 .net "memory_request_arsize", 2 0, L_0x5716ed5d29c0;  1 drivers
v0x5716ed5acda0_0 .net "memory_request_aruser", 1 0, L_0x5716ed5d3740;  1 drivers
v0x5716ed5ace80_0 .net "memory_request_arvalid", 0 0, L_0x5716ed5d3800;  1 drivers
v0x5716ed5acf40_0 .net "memory_request_awaddr", 31 0, L_0x5716ed5cfbd0;  1 drivers
v0x5716ed5ad020_0 .net "memory_request_awburst", 1 0, L_0x5716ed5d0340;  1 drivers
v0x5716ed5ad100_0 .net "memory_request_awcache", 3 0, L_0x5716ed5d0720;  1 drivers
v0x5716ed5ad1e0_0 .net "memory_request_awlen", 7 0, L_0x5716ed5cff20;  1 drivers
v0x5716ed5ad2c0_0 .net "memory_request_awlock", 0 0, L_0x5716ed5d0400;  1 drivers
v0x5716ed5ad3a0_0 .net "memory_request_awprot", 2 0, L_0x5716ed5d07e0;  1 drivers
v0x5716ed5ad480_0 .net "memory_request_awqos", 3 0, L_0x5716ed5d0b10;  1 drivers
v0x5716ed5ad560_0 .var "memory_request_awready", 0 0;
v0x5716ed5ad620_0 .net "memory_request_awsize", 2 0, L_0x5716ed5d0030;  1 drivers
v0x5716ed5ad700_0 .net "memory_request_awuser", 1 0, L_0x5716ed5d0bd0;  1 drivers
v0x5716ed5ad7e0_0 .net "memory_request_awvalid", 0 0, L_0x5716ed5d0f10;  1 drivers
v0x5716ed5ad8a0_0 .net "memory_request_bready", 0 0, L_0x5716ed5d2130;  1 drivers
v0x5716ed5ad960_0 .net "memory_request_bresp", 1 0, L_0x9895b06d210;  1 drivers
v0x5716ed5ada40_0 .var "memory_request_bvalid", 0 0;
v0x5716ed5adb00_0 .var "memory_request_rdata", 127 0;
v0x5716ed5adbe0_0 .var "memory_request_rlast", 0 0;
v0x5716ed5adca0_0 .net "memory_request_rready", 0 0, L_0x5716ed5d4550;  1 drivers
v0x5716ed5add60_0 .net "memory_request_rresp", 1 0, L_0x9895b06d258;  1 drivers
v0x5716ed5ade40_0 .var "memory_request_rvalid", 0 0;
v0x5716ed5adf00_0 .net "memory_request_wdata", 127 0, L_0x5716ed5d13a0;  1 drivers
v0x5716ed5adfe0_0 .net "memory_request_wlast", 0 0, L_0x5716ed5d1810;  1 drivers
v0x5716ed5ae0a0_0 .net "memory_request_wready", 0 0, L_0x5716ed5c7760;  1 drivers
v0x5716ed5ae160_0 .net "memory_request_wstrb", 15 0, L_0x5716ed5d1460;  1 drivers
v0x5716ed5ae240_0 .net "memory_request_wvalid", 0 0, L_0x5716ed5d1920;  1 drivers
v0x5716ed5ae300_0 .net "pack_read_req_global_addr_57", 31 0, L_0x5716ed5cc700;  1 drivers
v0x5716ed5ae3e0_0 .net "pack_read_req_packed_59", 40 0, L_0x5716ed5ccd70;  1 drivers
v0x5716ed5ae4c0_0 .net "pack_read_req_size_58", 8 0, L_0x5716ed5ccbc0;  1 drivers
v0x5716ed5ae5a0_0 .net "pack_write_data_packed_42", 144 0, L_0x5716ed5c7c00;  1 drivers
v0x5716ed5ae680_0 .net "pack_write_data_wdata_39", 127 0, L_0x5716ed5c7800;  1 drivers
v0x5716ed5ae760_0 .net "pack_write_data_wdata_52", 127 0, L_0x5716ed5cb360;  1 drivers
v0x5716ed5ae840_0 .net "pack_write_data_wlast_41", 0 0, L_0x5716ed5c7a30;  1 drivers
v0x5716ed5ae920_0 .net "pack_write_data_wlast_54", 0 0, L_0x5716ed5cb650;  1 drivers
v0x5716ed5aea00_0 .net "pack_write_data_wstrb_40", 15 0, L_0x5716ed5c79c0;  1 drivers
v0x5716ed5aeae0_0 .net "pack_write_data_wstrb_53", 15 0, L_0x5716ed5cb520;  1 drivers
v0x5716ed5aebc0_0 .net "pack_write_req_global_addr_45", 31 0, L_0x5716ed5c8ab0;  1 drivers
v0x5716ed5aeca0_0 .net "pack_write_req_packed_47", 40 0, L_0x5716ed5c8e60;  1 drivers
v0x5716ed5aed80_0 .net "pack_write_req_size_46", 8 0, L_0x5716ed5c8c10;  1 drivers
v0x5716ed5aee60_0 .var "th_ctrl", 31 0;
v0x5716ed5aef40_0 .net "unpack_read_req_global_addr_62", 31 0, L_0x5716ed5ce9b0;  1 drivers
v0x5716ed5af020_0 .net "unpack_read_req_size_63", 8 0, L_0x5716ed5cec10;  1 drivers
v0x5716ed5af100_0 .net "unpack_write_req_global_addr_50", 31 0, L_0x5716ed5ca600;  1 drivers
v0x5716ed5af1e0_0 .net "unpack_write_req_size_51", 8 0, L_0x5716ed5ca6a0;  1 drivers
v0x5716ed5af2c0_0 .net "write_data_wready_56", 0 0, L_0x5716ed5cbaf0;  1 drivers
v0x5716ed5af380_0 .net "write_data_wvalid_55", 0 0, L_0x5716ed5cb400;  1 drivers
E_0x5716ed39e2c0 .event anyedge, v0x5716ed5a7cd0_0;
E_0x5716ed3a0680 .event anyedge, v0x5716ed5a7c10_0;
E_0x5716ed39eaf0 .event anyedge, v0x5716ed5a7b30_0;
E_0x5716ed1b66c0 .event anyedge, v0x5716ed5a7a50_0;
E_0x5716ed57f920 .event anyedge, v0x5716ed5a7990_0;
E_0x5716ed580150 .event anyedge, v0x5716ed5a78d0_0;
E_0x5716ed2153b0 .event anyedge, v0x5716ed5a77f0_0;
E_0x5716ed217700 .event anyedge, v0x5716ed5a7730_0;
E_0x5716ed4975e0 .event anyedge, v0x5716ed5a7670_0;
E_0x5716ed218330 .event anyedge, v0x5716ed5a7310_0;
E_0x5716ed218f50 .event anyedge, v0x5716ed5a7250_0;
E_0x5716ed219930 .event anyedge, v0x5716ed5a7170_0;
E_0x5716ed21a310 .event anyedge, v0x5716ed5a7090_0;
E_0x5716ed4895a0 .event anyedge, v0x5716ed5a6fb0_0;
E_0x5716ed2149d0 .event anyedge, v0x5716ed5a6ef0_0;
E_0x5716ed287eb0 .event anyedge, v0x5716ed5a6e30_0;
E_0x5716ed1e94c0 .event anyedge, v0x5716ed5a6d50_0;
E_0x5716ed1ea0e0 .event anyedge, v0x5716ed5a6c70_0;
E_0x5716ed1eb550 .event anyedge, v0x5716ed5a6bb0_0;
E_0x5716ed1ef6c0 .event anyedge, v0x5716ed5a6ad0_0;
E_0x5716ed212af0 .event anyedge, v0x5716ed5a69f0_0;
E_0x5716ed213e10 .event anyedge, v0x5716ed5a6910_0;
L_0x5716ed5af560 .concat [ 64 8 0 0], v0x5716ed5a30c0_0, v0x5716ed5a3260_0;
L_0x5716ed5af710 .reduce/nor v0x5716ed5a66b0_0;
L_0x5716ed5af810 .functor MUXZ 72, L_0x5716ed5af560, v0x5716ed5a65d0_0, v0x5716ed5a66b0_0, C4<>;
L_0x5716ed5af9d0 .part v0x5716ed5a5cb0_0, 64, 8;
L_0x5716ed5afad0 .part v0x5716ed5a5cb0_0, 0, 64;
L_0x5716ed5b0060 .concat [ 64 0 0 0], L_0x5716ed5aff60;
L_0x5716ed5b0320 .reduce/nor v0x5716ed5a5b30_0;
L_0x5716ed5b0420 .functor MUXZ 64, L_0x5716ed5b0060, v0x5716ed5a5a50_0, v0x5716ed5a5b30_0, C4<>;
L_0x5716ed5b0a60 .concat [ 3 29 0 0], v0x5716ed5a2a80_0, L_0x9895b06d180;
L_0x5716ed5c0ba0 .cmp/gt 32, L_0x5716ed5b0a60, L_0x9895b06d1c8;
L_0x5716ed5c7760 .reduce/nor L_0x5716ed5c7020;
L_0x5716ed5c7c00 .concat [ 128 16 1 0], L_0x5716ed5c7800, L_0x5716ed5c79c0, L_0x5716ed5c7a30;
L_0x5716ed5c7f60 .functor MUXZ 145, L_0x9895b06dd98, L_0x5716ed5c7c00, L_0x5716ed5c7e00, C4<>;
L_0x5716ed5c8470 .reduce/nor L_0x5716ed5c7020;
L_0x5716ed5c87a0 .functor MUXZ 1, L_0x9895b06dde0, L_0x5716ed5c7d90, L_0x5716ed5c8140, C4<>;
L_0x5716ed5c8980 .reduce/nor L_0x5716ed5c7020;
L_0x5716ed5c8b20 .concat [ 8 1 0 0], L_0x5716ed5cff20, L_0x9895b06de28;
L_0x5716ed5c8c10 .arith/sum 9, L_0x5716ed5c8b20, L_0x9895b06de70;
L_0x5716ed5c8e60 .concat [ 9 32 0 0], L_0x5716ed5c8c10, L_0x5716ed5c8ab0;
L_0x5716ed5c8fa0 .cmp/eq 32, v0x5716ed5a3cd0_0, L_0x9895b06deb8;
L_0x5716ed5c8dc0 .functor MUXZ 41, L_0x9895b06df00, L_0x5716ed5c8e60, L_0x5716ed5c9280, C4<>;
L_0x5716ed5c9480 .cmp/eq 32, v0x5716ed5a3cd0_0, L_0x9895b06df48;
L_0x5716ed5c9a40 .cmp/eq 32, v0x5716ed5a3cd0_0, L_0x9895b06df90;
L_0x5716ed5c9e60 .reduce/nor L_0x5716ed5c3a50;
L_0x5716ed5ca2a0 .functor MUXZ 1, L_0x9895b06dfd8, L_0x5716ed5c9fd0, L_0x5716ed5c9930, C4<>;
L_0x5716ed5ca480 .reduce/nor L_0x5716ed5c3a50;
L_0x5716ed5ca600 .part L_0x5716ed5c4080, 9, 32;
L_0x5716ed5ca6a0 .part L_0x5716ed5c4080, 0, 9;
L_0x5716ed5ca8c0 .cmp/eq 32, v0x5716ed5a43c0_0, L_0x9895b06e020;
L_0x5716ed5ca960 .reduce/nor L_0x5716ed5c3b60;
L_0x5716ed5cabc0 .reduce/nor L_0x5716ed5c3b60;
L_0x5716ed5caf80 .functor MUXZ 2, L_0x9895b06e0b0, L_0x9895b06e068, L_0x5716ed5cacf0, C4<>;
L_0x5716ed5cb220 .part L_0x5716ed5caf80, 0, 1;
L_0x5716ed5cb360 .part L_0x5716ed5c7650, 0, 128;
L_0x5716ed5cb520 .part L_0x5716ed5c7650, 128, 16;
L_0x5716ed5cb650 .part L_0x5716ed5c7650, 144, 1;
L_0x5716ed5cb400 .reduce/nor L_0x5716ed5c7130;
L_0x5716ed5cb820 .cmp/eq 32, v0x5716ed5a43c0_0, L_0x9895b06e0f8;
L_0x5716ed5cba00 .cmp/ne 33, v0x5716ed5a6830_0, L_0x9895b06e140;
L_0x5716ed5cbc00 .reduce/nor L_0x5716ed5c7130;
L_0x5716ed5cc120 .reduce/nor L_0x5716ed5c7130;
L_0x5716ed5cc2d0 .functor MUXZ 2, L_0x9895b06e1d0, L_0x9895b06e188, L_0x5716ed5cc1c0, C4<>;
L_0x5716ed5cc5c0 .part L_0x5716ed5cc2d0, 0, 1;
L_0x5716ed5cc960 .concat [ 8 1 0 0], L_0x5716ed5d25d0, L_0x9895b06e218;
L_0x5716ed5ccbc0 .arith/sum 9, L_0x5716ed5cc960, L_0x9895b06e260;
L_0x5716ed5ccd70 .concat [ 9 32 0 0], L_0x5716ed5ccbc0, L_0x5716ed5cc700;
L_0x5716ed5cd030 .cmp/eq 32, v0x5716ed5a34c0_0, L_0x9895b06e2a8;
L_0x5716ed5cd430 .functor MUXZ 41, L_0x9895b06e2f0, L_0x5716ed5ccd70, L_0x5716ed5cd170, C4<>;
L_0x5716ed5cd7a0 .cmp/eq 32, v0x5716ed5a34c0_0, L_0x9895b06e338;
L_0x5716ed5cdd10 .cmp/eq 32, v0x5716ed5a34c0_0, L_0x9895b06e380;
L_0x5716ed5ce340 .reduce/nor L_0x5716ed5c54f0;
L_0x5716ed5ce4f0 .functor MUXZ 1, L_0x9895b06e3c8, L_0x5716ed5ce3e0, L_0x5716ed5cd9f0, C4<>;
L_0x5716ed5ce880 .reduce/nor L_0x5716ed5c54f0;
L_0x5716ed5ce9b0 .part L_0x5716ed5c5b20, 9, 32;
L_0x5716ed5cec10 .part L_0x5716ed5c5b20, 0, 9;
L_0x5716ed5ced40 .cmp/eq 32, v0x5716ed5a35a0_0, L_0x9895b06e410;
L_0x5716ed5cefb0 .reduce/nor L_0x5716ed5c5600;
L_0x5716ed5cf340 .reduce/nor L_0x5716ed5c5600;
L_0x5716ed5cf710 .functor MUXZ 2, L_0x9895b06e4a0, L_0x9895b06e458, L_0x5716ed5cf650, C4<>;
L_0x5716ed5cf8a0 .part L_0x5716ed5cf710, 0, 1;
S_0x5716ed400f40 .scope module, "inst__memory_request_rreq_fifo" "_memory_request_rreq_fifo" 2 332, 2 1353 0, S_0x5716ed4c3ed0;
 .timescale 0 0;
    .port_info 0 /INPUT 1 "CLK";
    .port_info 1 /INPUT 1 "RST";
    .port_info 2 /INPUT 1 "_memory_request_rreq_fifo_enq";
    .port_info 3 /INPUT 41 "_memory_request_rreq_fifo_wdata";
    .port_info 4 /OUTPUT 1 "_memory_request_rreq_fifo_full";
    .port_info 5 /OUTPUT 1 "_memory_request_rreq_fifo_almost_full";
    .port_info 6 /INPUT 1 "_memory_request_rreq_fifo_deq";
    .port_info 7 /OUTPUT 41 "_memory_request_rreq_fifo_rdata";
    .port_info 8 /OUTPUT 1 "_memory_request_rreq_fifo_empty";
    .port_info 9 /OUTPUT 1 "_memory_request_rreq_fifo_almost_empty";
L_0x9895b06d720 .functor BUFT 1, C4<00000000000000000000000000000111>, C4<0>, C4<0>, C4<0>;
L_0x5716ed5c4550 .functor AND 32, L_0x5716ed5c44b0, L_0x9895b06d720, C4<11111111111111111111111111111111>, C4<11111111111111111111111111111111>;
L_0x9895b06d7f8 .functor BUFT 1, C4<00000000000000000000000000000111>, C4<0>, C4<0>, C4<0>;
L_0x5716ed5c49d0 .functor AND 32, L_0x5716ed5c4930, L_0x9895b06d7f8, C4<11111111111111111111111111111111>, C4<11111111111111111111111111111111>;
L_0x9895b06d918 .functor BUFT 1, C4<00000000000000000000000000000111>, C4<0>, C4<0>, C4<0>;
L_0x5716ed5c4fa0 .functor AND 32, L_0x5716ed5c4f00, L_0x9895b06d918, C4<11111111111111111111111111111111>, C4<11111111111111111111111111111111>;
L_0x5716ed5c53e0 .functor BUFZ 1, L_0x5716ed5c4cc0, C4<0>, C4<0>, C4<0>;
L_0x5716ed5c54f0 .functor OR 1, L_0x5716ed5c52a0, L_0x5716ed5c4cc0, C4<0>, C4<0>;
L_0x5716ed5c5600 .functor BUFZ 1, L_0x5716ed5c4190, C4<0>, C4<0>, C4<0>;
L_0x5716ed5c5710 .functor OR 1, L_0x5716ed5c4700, L_0x5716ed5c4190, C4<0>, C4<0>;
L_0x5716ed5c5230 .functor BUFZ 41, L_0x5716ed5c5820, C4<00000000000000000000000000000000000000000>, C4<00000000000000000000000000000000000000000>, C4<00000000000000000000000000000000000000000>;
L_0x5716ed5c5b20 .functor BUFZ 41, L_0x5716ed5c5230, C4<00000000000000000000000000000000000000000>, C4<00000000000000000000000000000000000000000>, C4<00000000000000000000000000000000000000000>;
v0x5716ed546d40_0 .net "CLK", 0 0, v0x5716ed59e390_0;  1 drivers
v0x5716ed49c070_0 .net "RST", 0 0, v0x5716ed59e450_0;  1 drivers
L_0x9895b06d6d8 .functor BUFT 1, C4<00000000000000000000000000000001>, C4<0>, C4<0>, C4<0>;
v0x5716ed49cf00_0 .net/2u *"_ivl_10", 31 0, L_0x9895b06d6d8;  1 drivers
v0x5716ed4973a0_0 .net *"_ivl_12", 31 0, L_0x5716ed5c44b0;  1 drivers
v0x5716ed489360_0 .net/2u *"_ivl_14", 31 0, L_0x9895b06d720;  1 drivers
v0x5716ed417e50_0 .net *"_ivl_16", 31 0, L_0x5716ed5c4550;  1 drivers
v0x5716ed42c370_0 .net *"_ivl_2", 31 0, L_0x5716ed5c4230;  1 drivers
v0x5716ed3b12e0_0 .net *"_ivl_20", 31 0, L_0x5716ed5c4840;  1 drivers
L_0x9895b06d768 .functor BUFT 1, C4<00000000000000000000000000000>, C4<0>, C4<0>, C4<0>;
v0x5716ed5580d0_0 .net *"_ivl_23", 28 0, L_0x9895b06d768;  1 drivers
L_0x9895b06d7b0 .functor BUFT 1, C4<00000000000000000000000000000001>, C4<0>, C4<0>, C4<0>;
v0x5716ed5595a0_0 .net/2u *"_ivl_24", 31 0, L_0x9895b06d7b0;  1 drivers
v0x5716ed55a7a0_0 .net *"_ivl_26", 31 0, L_0x5716ed5c4930;  1 drivers
v0x5716ed56b9a0_0 .net/2u *"_ivl_28", 31 0, L_0x9895b06d7f8;  1 drivers
v0x5716ed57cd70_0 .net *"_ivl_30", 31 0, L_0x5716ed5c49d0;  1 drivers
v0x5716ed5804e0_0 .net *"_ivl_32", 31 0, L_0x5716ed5c4b80;  1 drivers
L_0x9895b06d840 .functor BUFT 1, C4<00000000000000000000000000000>, C4<0>, C4<0>, C4<0>;
v0x5716ed4fb0d0_0 .net *"_ivl_35", 28 0, L_0x9895b06d840;  1 drivers
v0x5716ed504000_0 .net *"_ivl_38", 31 0, L_0x5716ed5c4e00;  1 drivers
L_0x9895b06d888 .functor BUFT 1, C4<00000000000000000000000000000>, C4<0>, C4<0>, C4<0>;
v0x5716ed506350_0 .net *"_ivl_41", 28 0, L_0x9895b06d888;  1 drivers
L_0x9895b06d8d0 .functor BUFT 1, C4<00000000000000000000000000000010>, C4<0>, C4<0>, C4<0>;
v0x5716ed50c530_0 .net/2u *"_ivl_42", 31 0, L_0x9895b06d8d0;  1 drivers
v0x5716ed50f1e0_0 .net *"_ivl_44", 31 0, L_0x5716ed5c4f00;  1 drivers
v0x5716ed523ed0_0 .net/2u *"_ivl_46", 31 0, L_0x9895b06d918;  1 drivers
v0x5716ed5252b0_0 .net *"_ivl_48", 31 0, L_0x5716ed5c4fa0;  1 drivers
L_0x9895b06d648 .functor BUFT 1, C4<00000000000000000000000000000>, C4<0>, C4<0>, C4<0>;
v0x5716ed525a80_0 .net *"_ivl_5", 28 0, L_0x9895b06d648;  1 drivers
v0x5716ed526080_0 .net *"_ivl_50", 31 0, L_0x5716ed5c5100;  1 drivers
L_0x9895b06d960 .functor BUFT 1, C4<00000000000000000000000000000>, C4<0>, C4<0>, C4<0>;
v0x5716ed541210_0 .net *"_ivl_53", 28 0, L_0x9895b06d960;  1 drivers
v0x5716ed542b40_0 .net *"_ivl_6", 31 0, L_0x5716ed5c4370;  1 drivers
v0x5716ed544050_0 .net *"_ivl_64", 40 0, L_0x5716ed5c5820;  1 drivers
v0x5716ed211000_0 .net *"_ivl_66", 4 0, L_0x5716ed5c5940;  1 drivers
L_0x9895b06d9a8 .functor BUFT 1, C4<00>, C4<0>, C4<0>, C4<0>;
v0x5716ed44bb10_0 .net *"_ivl_69", 1 0, L_0x9895b06d9a8;  1 drivers
L_0x9895b06d690 .functor BUFT 1, C4<00000000000000000000000000000>, C4<0>, C4<0>, C4<0>;
v0x5716ed44bec0_0 .net *"_ivl_9", 28 0, L_0x9895b06d690;  1 drivers
v0x5716ed44c270_0 .net "_memory_request_rreq_fifo_almost_empty", 0 0, L_0x5716ed5c5710;  alias, 1 drivers
v0x5716ed44c620_0 .net "_memory_request_rreq_fifo_almost_full", 0 0, L_0x5716ed5c54f0;  alias, 1 drivers
v0x5716ed406ed0_0 .net "_memory_request_rreq_fifo_deq", 0 0, L_0x5716ed5cf8a0;  alias, 1 drivers
v0x5716ed4049d0_0 .net "_memory_request_rreq_fifo_empty", 0 0, L_0x5716ed5c5600;  alias, 1 drivers
v0x5716ed404630_0 .net "_memory_request_rreq_fifo_enq", 0 0, L_0x5716ed5ce4f0;  alias, 1 drivers
v0x5716ed404290_0 .net "_memory_request_rreq_fifo_full", 0 0, L_0x5716ed5c53e0;  alias, 1 drivers
v0x5716ed400b30_0 .net "_memory_request_rreq_fifo_rdata", 40 0, L_0x5716ed5c5b20;  alias, 1 drivers
v0x5716ed40db40_0 .net "_memory_request_rreq_fifo_wdata", 40 0, L_0x5716ed5cd430;  alias, 1 drivers
v0x5716ed40d7a0_0 .var "head", 2 0;
v0x5716ed400790_0 .net "is_almost_empty", 0 0, L_0x5716ed5c4700;  1 drivers
v0x5716ed47a470_0 .net "is_almost_full", 0 0, L_0x5716ed5c52a0;  1 drivers
v0x5716ed47a0d0_0 .net "is_empty", 0 0, L_0x5716ed5c4190;  1 drivers
v0x5716ed479d30_0 .net "is_full", 0 0, L_0x5716ed5c4cc0;  1 drivers
v0x5716ed479990 .array "mem", 7 0, 40 0;
v0x5716ed478eb0_0 .net "rdata", 40 0, L_0x5716ed5c5230;  1 drivers
v0x5716ed478b10_0 .var "tail", 2 0;
E_0x5716ed297db0 .event posedge, v0x5716ed546d40_0;
L_0x5716ed5c4190 .cmp/eq 3, v0x5716ed40d7a0_0, v0x5716ed478b10_0;
L_0x5716ed5c4230 .concat [ 3 29 0 0], v0x5716ed40d7a0_0, L_0x9895b06d648;
L_0x5716ed5c4370 .concat [ 3 29 0 0], v0x5716ed478b10_0, L_0x9895b06d690;
L_0x5716ed5c44b0 .arith/sum 32, L_0x5716ed5c4370, L_0x9895b06d6d8;
L_0x5716ed5c4700 .cmp/eq 32, L_0x5716ed5c4230, L_0x5716ed5c4550;
L_0x5716ed5c4840 .concat [ 3 29 0 0], v0x5716ed40d7a0_0, L_0x9895b06d768;
L_0x5716ed5c4930 .arith/sum 32, L_0x5716ed5c4840, L_0x9895b06d7b0;
L_0x5716ed5c4b80 .concat [ 3 29 0 0], v0x5716ed478b10_0, L_0x9895b06d840;
L_0x5716ed5c4cc0 .cmp/eq 32, L_0x5716ed5c49d0, L_0x5716ed5c4b80;
L_0x5716ed5c4e00 .concat [ 3 29 0 0], v0x5716ed40d7a0_0, L_0x9895b06d888;
L_0x5716ed5c4f00 .arith/sum 32, L_0x5716ed5c4e00, L_0x9895b06d8d0;
L_0x5716ed5c5100 .concat [ 3 29 0 0], v0x5716ed478b10_0, L_0x9895b06d960;
L_0x5716ed5c52a0 .cmp/eq 32, L_0x5716ed5c4fa0, L_0x5716ed5c5100;
L_0x5716ed5c5820 .array/port v0x5716ed479990, L_0x5716ed5c5940;
L_0x5716ed5c5940 .concat [ 3 2 0 0], v0x5716ed478b10_0, L_0x9895b06d9a8;
S_0x5716ed40b850 .scope module, "inst__memory_request_wdata_fifo" "_memory_request_wdata_fifo" 2 357, 2 1406 0, S_0x5716ed4c3ed0;
 .timescale 0 0;
    .port_info 0 /INPUT 1 "CLK";
    .port_info 1 /INPUT 1 "RST";
    .port_info 2 /INPUT 1 "_memory_request_wdata_fifo_enq";
    .port_info 3 /INPUT 145 "_memory_request_wdata_fifo_wdata";
    .port_info 4 /OUTPUT 1 "_memory_request_wdata_fifo_full";
    .port_info 5 /OUTPUT 1 "_memory_request_wdata_fifo_almost_full";
    .port_info 6 /INPUT 1 "_memory_request_wdata_fifo_deq";
    .port_info 7 /OUTPUT 145 "_memory_request_wdata_fifo_rdata";
    .port_info 8 /OUTPUT 1 "_memory_request_wdata_fifo_empty";
    .port_info 9 /OUTPUT 1 "_memory_request_wdata_fifo_almost_empty";
L_0x9895b06dac8 .functor BUFT 1, C4<00000000000000000000000000000111>, C4<0>, C4<0>, C4<0>;
L_0x5716ed5c5ff0 .functor AND 32, L_0x5716ed5c5f50, L_0x9895b06dac8, C4<11111111111111111111111111111111>, C4<11111111111111111111111111111111>;
L_0x9895b06dba0 .functor BUFT 1, C4<00000000000000000000000000000111>, C4<0>, C4<0>, C4<0>;
L_0x5716ed5c6470 .functor AND 32, L_0x5716ed5c63d0, L_0x9895b06dba0, C4<11111111111111111111111111111111>, C4<11111111111111111111111111111111>;
L_0x9895b06dcc0 .functor BUFT 1, C4<00000000000000000000000000000111>, C4<0>, C4<0>, C4<0>;
L_0x5716ed5c6ad0 .functor AND 32, L_0x5716ed5c6a30, L_0x9895b06dcc0, C4<11111111111111111111111111111111>, C4<11111111111111111111111111111111>;
L_0x5716ed5c6f10 .functor BUFZ 1, L_0x5716ed5c6760, C4<0>, C4<0>, C4<0>;
L_0x5716ed5c7020 .functor OR 1, L_0x5716ed5c6dd0, L_0x5716ed5c6760, C4<0>, C4<0>;
L_0x5716ed5c7130 .functor BUFZ 1, L_0x5716ed5c5c30, C4<0>, C4<0>, C4<0>;
L_0x5716ed5c7240 .functor OR 1, L_0x5716ed5c61a0, L_0x5716ed5c5c30, C4<0>, C4<0>;
L_0x5716ed5c6d60 .functor BUFZ 145, L_0x5716ed5c7350, C4<0000000000000000000000000000000000000000000000000000000000000000000000000000000000000000000000000000000000000000000000000000000000000000000000000>, C4<0000000000000000000000000000000000000000000000000000000000000000000000000000000000000000000000000000000000000000000000000000000000000000000000000>, C4<0000000000000000000000000000000000000000000000000000000000000000000000000000000000000000000000000000000000000000000000000000000000000000000000000>;
L_0x5716ed5c7650 .functor BUFZ 145, L_0x5716ed5c6d60, C4<0000000000000000000000000000000000000000000000000000000000000000000000000000000000000000000000000000000000000000000000000000000000000000000000000>, C4<0000000000000000000000000000000000000000000000000000000000000000000000000000000000000000000000000000000000000000000000000000000000000000000000000>, C4<0000000000000000000000000000000000000000000000000000000000000000000000000000000000000000000000000000000000000000000000000000000000000000000000000>;
v0x5716ed473fb0_0 .net "CLK", 0 0, v0x5716ed59e390_0;  alias, 1 drivers
v0x5716ed474050_0 .net "RST", 0 0, v0x5716ed59e450_0;  alias, 1 drivers
L_0x9895b06da80 .functor BUFT 1, C4<00000000000000000000000000000001>, C4<0>, C4<0>, C4<0>;
v0x5716ed473c10_0 .net/2u *"_ivl_10", 31 0, L_0x9895b06da80;  1 drivers
v0x5716ed473cb0_0 .net *"_ivl_12", 31 0, L_0x5716ed5c5f50;  1 drivers
v0x5716ed473870_0 .net/2u *"_ivl_14", 31 0, L_0x9895b06dac8;  1 drivers
v0x5716ed472d90_0 .net *"_ivl_16", 31 0, L_0x5716ed5c5ff0;  1 drivers
v0x5716ed44ebf0_0 .net *"_ivl_2", 31 0, L_0x5716ed5c5cd0;  1 drivers
v0x5716ed44e850_0 .net *"_ivl_20", 31 0, L_0x5716ed5c62e0;  1 drivers
L_0x9895b06db10 .functor BUFT 1, C4<00000000000000000000000000000>, C4<0>, C4<0>, C4<0>;
v0x5716ed48d4b0_0 .net *"_ivl_23", 28 0, L_0x9895b06db10;  1 drivers
L_0x9895b06db58 .functor BUFT 1, C4<00000000000000000000000000000001>, C4<0>, C4<0>, C4<0>;
v0x5716ed47f470_0 .net/2u *"_ivl_24", 31 0, L_0x9895b06db58;  1 drivers
v0x5716ed40df60_0 .net *"_ivl_26", 31 0, L_0x5716ed5c63d0;  1 drivers
v0x5716ed42cb50_0 .net/2u *"_ivl_28", 31 0, L_0x9895b06dba0;  1 drivers
v0x5716ed42c7c0_0 .net *"_ivl_30", 31 0, L_0x5716ed5c6470;  1 drivers
v0x5716ed497e90_0 .net *"_ivl_32", 31 0, L_0x5716ed5c6620;  1 drivers
L_0x9895b06dbe8 .functor BUFT 1, C4<00000000000000000000000000000>, C4<0>, C4<0>, C4<0>;
v0x5716ed497aa0_0 .net *"_ivl_35", 28 0, L_0x9895b06dbe8;  1 drivers
v0x5716ed489eb0_0 .net *"_ivl_38", 31 0, L_0x5716ed5c68a0;  1 drivers
L_0x9895b06dc30 .functor BUFT 1, C4<00000000000000000000000000000>, C4<0>, C4<0>, C4<0>;
v0x5716ed489ac0_0 .net *"_ivl_41", 28 0, L_0x9895b06dc30;  1 drivers
L_0x9895b06dc78 .functor BUFT 1, C4<00000000000000000000000000000010>, C4<0>, C4<0>, C4<0>;
v0x5716ed49c4b0_0 .net/2u *"_ivl_42", 31 0, L_0x9895b06dc78;  1 drivers
v0x5716ed44d4b0_0 .net *"_ivl_44", 31 0, L_0x5716ed5c6a30;  1 drivers
v0x5716ed44d0d0_0 .net/2u *"_ivl_46", 31 0, L_0x9895b06dcc0;  1 drivers
v0x5716ed44cd80_0 .net *"_ivl_48", 31 0, L_0x5716ed5c6ad0;  1 drivers
L_0x9895b06d9f0 .functor BUFT 1, C4<00000000000000000000000000000>, C4<0>, C4<0>, C4<0>;
v0x5716ed44c9d0_0 .net *"_ivl_5", 28 0, L_0x9895b06d9f0;  1 drivers
v0x5716ed404e90_0 .net *"_ivl_50", 31 0, L_0x5716ed5c6c30;  1 drivers
L_0x9895b06dd08 .functor BUFT 1, C4<00000000000000000000000000000>, C4<0>, C4<0>, C4<0>;
v0x5716ed4051c0_0 .net *"_ivl_53", 28 0, L_0x9895b06dd08;  1 drivers
v0x5716ed406150_0 .net *"_ivl_6", 31 0, L_0x5716ed5c5e10;  1 drivers
v0x5716ed401610_0 .net *"_ivl_64", 144 0, L_0x5716ed5c7350;  1 drivers
v0x5716ed4441d0_0 .net *"_ivl_66", 4 0, L_0x5716ed5c7470;  1 drivers
L_0x9895b06dd50 .functor BUFT 1, C4<00>, C4<0>, C4<0>, C4<0>;
v0x5716ed43eb10_0 .net *"_ivl_69", 1 0, L_0x9895b06dd50;  1 drivers
L_0x9895b06da38 .functor BUFT 1, C4<00000000000000000000000000000>, C4<0>, C4<0>, C4<0>;
v0x5716ed436e90_0 .net *"_ivl_9", 28 0, L_0x9895b06da38;  1 drivers
v0x5716ed4023b0_0 .net "_memory_request_wdata_fifo_almost_empty", 0 0, L_0x5716ed5c7240;  alias, 1 drivers
v0x5716ed402470_0 .net "_memory_request_wdata_fifo_almost_full", 0 0, L_0x5716ed5c7020;  alias, 1 drivers
v0x5716ed4317d0_0 .net "_memory_request_wdata_fifo_deq", 0 0, L_0x5716ed5cc5c0;  alias, 1 drivers
v0x5716ed431890_0 .net "_memory_request_wdata_fifo_empty", 0 0, L_0x5716ed5c7130;  alias, 1 drivers
v0x5716ed42d600_0 .net "_memory_request_wdata_fifo_enq", 0 0, L_0x5716ed5c87a0;  alias, 1 drivers
v0x5716ed42d6c0_0 .net "_memory_request_wdata_fifo_full", 0 0, L_0x5716ed5c6f10;  alias, 1 drivers
v0x5716ed4cf550_0 .net "_memory_request_wdata_fifo_rdata", 144 0, L_0x5716ed5c7650;  alias, 1 drivers
v0x5716ed4cf610_0 .net "_memory_request_wdata_fifo_wdata", 144 0, L_0x5716ed5c7f60;  alias, 1 drivers
v0x5716ed4aa1f0_0 .var "head", 2 0;
v0x5716ed4aa2b0_0 .net "is_almost_empty", 0 0, L_0x5716ed5c61a0;  1 drivers
v0x5716ed4a0030_0 .net "is_almost_full", 0 0, L_0x5716ed5c6dd0;  1 drivers
v0x5716ed4a00f0_0 .net "is_empty", 0 0, L_0x5716ed5c5c30;  1 drivers
v0x5716ed47c010_0 .net "is_full", 0 0, L_0x5716ed5c6760;  1 drivers
v0x5716ed47c0b0 .array "mem", 7 0, 144 0;
v0x5716ed47b060_0 .net "rdata", 144 0, L_0x5716ed5c6d60;  1 drivers
v0x5716ed4795d0_0 .var "tail", 2 0;
L_0x5716ed5c5c30 .cmp/eq 3, v0x5716ed4aa1f0_0, v0x5716ed4795d0_0;
L_0x5716ed5c5cd0 .concat [ 3 29 0 0], v0x5716ed4aa1f0_0, L_0x9895b06d9f0;
L_0x5716ed5c5e10 .concat [ 3 29 0 0], v0x5716ed4795d0_0, L_0x9895b06da38;
L_0x5716ed5c5f50 .arith/sum 32, L_0x5716ed5c5e10, L_0x9895b06da80;
L_0x5716ed5c61a0 .cmp/eq 32, L_0x5716ed5c5cd0, L_0x5716ed5c5ff0;
L_0x5716ed5c62e0 .concat [ 3 29 0 0], v0x5716ed4aa1f0_0, L_0x9895b06db10;
L_0x5716ed5c63d0 .arith/sum 32, L_0x5716ed5c62e0, L_0x9895b06db58;
L_0x5716ed5c6620 .concat [ 3 29 0 0], v0x5716ed4795d0_0, L_0x9895b06dbe8;
L_0x5716ed5c6760 .cmp/eq 32, L_0x5716ed5c6470, L_0x5716ed5c6620;
L_0x5716ed5c68a0 .concat [ 3 29 0 0], v0x5716ed4aa1f0_0, L_0x9895b06dc30;
L_0x5716ed5c6a30 .arith/sum 32, L_0x5716ed5c68a0, L_0x9895b06dc78;
L_0x5716ed5c6c30 .concat [ 3 29 0 0], v0x5716ed4795d0_0, L_0x9895b06dd08;
L_0x5716ed5c6dd0 .cmp/eq 32, L_0x5716ed5c6ad0, L_0x5716ed5c6c30;
L_0x5716ed5c7350 .array/port v0x5716ed47c0b0, L_0x5716ed5c7470;
L_0x5716ed5c7470 .concat [ 3 2 0 0], v0x5716ed4795d0_0, L_0x9895b06dd50;
S_0x5716ed40b470 .scope module, "inst__memory_request_wreq_fifo" "_memory_request_wreq_fifo" 2 307, 2 1300 0, S_0x5716ed4c3ed0;
 .timescale 0 0;
    .port_info 0 /INPUT 1 "CLK";
    .port_info 1 /INPUT 1 "RST";
    .port_info 2 /INPUT 1 "_memory_request_wreq_fifo_enq";
    .port_info 3 /INPUT 41 "_memory_request_wreq_fifo_wdata";
    .port_info 4 /OUTPUT 1 "_memory_request_wreq_fifo_full";
    .port_info 5 /OUTPUT 1 "_memory_request_wreq_fifo_almost_full";
    .port_info 6 /INPUT 1 "_memory_request_wreq_fifo_deq";
    .port_info 7 /OUTPUT 41 "_memory_request_wreq_fifo_rdata";
    .port_info 8 /OUTPUT 1 "_memory_request_wreq_fifo_empty";
    .port_info 9 /OUTPUT 1 "_memory_request_wreq_fifo_almost_empty";
L_0x9895b06d378 .functor BUFT 1, C4<00000000000000000000000000000111>, C4<0>, C4<0>, C4<0>;
L_0x5716ed5c2a70 .functor AND 32, L_0x5716ed5c29d0, L_0x9895b06d378, C4<11111111111111111111111111111111>, C4<11111111111111111111111111111111>;
L_0x9895b06d450 .functor BUFT 1, C4<00000000000000000000000000000111>, C4<0>, C4<0>, C4<0>;
L_0x5716ed5c2f90 .functor AND 32, L_0x5716ed5c2ef0, L_0x9895b06d450, C4<11111111111111111111111111111111>, C4<11111111111111111111111111111111>;
L_0x9895b06d570 .functor BUFT 1, C4<00000000000000000000000000000111>, C4<0>, C4<0>, C4<0>;
L_0x5716ed5c3560 .functor AND 32, L_0x5716ed5c34c0, L_0x9895b06d570, C4<11111111111111111111111111111111>, C4<11111111111111111111111111111111>;
L_0x5716ed5c3910 .functor BUFZ 1, L_0x5716ed5c3280, C4<0>, C4<0>, C4<0>;
L_0x5716ed5c3a50 .functor OR 1, L_0x5716ed5c37d0, L_0x5716ed5c3280, C4<0>, C4<0>;
L_0x5716ed5c3b60 .functor BUFZ 1, L_0x5716ed5c0db0, C4<0>, C4<0>, C4<0>;
L_0x5716ed5c3c70 .functor OR 1, L_0x5716ed5c2c80, L_0x5716ed5c0db0, C4<0>, C4<0>;
L_0x5716ed5c3760 .functor BUFZ 41, L_0x5716ed5c3d80, C4<00000000000000000000000000000000000000000>, C4<00000000000000000000000000000000000000000>, C4<00000000000000000000000000000000000000000>;
L_0x5716ed5c4080 .functor BUFZ 41, L_0x5716ed5c3760, C4<00000000000000000000000000000000000000000>, C4<00000000000000000000000000000000000000000>, C4<00000000000000000000000000000000000000000>;
v0x5716ed4763d0_0 .net "CLK", 0 0, v0x5716ed59e390_0;  alias, 1 drivers
v0x5716ed4753d0_0 .net "RST", 0 0, v0x5716ed59e450_0;  alias, 1 drivers
L_0x9895b06d330 .functor BUFT 1, C4<00000000000000000000000000000001>, C4<0>, C4<0>, C4<0>;
v0x5716ed4734b0_0 .net/2u *"_ivl_10", 31 0, L_0x9895b06d330;  1 drivers
v0x5716ed473550_0 .net *"_ivl_12", 31 0, L_0x5716ed5c29d0;  1 drivers
v0x5716ed473110_0 .net/2u *"_ivl_14", 31 0, L_0x9895b06d378;  1 drivers
v0x5716ed4066c0_0 .net *"_ivl_16", 31 0, L_0x5716ed5c2a70;  1 drivers
v0x5716ed405d40_0 .net *"_ivl_2", 31 0, L_0x5716ed5c2770;  1 drivers
v0x5716ed443700_0 .net *"_ivl_20", 31 0, L_0x5716ed5c2dc0;  1 drivers
L_0x9895b06d3c0 .functor BUFT 1, C4<00000000000000000000000000000>, C4<0>, C4<0>, C4<0>;
v0x5716ed43a300_0 .net *"_ivl_23", 28 0, L_0x9895b06d3c0;  1 drivers
L_0x9895b06d408 .functor BUFT 1, C4<00000000000000000000000000000001>, C4<0>, C4<0>, C4<0>;
v0x5716ed4363c0_0 .net/2u *"_ivl_24", 31 0, L_0x9895b06d408;  1 drivers
v0x5716ed402890_0 .net *"_ivl_26", 31 0, L_0x5716ed5c2ef0;  1 drivers
v0x5716ed401fa0_0 .net/2u *"_ivl_28", 31 0, L_0x9895b06d450;  1 drivers
v0x5716ed4300a0_0 .net *"_ivl_30", 31 0, L_0x5716ed5c2f90;  1 drivers
v0x5716ed42cea0_0 .net *"_ivl_32", 31 0, L_0x5716ed5c3140;  1 drivers
L_0x9895b06d498 .functor BUFT 1, C4<00000000000000000000000000000>, C4<0>, C4<0>, C4<0>;
v0x5716ed4d4e00_0 .net *"_ivl_35", 28 0, L_0x9895b06d498;  1 drivers
v0x5716ed4b9250_0 .net *"_ivl_38", 31 0, L_0x5716ed5c33c0;  1 drivers
L_0x9895b06d4e0 .functor BUFT 1, C4<00000000000000000000000000000>, C4<0>, C4<0>, C4<0>;
v0x5716ed4a04c0_0 .net *"_ivl_41", 28 0, L_0x9895b06d4e0;  1 drivers
L_0x9895b06d528 .functor BUFT 1, C4<00000000000000000000000000000010>, C4<0>, C4<0>, C4<0>;
v0x5716ed49b160_0 .net/2u *"_ivl_42", 31 0, L_0x9895b06d528;  1 drivers
v0x5716ed48d180_0 .net *"_ivl_44", 31 0, L_0x5716ed5c34c0;  1 drivers
v0x5716ed47c580_0 .net/2u *"_ivl_46", 31 0, L_0x9895b06d570;  1 drivers
v0x5716ed47bc00_0 .net *"_ivl_48", 31 0, L_0x5716ed5c3560;  1 drivers
L_0x9895b06d2a0 .functor BUFT 1, C4<00000000000000000000000000000>, C4<0>, C4<0>, C4<0>;
v0x5716ed476940_0 .net *"_ivl_5", 28 0, L_0x9895b06d2a0;  1 drivers
v0x5716ed475fc0_0 .net *"_ivl_50", 31 0, L_0x5716ed5c36c0;  1 drivers
L_0x9895b06d5b8 .functor BUFT 1, C4<00000000000000000000000000000>, C4<0>, C4<0>, C4<0>;
v0x5716ed495210_0 .net *"_ivl_53", 28 0, L_0x9895b06d5b8;  1 drivers
v0x5716ed494a90_0 .net *"_ivl_6", 31 0, L_0x5716ed5c2890;  1 drivers
v0x5716ed4871d0_0 .net *"_ivl_64", 40 0, L_0x5716ed5c3d80;  1 drivers
v0x5716ed486a50_0 .net *"_ivl_66", 4 0, L_0x5716ed5c3ea0;  1 drivers
L_0x9895b06d600 .functor BUFT 1, C4<00>, C4<0>, C4<0>, C4<0>;
v0x5716ed415cc0_0 .net *"_ivl_69", 1 0, L_0x9895b06d600;  1 drivers
L_0x9895b06d2e8 .functor BUFT 1, C4<00000000000000000000000000000>, C4<0>, C4<0>, C4<0>;
v0x5716ed415540_0 .net *"_ivl_9", 28 0, L_0x9895b06d2e8;  1 drivers
v0x5716ed42a1e0_0 .net "_memory_request_wreq_fifo_almost_empty", 0 0, L_0x5716ed5c3c70;  alias, 1 drivers
v0x5716ed42a2a0_0 .net "_memory_request_wreq_fifo_almost_full", 0 0, L_0x5716ed5c3a50;  alias, 1 drivers
v0x5716ed429a60_0 .net "_memory_request_wreq_fifo_deq", 0 0, L_0x5716ed5cb220;  alias, 1 drivers
v0x5716ed429b20_0 .net "_memory_request_wreq_fifo_empty", 0 0, L_0x5716ed5c3b60;  alias, 1 drivers
v0x5716ed28adb0_0 .net "_memory_request_wreq_fifo_enq", 0 0, L_0x5716ed5ca2a0;  alias, 1 drivers
v0x5716ed28ae70_0 .net "_memory_request_wreq_fifo_full", 0 0, L_0x5716ed5c3910;  alias, 1 drivers
v0x5716ed28af30_0 .net "_memory_request_wreq_fifo_rdata", 40 0, L_0x5716ed5c4080;  alias, 1 drivers
v0x5716ed41ffb0_0 .net "_memory_request_wreq_fifo_wdata", 40 0, L_0x5716ed5c8dc0;  alias, 1 drivers
v0x5716ed472900_0 .var "head", 2 0;
v0x5716ed4729e0_0 .net "is_almost_empty", 0 0, L_0x5716ed5c2c80;  1 drivers
v0x5716ed4f98e0_0 .net "is_almost_full", 0 0, L_0x5716ed5c37d0;  1 drivers
v0x5716ed4f99a0_0 .net "is_empty", 0 0, L_0x5716ed5c0db0;  1 drivers
v0x5716ed4ea6b0_0 .net "is_full", 0 0, L_0x5716ed5c3280;  1 drivers
v0x5716ed4ea770 .array "mem", 7 0, 40 0;
v0x5716ed4e4a40_0 .net "rdata", 40 0, L_0x5716ed5c3760;  1 drivers
v0x5716ed4e4b20_0 .var "tail", 2 0;
L_0x5716ed5c0db0 .cmp/eq 3, v0x5716ed472900_0, v0x5716ed4e4b20_0;
L_0x5716ed5c2770 .concat [ 3 29 0 0], v0x5716ed472900_0, L_0x9895b06d2a0;
L_0x5716ed5c2890 .concat [ 3 29 0 0], v0x5716ed4e4b20_0, L_0x9895b06d2e8;
L_0x5716ed5c29d0 .arith/sum 32, L_0x5716ed5c2890, L_0x9895b06d330;
L_0x5716ed5c2c80 .cmp/eq 32, L_0x5716ed5c2770, L_0x5716ed5c2a70;
L_0x5716ed5c2dc0 .concat [ 3 29 0 0], v0x5716ed472900_0, L_0x9895b06d3c0;
L_0x5716ed5c2ef0 .arith/sum 32, L_0x5716ed5c2dc0, L_0x9895b06d408;
L_0x5716ed5c3140 .concat [ 3 29 0 0], v0x5716ed4e4b20_0, L_0x9895b06d498;
L_0x5716ed5c3280 .cmp/eq 32, L_0x5716ed5c2f90, L_0x5716ed5c3140;
L_0x5716ed5c33c0 .concat [ 3 29 0 0], v0x5716ed472900_0, L_0x9895b06d4e0;
L_0x5716ed5c34c0 .arith/sum 32, L_0x5716ed5c33c0, L_0x9895b06d528;
L_0x5716ed5c36c0 .concat [ 3 29 0 0], v0x5716ed4e4b20_0, L_0x9895b06d5b8;
L_0x5716ed5c37d0 .cmp/eq 32, L_0x5716ed5c3560, L_0x5716ed5c36c0;
L_0x5716ed5c3d80 .array/port v0x5716ed4ea770, L_0x5716ed5c3ea0;
L_0x5716ed5c3ea0 .concat [ 3 2 0 0], v0x5716ed4e4b20_0, L_0x9895b06d600;
S_0x5716ed40b0f0 .scope module, "uut" "memreq" 2 543, 2 1459 0, S_0x5716ed4c3ed0;
 .timescale 0 0;
    .port_info 0 /INPUT 1 "CLK";
    .port_info 1 /INPUT 1 "RST";
    .port_info 2 /INPUT 32 "axi_s_ctrl_memreq_awaddr";
    .port_info 3 /INPUT 4 "axi_s_ctrl_memreq_awcache";
    .port_info 4 /INPUT 3 "axi_s_ctrl_memreq_awprot";
    .port_info 5 /INPUT 1 "axi_s_ctrl_memreq_awvalid";
    .port_info 6 /OUTPUT 1 "axi_s_ctrl_memreq_awready";
    .port_info 7 /INPUT 64 "axi_s_ctrl_memreq_wdata";
    .port_info 8 /INPUT 8 "axi_s_ctrl_memreq_wstrb";
    .port_info 9 /INPUT 1 "axi_s_ctrl_memreq_wvalid";
    .port_info 10 /OUTPUT 1 "axi_s_ctrl_memreq_wready";
    .port_info 11 /OUTPUT 2 "axi_s_ctrl_memreq_bresp";
    .port_info 12 /OUTPUT 1 "axi_s_ctrl_memreq_bvalid";
    .port_info 13 /INPUT 1 "axi_s_ctrl_memreq_bready";
    .port_info 14 /INPUT 32 "axi_s_ctrl_memreq_araddr";
    .port_info 15 /INPUT 4 "axi_s_ctrl_memreq_arcache";
    .port_info 16 /INPUT 3 "axi_s_ctrl_memreq_arprot";
    .port_info 17 /INPUT 1 "axi_s_ctrl_memreq_arvalid";
    .port_info 18 /OUTPUT 1 "axi_s_ctrl_memreq_arready";
    .port_info 19 /OUTPUT 64 "axi_s_ctrl_memreq_rdata";
    .port_info 20 /OUTPUT 2 "axi_s_ctrl_memreq_rresp";
    .port_info 21 /OUTPUT 1 "axi_s_ctrl_memreq_rvalid";
    .port_info 22 /INPUT 1 "axi_s_ctrl_memreq_rready";
    .port_info 23 /OUTPUT 32 "axi_m_llc_awaddr";
    .port_info 24 /OUTPUT 8 "axi_m_llc_awlen";
    .port_info 25 /OUTPUT 3 "axi_m_llc_awsize";
    .port_info 26 /OUTPUT 2 "axi_m_llc_awburst";
    .port_info 27 /OUTPUT 1 "axi_m_llc_awlock";
    .port_info 28 /OUTPUT 4 "axi_m_llc_awcache";
    .port_info 29 /OUTPUT 3 "axi_m_llc_awprot";
    .port_info 30 /OUTPUT 4 "axi_m_llc_awqos";
    .port_info 31 /OUTPUT 2 "axi_m_llc_awuser";
    .port_info 32 /OUTPUT 1 "axi_m_llc_awvalid";
    .port_info 33 /INPUT 1 "axi_m_llc_awready";
    .port_info 34 /OUTPUT 128 "axi_m_llc_wdata";
    .port_info 35 /OUTPUT 16 "axi_m_llc_wstrb";
    .port_info 36 /OUTPUT 1 "axi_m_llc_wlast";
    .port_info 37 /OUTPUT 1 "axi_m_llc_wvalid";
    .port_info 38 /INPUT 1 "axi_m_llc_wready";
    .port_info 39 /INPUT 2 "axi_m_llc_bresp";
    .port_info 40 /INPUT 1 "axi_m_llc_bvalid";
    .port_info 41 /OUTPUT 1 "axi_m_llc_bready";
    .port_info 42 /OUTPUT 32 "axi_m_llc_araddr";
    .port_info 43 /OUTPUT 8 "axi_m_llc_arlen";
    .port_info 44 /OUTPUT 3 "axi_m_llc_arsize";
    .port_info 45 /OUTPUT 2 "axi_m_llc_arburst";
    .port_info 46 /OUTPUT 1 "axi_m_llc_arlock";
    .port_info 47 /OUTPUT 4 "axi_m_llc_arcache";
    .port_info 48 /OUTPUT 3 "axi_m_llc_arprot";
    .port_info 49 /OUTPUT 4 "axi_m_llc_arqos";
    .port_info 50 /OUTPUT 2 "axi_m_llc_aruser";
    .port_info 51 /OUTPUT 1 "axi_m_llc_arvalid";
    .port_info 52 /INPUT 1 "axi_m_llc_arready";
    .port_info 53 /INPUT 128 "axi_m_llc_rdata";
    .port_info 54 /INPUT 2 "axi_m_llc_rresp";
    .port_info 55 /INPUT 1 "axi_m_llc_rlast";
    .port_info 56 /INPUT 1 "axi_m_llc_rvalid";
    .port_info 57 /OUTPUT 1 "axi_m_llc_rready";
P_0x5716ed581880 .param/l "_axi_m_llc_read_data_fsm_1" 1 2 3003, +C4<00000000000000000000000000000001>;
P_0x5716ed5818c0 .param/l "_axi_m_llc_read_data_fsm_2" 1 2 3004, +C4<00000000000000000000000000000010>;
P_0x5716ed581900 .param/l "_axi_m_llc_read_data_fsm_init" 1 2 1999, +C4<00000000000000000000000000000000>;
P_0x5716ed581940 .param/l "_axi_m_llc_read_req_fsm_1" 1 2 2975, +C4<00000000000000000000000000000001>;
P_0x5716ed581980 .param/l "_axi_m_llc_read_req_fsm_init" 1 2 1952, +C4<00000000000000000000000000000000>;
P_0x5716ed5819c0 .param/l "_axi_m_llc_write_data_fsm_1" 1 2 2900, +C4<00000000000000000000000000000001>;
P_0x5716ed581a00 .param/l "_axi_m_llc_write_data_fsm_2" 1 2 2901, +C4<00000000000000000000000000000010>;
P_0x5716ed581a40 .param/l "_axi_m_llc_write_data_fsm_init" 1 2 1921, +C4<00000000000000000000000000000000>;
P_0x5716ed581a80 .param/l "_axi_m_llc_write_req_fsm_1" 1 2 2872, +C4<00000000000000000000000000000001>;
P_0x5716ed581ac0 .param/l "_axi_m_llc_write_req_fsm_init" 1 2 1856, +C4<00000000000000000000000000000000>;
P_0x5716ed581b00 .param/l "_axi_s_ctrl_memreq_mask" 1 2 1545, C4<111>;
P_0x5716ed581b40 .param/l "_axi_s_ctrl_memreq_maskwidth" 1 2 1544, +C4<00000000000000000000000000000011>;
P_0x5716ed581b80 .param/l "_axi_s_ctrl_memreq_register_fsm_1" 1 2 2146, +C4<00000000000000000000000000000001>;
P_0x5716ed581bc0 .param/l "_axi_s_ctrl_memreq_register_fsm_2" 1 2 2147, +C4<00000000000000000000000000000010>;
P_0x5716ed581c00 .param/l "_axi_s_ctrl_memreq_register_fsm_3" 1 2 2148, +C4<00000000000000000000000000000011>;
P_0x5716ed581c40 .param/l "_axi_s_ctrl_memreq_register_fsm_4" 1 2 2149, +C4<00000000000000000000000000000100>;
P_0x5716ed581c80 .param/l "_axi_s_ctrl_memreq_register_fsm_init" 1 2 1548, +C4<00000000000000000000000000000000>;
P_0x5716ed581cc0 .param/l "_axi_s_ctrl_memreq_shift" 1 2 1546, +C4<00000000000000000000000000000011>;
P_0x5716ed581d00 .param/l "_tmp_108" 1 2 1969, +C4<00000000000000000000000000000001>;
P_0x5716ed581d40 .param/l "_tmp_126" 1 2 2014, +C4<00000000000000000000000000000001>;
P_0x5716ed581d80 .param/l "_tmp_129" 1 2 2027, +C4<00000000000000000000000000000001>;
P_0x5716ed581dc0 .param/l "_tmp_68" 1 2 1871, +C4<00000000000000000000000000000001>;
P_0x5716ed581e00 .param/l "_tmp_88" 1 2 1915, +C4<00000000000000000000000000000001>;
P_0x5716ed581e40 .param/l "_tmp_95" 1 2 1929, +C4<00000000000000000000000000000001>;
P_0x5716ed581e80 .param/l "memreq_thread_1" 1 2 2530, +C4<00000000000000000000000000000001>;
P_0x5716ed581ec0 .param/l "memreq_thread_10" 1 2 2539, +C4<00000000000000000000000000001010>;
P_0x5716ed581f00 .param/l "memreq_thread_11" 1 2 2540, +C4<00000000000000000000000000001011>;
P_0x5716ed581f40 .param/l "memreq_thread_12" 1 2 2541, +C4<00000000000000000000000000001100>;
P_0x5716ed581f80 .param/l "memreq_thread_13" 1 2 2542, +C4<00000000000000000000000000001101>;
P_0x5716ed581fc0 .param/l "memreq_thread_14" 1 2 2543, +C4<00000000000000000000000000001110>;
P_0x5716ed582000 .param/l "memreq_thread_15" 1 2 2544, +C4<00000000000000000000000000001111>;
P_0x5716ed582040 .param/l "memreq_thread_16" 1 2 2545, +C4<00000000000000000000000000010000>;
P_0x5716ed582080 .param/l "memreq_thread_17" 1 2 2546, +C4<00000000000000000000000000010001>;
P_0x5716ed5820c0 .param/l "memreq_thread_18" 1 2 2547, +C4<00000000000000000000000000010010>;
P_0x5716ed582100 .param/l "memreq_thread_19" 1 2 2548, +C4<00000000000000000000000000010011>;
P_0x5716ed582140 .param/l "memreq_thread_2" 1 2 2531, +C4<00000000000000000000000000000010>;
P_0x5716ed582180 .param/l "memreq_thread_20" 1 2 2549, +C4<00000000000000000000000000010100>;
P_0x5716ed5821c0 .param/l "memreq_thread_21" 1 2 2550, +C4<00000000000000000000000000010101>;
P_0x5716ed582200 .param/l "memreq_thread_22" 1 2 2551, +C4<00000000000000000000000000010110>;
P_0x5716ed582240 .param/l "memreq_thread_23" 1 2 2552, +C4<00000000000000000000000000010111>;
P_0x5716ed582280 .param/l "memreq_thread_24" 1 2 2553, +C4<00000000000000000000000000011000>;
P_0x5716ed5822c0 .param/l "memreq_thread_25" 1 2 2554, +C4<00000000000000000000000000011001>;
P_0x5716ed582300 .param/l "memreq_thread_26" 1 2 2555, +C4<00000000000000000000000000011010>;
P_0x5716ed582340 .param/l "memreq_thread_27" 1 2 2556, +C4<00000000000000000000000000011011>;
P_0x5716ed582380 .param/l "memreq_thread_28" 1 2 2557, +C4<00000000000000000000000000011100>;
P_0x5716ed5823c0 .param/l "memreq_thread_29" 1 2 2558, +C4<00000000000000000000000000011101>;
P_0x5716ed582400 .param/l "memreq_thread_3" 1 2 2532, +C4<00000000000000000000000000000011>;
P_0x5716ed582440 .param/l "memreq_thread_30" 1 2 2559, +C4<00000000000000000000000000011110>;
P_0x5716ed582480 .param/l "memreq_thread_31" 1 2 2560, +C4<00000000000000000000000000011111>;
P_0x5716ed5824c0 .param/l "memreq_thread_32" 1 2 2561, +C4<00000000000000000000000000100000>;
P_0x5716ed582500 .param/l "memreq_thread_33" 1 2 2562, +C4<00000000000000000000000000100001>;
P_0x5716ed582540 .param/l "memreq_thread_34" 1 2 2563, +C4<00000000000000000000000000100010>;
P_0x5716ed582580 .param/l "memreq_thread_35" 1 2 2564, +C4<00000000000000000000000000100011>;
P_0x5716ed5825c0 .param/l "memreq_thread_36" 1 2 2565, +C4<00000000000000000000000000100100>;
P_0x5716ed582600 .param/l "memreq_thread_37" 1 2 2566, +C4<00000000000000000000000000100101>;
P_0x5716ed582640 .param/l "memreq_thread_38" 1 2 2567, +C4<00000000000000000000000000100110>;
P_0x5716ed582680 .param/l "memreq_thread_39" 1 2 2568, +C4<00000000000000000000000000100111>;
P_0x5716ed5826c0 .param/l "memreq_thread_4" 1 2 2533, +C4<00000000000000000000000000000100>;
P_0x5716ed582700 .param/l "memreq_thread_40" 1 2 2569, +C4<00000000000000000000000000101000>;
P_0x5716ed582740 .param/l "memreq_thread_41" 1 2 2570, +C4<00000000000000000000000000101001>;
P_0x5716ed582780 .param/l "memreq_thread_42" 1 2 2571, +C4<00000000000000000000000000101010>;
P_0x5716ed5827c0 .param/l "memreq_thread_43" 1 2 2572, +C4<00000000000000000000000000101011>;
P_0x5716ed582800 .param/l "memreq_thread_44" 1 2 2573, +C4<00000000000000000000000000101100>;
P_0x5716ed582840 .param/l "memreq_thread_45" 1 2 2574, +C4<00000000000000000000000000101101>;
P_0x5716ed582880 .param/l "memreq_thread_46" 1 2 2575, +C4<00000000000000000000000000101110>;
P_0x5716ed5828c0 .param/l "memreq_thread_47" 1 2 2576, +C4<00000000000000000000000000101111>;
P_0x5716ed582900 .param/l "memreq_thread_48" 1 2 2577, +C4<00000000000000000000000000110000>;
P_0x5716ed582940 .param/l "memreq_thread_49" 1 2 2578, +C4<00000000000000000000000000110001>;
P_0x5716ed582980 .param/l "memreq_thread_5" 1 2 2534, +C4<00000000000000000000000000000101>;
P_0x5716ed5829c0 .param/l "memreq_thread_50" 1 2 2579, +C4<00000000000000000000000000110010>;
P_0x5716ed582a00 .param/l "memreq_thread_51" 1 2 2580, +C4<00000000000000000000000000110011>;
P_0x5716ed582a40 .param/l "memreq_thread_52" 1 2 2581, +C4<00000000000000000000000000110100>;
P_0x5716ed582a80 .param/l "memreq_thread_53" 1 2 2582, +C4<00000000000000000000000000110101>;
P_0x5716ed582ac0 .param/l "memreq_thread_54" 1 2 2583, +C4<00000000000000000000000000110110>;
P_0x5716ed582b00 .param/l "memreq_thread_55" 1 2 2584, +C4<00000000000000000000000000110111>;
P_0x5716ed582b40 .param/l "memreq_thread_56" 1 2 2585, +C4<00000000000000000000000000111000>;
P_0x5716ed582b80 .param/l "memreq_thread_6" 1 2 2535, +C4<00000000000000000000000000000110>;
P_0x5716ed582bc0 .param/l "memreq_thread_7" 1 2 2536, +C4<00000000000000000000000000000111>;
P_0x5716ed582c00 .param/l "memreq_thread_8" 1 2 2537, +C4<00000000000000000000000000001000>;
P_0x5716ed582c40 .param/l "memreq_thread_9" 1 2 2538, +C4<00000000000000000000000000001001>;
P_0x5716ed582c80 .param/l "memreq_thread_init" 1 2 1849, +C4<00000000000000000000000000000000>;
P_0x5716ed582cc0 .param/l "read_burst_fsm_0_1" 1 2 2925, +C4<00000000000000000000000000000001>;
P_0x5716ed582d00 .param/l "read_burst_fsm_0_init" 1 2 1923, +C4<00000000000000000000000000000000>;
P_0x5716ed582d40 .param/l "write_burst_fsm_1_1" 1 2 3028, +C4<00000000000000000000000000000001>;
P_0x5716ed582d80 .param/l "write_burst_fsm_1_init" 1 2 2002, +C4<00000000000000000000000000000000>;
L_0x5716ed5d4b90 .functor AND 1, L_0x5716ed5d4a50, L_0x5716ed5d4af0, C4<1>, C4<1>;
L_0x5716ed5d4d40 .functor AND 1, L_0x5716ed5d4b90, L_0x5716ed5d4ca0, C4<1>, C4<1>;
L_0x5716ed5d4e50 .functor AND 1, L_0x5716ed5d4d40, v0x5716ed59ba80_0, C4<1>, C4<1>;
L_0x5716ed5d4f10 .functor AND 1, L_0x5716ed5d4960, L_0x5716ed5d4e50, C4<1>, C4<1>;
L_0x5716ed5d5340 .functor AND 1, L_0x5716ed5d5160, L_0x5716ed5d5250, C4<1>, C4<1>;
L_0x5716ed5d5450 .functor AND 1, L_0x5716ed5d5340, v0x5716ed59b9c0_0, C4<1>, C4<1>;
L_0x5716ed5d5650 .functor AND 1, L_0x5716ed5d5450, L_0x5716ed5d5510, C4<1>, C4<1>;
L_0x5716ed5d5760 .functor AND 1, L_0x5716ed5d5020, L_0x5716ed5d5650, C4<1>, C4<1>;
L_0x5716ed5de960 .functor BUFZ 1, v0x5716ed4750e0_0, C4<0>, C4<0>, C4<0>;
L_0x5716ed5dea40 .functor BUFZ 1, v0x5716ed5a9970_0, C4<0>, C4<0>, C4<0>;
L_0x5716ed5def80 .functor OR 1, v0x5716ed594ea0_0, L_0x5716ed5de960, C4<0>, C4<0>;
L_0x5716ed5de9d0 .functor BUFZ 1, L_0x5716ed5deb00, C4<0>, C4<0>, C4<0>;
L_0x5716ed5df8b0 .functor BUFZ 128, L_0x5716ed5df500, C4<00000000000000000000000000000000000000000000000000000000000000000000000000000000000000000000000000000000000000000000000000000000>, C4<00000000000000000000000000000000000000000000000000000000000000000000000000000000000000000000000000000000000000000000000000000000>, C4<00000000000000000000000000000000000000000000000000000000000000000000000000000000000000000000000000000000000000000000000000000000>;
L_0x5716ed5dfa00 .functor BUFZ 16, L_0x5716ed5df410, C4<0000000000000000>, C4<0000000000000000>, C4<0000000000000000>;
L_0x5716ed5dfac0 .functor BUFZ 1, L_0x5716ed5df0c0, C4<0>, C4<0>, C4<0>;
L_0x5716ed5dfc90 .functor BUFZ 1, v0x5716ed5a9490_0, C4<0>, C4<0>, C4<0>;
L_0x5716ed5dfe00 .functor BUFZ 128, v0x5716ed5a93c0_0, C4<00000000000000000000000000000000000000000000000000000000000000000000000000000000000000000000000000000000000000000000000000000000>, C4<00000000000000000000000000000000000000000000000000000000000000000000000000000000000000000000000000000000000000000000000000000000>, C4<00000000000000000000000000000000000000000000000000000000000000000000000000000000000000000000000000000000000000000000000000000000>;
L_0x5716ed5dff60 .functor BUFZ 1, v0x5716ed5a9700_0, C4<0>, C4<0>, C4<0>;
L_0x5716ed5e00e0 .functor BUFZ 1, L_0x5716ed5dc800, C4<0>, C4<0>, C4<0>;
L_0x5716ed5e0600 .functor OR 1, v0x5716ed5941a0_0, L_0x5716ed5dff60, C4<0>, C4<0>;
L_0x5716ed5e0c00 .functor BUFZ 128, L_0x5716ed5e0b10, C4<00000000000000000000000000000000000000000000000000000000000000000000000000000000000000000000000000000000000000000000000000000000>, C4<00000000000000000000000000000000000000000000000000000000000000000000000000000000000000000000000000000000000000000000000000000000>, C4<00000000000000000000000000000000000000000000000000000000000000000000000000000000000000000000000000000000000000000000000000000000>;
L_0x5716ed5e0cc0 .functor BUFZ 1, L_0x5716ed5e0790, C4<0>, C4<0>, C4<0>;
L_0x5716ed5e0ed0 .functor BUFZ 1, L_0x5716ed5e0150, C4<0>, C4<0>, C4<0>;
L_0x5716ed5e15a0 .functor OR 1, L_0x5716ed5e1460, v0x5716ed596a00_0, C4<0>, C4<0>;
L_0x5716ed5e3be0 .functor BUFZ 8, L_0x5716ed5e2f90, C4<00000000>, C4<00000000>, C4<00000000>;
L_0x5716ed5e3d50 .functor BUFZ 32, L_0x5716ed5e3330, C4<00000000000000000000000000000000>, C4<00000000000000000000000000000000>, C4<00000000000000000000000000000000>;
L_0x5716ed5e3e10 .functor BUFZ 32, L_0x5716ed5e33d0, C4<00000000000000000000000000000000>, C4<00000000000000000000000000000000>, C4<00000000000000000000000000000000>;
L_0x5716ed5e3fe0 .functor BUFZ 33, L_0x5716ed5e3780, C4<000000000000000000000000000000000>, C4<000000000000000000000000000000000>, C4<000000000000000000000000000000000>;
L_0x5716ed5e40a0 .functor BUFZ 32, L_0x5716ed5e3820, C4<00000000000000000000000000000000>, C4<00000000000000000000000000000000>, C4<00000000000000000000000000000000>;
L_0x5716ed5e46f0 .functor AND 1, L_0x5716ed5e4280, L_0x5716ed5e4320, C4<1>, C4<1>;
L_0x5716ed5e48a0 .functor AND 1, L_0x5716ed5e29e0, L_0x5716ed5e4800, C4<1>, C4<1>;
L_0x5716ed5e4160 .functor AND 1, L_0x5716ed5e46f0, L_0x5716ed5e48a0, C4<1>, C4<1>;
L_0x5716ed5e7330 .functor BUFZ 8, L_0x5716ed5e6590, C4<00000000>, C4<00000000>, C4<00000000>;
L_0x5716ed5e74e0 .functor BUFZ 32, L_0x5716ed5e6970, C4<00000000000000000000000000000000>, C4<00000000000000000000000000000000>, C4<00000000000000000000000000000000>;
L_0x5716ed5e75a0 .functor BUFZ 32, L_0x5716ed5e6aa0, C4<00000000000000000000000000000000>, C4<00000000000000000000000000000000>, C4<00000000000000000000000000000000>;
L_0x5716ed5e77b0 .functor BUFZ 33, L_0x5716ed5e6e90, C4<000000000000000000000000000000000>, C4<000000000000000000000000000000000>, C4<000000000000000000000000000000000>;
L_0x5716ed5e7870 .functor BUFZ 32, L_0x5716ed5e6f30, C4<00000000000000000000000000000000>, C4<00000000000000000000000000000000>, C4<00000000000000000000000000000000>;
L_0x5716ed5e7f40 .functor AND 1, L_0x5716ed5e7a90, L_0x5716ed5e7b30, C4<1>, C4<1>;
L_0x5716ed5e80f0 .functor AND 1, L_0x5716ed5e5f60, L_0x5716ed5e8050, C4<1>, C4<1>;
L_0x5716ed5e8320 .functor AND 1, L_0x5716ed5e7f40, L_0x5716ed5e80f0, C4<1>, C4<1>;
L_0x5716ed5e9560 .functor BUFZ 8, v0x5716ed478880_0, C4<00000000>, C4<00000000>, C4<00000000>;
L_0x5716ed5e9750 .functor BUFZ 32, v0x5716ed47d3f0_0, C4<00000000000000000000000000000000>, C4<00000000000000000000000000000000>, C4<00000000000000000000000000000000>;
L_0x5716ed5e97c0 .functor BUFZ 32, v0x5716ed47ace0_0, C4<00000000000000000000000000000000>, C4<00000000000000000000000000000000>, C4<00000000000000000000000000000000>;
L_0x5716ed5e9af0 .functor BUFZ 32, v0x5716ed47b8a0_0, C4<00000000000000000000000000000000>, C4<00000000000000000000000000000000>, C4<00000000000000000000000000000000>;
L_0x5716ed5ed8f0 .functor BUFZ 8, v0x5716ed478880_0, C4<00000000>, C4<00000000>, C4<00000000>;
L_0x5716ed5ed9b0 .functor BUFZ 32, v0x5716ed47d3f0_0, C4<00000000000000000000000000000000>, C4<00000000000000000000000000000000>, C4<00000000000000000000000000000000>;
L_0x5716ed5e9b90 .functor BUFZ 32, v0x5716ed47ace0_0, C4<00000000000000000000000000000000>, C4<00000000000000000000000000000000>, C4<00000000000000000000000000000000>;
L_0x5716ed5e9cc0 .functor BUFZ 32, v0x5716ed47b8a0_0, C4<00000000000000000000000000000000>, C4<00000000000000000000000000000000>, C4<00000000000000000000000000000000>;
L_0x5716ed5ed5b0 .functor AND 1, L_0x5716ed5edeb0, L_0x5716ed5ed480, C4<1>, C4<1>;
L_0x5716ed5edfa0 .functor OR 1, v0x5716ed5a8e10_0, L_0x5716ed5ed840, C4<0>, C4<0>;
L_0x5716ed5ee060 .functor AND 1, L_0x5716ed5ed5b0, L_0x5716ed5edfa0, C4<1>, C4<1>;
L_0x5716ed5ee4b0 .functor AND 1, L_0x5716ed5ee060, L_0x5716ed5ee9e0, C4<1>, C4<1>;
L_0x5716ed5ee700 .functor AND 1, L_0x5716ed5ee5c0, v0x5716ed475950_0, C4<1>, C4<1>;
L_0x5716ed5ee8b0 .functor AND 1, L_0x5716ed5ee700, L_0x5716ed5ee810, C4<1>, C4<1>;
L_0x5716ed5ef1b0 .functor AND 1, L_0x5716ed5ef670, L_0x5716ed5ef710, C4<1>, C4<1>;
L_0x5716ed5ef510 .functor OR 1, v0x5716ed5a8e10_0, L_0x5716ed5ef470, C4<0>, C4<0>;
L_0x5716ed5ef5d0 .functor AND 1, L_0x5716ed5ef1b0, L_0x5716ed5ef510, C4<1>, C4<1>;
L_0x5716ed5ef940 .functor AND 1, L_0x5716ed5ef5d0, L_0x5716ed5ef800, C4<1>, C4<1>;
L_0x5716ed5f04c0 .functor AND 1, L_0x5716ed5efa50, L_0x5716ed5efb80, C4<1>, C4<1>;
L_0x5716ed5effd0 .functor OR 1, v0x5716ed5a8e10_0, L_0x5716ed5f07a0, C4<0>, C4<0>;
L_0x5716ed5f00d0 .functor AND 1, L_0x5716ed5f04c0, L_0x5716ed5effd0, C4<1>, C4<1>;
L_0x5716ed5f0840 .functor AND 1, L_0x5716ed5f00d0, L_0x5716ed5f0dd0, C4<1>, C4<1>;
L_0x5716ed5f09f0 .functor AND 1, L_0x5716ed5f0840, L_0x5716ed5f0950, C4<1>, C4<1>;
L_0x5716ed5f0f10 .functor AND 1, L_0x5716ed5f1420, v0x5716ed475950_0, C4<1>, C4<1>;
L_0x5716ed5f1070 .functor AND 1, L_0x5716ed5f0f10, L_0x5716ed5f0fd0, C4<1>, C4<1>;
L_0x5716ed5f1510 .functor AND 1, L_0x5716ed5f1a30, v0x5716ed475950_0, C4<1>, C4<1>;
L_0x5716ed5f1670 .functor AND 1, L_0x5716ed5f1510, L_0x5716ed5f15d0, C4<1>, C4<1>;
L_0x5716ed5f2010 .functor AND 1, L_0x5716ed5f1670, L_0x5716ed5f1990, C4<1>, C4<1>;
L_0x5716ed5f1f30 .functor OR 1, L_0x5716ed5de9d0, L_0x5716ed5f1e40, C4<0>, C4<0>;
L_0x5716ed5f2c70 .functor AND 1, L_0x5716ed5f1f30, L_0x5716ed5f2b80, C4<1>, C4<1>;
L_0x5716ed5f2d80 .functor OR 1, L_0x5716ed5f1da0, L_0x5716ed5f2c70, C4<0>, C4<0>;
L_0x5716ed5f3110 .functor AND 1, L_0x5716ed5f1cb0, L_0x5716ed5f2d80, C4<1>, C4<1>;
L_0x5716ed5f3220 .functor BUFZ 128, v0x5716ed40c770_0, C4<00000000000000000000000000000000000000000000000000000000000000000000000000000000000000000000000000000000000000000000000000000000>, C4<00000000000000000000000000000000000000000000000000000000000000000000000000000000000000000000000000000000000000000000000000000000>, C4<00000000000000000000000000000000000000000000000000000000000000000000000000000000000000000000000000000000000000000000000000000000>;
L_0x5716ed5f2570 .functor AND 1, L_0x5716ed5f2350, L_0x5716ed5f2480, C4<1>, C4<1>;
L_0x5716ed5f2680 .functor AND 1, L_0x5716ed5f3520, L_0x5716ed5f2570, C4<1>, C4<1>;
L_0x5716ed5f2830 .functor AND 1, L_0x5716ed5f2680, L_0x5716ed5f2790, C4<1>, C4<1>;
L_0x5716ed5f37a0 .functor AND 1, L_0x5716ed5f3610, L_0x5716ed5f3700, C4<1>, C4<1>;
L_0x5716ed5f4020 .functor AND 1, L_0x5716ed5f37a0, L_0x5716ed5f4710, C4<1>, C4<1>;
L_0x5716ed5f4130 .functor AND 1, L_0x5716ed5f3ee0, L_0x5716ed5f4020, C4<1>, C4<1>;
L_0x5716ed5f42e0 .functor AND 1, L_0x5716ed5f4130, L_0x5716ed5f4240, C4<1>, C4<1>;
L_0x5716ed5f6fc0 .functor AND 1, L_0x5716ed5f7c10, v0x5716ed48b3f0_0, C4<1>, C4<1>;
L_0x5716ed5f7170 .functor AND 1, L_0x5716ed5f6fc0, L_0x5716ed5f70d0, C4<1>, C4<1>;
L_0x5716ed5f8610 .functor AND 1, L_0x5716ed5f84d0, v0x5716ed48b3f0_0, C4<1>, C4<1>;
L_0x5716ed5f7d00 .functor AND 1, L_0x5716ed5f8610, L_0x5716ed5f86d0, C4<1>, C4<1>;
L_0x5716ed5f81c0 .functor AND 1, L_0x5716ed5f80d0, v0x5716ed48b3f0_0, C4<1>, C4<1>;
L_0x5716ed5f8f00 .functor AND 1, L_0x5716ed5f81c0, L_0x5716ed5f8310, C4<1>, C4<1>;
L_0x5716ed5f9380 .functor AND 1, L_0x5716ed5f8f00, L_0x5716ed5f92e0, C4<1>, C4<1>;
L_0x5716ed5fabb0 .functor AND 1, L_0x5716ed5fa990, L_0x5716ed5faa80, C4<1>, C4<1>;
L_0x5716ed5fafc0 .functor AND 1, L_0x5716ed5fabb0, L_0x5716ed5fadb0, C4<1>, C4<1>;
L_0x5716ed5fb0d0 .functor AND 1, L_0x5716ed5fa8a0, L_0x5716ed5fafc0, C4<1>, C4<1>;
L_0x5716ed5fb5c0 .functor AND 1, L_0x5716ed5fb0d0, L_0x5716ed5fb520, C4<1>, C4<1>;
L_0x5716ed5fbae0 .functor AND 1, L_0x5716ed5fc520, v0x5716ed594260_0, C4<1>, C4<1>;
L_0x5716ed5fc260 .functor AND 1, L_0x5716ed5fc120, v0x5716ed594260_0, C4<1>, C4<1>;
L_0x5716ed5dcb70 .functor AND 1, L_0x5716ed5dca80, v0x5716ed594260_0, C4<1>, C4<1>;
L_0x5716ed5dcee0 .functor AND 1, L_0x5716ed5dcdb0, v0x5716ed594260_0, C4<1>, C4<1>;
L_0x5716ed5ff3a0 .functor OR 1, L_0x5716ed5de9d0, L_0x5716ed5fed10, C4<0>, C4<0>;
L_0x5716ed5ff260 .functor AND 1, L_0x5716ed5ff3a0, L_0x5716ed5ff170, C4<1>, C4<1>;
L_0x5716ed5ffd50 .functor OR 1, L_0x5716ed5fec20, L_0x5716ed5ff260, C4<0>, C4<0>;
L_0x5716ed600190 .functor AND 1, L_0x5716ed5feae0, L_0x5716ed5ffd50, C4<1>, C4<1>;
L_0x5716ed600740 .functor OR 1, L_0x5716ed5de9d0, L_0x5716ed600610, C4<0>, C4<0>;
L_0x5716ed600d00 .functor AND 1, L_0x5716ed600740, L_0x5716ed600bd0, C4<1>, C4<1>;
L_0x5716ed6018f0 .functor OR 1, L_0x5716ed600570, L_0x5716ed600d00, C4<0>, C4<0>;
L_0x5716ed601da0 .functor AND 1, L_0x5716ed600480, L_0x5716ed6018f0, C4<1>, C4<1>;
v0x5716ed4cf180_0 .net "CLK", 0 0, v0x5716ed59e390_0;  alias, 1 drivers
v0x5716ed4cece0_0 .var "N_57", 63 0;
v0x5716ed4ce900_0 .net "RST", 0 0, v0x5716ed59e450_0;  alias, 1 drivers
v0x5716ed4ce9a0_0 .var "__tmp_109_1", 0 0;
v0x5716ed4ce520_0 .var "__tmp_127_1", 0 0;
v0x5716ed4ce1d0_0 .var "__tmp_130_1", 0 0;
v0x5716ed4ce2b0_0 .var "__tmp_69_1", 0 0;
v0x5716ed4bbd60_0 .var "__tmp_89_1", 0 0;
v0x5716ed4bbe40_0 .var "__tmp_96_1", 0 0;
v0x5716ed4a9d60_0 .net "_axi_m_llc_has_outstanding_write", 0 0, L_0x5716ed5e15a0;  1 drivers
v0x5716ed4a9e20_0 .var "_axi_m_llc_outstanding_wcount", 2 0;
v0x5716ed4a99e0_0 .var "_axi_m_llc_raddr_cond_0_1", 0 0;
v0x5716ed4a9aa0_0 .net "_axi_m_llc_rdata_sb_0", 127 0, L_0x5716ed5e0c00;  1 drivers
v0x5716ed4a9600_0 .var "_axi_m_llc_read_cont", 0 0;
v0x5716ed4a96c0_0 .var "_axi_m_llc_read_cur_global_size", 32 0;
v0x5716ed4a9280_0 .var "_axi_m_llc_read_data_busy", 0 0;
v0x5716ed4a9340_0 .var "_axi_m_llc_read_data_fsm", 31 0;
v0x5716ed4a8f90_0 .net "_axi_m_llc_read_data_idle", 0 0, L_0x5716ed5e48a0;  1 drivers
v0x5716ed4a9050_0 .var "_axi_m_llc_read_global_addr", 31 0;
v0x5716ed49fbc0_0 .var "_axi_m_llc_read_global_size", 32 0;
v0x5716ed49f7c0_0 .net "_axi_m_llc_read_idle", 0 0, L_0x5716ed5e4160;  1 drivers
v0x5716ed49f880_0 .var "_axi_m_llc_read_local_addr", 31 0;
v0x5716ed49f3e0_0 .var "_axi_m_llc_read_local_addr_buf", 31 0;
v0x5716ed49f4c0_0 .net "_axi_m_llc_read_local_addr_fifo", 31 0, L_0x5716ed5e3d50;  1 drivers
v0x5716ed49f000_0 .var "_axi_m_llc_read_local_blocksize", 31 0;
v0x5716ed49f0e0_0 .var "_axi_m_llc_read_local_blocksize_buf", 31 0;
v0x5716ed49ecd0_0 .net "_axi_m_llc_read_local_blocksize_fifo", 31 0, L_0x5716ed5e40a0;  1 drivers
v0x5716ed499ad0_0 .var "_axi_m_llc_read_local_size", 32 0;
v0x5716ed499bb0_0 .var "_axi_m_llc_read_local_size_buf", 32 0;
v0x5716ed499750_0 .net "_axi_m_llc_read_local_size_fifo", 32 0, L_0x5716ed5e3fe0;  1 drivers
v0x5716ed499830_0 .var "_axi_m_llc_read_local_stride", 31 0;
v0x5716ed4993d0_0 .var "_axi_m_llc_read_local_stride_buf", 31 0;
v0x5716ed4994b0_0 .net "_axi_m_llc_read_local_stride_fifo", 31 0, L_0x5716ed5e3e10;  1 drivers
v0x5716ed29acd0_0 .var "_axi_m_llc_read_op_sel", 7 0;
v0x5716ed29adb0_0 .var "_axi_m_llc_read_op_sel_buf", 7 0;
v0x5716ed4990e0_0 .net "_axi_m_llc_read_op_sel_fifo", 7 0, L_0x5716ed5e3be0;  1 drivers
v0x5716ed4991c0_0 .var "_axi_m_llc_read_req_busy", 0 0;
v0x5716ed498df0_0 .net "_axi_m_llc_read_req_fifo_almost_empty", 0 0, L_0x5716ed5e2af0;  1 drivers
v0x5716ed498e90_0 .net "_axi_m_llc_read_req_fifo_almost_full", 0 0, L_0x5716ed5e28d0;  1 drivers
v0x5716ed4986f0_0 .net "_axi_m_llc_read_req_fifo_deq", 0 0, L_0x5716ed5fc3e0;  1 drivers
v0x5716ed4987c0_0 .net "_axi_m_llc_read_req_fifo_empty", 0 0, L_0x5716ed5e29e0;  1 drivers
v0x5716ed4982a0_0 .net "_axi_m_llc_read_req_fifo_enq", 0 0, L_0x5716ed5f9490;  1 drivers
v0x5716ed498370_0 .net "_axi_m_llc_read_req_fifo_full", 0 0, L_0x5716ed5e27c0;  1 drivers
v0x5716ed48baf0_0 .net "_axi_m_llc_read_req_fifo_rdata", 136 0, L_0x5716ed5e2e80;  1 drivers
v0x5716ed48bbc0_0 .net "_axi_m_llc_read_req_fifo_wdata", 136 0, L_0x5716ed5f7580;  1 drivers
v0x5716ed48b7a0_0 .var "_axi_m_llc_read_req_fsm", 31 0;
v0x5716ed48b840_0 .net "_axi_m_llc_read_req_idle", 0 0, L_0x5716ed5e46f0;  1 drivers
v0x5716ed48b3f0_0 .var "_axi_m_llc_read_start", 0 0;
v0x5716ed48b490_0 .net "_axi_m_llc_rlast_sb_0", 0 0, L_0x5716ed5e0cc0;  1 drivers
v0x5716ed48b100_0 .net "_axi_m_llc_rready_sb_0", 0 0, L_0x5716ed5dc800;  1 drivers
v0x5716ed48b1a0_0 .net "_axi_m_llc_rvalid_sb_0", 0 0, v0x5716ed594260_0;  1 drivers
v0x5716ed48ae10_0 .var "_axi_m_llc_waddr_cond_0_1", 0 0;
v0x5716ed48aeb0_0 .var "_axi_m_llc_wdata_cond_0_1", 0 0;
v0x5716ed48a710_0 .var "_axi_m_llc_wdata_sb_0", 127 0;
v0x5716ed48a7b0_0 .var "_axi_m_llc_wlast_sb_0", 0 0;
v0x5716ed48a2c0_0 .net "_axi_m_llc_wready_sb_0", 0 0, L_0x5716ed5de9d0;  1 drivers
v0x5716ed48a380_0 .var "_axi_m_llc_write_cont", 0 0;
v0x5716ed47dcf0_0 .var "_axi_m_llc_write_cur_global_size", 32 0;
v0x5716ed47ddd0_0 .var "_axi_m_llc_write_data_busy", 0 0;
v0x5716ed47d970_0 .var "_axi_m_llc_write_data_fsm", 31 0;
v0x5716ed47da50_0 .net "_axi_m_llc_write_data_idle", 0 0, L_0x5716ed5e80f0;  1 drivers
v0x5716ed47d620_0 .var "_axi_m_llc_write_global_addr", 31 0;
v0x5716ed47d700_0 .var "_axi_m_llc_write_global_size", 32 0;
v0x5716ed47d330_0 .net "_axi_m_llc_write_idle", 0 0, L_0x5716ed5e8320;  1 drivers
v0x5716ed47d3f0_0 .var "_axi_m_llc_write_local_addr", 31 0;
v0x5716ed47cc30_0 .var "_axi_m_llc_write_local_addr_buf", 31 0;
v0x5716ed47cd10_0 .net "_axi_m_llc_write_local_addr_fifo", 31 0, L_0x5716ed5e74e0;  1 drivers
v0x5716ed47b8a0_0 .var "_axi_m_llc_write_local_blocksize", 31 0;
v0x5716ed47b980_0 .var "_axi_m_llc_write_local_blocksize_buf", 31 0;
v0x5716ed47b4f0_0 .net "_axi_m_llc_write_local_blocksize_fifo", 31 0, L_0x5716ed5e7870;  1 drivers
v0x5716ed47b5d0_0 .var "_axi_m_llc_write_local_size", 32 0;
v0x5716ed47ace0_0 .var "_axi_m_llc_write_local_stride", 31 0;
v0x5716ed47adc0_0 .var "_axi_m_llc_write_local_stride_buf", 31 0;
v0x5716ed47a970_0 .net "_axi_m_llc_write_local_stride_fifo", 31 0, L_0x5716ed5e75a0;  1 drivers
v0x5716ed478880_0 .var "_axi_m_llc_write_op_sel", 7 0;
v0x5716ed478960_0 .var "_axi_m_llc_write_op_sel_buf", 7 0;
v0x5716ed4784a0_0 .net "_axi_m_llc_write_op_sel_fifo", 7 0, L_0x5716ed5e7330;  1 drivers
v0x5716ed478580_0 .var "_axi_m_llc_write_req_busy", 0 0;
v0x5716ed478120_0 .net "_axi_m_llc_write_req_fifo_almost_empty", 0 0, L_0x5716ed5e6070;  1 drivers
v0x5716ed4781f0_0 .net "_axi_m_llc_write_req_fifo_almost_full", 0 0, L_0x5716ed5e5e50;  1 drivers
v0x5716ed477e60_0 .net "_axi_m_llc_write_req_fifo_deq", 0 0, L_0x5716ed5f4f60;  1 drivers
v0x5716ed477b40_0 .net "_axi_m_llc_write_req_fifo_empty", 0 0, L_0x5716ed5e5f60;  1 drivers
v0x5716ed477c10_0 .net "_axi_m_llc_write_req_fifo_enq", 0 0, L_0x5716ed5f22b0;  1 drivers
v0x5716ed477440_0 .net "_axi_m_llc_write_req_fifo_full", 0 0, L_0x5716ed5e5d10;  1 drivers
v0x5716ed4774e0_0 .net "_axi_m_llc_write_req_fifo_rdata", 136 0, L_0x5716ed5e6480;  1 drivers
v0x5716ed476ff0_0 .net "_axi_m_llc_write_req_fifo_wdata", 136 0, L_0x5716ed5eed50;  1 drivers
v0x5716ed4770c0_0 .var "_axi_m_llc_write_req_fsm", 31 0;
v0x5716ed475c60_0 .net "_axi_m_llc_write_req_idle", 0 0, L_0x5716ed5e7f40;  1 drivers
v0x5716ed475d00_0 .var "_axi_m_llc_write_size_buf", 32 0;
v0x5716ed4758b0_0 .net "_axi_m_llc_write_size_fifo", 32 0, L_0x5716ed5e77b0;  1 drivers
v0x5716ed475950_0 .var "_axi_m_llc_write_start", 0 0;
v0x5716ed475000_0 .var "_axi_m_llc_wstrb_sb_0", 15 0;
v0x5716ed4750e0_0 .var "_axi_m_llc_wvalid_sb_0", 0 0;
v0x5716ed474c20_0 .var "_axi_s_ctrl_memreq_flag_0", 0 0;
v0x5716ed474ce0_0 .var "_axi_s_ctrl_memreq_flag_1", 0 0;
v0x5716ed474840_0 .var "_axi_s_ctrl_memreq_flag_2", 0 0;
v0x5716ed474900_0 .var "_axi_s_ctrl_memreq_flag_3", 0 0;
v0x5716ed49b5e0_0 .var "_axi_s_ctrl_memreq_flag_4", 0 0;
v0x5716ed49b6a0_0 .var "_axi_s_ctrl_memreq_flag_5", 0 0;
v0x5716ed4963a0_0 .var "_axi_s_ctrl_memreq_flag_6", 0 0;
v0x5716ed496460_0 .var "_axi_s_ctrl_memreq_rdata_cond_0_1", 0 0;
v0x5716ed494e30_0 .var/s "_axi_s_ctrl_memreq_register_0", 63 0;
v0x5716ed494f10_0 .var/s "_axi_s_ctrl_memreq_register_1", 63 0;
v0x5716ed4946b0_0 .var/s "_axi_s_ctrl_memreq_register_2", 63 0;
v0x5716ed494790_0 .var/s "_axi_s_ctrl_memreq_register_3", 63 0;
v0x5716ed488360_0 .var/s "_axi_s_ctrl_memreq_register_4", 63 0;
v0x5716ed488440_0 .var/s "_axi_s_ctrl_memreq_register_5", 63 0;
v0x5716ed486df0_0 .var/s "_axi_s_ctrl_memreq_register_6", 63 0;
v0x5716ed486ed0_0 .var "_axi_s_ctrl_memreq_register_fsm", 31 0;
v0x5716ed4866b0_0 .var/s "_axi_s_ctrl_memreq_resetval_0", 63 0;
v0x5716ed416e50_0 .var/s "_axi_s_ctrl_memreq_resetval_1", 63 0;
v0x5716ed416f30_0 .var/s "_axi_s_ctrl_memreq_resetval_2", 63 0;
v0x5716ed4158e0_0 .var/s "_axi_s_ctrl_memreq_resetval_3", 63 0;
v0x5716ed4159c0_0 .var/s "_axi_s_ctrl_memreq_resetval_4", 63 0;
v0x5716ed415180_0 .var/s "_axi_s_ctrl_memreq_resetval_5", 63 0;
v0x5716ed42b370_0 .var/s "_axi_s_ctrl_memreq_resetval_6", 63 0;
v0x5716ed42b450_0 .net *"_ivl_100", 63 0, L_0x5716ed5d6ce0;  1 drivers
L_0x9895b071590 .functor BUFT 1, C4<000000000000000000000000>, C4<0>, C4<0>, C4<0>;
v0x5716ed429e00_0 .net *"_ivl_1001", 23 0, L_0x9895b071590;  1 drivers
L_0x9895b0715d8 .functor BUFT 1, C4<00000000000000000000000000000001>, C4<0>, C4<0>, C4<0>;
v0x5716ed429ee0_0 .net/2u *"_ivl_1002", 31 0, L_0x9895b0715d8;  1 drivers
v0x5716ed429680_0 .net *"_ivl_1004", 0 0, L_0x5716ed5fadb0;  1 drivers
v0x5716ed429740_0 .net *"_ivl_1007", 0 0, L_0x5716ed5fafc0;  1 drivers
v0x5716ed421140_0 .net *"_ivl_1009", 0 0, L_0x5716ed5fb0d0;  1 drivers
v0x5716ed421200_0 .net *"_ivl_1011", 0 0, L_0x5716ed5fb520;  1 drivers
v0x5716ed443d90_0 .net *"_ivl_1013", 0 0, L_0x5716ed5fb5c0;  1 drivers
L_0x9895b071620 .functor BUFT 1, C4<01>, C4<0>, C4<0>, C4<0>;
v0x5716ed443e50_0 .net/2s *"_ivl_1014", 1 0, L_0x9895b071620;  1 drivers
L_0x9895b071668 .functor BUFT 1, C4<00>, C4<0>, C4<0>, C4<0>;
v0x5716ed443220_0 .net/2s *"_ivl_1016", 1 0, L_0x9895b071668;  1 drivers
v0x5716ed443300_0 .net *"_ivl_1018", 1 0, L_0x5716ed5fb6d0;  1 drivers
v0x5716ed4403e0_0 .net *"_ivl_102", 63 0, L_0x5716ed5d6ef0;  1 drivers
L_0x9895b0716b0 .functor BUFT 1, C4<00000000000000000000000000000001>, C4<0>, C4<0>, C4<0>;
v0x5716ed4404c0_0 .net/2u *"_ivl_1022", 31 0, L_0x9895b0716b0;  1 drivers
v0x5716ed43e520_0 .net *"_ivl_1024", 0 0, L_0x5716ed5fc520;  1 drivers
v0x5716ed43e5e0_0 .net *"_ivl_1027", 0 0, L_0x5716ed5fbae0;  1 drivers
L_0x9895b0716f8 .functor BUFT 1, C4<xxxxxxxxxxxxxxxxxxxxxxxxxxxxxxxxxxxxxxxxxxxxxxxxxxxxxxxxxxxxxxxxxxxxxxxxxxxxxxxxxxxxxxxxxxxxxxxxxxxxxxxxxxxxxxxxxxxxxxxxxxxxxxxx>, C4<0>, C4<0>, C4<0>;
v0x5716ed4033f0_0 .net *"_ivl_1028", 127 0, L_0x9895b0716f8;  1 drivers
L_0x9895b071740 .functor BUFT 1, C4<00000000000000000000000000000001>, C4<0>, C4<0>, C4<0>;
v0x5716ed4034d0_0 .net/2u *"_ivl_1032", 31 0, L_0x9895b071740;  1 drivers
v0x5716ed439810_0 .net *"_ivl_1034", 0 0, L_0x5716ed5fc120;  1 drivers
v0x5716ed4398d0_0 .net *"_ivl_1037", 0 0, L_0x5716ed5fc260;  1 drivers
L_0x9895b071788 .functor BUFT 1, C4<1>, C4<0>, C4<0>, C4<0>;
v0x5716ed436a70_0 .net/2u *"_ivl_1038", 0 0, L_0x9895b071788;  1 drivers
v0x5716ed436b50_0 .net *"_ivl_104", 63 0, L_0x5716ed5d7030;  1 drivers
L_0x9895b0717d0 .functor BUFT 1, C4<0>, C4<0>, C4<0>, C4<0>;
v0x5716ed435f20_0 .net/2u *"_ivl_1040", 0 0, L_0x9895b0717d0;  1 drivers
L_0x9895b071818 .functor BUFT 1, C4<00000000000000000000000000000010>, C4<0>, C4<0>, C4<0>;
v0x5716ed433080_0 .net/2u *"_ivl_1044", 31 0, L_0x9895b071818;  1 drivers
L_0x9895b071860 .functor BUFT 1, C4<00000000000000000000000000101111>, C4<0>, C4<0>, C4<0>;
v0x5716ed433160_0 .net/2u *"_ivl_1048", 31 0, L_0x9895b071860;  1 drivers
v0x5716ed4311a0_0 .net *"_ivl_1050", 0 0, L_0x5716ed5dc990;  1 drivers
L_0x9895b0718a8 .functor BUFT 1, C4<00000000000000000000000000000001>, C4<0>, C4<0>, C4<0>;
v0x5716ed431260_0 .net/2u *"_ivl_1052", 31 0, L_0x9895b0718a8;  1 drivers
v0x5716ed42fbc0_0 .net *"_ivl_1054", 0 0, L_0x5716ed5dca80;  1 drivers
v0x5716ed42fc80_0 .net *"_ivl_1057", 0 0, L_0x5716ed5dcb70;  1 drivers
v0x5716ed42e5a0_0 .net *"_ivl_1058", 31 0, L_0x5716ed5fc970;  1 drivers
v0x5716ed42e660_0 .net *"_ivl_106", 63 0, L_0x5716ed5d7250;  1 drivers
L_0x9895b0718f0 .functor BUFT 1, C4<000000000000>, C4<0>, C4<0>, C4<0>;
v0x5716ed4dcec0_0 .net *"_ivl_1061", 11 0, L_0x9895b0718f0;  1 drivers
L_0x9895b071938 .functor BUFT 1, C4<xxxxxxxxxxxxxxxxxxxxxxxxxxxxxxxx>, C4<0>, C4<0>, C4<0>;
v0x5716ed4dcfa0_0 .net *"_ivl_1062", 31 0, L_0x9895b071938;  1 drivers
v0x5716ed4dc390_0 .net *"_ivl_1064", 31 0, L_0x5716ed5fca10;  1 drivers
v0x5716ed4dc470_0 .net *"_ivl_1066", 31 0, L_0x5716ed5fcba0;  1 drivers
L_0x9895b071980 .functor BUFT 1, C4<00000000000000000000000000101111>, C4<0>, C4<0>, C4<0>;
v0x5716ed4db860_0 .net/2u *"_ivl_1070", 31 0, L_0x9895b071980;  1 drivers
v0x5716ed4db920_0 .net *"_ivl_1072", 0 0, L_0x5716ed5dccc0;  1 drivers
L_0x9895b0719c8 .functor BUFT 1, C4<1>, C4<0>, C4<0>, C4<0>;
v0x5716ed4dad30_0 .net/2u *"_ivl_1074", 0 0, L_0x9895b0719c8;  1 drivers
L_0x9895b071a10 .functor BUFT 1, C4<00000000000000000000000000000001>, C4<0>, C4<0>, C4<0>;
v0x5716ed4dadf0_0 .net/2u *"_ivl_1076", 31 0, L_0x9895b071a10;  1 drivers
v0x5716ed4da200_0 .net *"_ivl_1078", 0 0, L_0x5716ed5dcdb0;  1 drivers
v0x5716ed4da2c0_0 .net *"_ivl_108", 63 0, L_0x5716ed5d7390;  1 drivers
v0x5716ed4d96d0_0 .net *"_ivl_1081", 0 0, L_0x5716ed5dcee0;  1 drivers
L_0x9895b071a58 .functor BUFT 1, C4<1>, C4<0>, C4<0>, C4<0>;
v0x5716ed4d9790_0 .net/2u *"_ivl_1082", 0 0, L_0x9895b071a58;  1 drivers
L_0x9895b071aa0 .functor BUFT 1, C4<0>, C4<0>, C4<0>, C4<0>;
v0x5716ed4d8ba0_0 .net/2u *"_ivl_1084", 0 0, L_0x9895b071aa0;  1 drivers
v0x5716ed4d8c80_0 .net *"_ivl_1086", 0 0, L_0x5716ed5fe900;  1 drivers
L_0x9895b071ae8 .functor BUFT 1, C4<00000000000000000000000000101111>, C4<0>, C4<0>, C4<0>;
v0x5716ed4d8090_0 .net/2u *"_ivl_1090", 31 0, L_0x9895b071ae8;  1 drivers
L_0x9895b071b30 .functor BUFT 1, C4<00000000000000000000000000110001>, C4<0>, C4<0>, C4<0>;
v0x5716ed4d8170_0 .net/2u *"_ivl_1094", 31 0, L_0x9895b071b30;  1 drivers
v0x5716ed4d7580_0 .net *"_ivl_1096", 0 0, L_0x5716ed5fe260;  1 drivers
v0x5716ed4d7640_0 .net *"_ivl_1098", 63 0, L_0x5716ed5fe350;  1 drivers
v0x5716ed4d6a50_0 .net *"_ivl_11", 0 0, L_0x5716ed5d4af0;  1 drivers
L_0x9895b071b78 .functor BUFT 1, C4<00000000000000000000000000000000>, C4<0>, C4<0>, C4<0>;
v0x5716ed4d6b10_0 .net *"_ivl_1101", 31 0, L_0x9895b071b78;  1 drivers
L_0x9895b071bc0 .functor BUFT 1, C4<00000000000000000000000000100000>, C4<0>, C4<0>, C4<0>;
v0x5716ed4d5f20_0 .net/2u *"_ivl_1102", 31 0, L_0x9895b071bc0;  1 drivers
v0x5716ed4d5350_0 .net *"_ivl_1104", 0 0, L_0x5716ed5fe3f0;  1 drivers
v0x5716ed4d5410_0 .net *"_ivl_1106", 63 0, L_0x5716ed5fe580;  1 drivers
v0x5716ed4d4920_0 .net *"_ivl_1108", 61 0, L_0x5716ed5fe4e0;  1 drivers
L_0x9895b071c08 .functor BUFT 1, C4<00>, C4<0>, C4<0>, C4<0>;
v0x5716ed4d4a00_0 .net *"_ivl_1110", 1 0, L_0x9895b071c08;  1 drivers
v0x5716ed4d1460_0 .net *"_ivl_1112", 63 0, L_0x5716ed5fe6c0;  1 drivers
L_0x9895b071c50 .functor BUFT 1, C4<00000000000000000000000000000000>, C4<0>, C4<0>, C4<0>;
v0x5716ed4d1540_0 .net *"_ivl_1115", 31 0, L_0x9895b071c50;  1 drivers
v0x5716ed4cd760_0 .net *"_ivl_1116", 63 0, L_0x5716ed5fe800;  1 drivers
L_0x9895b071c98 .functor BUFT 1, C4<00000000000000000000000000000001>, C4<0>, C4<0>, C4<0>;
v0x5716ed4cd840_0 .net/2u *"_ivl_1118", 31 0, L_0x9895b071c98;  1 drivers
v0x5716ed4cb9d0_0 .net *"_ivl_112", 31 0, L_0x5716ed5d7700;  1 drivers
v0x5716ed4cba90_0 .net *"_ivl_1120", 0 0, L_0x5716ed5feae0;  1 drivers
v0x5716ed4ca000_0 .net *"_ivl_1123", 0 0, L_0x5716ed5fec20;  1 drivers
v0x5716ed4ca0a0_0 .net *"_ivl_1125", 0 0, L_0x5716ed5fed10;  1 drivers
v0x5716ed4c7c30_0 .net *"_ivl_1127", 0 0, L_0x5716ed5ff3a0;  1 drivers
L_0x9895b071ce0 .functor BUFT 1, C4<000000000000000000000000000000000>, C4<0>, C4<0>, C4<0>;
v0x5716ed4c7cf0_0 .net/2u *"_ivl_1128", 32 0, L_0x9895b071ce0;  1 drivers
v0x5716ed4b8d70_0 .net *"_ivl_1130", 0 0, L_0x5716ed5ff170;  1 drivers
v0x5716ed4b8e30_0 .net *"_ivl_1133", 0 0, L_0x5716ed5ff260;  1 drivers
v0x5716ed4af2e0_0 .net *"_ivl_1135", 0 0, L_0x5716ed5ffd50;  1 drivers
v0x5716ed4af380_0 .net *"_ivl_1137", 0 0, L_0x5716ed600190;  1 drivers
v0x5716ed4a8580_0 .net *"_ivl_1138", 63 0, L_0x5716ed6002a0;  1 drivers
L_0x9895b071d28 .functor BUFT 1, C4<00000000000000000000000000000000000000000000>, C4<0>, C4<0>, C4<0>;
v0x5716ed4a8660_0 .net *"_ivl_1141", 43 0, L_0x9895b071d28;  1 drivers
L_0x9895b071d70 .functor BUFT 1, C4<00000000000000000000000000001110>, C4<0>, C4<0>, C4<0>;
v0x5716ed4a7a50_0 .net/2u *"_ivl_1142", 31 0, L_0x9895b071d70;  1 drivers
v0x5716ed4a7b10_0 .net *"_ivl_1144", 0 0, L_0x5716ed600390;  1 drivers
v0x5716ed4a6f20_0 .net *"_ivl_1146", 63 0, L_0x5716ed5ff460;  1 drivers
L_0x9895b071db8 .functor BUFT 1, C4<00000000000000000000000000000000>, C4<0>, C4<0>, C4<0>;
v0x5716ed4a6fe0_0 .net *"_ivl_1149", 31 0, L_0x9895b071db8;  1 drivers
L_0x9895b06ea40 .functor BUFT 1, C4<00000000000000000000000000000>, C4<0>, C4<0>, C4<0>;
v0x5716ed4a63f0_0 .net *"_ivl_115", 28 0, L_0x9895b06ea40;  1 drivers
L_0x9895b071e00 .functor BUFT 1, C4<xxxxxxxxxxxxxxxxxxxxxxxxxxxxxxxxxxxxxxxxxxxxxxxxxxxxxxxxxxxxxxxx>, C4<0>, C4<0>, C4<0>;
v0x5716ed4a64d0_0 .net *"_ivl_1150", 63 0, L_0x9895b071e00;  1 drivers
v0x5716ed4a58c0_0 .net *"_ivl_1152", 63 0, L_0x5716ed5ff550;  1 drivers
v0x5716ed4a5980_0 .net *"_ivl_1154", 63 0, L_0x5716ed5ff6e0;  1 drivers
v0x5716ed4a4d90_0 .net *"_ivl_1156", 63 0, L_0x5716ed5ff870;  1 drivers
v0x5716ed4a4e70_0 .net *"_ivl_1158", 63 0, L_0x5716ed5ffa00;  1 drivers
L_0x9895b06ea88 .functor BUFT 1, C4<00000000000000000000000000000000>, C4<0>, C4<0>, C4<0>;
v0x5716ed4a4280_0 .net/2u *"_ivl_116", 31 0, L_0x9895b06ea88;  1 drivers
L_0x9895b071e48 .functor BUFT 1, C4<00000000000000000000000000110001>, C4<0>, C4<0>, C4<0>;
v0x5716ed4a4360_0 .net/2u *"_ivl_1162", 31 0, L_0x9895b071e48;  1 drivers
v0x5716ed4a3770_0 .net *"_ivl_1164", 0 0, L_0x5716ed600db0;  1 drivers
L_0x9895b071e90 .functor BUFT 1, C4<1>, C4<0>, C4<0>, C4<0>;
v0x5716ed4a3830_0 .net/2u *"_ivl_1166", 0 0, L_0x9895b071e90;  1 drivers
L_0x9895b071ed8 .functor BUFT 1, C4<00000000000000000000000000100000>, C4<0>, C4<0>, C4<0>;
v0x5716ed4a2c40_0 .net/2u *"_ivl_1168", 31 0, L_0x9895b071ed8;  1 drivers
v0x5716ed4a20d0_0 .net *"_ivl_1170", 0 0, L_0x5716ed600e50;  1 drivers
L_0x9895b071f20 .functor BUFT 1, C4<1>, C4<0>, C4<0>, C4<0>;
v0x5716ed4a2190_0 .net/2u *"_ivl_1172", 0 0, L_0x9895b071f20;  1 drivers
L_0x9895b071f68 .functor BUFT 1, C4<00000000000000000000000000000001>, C4<0>, C4<0>, C4<0>;
v0x5716ed4a15a0_0 .net/2u *"_ivl_1174", 31 0, L_0x9895b071f68;  1 drivers
v0x5716ed4a1680_0 .net *"_ivl_1176", 0 0, L_0x5716ed600480;  1 drivers
v0x5716ed4a0a10_0 .net *"_ivl_1179", 0 0, L_0x5716ed600570;  1 drivers
v0x5716ed4a0ad0_0 .net *"_ivl_118", 0 0, L_0x5716ed5d78f0;  1 drivers
v0x5716ed49e240_0 .net *"_ivl_1181", 0 0, L_0x5716ed600610;  1 drivers
v0x5716ed49e2e0_0 .net *"_ivl_1183", 0 0, L_0x5716ed600740;  1 drivers
L_0x9895b071fb0 .functor BUFT 1, C4<000000000000000000000000000000000>, C4<0>, C4<0>, C4<0>;
v0x5716ed498b80_0 .net/2u *"_ivl_1184", 32 0, L_0x9895b071fb0;  1 drivers
v0x5716ed498c60_0 .net *"_ivl_1186", 0 0, L_0x5716ed600bd0;  1 drivers
v0x5716ed48aba0_0 .net *"_ivl_1189", 0 0, L_0x5716ed600d00;  1 drivers
v0x5716ed48ac60_0 .net *"_ivl_1191", 0 0, L_0x5716ed6018f0;  1 drivers
v0x5716ed47d0c0_0 .net *"_ivl_1193", 0 0, L_0x5716ed601da0;  1 drivers
L_0x9895b071ff8 .functor BUFT 1, C4<1>, C4<0>, C4<0>, C4<0>;
v0x5716ed47d160_0 .net/2u *"_ivl_1194", 0 0, L_0x9895b071ff8;  1 drivers
L_0x9895b072040 .functor BUFT 1, C4<00000000000000000000000000001110>, C4<0>, C4<0>, C4<0>;
v0x5716ed4778d0_0 .net/2u *"_ivl_1196", 31 0, L_0x9895b072040;  1 drivers
v0x5716ed477990_0 .net *"_ivl_1198", 0 0, L_0x5716ed601eb0;  1 drivers
v0x5716ed472030_0 .net *"_ivl_120", 3 0, L_0x5716ed5d7a30;  1 drivers
L_0x9895b072088 .functor BUFT 1, C4<1>, C4<0>, C4<0>, C4<0>;
v0x5716ed4720f0_0 .net/2u *"_ivl_1200", 0 0, L_0x9895b072088;  1 drivers
L_0x9895b0720d0 .functor BUFT 1, C4<0>, C4<0>, C4<0>, C4<0>;
v0x5716ed4f90a0_0 .net/2u *"_ivl_1202", 0 0, L_0x9895b0720d0;  1 drivers
v0x5716ed4f9180_0 .net *"_ivl_1204", 0 0, L_0x5716ed601fa0;  1 drivers
v0x5716ed45c4b0_0 .net *"_ivl_1206", 0 0, L_0x5716ed601030;  1 drivers
v0x5716ed45c570_0 .net *"_ivl_1208", 0 0, L_0x5716ed6011c0;  1 drivers
L_0x9895b072118 .functor BUFT 1, C4<00000000000000000000000000110001>, C4<0>, C4<0>, C4<0>;
v0x5716ed4e9e70_0 .net/2u *"_ivl_1212", 31 0, L_0x9895b072118;  1 drivers
L_0x9895b06ead0 .functor BUFT 1, C4<000>, C4<0>, C4<0>, C4<0>;
v0x5716ed4e9f50_0 .net *"_ivl_123", 2 0, L_0x9895b06ead0;  1 drivers
v0x5716ed4e4200_0 .net *"_ivl_124", 31 0, L_0x5716ed5d7c30;  1 drivers
L_0x9895b06eb18 .functor BUFT 1, C4<00000000000000000000000000000>, C4<0>, C4<0>, C4<0>;
v0x5716ed4e42e0_0 .net *"_ivl_127", 28 0, L_0x9895b06eb18;  1 drivers
L_0x9895b06eb60 .functor BUFT 1, C4<00000000000000000000000000000001>, C4<0>, C4<0>, C4<0>;
v0x5716ed4e2ab0_0 .net/2u *"_ivl_128", 31 0, L_0x9895b06eb60;  1 drivers
v0x5716ed4e2b90_0 .net *"_ivl_13", 0 0, L_0x5716ed5d4b90;  1 drivers
v0x5716ed4088c0_0 .net *"_ivl_130", 0 0, L_0x5716ed5d7d20;  1 drivers
v0x5716ed408980_0 .net *"_ivl_132", 3 0, L_0x5716ed5d7f80;  1 drivers
L_0x9895b06eba8 .functor BUFT 1, C4<000>, C4<0>, C4<0>, C4<0>;
v0x5716ed43b770_0 .net *"_ivl_135", 2 0, L_0x9895b06eba8;  1 drivers
v0x5716ed43b850_0 .net *"_ivl_136", 31 0, L_0x5716ed5d8070;  1 drivers
L_0x9895b06ebf0 .functor BUFT 1, C4<00000000000000000000000000000>, C4<0>, C4<0>, C4<0>;
v0x5716ed4bb980_0 .net *"_ivl_139", 28 0, L_0x9895b06ebf0;  1 drivers
L_0x9895b06ec38 .functor BUFT 1, C4<00000000000000000000000000000010>, C4<0>, C4<0>, C4<0>;
v0x5716ed4bba40_0 .net/2u *"_ivl_140", 31 0, L_0x9895b06ec38;  1 drivers
v0x5716ed49ad20_0 .net *"_ivl_142", 0 0, L_0x5716ed5d7eb0;  1 drivers
v0x5716ed49ade0_0 .net *"_ivl_144", 3 0, L_0x5716ed5d82e0;  1 drivers
L_0x9895b06ec80 .functor BUFT 1, C4<000>, C4<0>, C4<0>, C4<0>;
v0x5716ed49a590_0 .net *"_ivl_147", 2 0, L_0x9895b06ec80;  1 drivers
v0x5716ed49a670_0 .net *"_ivl_148", 31 0, L_0x5716ed5d8510;  1 drivers
v0x5716ed48cd60_0 .net *"_ivl_15", 0 0, L_0x5716ed5d4ca0;  1 drivers
L_0x9895b06ecc8 .functor BUFT 1, C4<00000000000000000000000000000>, C4<0>, C4<0>, C4<0>;
v0x5716ed48ce20_0 .net *"_ivl_151", 28 0, L_0x9895b06ecc8;  1 drivers
L_0x9895b06ed10 .functor BUFT 1, C4<00000000000000000000000000000011>, C4<0>, C4<0>, C4<0>;
v0x5716ed48c5d0_0 .net/2u *"_ivl_152", 31 0, L_0x9895b06ed10;  1 drivers
v0x5716ed48c6b0_0 .net *"_ivl_154", 0 0, L_0x5716ed5d8600;  1 drivers
v0x5716ed47f0c0_0 .net *"_ivl_156", 3 0, L_0x5716ed5d8890;  1 drivers
L_0x9895b06ed58 .functor BUFT 1, C4<000>, C4<0>, C4<0>, C4<0>;
v0x5716ed47f1a0_0 .net *"_ivl_159", 2 0, L_0x9895b06ed58;  1 drivers
v0x5716ed453140_0 .net *"_ivl_160", 31 0, L_0x5716ed5d8980;  1 drivers
L_0x9895b06eda0 .functor BUFT 1, C4<00000000000000000000000000000>, C4<0>, C4<0>, C4<0>;
v0x5716ed450f90_0 .net *"_ivl_163", 28 0, L_0x9895b06eda0;  1 drivers
L_0x9895b06ede8 .functor BUFT 1, C4<00000000000000000000000000000100>, C4<0>, C4<0>, C4<0>;
v0x5716ed451070_0 .net/2u *"_ivl_164", 31 0, L_0x9895b06ede8;  1 drivers
v0x5716ed446450_0 .net *"_ivl_166", 0 0, L_0x5716ed5d8bd0;  1 drivers
v0x5716ed446510_0 .net *"_ivl_168", 3 0, L_0x5716ed5d8d10;  1 drivers
v0x5716ed43d3b0_0 .net *"_ivl_17", 0 0, L_0x5716ed5d4d40;  1 drivers
L_0x9895b06ee30 .functor BUFT 1, C4<000>, C4<0>, C4<0>, C4<0>;
v0x5716ed43d470_0 .net *"_ivl_171", 2 0, L_0x9895b06ee30;  1 drivers
v0x5716ed439110_0 .net *"_ivl_172", 31 0, L_0x5716ed5d8f70;  1 drivers
L_0x9895b06ee78 .functor BUFT 1, C4<00000000000000000000000000000>, C4<0>, C4<0>, C4<0>;
v0x5716ed4391f0_0 .net *"_ivl_175", 28 0, L_0x9895b06ee78;  1 drivers
L_0x9895b06eec0 .functor BUFT 1, C4<00000000000000000000000000000101>, C4<0>, C4<0>, C4<0>;
v0x5716ed4cd2d0_0 .net/2u *"_ivl_176", 31 0, L_0x9895b06eec0;  1 drivers
v0x5716ed4cd3b0_0 .net *"_ivl_178", 0 0, L_0x5716ed5d9060;  1 drivers
v0x5716ed4cb540_0 .net *"_ivl_180", 3 0, L_0x5716ed5d9320;  1 drivers
L_0x9895b06ef08 .functor BUFT 1, C4<000>, C4<0>, C4<0>, C4<0>;
v0x5716ed4cb620_0 .net *"_ivl_183", 2 0, L_0x9895b06ef08;  1 drivers
v0x5716ed4c2650_0 .net *"_ivl_184", 31 0, L_0x5716ed5d9410;  1 drivers
L_0x9895b06ef50 .functor BUFT 1, C4<00000000000000000000000000000>, C4<0>, C4<0>, C4<0>;
v0x5716ed4c2730_0 .net *"_ivl_187", 28 0, L_0x9895b06ef50;  1 drivers
L_0x9895b06ef98 .functor BUFT 1, C4<00000000000000000000000000000110>, C4<0>, C4<0>, C4<0>;
v0x5716ed49ddb0_0 .net/2u *"_ivl_188", 31 0, L_0x9895b06ef98;  1 drivers
v0x5716ed49de90_0 .net *"_ivl_19", 0 0, L_0x5716ed5d4e50;  1 drivers
v0x5716ed468cc0_0 .net *"_ivl_190", 0 0, L_0x5716ed5d9690;  1 drivers
v0x5716ed468d80_0 .net *"_ivl_192", 3 0, L_0x5716ed5d97d0;  1 drivers
L_0x9895b06efe0 .functor BUFT 1, C4<000>, C4<0>, C4<0>, C4<0>;
v0x5716ed4f3010_0 .net *"_ivl_195", 2 0, L_0x9895b06efe0;  1 drivers
L_0x9895b06f028 .functor BUFT 1, C4<xxxx>, C4<0>, C4<0>, C4<0>;
v0x5716ed4f30f0_0 .net *"_ivl_196", 3 0, L_0x9895b06f028;  1 drivers
v0x5716ed4e7820_0 .net *"_ivl_198", 3 0, L_0x5716ed5d9a60;  1 drivers
v0x5716ed4e7900_0 .net *"_ivl_200", 3 0, L_0x5716ed5d9bf0;  1 drivers
v0x5716ed4e13a0_0 .net *"_ivl_202", 3 0, L_0x5716ed5d9f30;  1 drivers
v0x5716ed4e1480_0 .net *"_ivl_204", 3 0, L_0x5716ed5da0c0;  1 drivers
v0x5716ed495fa0_0 .net *"_ivl_206", 3 0, L_0x5716ed5da410;  1 drivers
v0x5716ed496080_0 .net *"_ivl_208", 3 0, L_0x5716ed5da5a0;  1 drivers
v0x5716ed487f60_0 .net *"_ivl_210", 3 0, L_0x5716ed5da900;  1 drivers
v0x5716ed488040_0 .net *"_ivl_214", 31 0, L_0x5716ed5dad60;  1 drivers
L_0x9895b06f070 .functor BUFT 1, C4<00000000000000000000000000000>, C4<0>, C4<0>, C4<0>;
v0x5716ed416a50_0 .net *"_ivl_217", 28 0, L_0x9895b06f070;  1 drivers
L_0x9895b06f0b8 .functor BUFT 1, C4<00000000000000000000000000000000>, C4<0>, C4<0>, C4<0>;
v0x5716ed416b30_0 .net/2u *"_ivl_218", 31 0, L_0x9895b06f0b8;  1 drivers
L_0x9895b06e5c0 .functor BUFT 1, C4<00000000000000000000000000000000>, C4<0>, C4<0>, C4<0>;
v0x5716ed42af70_0 .net/2u *"_ivl_22", 31 0, L_0x9895b06e5c0;  1 drivers
v0x5716ed42b050_0 .net *"_ivl_220", 0 0, L_0x5716ed5dae50;  1 drivers
v0x5716ed420d40_0 .net *"_ivl_222", 31 0, L_0x5716ed5db180;  1 drivers
L_0x9895b06f100 .functor BUFT 1, C4<00000000000000000000000000000>, C4<0>, C4<0>, C4<0>;
v0x5716ed420e20_0 .net *"_ivl_225", 28 0, L_0x9895b06f100;  1 drivers
L_0x9895b06f148 .functor BUFT 1, C4<00000000000000000000000000000001>, C4<0>, C4<0>, C4<0>;
v0x5716ed3ab800_0 .net/2u *"_ivl_226", 31 0, L_0x9895b06f148;  1 drivers
v0x5716ed3ab8e0_0 .net *"_ivl_228", 0 0, L_0x5716ed5db270;  1 drivers
v0x5716ed3ab9a0_0 .net *"_ivl_230", 31 0, L_0x5716ed5db5b0;  1 drivers
L_0x9895b06f190 .functor BUFT 1, C4<00000000000000000000000000000>, C4<0>, C4<0>, C4<0>;
v0x5716ed3aba80_0 .net *"_ivl_233", 28 0, L_0x9895b06f190;  1 drivers
L_0x9895b06f1d8 .functor BUFT 1, C4<00000000000000000000000000000010>, C4<0>, C4<0>, C4<0>;
v0x5716ed3abb60_0 .net/2u *"_ivl_234", 31 0, L_0x9895b06f1d8;  1 drivers
v0x5716ed1ca5a0_0 .net *"_ivl_236", 0 0, L_0x5716ed5db6a0;  1 drivers
v0x5716ed1ca660_0 .net *"_ivl_238", 31 0, L_0x5716ed5db9f0;  1 drivers
v0x5716ed1ca740_0 .net *"_ivl_24", 0 0, L_0x5716ed5d5020;  1 drivers
L_0x9895b06f220 .functor BUFT 1, C4<00000000000000000000000000000>, C4<0>, C4<0>, C4<0>;
v0x5716ed1ca800_0 .net *"_ivl_241", 28 0, L_0x9895b06f220;  1 drivers
L_0x9895b06f268 .functor BUFT 1, C4<00000000000000000000000000000011>, C4<0>, C4<0>, C4<0>;
v0x5716ed1ca8e0_0 .net/2u *"_ivl_242", 31 0, L_0x9895b06f268;  1 drivers
v0x5716ed39b9f0_0 .net *"_ivl_244", 0 0, L_0x5716ed5dbae0;  1 drivers
v0x5716ed39bab0_0 .net *"_ivl_246", 31 0, L_0x5716ed5dbe40;  1 drivers
L_0x9895b06f2b0 .functor BUFT 1, C4<00000000000000000000000000000>, C4<0>, C4<0>, C4<0>;
v0x5716ed39bb90_0 .net *"_ivl_249", 28 0, L_0x9895b06f2b0;  1 drivers
L_0x9895b06f2f8 .functor BUFT 1, C4<00000000000000000000000000000100>, C4<0>, C4<0>, C4<0>;
v0x5716ed39bc70_0 .net/2u *"_ivl_250", 31 0, L_0x9895b06f2f8;  1 drivers
v0x5716ed39bd50_0 .net *"_ivl_252", 0 0, L_0x5716ed5dbf30;  1 drivers
v0x5716ed583350_0 .net *"_ivl_254", 31 0, L_0x5716ed5dc2a0;  1 drivers
L_0x9895b06f340 .functor BUFT 1, C4<00000000000000000000000000000>, C4<0>, C4<0>, C4<0>;
v0x5716ed583430_0 .net *"_ivl_257", 28 0, L_0x9895b06f340;  1 drivers
L_0x9895b06f388 .functor BUFT 1, C4<00000000000000000000000000000101>, C4<0>, C4<0>, C4<0>;
v0x5716ed583510_0 .net/2u *"_ivl_258", 31 0, L_0x9895b06f388;  1 drivers
v0x5716ed5835f0_0 .net *"_ivl_260", 0 0, L_0x5716ed5dc390;  1 drivers
v0x5716ed5836b0_0 .net *"_ivl_262", 31 0, L_0x5716ed5dc710;  1 drivers
L_0x9895b06f3d0 .functor BUFT 1, C4<00000000000000000000000000000>, C4<0>, C4<0>, C4<0>;
v0x5716ed583790_0 .net *"_ivl_265", 28 0, L_0x9895b06f3d0;  1 drivers
L_0x9895b06f418 .functor BUFT 1, C4<00000000000000000000000000000110>, C4<0>, C4<0>, C4<0>;
v0x5716ed583870_0 .net/2u *"_ivl_266", 31 0, L_0x9895b06f418;  1 drivers
v0x5716ed583950_0 .net *"_ivl_268", 0 0, L_0x5716ed5dd010;  1 drivers
v0x5716ed583a10_0 .net *"_ivl_27", 0 0, L_0x5716ed5d5160;  1 drivers
L_0x9895b06f460 .functor BUFT 1, C4<xxxxxxxxxxxxxxxxxxxxxxxxxxxxxxxxxxxxxxxxxxxxxxxxxxxxxxxxxxxxxxxx>, C4<0>, C4<0>, C4<0>;
v0x5716ed584b70_0 .net *"_ivl_270", 63 0, L_0x9895b06f460;  1 drivers
v0x5716ed584c10_0 .net *"_ivl_272", 63 0, L_0x5716ed5dd350;  1 drivers
v0x5716ed584cb0_0 .net *"_ivl_274", 63 0, L_0x5716ed5dd490;  1 drivers
v0x5716ed584d50_0 .net *"_ivl_276", 63 0, L_0x5716ed5dd830;  1 drivers
v0x5716ed584df0_0 .net *"_ivl_278", 63 0, L_0x5716ed5dd970;  1 drivers
v0x5716ed584e90_0 .net *"_ivl_280", 63 0, L_0x5716ed5ddd20;  1 drivers
v0x5716ed584f30_0 .net *"_ivl_282", 63 0, L_0x5716ed5dde60;  1 drivers
L_0x9895b06f4a8 .functor BUFT 1, C4<00000000000000000000000000000011>, C4<0>, C4<0>, C4<0>;
v0x5716ed584fd0_0 .net/2u *"_ivl_286", 31 0, L_0x9895b06f4a8;  1 drivers
v0x5716ed585070_0 .net *"_ivl_29", 0 0, L_0x5716ed5d5250;  1 drivers
v0x5716ed585110_0 .net *"_ivl_31", 0 0, L_0x5716ed5d5340;  1 drivers
v0x5716ed5851b0_0 .net *"_ivl_33", 0 0, L_0x5716ed5d5450;  1 drivers
v0x5716ed585250_0 .net *"_ivl_35", 0 0, L_0x5716ed5d5510;  1 drivers
v0x5716ed5852f0_0 .net *"_ivl_37", 0 0, L_0x5716ed5d5650;  1 drivers
v0x5716ed585390_0 .net *"_ivl_382", 31 0, L_0x5716ed5e1080;  1 drivers
L_0x9895b06f928 .functor BUFT 1, C4<00000000000000000000000000000>, C4<0>, C4<0>, C4<0>;
v0x5716ed585470_0 .net *"_ivl_385", 28 0, L_0x9895b06f928;  1 drivers
L_0x9895b06f970 .functor BUFT 1, C4<00000000000000000000000000000000>, C4<0>, C4<0>, C4<0>;
v0x5716ed585550_0 .net/2u *"_ivl_386", 31 0, L_0x9895b06f970;  1 drivers
v0x5716ed585630_0 .net *"_ivl_388", 0 0, L_0x5716ed5e1460;  1 drivers
L_0x9895b06e578 .functor BUFT 1, C4<00000000000000000000000000000000>, C4<0>, C4<0>, C4<0>;
v0x5716ed5856f0_0 .net/2u *"_ivl_4", 31 0, L_0x9895b06e578;  1 drivers
v0x5716ed5857d0_0 .net *"_ivl_40", 31 0, L_0x5716ed5d58c0;  1 drivers
v0x5716ed5858b0_0 .net *"_ivl_413", 0 0, L_0x5716ed5e4280;  1 drivers
v0x5716ed585970_0 .net *"_ivl_415", 0 0, L_0x5716ed5e4320;  1 drivers
v0x5716ed585a30_0 .net *"_ivl_419", 0 0, L_0x5716ed5e4800;  1 drivers
L_0x9895b06e608 .functor BUFT 1, C4<00000000000000000000000000000>, C4<0>, C4<0>, C4<0>;
v0x5716ed585af0_0 .net *"_ivl_43", 28 0, L_0x9895b06e608;  1 drivers
L_0x9895b06e650 .functor BUFT 1, C4<00000000000000000000000000000000>, C4<0>, C4<0>, C4<0>;
v0x5716ed585bd0_0 .net/2u *"_ivl_44", 31 0, L_0x9895b06e650;  1 drivers
v0x5716ed585cb0_0 .net *"_ivl_445", 0 0, L_0x5716ed5e7a90;  1 drivers
v0x5716ed585d70_0 .net *"_ivl_447", 0 0, L_0x5716ed5e7b30;  1 drivers
v0x5716ed585e30_0 .net *"_ivl_451", 0 0, L_0x5716ed5e8050;  1 drivers
v0x5716ed585ef0_0 .net *"_ivl_456", 63 0, L_0x5716ed5e89d0;  1 drivers
v0x5716ed585fd0_0 .net *"_ivl_458", 59 0, L_0x5716ed5e85b0;  1 drivers
v0x5716ed5860b0_0 .net *"_ivl_46", 0 0, L_0x5716ed5d59b0;  1 drivers
L_0x9895b070108 .functor BUFT 1, C4<0000>, C4<0>, C4<0>, C4<0>;
v0x5716ed586170_0 .net *"_ivl_460", 3 0, L_0x9895b070108;  1 drivers
v0x5716ed586250_0 .net *"_ivl_466", 27 0, L_0x5716ed5e8f90;  1 drivers
L_0x9895b070150 .functor BUFT 1, C4<0000>, C4<0>, C4<0>, C4<0>;
v0x5716ed586330_0 .net *"_ivl_468", 3 0, L_0x9895b070150;  1 drivers
v0x5716ed586410_0 .net *"_ivl_48", 31 0, L_0x5716ed5d5b50;  1 drivers
v0x5716ed5864f0_0 .net *"_ivl_486", 27 0, L_0x5716ed5ea3e0;  1 drivers
L_0x9895b070198 .functor BUFT 1, C4<0000>, C4<0>, C4<0>, C4<0>;
v0x5716ed5865d0_0 .net *"_ivl_488", 3 0, L_0x9895b070198;  1 drivers
v0x5716ed5866b0_0 .net *"_ivl_492", 27 0, L_0x5716ed5ea930;  1 drivers
L_0x9895b0701e0 .functor BUFT 1, C4<0000>, C4<0>, C4<0>, C4<0>;
v0x5716ed586790_0 .net *"_ivl_494", 3 0, L_0x9895b0701e0;  1 drivers
v0x5716ed586870_0 .net *"_ivl_498", 27 0, L_0x5716ed5eaf30;  1 drivers
L_0x9895b070228 .functor BUFT 1, C4<0000>, C4<0>, C4<0>, C4<0>;
v0x5716ed586950_0 .net *"_ivl_500", 3 0, L_0x9895b070228;  1 drivers
v0x5716ed586a30_0 .net *"_ivl_504", 27 0, L_0x5716ed5eb540;  1 drivers
L_0x9895b070270 .functor BUFT 1, C4<0000>, C4<0>, C4<0>, C4<0>;
v0x5716ed586b10_0 .net *"_ivl_506", 3 0, L_0x9895b070270;  1 drivers
L_0x9895b06e698 .functor BUFT 1, C4<00000000000000000000000000000>, C4<0>, C4<0>, C4<0>;
v0x5716ed586bf0_0 .net *"_ivl_51", 28 0, L_0x9895b06e698;  1 drivers
v0x5716ed586cd0_0 .net *"_ivl_510", 27 0, L_0x5716ed5ebb60;  1 drivers
L_0x9895b0702b8 .functor BUFT 1, C4<0000>, C4<0>, C4<0>, C4<0>;
v0x5716ed586db0_0 .net *"_ivl_512", 3 0, L_0x9895b0702b8;  1 drivers
v0x5716ed586e90_0 .net *"_ivl_516", 27 0, L_0x5716ed5ec140;  1 drivers
L_0x9895b070300 .functor BUFT 1, C4<0000>, C4<0>, C4<0>, C4<0>;
v0x5716ed586f70_0 .net *"_ivl_518", 3 0, L_0x9895b070300;  1 drivers
L_0x9895b06e6e0 .functor BUFT 1, C4<00000000000000000000000000000001>, C4<0>, C4<0>, C4<0>;
v0x5716ed587050_0 .net/2u *"_ivl_52", 31 0, L_0x9895b06e6e0;  1 drivers
v0x5716ed587130_0 .net *"_ivl_522", 27 0, L_0x5716ed5ec780;  1 drivers
L_0x9895b070348 .functor BUFT 1, C4<0000>, C4<0>, C4<0>, C4<0>;
v0x5716ed587210_0 .net *"_ivl_524", 3 0, L_0x9895b070348;  1 drivers
v0x5716ed5872f0_0 .net *"_ivl_528", 27 0, L_0x5716ed5ecdc0;  1 drivers
L_0x9895b070390 .functor BUFT 1, C4<0000>, C4<0>, C4<0>, C4<0>;
v0x5716ed5873d0_0 .net *"_ivl_530", 3 0, L_0x9895b070390;  1 drivers
v0x5716ed5874b0_0 .net *"_ivl_534", 27 0, L_0x5716ed5ec9a0;  1 drivers
L_0x9895b0703d8 .functor BUFT 1, C4<0000>, C4<0>, C4<0>, C4<0>;
v0x5716ed587590_0 .net *"_ivl_536", 3 0, L_0x9895b0703d8;  1 drivers
v0x5716ed587670_0 .net *"_ivl_54", 0 0, L_0x5716ed5d5c40;  1 drivers
v0x5716ed587730_0 .net *"_ivl_540", 27 0, L_0x5716ed5ecbb0;  1 drivers
L_0x9895b070420 .functor BUFT 1, C4<0000>, C4<0>, C4<0>, C4<0>;
v0x5716ed587810_0 .net *"_ivl_542", 3 0, L_0x9895b070420;  1 drivers
v0x5716ed5878f0_0 .net *"_ivl_546", 27 0, L_0x5716ed5ecff0;  1 drivers
L_0x9895b070468 .functor BUFT 1, C4<0000>, C4<0>, C4<0>, C4<0>;
v0x5716ed5879d0_0 .net *"_ivl_548", 3 0, L_0x9895b070468;  1 drivers
v0x5716ed587ab0_0 .net *"_ivl_552", 27 0, L_0x5716ed5ed1d0;  1 drivers
L_0x9895b0704b0 .functor BUFT 1, C4<0000>, C4<0>, C4<0>, C4<0>;
v0x5716ed587b90_0 .net *"_ivl_554", 3 0, L_0x9895b0704b0;  1 drivers
v0x5716ed587c70_0 .net *"_ivl_56", 31 0, L_0x5716ed5d5df0;  1 drivers
L_0x9895b0704f8 .functor BUFT 1, C4<00000000000000000000000000000001>, C4<0>, C4<0>, C4<0>;
v0x5716ed587d50_0 .net/2u *"_ivl_568", 31 0, L_0x9895b0704f8;  1 drivers
v0x5716ed587e30_0 .net *"_ivl_570", 0 0, L_0x5716ed5edeb0;  1 drivers
v0x5716ed587ef0_0 .net *"_ivl_573", 0 0, L_0x5716ed5ed480;  1 drivers
v0x5716ed587fb0_0 .net *"_ivl_575", 0 0, L_0x5716ed5ed5b0;  1 drivers
v0x5716ed588070_0 .net *"_ivl_577", 0 0, L_0x5716ed5ed840;  1 drivers
v0x5716ed588130_0 .net *"_ivl_579", 0 0, L_0x5716ed5edfa0;  1 drivers
v0x5716ed5881f0_0 .net *"_ivl_581", 0 0, L_0x5716ed5ee060;  1 drivers
v0x5716ed5882b0_0 .net *"_ivl_582", 31 0, L_0x5716ed5ee350;  1 drivers
L_0x9895b070540 .functor BUFT 1, C4<00000000000000000000000000000>, C4<0>, C4<0>, C4<0>;
v0x5716ed588390_0 .net *"_ivl_585", 28 0, L_0x9895b070540;  1 drivers
L_0x9895b070588 .functor BUFT 1, C4<00000000000000000000000000000110>, C4<0>, C4<0>, C4<0>;
v0x5716ed588470_0 .net/2u *"_ivl_586", 31 0, L_0x9895b070588;  1 drivers
v0x5716ed588550_0 .net *"_ivl_588", 0 0, L_0x5716ed5ee9e0;  1 drivers
L_0x9895b06e728 .functor BUFT 1, C4<00000000000000000000000000000>, C4<0>, C4<0>, C4<0>;
v0x5716ed588610_0 .net *"_ivl_59", 28 0, L_0x9895b06e728;  1 drivers
v0x5716ed5886f0_0 .net *"_ivl_591", 0 0, L_0x5716ed5ee4b0;  1 drivers
L_0x9895b0705d0 .functor BUFT 1, C4<00000000000000000000000000000000>, C4<0>, C4<0>, C4<0>;
v0x5716ed5887b0_0 .net/2u *"_ivl_592", 31 0, L_0x9895b0705d0;  1 drivers
v0x5716ed588890_0 .net *"_ivl_594", 0 0, L_0x5716ed5ee5c0;  1 drivers
v0x5716ed588950_0 .net *"_ivl_597", 0 0, L_0x5716ed5ee700;  1 drivers
v0x5716ed588a10_0 .net *"_ivl_599", 0 0, L_0x5716ed5ee810;  1 drivers
v0x5716ed588ad0_0 .net *"_ivl_6", 0 0, L_0x5716ed5d4960;  1 drivers
L_0x9895b06e770 .functor BUFT 1, C4<00000000000000000000000000000010>, C4<0>, C4<0>, C4<0>;
v0x5716ed588b90_0 .net/2u *"_ivl_60", 31 0, L_0x9895b06e770;  1 drivers
v0x5716ed588c70_0 .net *"_ivl_601", 0 0, L_0x5716ed5ee8b0;  1 drivers
L_0x9895b070618 .functor BUFT 1, C4<xxxxxxxxxxxxxxxxxxxxxxxxxxxxxxxxxxxxxxxxxxxxxxxxxxxxxxxxxxxxxxxxxxxxxxxxxxxxxxxxxxxxxxxxxxxxxxxxxxxxxxxxxxxxxxxxxxxxxxxxxxxxxxxxxxxxxxxxx>, C4<0>, C4<0>, C4<0>;
v0x5716ed588d30_0 .net *"_ivl_602", 136 0, L_0x9895b070618;  1 drivers
v0x5716ed588e10_0 .net *"_ivl_604", 136 0, L_0x5716ed5eebc0;  1 drivers
L_0x9895b070660 .functor BUFT 1, C4<00000000000000000000000000000001>, C4<0>, C4<0>, C4<0>;
v0x5716ed588ef0_0 .net/2u *"_ivl_608", 31 0, L_0x9895b070660;  1 drivers
v0x5716ed588fd0_0 .net *"_ivl_610", 0 0, L_0x5716ed5ef670;  1 drivers
v0x5716ed589090_0 .net *"_ivl_613", 0 0, L_0x5716ed5ef710;  1 drivers
v0x5716ed589150_0 .net *"_ivl_615", 0 0, L_0x5716ed5ef1b0;  1 drivers
v0x5716ed589210_0 .net *"_ivl_617", 0 0, L_0x5716ed5ef470;  1 drivers
v0x5716ed5892d0_0 .net *"_ivl_619", 0 0, L_0x5716ed5ef510;  1 drivers
v0x5716ed589390_0 .net *"_ivl_62", 0 0, L_0x5716ed5d5ee0;  1 drivers
v0x5716ed589450_0 .net *"_ivl_621", 0 0, L_0x5716ed5ef5d0;  1 drivers
v0x5716ed589510_0 .net *"_ivl_622", 31 0, L_0x5716ed5eff30;  1 drivers
L_0x9895b0706a8 .functor BUFT 1, C4<00000000000000000000000000000>, C4<0>, C4<0>, C4<0>;
v0x5716ed5895f0_0 .net *"_ivl_625", 28 0, L_0x9895b0706a8;  1 drivers
L_0x9895b0706f0 .functor BUFT 1, C4<00000000000000000000000000000110>, C4<0>, C4<0>, C4<0>;
v0x5716ed5896d0_0 .net/2u *"_ivl_626", 31 0, L_0x9895b0706f0;  1 drivers
v0x5716ed5897b0_0 .net *"_ivl_628", 0 0, L_0x5716ed5ef800;  1 drivers
v0x5716ed589870_0 .net *"_ivl_631", 0 0, L_0x5716ed5ef940;  1 drivers
L_0x9895b070738 .functor BUFT 1, C4<00000000000000000000000000000001>, C4<0>, C4<0>, C4<0>;
v0x5716ed589930_0 .net/2u *"_ivl_632", 31 0, L_0x9895b070738;  1 drivers
v0x5716ed589a10_0 .net *"_ivl_634", 0 0, L_0x5716ed5efa50;  1 drivers
v0x5716ed589ad0_0 .net *"_ivl_637", 0 0, L_0x5716ed5efb80;  1 drivers
v0x5716ed589b90_0 .net *"_ivl_639", 0 0, L_0x5716ed5f04c0;  1 drivers
v0x5716ed589c50_0 .net *"_ivl_64", 31 0, L_0x5716ed5d60a0;  1 drivers
v0x5716ed589d30_0 .net *"_ivl_641", 0 0, L_0x5716ed5f07a0;  1 drivers
v0x5716ed589df0_0 .net *"_ivl_643", 0 0, L_0x5716ed5effd0;  1 drivers
v0x5716ed589eb0_0 .net *"_ivl_645", 0 0, L_0x5716ed5f00d0;  1 drivers
v0x5716ed589f70_0 .net *"_ivl_646", 31 0, L_0x5716ed5f0410;  1 drivers
L_0x9895b070780 .functor BUFT 1, C4<00000000000000000000000000000>, C4<0>, C4<0>, C4<0>;
v0x5716ed58a050_0 .net *"_ivl_649", 28 0, L_0x9895b070780;  1 drivers
L_0x9895b0707c8 .functor BUFT 1, C4<00000000000000000000000000000110>, C4<0>, C4<0>, C4<0>;
v0x5716ed58a130_0 .net/2u *"_ivl_650", 31 0, L_0x9895b0707c8;  1 drivers
v0x5716ed58a210_0 .net *"_ivl_652", 0 0, L_0x5716ed5f0dd0;  1 drivers
v0x5716ed58a2d0_0 .net *"_ivl_655", 0 0, L_0x5716ed5f0840;  1 drivers
v0x5716ed58a390_0 .net *"_ivl_657", 0 0, L_0x5716ed5f0950;  1 drivers
v0x5716ed58a450_0 .net *"_ivl_659", 0 0, L_0x5716ed5f09f0;  1 drivers
L_0x9895b070810 .functor BUFT 1, C4<00000000000000000000000000000000>, C4<0>, C4<0>, C4<0>;
v0x5716ed58a510_0 .net/2u *"_ivl_660", 31 0, L_0x9895b070810;  1 drivers
v0x5716ed58a5f0_0 .net *"_ivl_662", 0 0, L_0x5716ed5f1420;  1 drivers
v0x5716ed58a6b0_0 .net *"_ivl_665", 0 0, L_0x5716ed5f0f10;  1 drivers
v0x5716ed58a770_0 .net *"_ivl_667", 0 0, L_0x5716ed5f0fd0;  1 drivers
v0x5716ed58a830_0 .net *"_ivl_669", 0 0, L_0x5716ed5f1070;  1 drivers
L_0x9895b06e7b8 .functor BUFT 1, C4<00000000000000000000000000000>, C4<0>, C4<0>, C4<0>;
v0x5716ed58a8f0_0 .net *"_ivl_67", 28 0, L_0x9895b06e7b8;  1 drivers
L_0x9895b070858 .functor BUFT 1, C4<00000000000000000000000000000000>, C4<0>, C4<0>, C4<0>;
v0x5716ed58a9d0_0 .net/2u *"_ivl_670", 31 0, L_0x9895b070858;  1 drivers
v0x5716ed58aab0_0 .net *"_ivl_672", 0 0, L_0x5716ed5f1a30;  1 drivers
v0x5716ed58ab70_0 .net *"_ivl_675", 0 0, L_0x5716ed5f1510;  1 drivers
v0x5716ed58ac30_0 .net *"_ivl_677", 0 0, L_0x5716ed5f15d0;  1 drivers
v0x5716ed58acf0_0 .net *"_ivl_679", 0 0, L_0x5716ed5f1670;  1 drivers
L_0x9895b06e800 .functor BUFT 1, C4<00000000000000000000000000000011>, C4<0>, C4<0>, C4<0>;
v0x5716ed58adb0_0 .net/2u *"_ivl_68", 31 0, L_0x9895b06e800;  1 drivers
v0x5716ed58ae90_0 .net *"_ivl_681", 0 0, L_0x5716ed5f1990;  1 drivers
v0x5716ed58af50_0 .net *"_ivl_683", 0 0, L_0x5716ed5f2010;  1 drivers
L_0x9895b0708a0 .functor BUFT 1, C4<0>, C4<0>, C4<0>, C4<0>;
v0x5716ed58b010_0 .net/2u *"_ivl_684", 0 0, L_0x9895b0708a0;  1 drivers
v0x5716ed58b0f0_0 .net *"_ivl_686", 0 0, L_0x5716ed5f2120;  1 drivers
L_0x9895b0708e8 .functor BUFT 1, C4<00000000000000000000000000000001>, C4<0>, C4<0>, C4<0>;
v0x5716ed58b1d0_0 .net/2u *"_ivl_692", 31 0, L_0x9895b0708e8;  1 drivers
v0x5716ed58b2b0_0 .net *"_ivl_694", 0 0, L_0x5716ed5f1cb0;  1 drivers
v0x5716ed58b370_0 .net *"_ivl_697", 0 0, L_0x5716ed5f1da0;  1 drivers
v0x5716ed58b430_0 .net *"_ivl_699", 0 0, L_0x5716ed5f1e40;  1 drivers
v0x5716ed58b4f0_0 .net *"_ivl_70", 0 0, L_0x5716ed5d61d0;  1 drivers
v0x5716ed58b5b0_0 .net *"_ivl_701", 0 0, L_0x5716ed5f1f30;  1 drivers
L_0x9895b070930 .functor BUFT 1, C4<000000000000000000000000000000000>, C4<0>, C4<0>, C4<0>;
v0x5716ed58b670_0 .net/2u *"_ivl_702", 32 0, L_0x9895b070930;  1 drivers
v0x5716ed58b750_0 .net *"_ivl_704", 0 0, L_0x5716ed5f2b80;  1 drivers
v0x5716ed58b810_0 .net *"_ivl_707", 0 0, L_0x5716ed5f2c70;  1 drivers
v0x5716ed58b8d0_0 .net *"_ivl_709", 0 0, L_0x5716ed5f2d80;  1 drivers
L_0x9895b070978 .functor BUFT 1, C4<00000000000000000000000000000010>, C4<0>, C4<0>, C4<0>;
v0x5716ed58b990_0 .net/2u *"_ivl_714", 31 0, L_0x9895b070978;  1 drivers
v0x5716ed58ba70_0 .net *"_ivl_716", 0 0, L_0x5716ed5f3520;  1 drivers
v0x5716ed58bb30_0 .net *"_ivl_719", 0 0, L_0x5716ed5f2350;  1 drivers
v0x5716ed58bbf0_0 .net *"_ivl_72", 31 0, L_0x5716ed5d63a0;  1 drivers
L_0x9895b0709c0 .functor BUFT 1, C4<000000000000000000000000000000000>, C4<0>, C4<0>, C4<0>;
v0x5716ed58bcd0_0 .net/2u *"_ivl_720", 32 0, L_0x9895b0709c0;  1 drivers
v0x5716ed58bdb0_0 .net *"_ivl_722", 0 0, L_0x5716ed5f2480;  1 drivers
v0x5716ed58be70_0 .net *"_ivl_725", 0 0, L_0x5716ed5f2570;  1 drivers
v0x5716ed58bf30_0 .net *"_ivl_727", 0 0, L_0x5716ed5f2680;  1 drivers
v0x5716ed58bff0_0 .net *"_ivl_729", 0 0, L_0x5716ed5f2790;  1 drivers
v0x5716ed58c0b0_0 .net *"_ivl_731", 0 0, L_0x5716ed5f2830;  1 drivers
L_0x9895b070a08 .functor BUFT 1, C4<01>, C4<0>, C4<0>, C4<0>;
v0x5716ed58c170_0 .net/2s *"_ivl_732", 1 0, L_0x9895b070a08;  1 drivers
L_0x9895b070a50 .functor BUFT 1, C4<00000000000000000000000000000000>, C4<0>, C4<0>, C4<0>;
v0x5716ed58c250_0 .net/2u *"_ivl_734", 31 0, L_0x9895b070a50;  1 drivers
v0x5716ed58c330_0 .net *"_ivl_736", 0 0, L_0x5716ed5f3ee0;  1 drivers
v0x5716ed58c3f0_0 .net *"_ivl_739", 0 0, L_0x5716ed5f3610;  1 drivers
v0x5716ed58c4b0_0 .net *"_ivl_741", 0 0, L_0x5716ed5f3700;  1 drivers
v0x5716ed58c570_0 .net *"_ivl_743", 0 0, L_0x5716ed5f37a0;  1 drivers
v0x5716ed58c630_0 .net *"_ivl_744", 31 0, L_0x5716ed5f45d0;  1 drivers
L_0x9895b070a98 .functor BUFT 1, C4<000000000000000000000000>, C4<0>, C4<0>, C4<0>;
v0x5716ed58c710_0 .net *"_ivl_747", 23 0, L_0x9895b070a98;  1 drivers
L_0x9895b070ae0 .functor BUFT 1, C4<00000000000000000000000000000001>, C4<0>, C4<0>, C4<0>;
v0x5716ed58c7f0_0 .net/2u *"_ivl_748", 31 0, L_0x9895b070ae0;  1 drivers
L_0x9895b06e848 .functor BUFT 1, C4<00000000000000000000000000000>, C4<0>, C4<0>, C4<0>;
v0x5716ed58c8d0_0 .net *"_ivl_75", 28 0, L_0x9895b06e848;  1 drivers
v0x5716ed58c9b0_0 .net *"_ivl_750", 0 0, L_0x5716ed5f4710;  1 drivers
v0x5716ed58ca70_0 .net *"_ivl_753", 0 0, L_0x5716ed5f4020;  1 drivers
v0x5716ed58cb30_0 .net *"_ivl_755", 0 0, L_0x5716ed5f4130;  1 drivers
v0x5716ed58cbf0_0 .net *"_ivl_757", 0 0, L_0x5716ed5f4240;  1 drivers
v0x5716ed58ccb0_0 .net *"_ivl_759", 0 0, L_0x5716ed5f42e0;  1 drivers
L_0x9895b06e890 .functor BUFT 1, C4<00000000000000000000000000000100>, C4<0>, C4<0>, C4<0>;
v0x5716ed58cd70_0 .net/2u *"_ivl_76", 31 0, L_0x9895b06e890;  1 drivers
L_0x9895b070b28 .functor BUFT 1, C4<01>, C4<0>, C4<0>, C4<0>;
v0x5716ed58ce50_0 .net/2s *"_ivl_760", 1 0, L_0x9895b070b28;  1 drivers
L_0x9895b070b70 .functor BUFT 1, C4<00>, C4<0>, C4<0>, C4<0>;
v0x5716ed58cf30_0 .net/2s *"_ivl_762", 1 0, L_0x9895b070b70;  1 drivers
v0x5716ed58d010_0 .net *"_ivl_764", 1 0, L_0x5716ed5f43f0;  1 drivers
v0x5716ed58d0f0_0 .net *"_ivl_766", 1 0, L_0x5716ed5f4e20;  1 drivers
L_0x9895b070bb8 .functor BUFT 1, C4<00000000000000000000000000100000>, C4<0>, C4<0>, C4<0>;
v0x5716ed58d1d0_0 .net/2u *"_ivl_770", 31 0, L_0x9895b070bb8;  1 drivers
v0x5716ed58d2b0_0 .net *"_ivl_772", 0 0, L_0x5716ed5f4850;  1 drivers
v0x5716ed58d370_0 .net *"_ivl_774", 127 0, L_0x5716ed5f4940;  1 drivers
L_0x9895b070c00 .functor BUFT 1, C4<000000000000000000000000000000000000000000000000000000000000000000000000000000000000000000000000>, C4<0>, C4<0>, C4<0>;
v0x5716ed58d450_0 .net *"_ivl_777", 95 0, L_0x9895b070c00;  1 drivers
v0x5716ed58d530_0 .net *"_ivl_778", 127 0, L_0x5716ed5f4a30;  1 drivers
v0x5716ed58d610_0 .net *"_ivl_78", 0 0, L_0x5716ed5d6490;  1 drivers
L_0x9895b070c48 .functor BUFT 1, C4<000000000000000000000000000000000000000000000000000000000000000000000000000000000000000000000000>, C4<0>, C4<0>, C4<0>;
v0x5716ed58d6d0_0 .net *"_ivl_781", 95 0, L_0x9895b070c48;  1 drivers
v0x5716ed58d7b0_0 .net *"_ivl_782", 127 0, L_0x5716ed5f4b20;  1 drivers
v0x5716ed58d890_0 .net *"_ivl_784", 127 0, L_0x5716ed5f4d50;  1 drivers
v0x5716ed58d970_0 .net *"_ivl_786", 126 0, L_0x5716ed5f4c60;  1 drivers
L_0x9895b070c90 .functor BUFT 1, C4<0>, C4<0>, C4<0>, C4<0>;
v0x5716ed58da50_0 .net *"_ivl_788", 0 0, L_0x9895b070c90;  1 drivers
L_0x9895b070cd8 .functor BUFT 1, C4<00000000000000000000000000001110>, C4<0>, C4<0>, C4<0>;
v0x5716ed58db30_0 .net/2u *"_ivl_790", 31 0, L_0x9895b070cd8;  1 drivers
v0x5716ed58dc10_0 .net *"_ivl_792", 0 0, L_0x5716ed5f50a0;  1 drivers
v0x5716ed58dcd0_0 .net *"_ivl_794", 127 0, L_0x5716ed5f51e0;  1 drivers
L_0x9895b070d20 .functor BUFT 1, C4<000000000000000000000000000000000000000000000000000000000000000000000000000000000000000000000000>, C4<0>, C4<0>, C4<0>;
v0x5716ed58ddb0_0 .net *"_ivl_797", 95 0, L_0x9895b070d20;  1 drivers
v0x5716ed58de90_0 .net *"_ivl_798", 127 0, L_0x5716ed5f5410;  1 drivers
v0x5716ed58df70_0 .net *"_ivl_80", 31 0, L_0x5716ed5d6670;  1 drivers
v0x5716ed58e050_0 .net *"_ivl_800", 126 0, L_0x5716ed5f5320;  1 drivers
L_0x9895b070d68 .functor BUFT 1, C4<0>, C4<0>, C4<0>, C4<0>;
v0x5716ed58e130_0 .net *"_ivl_802", 0 0, L_0x9895b070d68;  1 drivers
L_0x9895b070db0 .functor BUFT 1, C4<xxxxxxxxxxxxxxxxxxxxxxxxxxxxxxxxxxxxxxxxxxxxxxxxxxxxxxxxxxxxxxxxxxxxxxxxxxxxxxxxxxxxxxxxxxxxxxxxxxxxxxxxxxxxxxxxxxxxxxxxxxxxxxxx>, C4<0>, C4<0>, C4<0>;
v0x5716ed58e210_0 .net *"_ivl_804", 127 0, L_0x9895b070db0;  1 drivers
v0x5716ed58e2f0_0 .net *"_ivl_806", 127 0, L_0x5716ed5f5550;  1 drivers
L_0x9895b070df8 .functor BUFT 1, C4<00000000000000000000000000100000>, C4<0>, C4<0>, C4<0>;
v0x5716ed58e3d0_0 .net/2u *"_ivl_810", 31 0, L_0x9895b070df8;  1 drivers
v0x5716ed58e4b0_0 .net *"_ivl_812", 0 0, L_0x5716ed5f5880;  1 drivers
L_0x9895b070e40 .functor BUFT 1, C4<1>, C4<0>, C4<0>, C4<0>;
v0x5716ed58e570_0 .net/2u *"_ivl_814", 0 0, L_0x9895b070e40;  1 drivers
L_0x9895b070e88 .functor BUFT 1, C4<00000000000000000000000000001110>, C4<0>, C4<0>, C4<0>;
v0x5716ed58e650_0 .net/2u *"_ivl_816", 31 0, L_0x9895b070e88;  1 drivers
v0x5716ed58e730_0 .net *"_ivl_818", 0 0, L_0x5716ed5f5970;  1 drivers
L_0x9895b070ed0 .functor BUFT 1, C4<1>, C4<0>, C4<0>, C4<0>;
v0x5716ed58e7f0_0 .net/2u *"_ivl_820", 0 0, L_0x9895b070ed0;  1 drivers
L_0x9895b070f18 .functor BUFT 1, C4<0>, C4<0>, C4<0>, C4<0>;
v0x5716ed58e8d0_0 .net/2u *"_ivl_822", 0 0, L_0x9895b070f18;  1 drivers
v0x5716ed58e9b0_0 .net *"_ivl_824", 0 0, L_0x5716ed5f5aa0;  1 drivers
v0x5716ed58ea90_0 .net *"_ivl_829", 63 0, L_0x5716ed5f6560;  1 drivers
L_0x9895b06e8d8 .functor BUFT 1, C4<00000000000000000000000000000>, C4<0>, C4<0>, C4<0>;
v0x5716ed58eb70_0 .net *"_ivl_83", 28 0, L_0x9895b06e8d8;  1 drivers
v0x5716ed58ec50_0 .net *"_ivl_830", 63 0, L_0x5716ed5f5e60;  1 drivers
v0x5716ed58ed30_0 .net *"_ivl_832", 59 0, L_0x5716ed5f6600;  1 drivers
L_0x9895b070f60 .functor BUFT 1, C4<0000>, C4<0>, C4<0>, C4<0>;
v0x5716ed58ee10_0 .net *"_ivl_834", 3 0, L_0x9895b070f60;  1 drivers
L_0x9895b06e920 .functor BUFT 1, C4<00000000000000000000000000000101>, C4<0>, C4<0>, C4<0>;
v0x5716ed58eef0_0 .net/2u *"_ivl_84", 31 0, L_0x9895b06e920;  1 drivers
v0x5716ed58efd0_0 .net *"_ivl_840", 27 0, L_0x5716ed5f6090;  1 drivers
L_0x9895b070fa8 .functor BUFT 1, C4<0000>, C4<0>, C4<0>, C4<0>;
v0x5716ed58f0b0_0 .net *"_ivl_842", 3 0, L_0x9895b070fa8;  1 drivers
v0x5716ed58f190_0 .net *"_ivl_845", 63 0, L_0x5716ed5f62c0;  1 drivers
v0x5716ed58f270_0 .net *"_ivl_846", 63 0, L_0x5716ed5f6d90;  1 drivers
v0x5716ed58f350_0 .net *"_ivl_848", 59 0, L_0x5716ed5f6400;  1 drivers
L_0x9895b070ff0 .functor BUFT 1, C4<0000>, C4<0>, C4<0>, C4<0>;
v0x5716ed583ba0_0 .net *"_ivl_850", 3 0, L_0x9895b070ff0;  1 drivers
v0x5716ed583c80_0 .net *"_ivl_856", 27 0, L_0x5716ed5f66f0;  1 drivers
L_0x9895b071038 .functor BUFT 1, C4<0000>, C4<0>, C4<0>, C4<0>;
v0x5716ed583d60_0 .net *"_ivl_858", 3 0, L_0x9895b071038;  1 drivers
v0x5716ed583e40_0 .net *"_ivl_86", 0 0, L_0x5716ed5d6760;  1 drivers
L_0x9895b071080 .functor BUFT 1, C4<00000000000000000000000000000000>, C4<0>, C4<0>, C4<0>;
v0x5716ed583f00_0 .net/2u *"_ivl_872", 31 0, L_0x9895b071080;  1 drivers
v0x5716ed583fe0_0 .net *"_ivl_874", 0 0, L_0x5716ed5f7c10;  1 drivers
v0x5716ed5840a0_0 .net *"_ivl_877", 0 0, L_0x5716ed5f6fc0;  1 drivers
v0x5716ed584160_0 .net *"_ivl_879", 0 0, L_0x5716ed5f70d0;  1 drivers
v0x5716ed584220_0 .net *"_ivl_88", 31 0, L_0x5716ed5d65d0;  1 drivers
v0x5716ed584300_0 .net *"_ivl_881", 0 0, L_0x5716ed5f7170;  1 drivers
L_0x9895b0710c8 .functor BUFT 1, C4<xxxxxxxxxxxxxxxxxxxxxxxxxxxxxxxxxxxxxxxxxxxxxxxxxxxxxxxxxxxxxxxxxxxxxxxxxxxxxxxxxxxxxxxxxxxxxxxxxxxxxxxxxxxxxxxxxxxxxxxxxxxxxxxxxxxxxxxxx>, C4<0>, C4<0>, C4<0>;
v0x5716ed5843c0_0 .net *"_ivl_882", 136 0, L_0x9895b0710c8;  1 drivers
L_0x9895b071110 .functor BUFT 1, C4<00000000000000000000000000000000>, C4<0>, C4<0>, C4<0>;
v0x5716ed5844a0_0 .net/2u *"_ivl_886", 31 0, L_0x9895b071110;  1 drivers
v0x5716ed584580_0 .net *"_ivl_888", 0 0, L_0x5716ed5f84d0;  1 drivers
v0x5716ed584640_0 .net *"_ivl_891", 0 0, L_0x5716ed5f8610;  1 drivers
v0x5716ed584700_0 .net *"_ivl_893", 0 0, L_0x5716ed5f86d0;  1 drivers
v0x5716ed5847c0_0 .net *"_ivl_895", 0 0, L_0x5716ed5f7d00;  1 drivers
L_0x9895b071158 .functor BUFT 1, C4<00000000000000000000000000000000>, C4<0>, C4<0>, C4<0>;
v0x5716ed584880_0 .net/2u *"_ivl_896", 31 0, L_0x9895b071158;  1 drivers
v0x5716ed584960_0 .net *"_ivl_898", 0 0, L_0x5716ed5f80d0;  1 drivers
v0x5716ed584a20_0 .net *"_ivl_9", 0 0, L_0x5716ed5d4a50;  1 drivers
v0x5716ed591400_0 .net *"_ivl_901", 0 0, L_0x5716ed5f81c0;  1 drivers
v0x5716ed5914a0_0 .net *"_ivl_903", 0 0, L_0x5716ed5f8310;  1 drivers
v0x5716ed591540_0 .net *"_ivl_905", 0 0, L_0x5716ed5f8f00;  1 drivers
v0x5716ed5915e0_0 .net *"_ivl_907", 0 0, L_0x5716ed5f92e0;  1 drivers
v0x5716ed591680_0 .net *"_ivl_909", 0 0, L_0x5716ed5f9380;  1 drivers
L_0x9895b06e968 .functor BUFT 1, C4<00000000000000000000000000000>, C4<0>, C4<0>, C4<0>;
v0x5716ed591740_0 .net *"_ivl_91", 28 0, L_0x9895b06e968;  1 drivers
L_0x9895b0711a0 .functor BUFT 1, C4<0>, C4<0>, C4<0>, C4<0>;
v0x5716ed591820_0 .net/2u *"_ivl_910", 0 0, L_0x9895b0711a0;  1 drivers
v0x5716ed591900_0 .net *"_ivl_918", 27 0, L_0x5716ed5f89e0;  1 drivers
L_0x9895b06e9b0 .functor BUFT 1, C4<00000000000000000000000000000110>, C4<0>, C4<0>, C4<0>;
v0x5716ed5919e0_0 .net/2u *"_ivl_92", 31 0, L_0x9895b06e9b0;  1 drivers
L_0x9895b0711e8 .functor BUFT 1, C4<0000>, C4<0>, C4<0>, C4<0>;
v0x5716ed591ac0_0 .net *"_ivl_920", 3 0, L_0x9895b0711e8;  1 drivers
v0x5716ed591ba0_0 .net *"_ivl_924", 27 0, L_0x5716ed5f8bc0;  1 drivers
L_0x9895b071230 .functor BUFT 1, C4<0000>, C4<0>, C4<0>, C4<0>;
v0x5716ed591c80_0 .net *"_ivl_926", 3 0, L_0x9895b071230;  1 drivers
v0x5716ed591d60_0 .net *"_ivl_930", 27 0, L_0x5716ed5f8df0;  1 drivers
L_0x9895b071278 .functor BUFT 1, C4<0000>, C4<0>, C4<0>, C4<0>;
v0x5716ed591e40_0 .net *"_ivl_932", 3 0, L_0x9895b071278;  1 drivers
v0x5716ed591f20_0 .net *"_ivl_936", 27 0, L_0x5716ed5f9db0;  1 drivers
L_0x9895b0712c0 .functor BUFT 1, C4<0000>, C4<0>, C4<0>, C4<0>;
v0x5716ed592000_0 .net *"_ivl_938", 3 0, L_0x9895b0712c0;  1 drivers
v0x5716ed5920e0_0 .net *"_ivl_94", 0 0, L_0x5716ed5d69a0;  1 drivers
v0x5716ed5921a0_0 .net *"_ivl_942", 27 0, L_0x5716ed5f9670;  1 drivers
L_0x9895b071308 .functor BUFT 1, C4<0000>, C4<0>, C4<0>, C4<0>;
v0x5716ed592280_0 .net *"_ivl_944", 3 0, L_0x9895b071308;  1 drivers
v0x5716ed592360_0 .net *"_ivl_948", 27 0, L_0x5716ed5f9850;  1 drivers
L_0x9895b071350 .functor BUFT 1, C4<0000>, C4<0>, C4<0>, C4<0>;
v0x5716ed592440_0 .net *"_ivl_950", 3 0, L_0x9895b071350;  1 drivers
v0x5716ed592520_0 .net *"_ivl_954", 27 0, L_0x5716ed5f9a80;  1 drivers
L_0x9895b071398 .functor BUFT 1, C4<0000>, C4<0>, C4<0>, C4<0>;
v0x5716ed592600_0 .net *"_ivl_956", 3 0, L_0x9895b071398;  1 drivers
L_0x9895b06e9f8 .functor BUFT 1, C4<xxxxxxxxxxxxxxxxxxxxxxxxxxxxxxxxxxxxxxxxxxxxxxxxxxxxxxxxxxxxxxxx>, C4<0>, C4<0>, C4<0>;
v0x5716ed5926e0_0 .net *"_ivl_96", 63 0, L_0x9895b06e9f8;  1 drivers
v0x5716ed5927c0_0 .net *"_ivl_960", 27 0, L_0x5716ed5fa670;  1 drivers
L_0x9895b0713e0 .functor BUFT 1, C4<0000>, C4<0>, C4<0>, C4<0>;
v0x5716ed5928a0_0 .net *"_ivl_962", 3 0, L_0x9895b0713e0;  1 drivers
v0x5716ed592980_0 .net *"_ivl_966", 27 0, L_0x5716ed5f9fe0;  1 drivers
L_0x9895b071428 .functor BUFT 1, C4<0000>, C4<0>, C4<0>, C4<0>;
v0x5716ed592a60_0 .net *"_ivl_968", 3 0, L_0x9895b071428;  1 drivers
v0x5716ed592b40_0 .net *"_ivl_972", 27 0, L_0x5716ed5fa1c0;  1 drivers
L_0x9895b071470 .functor BUFT 1, C4<0000>, C4<0>, C4<0>, C4<0>;
v0x5716ed592c20_0 .net *"_ivl_974", 3 0, L_0x9895b071470;  1 drivers
v0x5716ed592d00_0 .net *"_ivl_978", 27 0, L_0x5716ed5fa3f0;  1 drivers
v0x5716ed592de0_0 .net *"_ivl_98", 63 0, L_0x5716ed5d6ba0;  1 drivers
L_0x9895b0714b8 .functor BUFT 1, C4<0000>, C4<0>, C4<0>, C4<0>;
v0x5716ed592ec0_0 .net *"_ivl_980", 3 0, L_0x9895b0714b8;  1 drivers
v0x5716ed592fa0_0 .net *"_ivl_984", 27 0, L_0x5716ed5faf20;  1 drivers
L_0x9895b071500 .functor BUFT 1, C4<0000>, C4<0>, C4<0>, C4<0>;
v0x5716ed593080_0 .net *"_ivl_986", 3 0, L_0x9895b071500;  1 drivers
L_0x9895b071548 .functor BUFT 1, C4<00000000000000000000000000000000>, C4<0>, C4<0>, C4<0>;
v0x5716ed593160_0 .net/2u *"_ivl_988", 31 0, L_0x9895b071548;  1 drivers
v0x5716ed593240_0 .net *"_ivl_990", 0 0, L_0x5716ed5fa8a0;  1 drivers
v0x5716ed593300_0 .net *"_ivl_993", 0 0, L_0x5716ed5fa990;  1 drivers
v0x5716ed5933c0_0 .net *"_ivl_995", 0 0, L_0x5716ed5faa80;  1 drivers
v0x5716ed593480_0 .net *"_ivl_997", 0 0, L_0x5716ed5fabb0;  1 drivers
v0x5716ed593540_0 .net *"_ivl_998", 31 0, L_0x5716ed5fac70;  1 drivers
v0x5716ed593620_0 .var/s "_memreq_thread_i_0", 31 0;
v0x5716ed593700_0 .var/s "_memreq_thread_j_1", 31 0;
v0x5716ed5937e0_0 .var "_sb_axi_m_llc_readdata_data_30", 128 0;
v0x5716ed5938c0_0 .net "_sb_axi_m_llc_readdata_m_ready_29", 0 0, L_0x5716ed5e00e0;  1 drivers
v0x5716ed593980_0 .net "_sb_axi_m_llc_readdata_m_value_37", 0 0, L_0x5716ed5e0790;  1 drivers
v0x5716ed593a40_0 .net "_sb_axi_m_llc_readdata_m_value_38", 127 0, L_0x5716ed5e0b10;  1 drivers
v0x5716ed593b20_0 .net "_sb_axi_m_llc_readdata_next_data_35", 128 0, L_0x5716ed5e04c0;  1 drivers
v0x5716ed593c00_0 .net "_sb_axi_m_llc_readdata_next_valid_36", 0 0, L_0x5716ed5e0600;  1 drivers
v0x5716ed593cc0_0 .net "_sb_axi_m_llc_readdata_ready_32", 0 0, L_0x5716ed5e0150;  1 drivers
v0x5716ed593d80_0 .net "_sb_axi_m_llc_readdata_s_data_27", 128 0, L_0x5716ed5dfb80;  1 drivers
v0x5716ed593e60_0 .net "_sb_axi_m_llc_readdata_s_valid_28", 0 0, L_0x5716ed5dff60;  1 drivers
v0x5716ed593f20_0 .net "_sb_axi_m_llc_readdata_s_value_25", 0 0, L_0x5716ed5dfc90;  1 drivers
v0x5716ed593fe0_0 .net "_sb_axi_m_llc_readdata_s_value_26", 127 0, L_0x5716ed5dfe00;  1 drivers
v0x5716ed5940c0_0 .var "_sb_axi_m_llc_readdata_tmp_data_33", 128 0;
v0x5716ed5941a0_0 .var "_sb_axi_m_llc_readdata_tmp_valid_34", 0 0;
v0x5716ed594260_0 .var "_sb_axi_m_llc_readdata_valid_31", 0 0;
v0x5716ed594320_0 .var "_sb_axi_m_llc_writedata_data_15", 144 0;
v0x5716ed594400_0 .net "_sb_axi_m_llc_writedata_m_ready_14", 0 0, L_0x5716ed5dea40;  1 drivers
v0x5716ed5944c0_0 .net "_sb_axi_m_llc_writedata_m_value_22", 0 0, L_0x5716ed5df0c0;  1 drivers
v0x5716ed594580_0 .net "_sb_axi_m_llc_writedata_m_value_23", 15 0, L_0x5716ed5df410;  1 drivers
v0x5716ed594660_0 .net "_sb_axi_m_llc_writedata_m_value_24", 127 0, L_0x5716ed5df500;  1 drivers
v0x5716ed594740_0 .net "_sb_axi_m_llc_writedata_next_data_20", 144 0, L_0x5716ed5dee40;  1 drivers
v0x5716ed594820_0 .net "_sb_axi_m_llc_writedata_next_valid_21", 0 0, L_0x5716ed5def80;  1 drivers
v0x5716ed5948e0_0 .net "_sb_axi_m_llc_writedata_ready_17", 0 0, L_0x5716ed5deb00;  1 drivers
v0x5716ed5949a0_0 .net "_sb_axi_m_llc_writedata_s_data_12", 144 0, L_0x5716ed5de820;  1 drivers
v0x5716ed594a80_0 .net "_sb_axi_m_llc_writedata_s_valid_13", 0 0, L_0x5716ed5de960;  1 drivers
v0x5716ed594b40_0 .net "_sb_axi_m_llc_writedata_s_value_10", 15 0, v0x5716ed475000_0;  1 drivers
v0x5716ed594c20_0 .net "_sb_axi_m_llc_writedata_s_value_11", 127 0, v0x5716ed48a710_0;  1 drivers
v0x5716ed594d00_0 .net "_sb_axi_m_llc_writedata_s_value_9", 0 0, v0x5716ed48a7b0_0;  1 drivers
v0x5716ed594dc0_0 .var "_sb_axi_m_llc_writedata_tmp_data_18", 144 0;
v0x5716ed594ea0_0 .var "_sb_axi_m_llc_writedata_tmp_valid_19", 0 0;
v0x5716ed594f60_0 .var "_sb_axi_m_llc_writedata_valid_16", 0 0;
v0x5716ed595020_0 .net "_tmp_109", 0 0, L_0x5716ed5f8940;  1 drivers
v0x5716ed595100_0 .net "_tmp_127", 0 0, L_0x5716ed5fe170;  1 drivers
v0x5716ed5951e0_0 .net "_tmp_130", 0 0, L_0x5716ed601530;  1 drivers
v0x5716ed5952c0_0 .net "_tmp_69", 0 0, L_0x5716ed5e9f90;  1 drivers
v0x5716ed5953a0_0 .net "_tmp_89", 0 0, L_0x5716ed5f1c10;  1 drivers
v0x5716ed595480_0 .net "_tmp_96", 0 0, L_0x5716ed5f3110;  1 drivers
v0x5716ed595560_0 .var "a_55", 63 0;
v0x5716ed595640_0 .var "addr_0", 31 0;
v0x5716ed595720_0 .var "addr_51", 63 0;
v0x5716ed595800_0 .var "axi_m_llc_araddr", 31 0;
v0x5716ed5958e0_0 .net "axi_m_llc_arburst", 1 0, L_0x9895b06f778;  alias, 1 drivers
v0x5716ed5959c0_0 .net "axi_m_llc_arcache", 3 0, L_0x9895b06f808;  alias, 1 drivers
v0x5716ed595aa0_0 .var "axi_m_llc_arlen", 7 0;
v0x5716ed595b80_0 .net "axi_m_llc_arlock", 0 0, L_0x9895b06f7c0;  alias, 1 drivers
v0x5716ed595c60_0 .net "axi_m_llc_arprot", 2 0, L_0x9895b06f850;  alias, 1 drivers
v0x5716ed595d40_0 .net "axi_m_llc_arqos", 3 0, L_0x9895b06f898;  alias, 1 drivers
v0x5716ed595e20_0 .net "axi_m_llc_arready", 0 0, v0x5716ed5a8520_0;  1 drivers
v0x5716ed595ee0_0 .net "axi_m_llc_arsize", 2 0, L_0x9895b06f730;  alias, 1 drivers
v0x5716ed595fc0_0 .net "axi_m_llc_aruser", 1 0, L_0x9895b06f8e0;  alias, 1 drivers
v0x5716ed5960a0_0 .var "axi_m_llc_arvalid", 0 0;
v0x5716ed596160_0 .var "axi_m_llc_awaddr", 31 0;
v0x5716ed596240_0 .net "axi_m_llc_awburst", 1 0, L_0x9895b06f538;  alias, 1 drivers
v0x5716ed596320_0 .net "axi_m_llc_awcache", 3 0, L_0x9895b06f5c8;  alias, 1 drivers
v0x5716ed596400_0 .var "axi_m_llc_awlen", 7 0;
v0x5716ed5964e0_0 .net "axi_m_llc_awlock", 0 0, L_0x9895b06f580;  alias, 1 drivers
v0x5716ed5965c0_0 .net "axi_m_llc_awprot", 2 0, L_0x9895b06f610;  alias, 1 drivers
v0x5716ed5966a0_0 .net "axi_m_llc_awqos", 3 0, L_0x9895b06f658;  alias, 1 drivers
v0x5716ed596780_0 .net "axi_m_llc_awready", 0 0, v0x5716ed5a8e10_0;  1 drivers
v0x5716ed596840_0 .net "axi_m_llc_awsize", 2 0, L_0x9895b06f4f0;  alias, 1 drivers
v0x5716ed596920_0 .net "axi_m_llc_awuser", 1 0, L_0x9895b06f6a0;  alias, 1 drivers
v0x5716ed596a00_0 .var "axi_m_llc_awvalid", 0 0;
v0x5716ed596ac0_0 .net "axi_m_llc_bready", 0 0, L_0x9895b06f6e8;  alias, 1 drivers
v0x5716ed596b80_0 .net "axi_m_llc_bresp", 1 0, v0x5716ed5a9220_0;  1 drivers
v0x5716ed596c60_0 .net "axi_m_llc_bvalid", 0 0, v0x5716ed5a92f0_0;  1 drivers
v0x5716ed596d20_0 .net "axi_m_llc_rdata", 127 0, v0x5716ed5a93c0_0;  1 drivers
v0x5716ed596e00_0 .net "axi_m_llc_rlast", 0 0, v0x5716ed5a9490_0;  1 drivers
v0x5716ed596ec0_0 .net "axi_m_llc_rready", 0 0, L_0x5716ed5e0ed0;  alias, 1 drivers
v0x5716ed596f80_0 .net "axi_m_llc_rresp", 1 0, v0x5716ed5a9630_0;  1 drivers
v0x5716ed597060_0 .net "axi_m_llc_rvalid", 0 0, v0x5716ed5a9700_0;  1 drivers
v0x5716ed597120_0 .net "axi_m_llc_wdata", 127 0, L_0x5716ed5df8b0;  alias, 1 drivers
v0x5716ed597200_0 .net "axi_m_llc_wlast", 0 0, L_0x5716ed5dfac0;  alias, 1 drivers
v0x5716ed5972c0_0 .net "axi_m_llc_wready", 0 0, v0x5716ed5a9970_0;  1 drivers
v0x5716ed597380_0 .net "axi_m_llc_wstrb", 15 0, L_0x5716ed5dfa00;  alias, 1 drivers
v0x5716ed597460_0 .net "axi_m_llc_wvalid", 0 0, v0x5716ed594f60_0;  alias, 1 drivers
v0x5716ed597520_0 .net "axi_s_ctrl_memreq_araddr", 31 0, v0x5716ed5a9be0_0;  1 drivers
v0x5716ed597600_0 .net "axi_s_ctrl_memreq_arcache", 3 0, v0x5716ed5a9cb0_0;  1 drivers
v0x5716ed5976e0_0 .net "axi_s_ctrl_memreq_arprot", 2 0, v0x5716ed5a9d80_0;  1 drivers
v0x5716ed5977c0_0 .net "axi_s_ctrl_memreq_arready", 0 0, L_0x5716ed5d5760;  alias, 1 drivers
v0x5716ed597880_0 .net "axi_s_ctrl_memreq_arvalid", 0 0, v0x5716ed5a9f20_0;  1 drivers
v0x5716ed597940_0 .net "axi_s_ctrl_memreq_awaddr", 31 0, v0x5716ed5a9ff0_0;  1 drivers
v0x5716ed597a20_0 .net "axi_s_ctrl_memreq_awcache", 3 0, v0x5716ed5aa0c0_0;  1 drivers
v0x5716ed597b00_0 .net "axi_s_ctrl_memreq_awprot", 2 0, v0x5716ed5aa190_0;  1 drivers
v0x5716ed597be0_0 .net "axi_s_ctrl_memreq_awready", 0 0, L_0x5716ed5d4f10;  alias, 1 drivers
v0x5716ed597ca0_0 .net "axi_s_ctrl_memreq_awvalid", 0 0, v0x5716ed5aa330_0;  1 drivers
v0x5716ed597d60_0 .net "axi_s_ctrl_memreq_bready", 0 0, v0x5716ed5aa400_0;  1 drivers
v0x5716ed597e20_0 .net "axi_s_ctrl_memreq_bresp", 1 0, L_0x9895b06e4e8;  alias, 1 drivers
v0x5716ed597f00_0 .var "axi_s_ctrl_memreq_bvalid", 0 0;
v0x5716ed597fc0_0 .var "axi_s_ctrl_memreq_rdata", 63 0;
v0x5716ed5980a0_0 .net "axi_s_ctrl_memreq_rready", 0 0, v0x5716ed5aa740_0;  1 drivers
v0x5716ed598160_0 .net "axi_s_ctrl_memreq_rresp", 1 0, L_0x9895b06e530;  alias, 1 drivers
v0x5716ed598240_0 .var "axi_s_ctrl_memreq_rvalid", 0 0;
v0x5716ed598300_0 .net "axi_s_ctrl_memreq_wdata", 63 0, v0x5716ed5aa9b0_0;  1 drivers
v0x5716ed5983e0_0 .net "axi_s_ctrl_memreq_wready", 0 0, L_0x5716ed5de360;  alias, 1 drivers
v0x5716ed5984a0_0 .net "axi_s_ctrl_memreq_wstrb", 7 0, v0x5716ed5aab50_0;  1 drivers
v0x5716ed598580_0 .net "axi_s_ctrl_memreq_wvalid", 0 0, v0x5716ed5aac20_0;  1 drivers
v0x5716ed598640_0 .var "axis_maskaddr_5", 2 0;
v0x5716ed598720_0 .net "axislite_flag_7", 0 0, L_0x5716ed5daa90;  1 drivers
v0x5716ed5987e0_0 .net/s "axislite_rdata_6", 63 0, L_0x5716ed5d75c0;  1 drivers
v0x5716ed5988c0_0 .net/s "axislite_resetval_8", 63 0, L_0x5716ed5de220;  1 drivers
v0x5716ed5989a0_0 .var "c_56", 63 0;
v0x5716ed598a80_0 .var "count__axi_m_llc_read_req_fifo", 3 0;
v0x5716ed598b60_0 .var "count__axi_m_llc_write_req_fifo", 3 0;
v0x5716ed598c40_0 .net "mask_addr_masked_101", 31 0, L_0x5716ed5f67e0;  1 drivers
v0x5716ed598d20_0 .net "mask_addr_masked_111", 31 0, L_0x5716ed5f8cb0;  1 drivers
v0x5716ed598e00_0 .net "mask_addr_masked_113", 31 0, L_0x5716ed5f9530;  1 drivers
v0x5716ed598ee0_0 .net "mask_addr_masked_115", 31 0, L_0x5716ed5f9940;  1 drivers
v0x5716ed598fc0_0 .net "mask_addr_masked_117", 31 0, L_0x5716ed5f9ea0;  1 drivers
v0x5716ed5990a0_0 .net "mask_addr_masked_119", 31 0, L_0x5716ed5fa2b0;  1 drivers
v0x5716ed599180_0 .net "mask_addr_masked_121", 31 0, L_0x5716ed5fa760;  1 drivers
v0x5716ed599260_0 .net "mask_addr_masked_61", 31 0, L_0x5716ed5e9080;  1 drivers
v0x5716ed599340_0 .net "mask_addr_masked_71", 31 0, L_0x5716ed5eaa20;  1 drivers
v0x5716ed599420_0 .net "mask_addr_masked_73", 31 0, L_0x5716ed5eb630;  1 drivers
v0x5716ed599500_0 .net "mask_addr_masked_75", 31 0, L_0x5716ed5ec230;  1 drivers
v0x5716ed5995e0_0 .net "mask_addr_masked_77", 31 0, L_0x5716ed5eceb0;  1 drivers
v0x5716ed5996c0_0 .net "mask_addr_masked_79", 31 0, L_0x5716ed5ecca0;  1 drivers
v0x5716ed5997a0_0 .net "mask_addr_masked_81", 31 0, L_0x5716ed5ed2c0;  1 drivers
v0x5716ed599880_0 .net "mask_addr_masked_99", 31 0, L_0x5716ed5f6180;  1 drivers
v0x5716ed599960_0 .net "mask_addr_shifted_100", 31 0, L_0x5716ed5f6ed0;  1 drivers
v0x5716ed599a40_0 .net "mask_addr_shifted_110", 31 0, L_0x5716ed5f8a80;  1 drivers
v0x5716ed599b20_0 .net "mask_addr_shifted_112", 31 0, L_0x5716ed5f9c70;  1 drivers
v0x5716ed599c00_0 .net "mask_addr_shifted_114", 31 0, L_0x5716ed5f9710;  1 drivers
v0x5716ed599ce0_0 .net "mask_addr_shifted_116", 31 0, L_0x5716ed5f9bb0;  1 drivers
v0x5716ed599dc0_0 .net "mask_addr_shifted_118", 31 0, L_0x5716ed5fa080;  1 drivers
v0x5716ed599ea0_0 .net "mask_addr_shifted_120", 31 0, L_0x5716ed5fa490;  1 drivers
v0x5716ed599f80_0 .net "mask_addr_shifted_60", 31 0, L_0x5716ed5e8b10;  1 drivers
v0x5716ed59a060_0 .net "mask_addr_shifted_70", 31 0, L_0x5716ed5ea480;  1 drivers
v0x5716ed59a140_0 .net "mask_addr_shifted_72", 31 0, L_0x5716ed5eb020;  1 drivers
v0x5716ed59a220_0 .net "mask_addr_shifted_74", 31 0, L_0x5716ed5ebc00;  1 drivers
v0x5716ed59a300_0 .net "mask_addr_shifted_76", 31 0, L_0x5716ed5ec8b0;  1 drivers
v0x5716ed59a3e0_0 .net "mask_addr_shifted_78", 31 0, L_0x5716ed5eca40;  1 drivers
v0x5716ed59a4c0_0 .net "mask_addr_shifted_80", 31 0, L_0x5716ed5ed090;  1 drivers
v0x5716ed59a5a0_0 .net "mask_addr_shifted_98", 31 0, L_0x5716ed5f5fa0;  1 drivers
v0x5716ed59a680_0 .var "mem_range_50", 63 0;
v0x5716ed59a760_0 .var "memreq_range_52", 63 0;
v0x5716ed59a840_0 .var "memreq_thread", 31 0;
v0x5716ed59a920_0 .var "num_49", 63 0;
v0x5716ed59aa00_0 .net "pack_read_req_local_addr_103", 31 0, v0x5716ed49f880_0;  1 drivers
v0x5716ed59aae0_0 .net "pack_read_req_local_blocksize_106", 31 0, v0x5716ed49f000_0;  1 drivers
v0x5716ed59abc0_0 .net "pack_read_req_local_size_105", 32 0, v0x5716ed499ad0_0;  1 drivers
v0x5716ed59aca0_0 .net "pack_read_req_local_stride_104", 31 0, v0x5716ed499830_0;  1 drivers
v0x5716ed59ad80_0 .net "pack_read_req_op_sel_102", 7 0, v0x5716ed29acd0_0;  1 drivers
v0x5716ed59ae60_0 .net "pack_read_req_packed_107", 136 0, L_0x5716ed5f79e0;  1 drivers
v0x5716ed59af40_0 .net "pack_write_req_local_addr_63", 31 0, L_0x5716ed5e9750;  1 drivers
v0x5716ed59b020_0 .net "pack_write_req_local_addr_83", 31 0, L_0x5716ed5ed9b0;  1 drivers
v0x5716ed59b100_0 .net "pack_write_req_local_blocksize_66", 31 0, L_0x5716ed5e9af0;  1 drivers
v0x5716ed59b1e0_0 .net "pack_write_req_local_blocksize_86", 31 0, L_0x5716ed5e9cc0;  1 drivers
v0x5716ed59b2c0_0 .net "pack_write_req_local_stride_64", 31 0, L_0x5716ed5e97c0;  1 drivers
v0x5716ed59b3a0_0 .net "pack_write_req_local_stride_84", 31 0, L_0x5716ed5e9b90;  1 drivers
v0x5716ed59b480_0 .net "pack_write_req_op_sel_62", 7 0, L_0x5716ed5e9560;  1 drivers
v0x5716ed59b560_0 .net "pack_write_req_op_sel_82", 7 0, L_0x5716ed5ed8f0;  1 drivers
v0x5716ed59b640_0 .net "pack_write_req_packed_67", 136 0, L_0x5716ed5e9d30;  1 drivers
v0x5716ed59b720_0 .net "pack_write_req_packed_87", 136 0, L_0x5716ed5edc80;  1 drivers
v0x5716ed59b800_0 .net "pack_write_req_size_65", 32 0, v0x5716ed47b5d0_0;  1 drivers
v0x5716ed59b8e0_0 .net "pack_write_req_size_85", 32 0, v0x5716ed47dcf0_0;  1 drivers
v0x5716ed59b9c0_0 .var "prev_arvalid_4", 0 0;
v0x5716ed59ba80_0 .var "prev_awvalid_3", 0 0;
v0x5716ed59bb40_0 .var "read_burst_addr_90", 19 0;
v0x5716ed59bc20_0 .var "read_burst_fsm_0", 31 0;
v0x5716ed59bd00_0 .var "read_burst_length_92", 32 0;
v0x5716ed59bde0_0 .net "read_burst_rdata_97", 127 0, L_0x5716ed5f3220;  1 drivers
v0x5716ed59bec0_0 .var "read_burst_rlast_94", 0 0;
v0x5716ed59bf80_0 .var "read_burst_rvalid_93", 0 0;
v0x5716ed59c040_0 .var "read_burst_stride_91", 19 0;
v0x5716ed59c120_0 .var "read_llc_data_53", 127 0;
v0x5716ed59c200_0 .var/s "read_rdata_128", 127 0;
v0x5716ed59c2e0_0 .var/s "read_rdata_131", 127 0;
v0x5716ed59c3c0_0 .var "readvalid_2", 0 0;
v0x5716ed59c480_0 .net "receive_ram_0_addr", 19 0, L_0x5716ed5fcce0;  1 drivers
v0x5716ed59c540_0 .net "receive_ram_0_enable", 0 0, L_0x5716ed5fea40;  1 drivers
v0x5716ed59c610_0 .net "receive_ram_0_rdata", 127 0, L_0x5716ed5e84f0;  1 drivers
v0x5716ed59c6e0_0 .net "receive_ram_0_wdata", 127 0, L_0x5716ed5fbf40;  1 drivers
v0x5716ed59c780_0 .net "receive_ram_0_wenable", 0 0, L_0x5716ed5fce90;  1 drivers
v0x5716ed59c820_0 .net "request_ram_0_addr", 19 0, L_0x5716ed5ffb90;  1 drivers
v0x5716ed59c8f0_0 .net "request_ram_0_enable", 0 0, L_0x5716ed601350;  1 drivers
v0x5716ed59c9c0_0 .net "request_ram_0_rdata", 127 0, v0x5716ed40c770_0;  1 drivers
v0x5716ed59ca90_0 .net "request_ram_0_wdata", 127 0, L_0x5716ed5f5dc0;  1 drivers
v0x5716ed59cb60_0 .net "request_ram_0_wenable", 0 0, L_0x5716ed5f5c30;  1 drivers
v0x5716ed59cc30_0 .var "test_data_54", 127 0;
v0x5716ed59ccd0_0 .net "unpack_read_req_local_addr_40", 31 0, L_0x5716ed5e3330;  1 drivers
v0x5716ed59cdb0_0 .net "unpack_read_req_local_blocksize_43", 31 0, L_0x5716ed5e3820;  1 drivers
v0x5716ed59ce90_0 .net "unpack_read_req_local_size_42", 32 0, L_0x5716ed5e3780;  1 drivers
v0x5716ed59cf70_0 .net "unpack_read_req_local_stride_41", 31 0, L_0x5716ed5e33d0;  1 drivers
v0x5716ed59d050_0 .net "unpack_read_req_op_sel_39", 7 0, L_0x5716ed5e2f90;  1 drivers
v0x5716ed59d130_0 .net "unpack_write_req_local_addr_45", 31 0, L_0x5716ed5e6970;  1 drivers
v0x5716ed59d210_0 .net "unpack_write_req_local_blocksize_48", 31 0, L_0x5716ed5e6f30;  1 drivers
v0x5716ed59d2f0_0 .net "unpack_write_req_local_stride_46", 31 0, L_0x5716ed5e6aa0;  1 drivers
v0x5716ed59d3d0_0 .net "unpack_write_req_op_sel_44", 7 0, L_0x5716ed5e6590;  1 drivers
v0x5716ed59d4b0_0 .net "unpack_write_req_size_47", 32 0, L_0x5716ed5e6e90;  1 drivers
v0x5716ed59d590_0 .var "write_burst_addr_122", 19 0;
v0x5716ed59d670_0 .var "write_burst_done_125", 0 0;
v0x5716ed59d730_0 .var "write_burst_fsm_1", 31 0;
v0x5716ed59d810_0 .var "write_burst_length_124", 32 0;
v0x5716ed59d8f0_0 .var "write_burst_stride_123", 19 0;
v0x5716ed59d9d0_0 .var "writevalid_1", 0 0;
v0x5716ed59da90_0 .var "x_58", 63 0;
v0x5716ed59db70_0 .var "y_59", 63 0;
L_0x5716ed5d4960 .cmp/eq 32, v0x5716ed486ed0_0, L_0x9895b06e578;
L_0x5716ed5d4a50 .reduce/nor v0x5716ed59d9d0_0;
L_0x5716ed5d4af0 .reduce/nor v0x5716ed59c3c0_0;
L_0x5716ed5d4ca0 .reduce/nor v0x5716ed597f00_0;
L_0x5716ed5d5020 .cmp/eq 32, v0x5716ed486ed0_0, L_0x9895b06e5c0;
L_0x5716ed5d5160 .reduce/nor v0x5716ed59c3c0_0;
L_0x5716ed5d5250 .reduce/nor v0x5716ed59d9d0_0;
L_0x5716ed5d5510 .reduce/nor v0x5716ed59ba80_0;
L_0x5716ed5d58c0 .concat [ 3 29 0 0], v0x5716ed598640_0, L_0x9895b06e608;
L_0x5716ed5d59b0 .cmp/eq 32, L_0x5716ed5d58c0, L_0x9895b06e650;
L_0x5716ed5d5b50 .concat [ 3 29 0 0], v0x5716ed598640_0, L_0x9895b06e698;
L_0x5716ed5d5c40 .cmp/eq 32, L_0x5716ed5d5b50, L_0x9895b06e6e0;
L_0x5716ed5d5df0 .concat [ 3 29 0 0], v0x5716ed598640_0, L_0x9895b06e728;
L_0x5716ed5d5ee0 .cmp/eq 32, L_0x5716ed5d5df0, L_0x9895b06e770;
L_0x5716ed5d60a0 .concat [ 3 29 0 0], v0x5716ed598640_0, L_0x9895b06e7b8;
L_0x5716ed5d61d0 .cmp/eq 32, L_0x5716ed5d60a0, L_0x9895b06e800;
L_0x5716ed5d63a0 .concat [ 3 29 0 0], v0x5716ed598640_0, L_0x9895b06e848;
L_0x5716ed5d6490 .cmp/eq 32, L_0x5716ed5d63a0, L_0x9895b06e890;
L_0x5716ed5d6670 .concat [ 3 29 0 0], v0x5716ed598640_0, L_0x9895b06e8d8;
L_0x5716ed5d6760 .cmp/eq 32, L_0x5716ed5d6670, L_0x9895b06e920;
L_0x5716ed5d65d0 .concat [ 3 29 0 0], v0x5716ed598640_0, L_0x9895b06e968;
L_0x5716ed5d69a0 .cmp/eq 32, L_0x5716ed5d65d0, L_0x9895b06e9b0;
L_0x5716ed5d6ba0 .functor MUXZ 64, L_0x9895b06e9f8, v0x5716ed486df0_0, L_0x5716ed5d69a0, C4<>;
L_0x5716ed5d6ce0 .functor MUXZ 64, L_0x5716ed5d6ba0, v0x5716ed488440_0, L_0x5716ed5d6760, C4<>;
L_0x5716ed5d6ef0 .functor MUXZ 64, L_0x5716ed5d6ce0, v0x5716ed488360_0, L_0x5716ed5d6490, C4<>;
L_0x5716ed5d7030 .functor MUXZ 64, L_0x5716ed5d6ef0, v0x5716ed494790_0, L_0x5716ed5d61d0, C4<>;
L_0x5716ed5d7250 .functor MUXZ 64, L_0x5716ed5d7030, v0x5716ed4946b0_0, L_0x5716ed5d5ee0, C4<>;
L_0x5716ed5d7390 .functor MUXZ 64, L_0x5716ed5d7250, v0x5716ed494f10_0, L_0x5716ed5d5c40, C4<>;
L_0x5716ed5d75c0 .functor MUXZ 64, L_0x5716ed5d7390, v0x5716ed494e30_0, L_0x5716ed5d59b0, C4<>;
L_0x5716ed5d7700 .concat [ 3 29 0 0], v0x5716ed598640_0, L_0x9895b06ea40;
L_0x5716ed5d78f0 .cmp/eq 32, L_0x5716ed5d7700, L_0x9895b06ea88;
L_0x5716ed5d7a30 .concat [ 1 3 0 0], v0x5716ed474c20_0, L_0x9895b06ead0;
L_0x5716ed5d7c30 .concat [ 3 29 0 0], v0x5716ed598640_0, L_0x9895b06eb18;
L_0x5716ed5d7d20 .cmp/eq 32, L_0x5716ed5d7c30, L_0x9895b06eb60;
L_0x5716ed5d7f80 .concat [ 1 3 0 0], v0x5716ed474ce0_0, L_0x9895b06eba8;
L_0x5716ed5d8070 .concat [ 3 29 0 0], v0x5716ed598640_0, L_0x9895b06ebf0;
L_0x5716ed5d7eb0 .cmp/eq 32, L_0x5716ed5d8070, L_0x9895b06ec38;
L_0x5716ed5d82e0 .concat [ 1 3 0 0], v0x5716ed474840_0, L_0x9895b06ec80;
L_0x5716ed5d8510 .concat [ 3 29 0 0], v0x5716ed598640_0, L_0x9895b06ecc8;
L_0x5716ed5d8600 .cmp/eq 32, L_0x5716ed5d8510, L_0x9895b06ed10;
L_0x5716ed5d8890 .concat [ 1 3 0 0], v0x5716ed474900_0, L_0x9895b06ed58;
L_0x5716ed5d8980 .concat [ 3 29 0 0], v0x5716ed598640_0, L_0x9895b06eda0;
L_0x5716ed5d8bd0 .cmp/eq 32, L_0x5716ed5d8980, L_0x9895b06ede8;
L_0x5716ed5d8d10 .concat [ 1 3 0 0], v0x5716ed49b5e0_0, L_0x9895b06ee30;
L_0x5716ed5d8f70 .concat [ 3 29 0 0], v0x5716ed598640_0, L_0x9895b06ee78;
L_0x5716ed5d9060 .cmp/eq 32, L_0x5716ed5d8f70, L_0x9895b06eec0;
L_0x5716ed5d9320 .concat [ 1 3 0 0], v0x5716ed49b6a0_0, L_0x9895b06ef08;
L_0x5716ed5d9410 .concat [ 3 29 0 0], v0x5716ed598640_0, L_0x9895b06ef50;
L_0x5716ed5d9690 .cmp/eq 32, L_0x5716ed5d9410, L_0x9895b06ef98;
L_0x5716ed5d97d0 .concat [ 1 3 0 0], v0x5716ed4963a0_0, L_0x9895b06efe0;
L_0x5716ed5d9a60 .functor MUXZ 4, L_0x9895b06f028, L_0x5716ed5d97d0, L_0x5716ed5d9690, C4<>;
L_0x5716ed5d9bf0 .functor MUXZ 4, L_0x5716ed5d9a60, L_0x5716ed5d9320, L_0x5716ed5d9060, C4<>;
L_0x5716ed5d9f30 .functor MUXZ 4, L_0x5716ed5d9bf0, L_0x5716ed5d8d10, L_0x5716ed5d8bd0, C4<>;
L_0x5716ed5da0c0 .functor MUXZ 4, L_0x5716ed5d9f30, L_0x5716ed5d8890, L_0x5716ed5d8600, C4<>;
L_0x5716ed5da410 .functor MUXZ 4, L_0x5716ed5da0c0, L_0x5716ed5d82e0, L_0x5716ed5d7eb0, C4<>;
L_0x5716ed5da5a0 .functor MUXZ 4, L_0x5716ed5da410, L_0x5716ed5d7f80, L_0x5716ed5d7d20, C4<>;
L_0x5716ed5da900 .functor MUXZ 4, L_0x5716ed5da5a0, L_0x5716ed5d7a30, L_0x5716ed5d78f0, C4<>;
L_0x5716ed5daa90 .part L_0x5716ed5da900, 0, 1;
L_0x5716ed5dad60 .concat [ 3 29 0 0], v0x5716ed598640_0, L_0x9895b06f070;
L_0x5716ed5dae50 .cmp/eq 32, L_0x5716ed5dad60, L_0x9895b06f0b8;
L_0x5716ed5db180 .concat [ 3 29 0 0], v0x5716ed598640_0, L_0x9895b06f100;
L_0x5716ed5db270 .cmp/eq 32, L_0x5716ed5db180, L_0x9895b06f148;
L_0x5716ed5db5b0 .concat [ 3 29 0 0], v0x5716ed598640_0, L_0x9895b06f190;
L_0x5716ed5db6a0 .cmp/eq 32, L_0x5716ed5db5b0, L_0x9895b06f1d8;
L_0x5716ed5db9f0 .concat [ 3 29 0 0], v0x5716ed598640_0, L_0x9895b06f220;
L_0x5716ed5dbae0 .cmp/eq 32, L_0x5716ed5db9f0, L_0x9895b06f268;
L_0x5716ed5dbe40 .concat [ 3 29 0 0], v0x5716ed598640_0, L_0x9895b06f2b0;
L_0x5716ed5dbf30 .cmp/eq 32, L_0x5716ed5dbe40, L_0x9895b06f2f8;
L_0x5716ed5dc2a0 .concat [ 3 29 0 0], v0x5716ed598640_0, L_0x9895b06f340;
L_0x5716ed5dc390 .cmp/eq 32, L_0x5716ed5dc2a0, L_0x9895b06f388;
L_0x5716ed5dc710 .concat [ 3 29 0 0], v0x5716ed598640_0, L_0x9895b06f3d0;
L_0x5716ed5dd010 .cmp/eq 32, L_0x5716ed5dc710, L_0x9895b06f418;
L_0x5716ed5dd350 .functor MUXZ 64, L_0x9895b06f460, v0x5716ed42b370_0, L_0x5716ed5dd010, C4<>;
L_0x5716ed5dd490 .functor MUXZ 64, L_0x5716ed5dd350, v0x5716ed415180_0, L_0x5716ed5dc390, C4<>;
L_0x5716ed5dd830 .functor MUXZ 64, L_0x5716ed5dd490, v0x5716ed4159c0_0, L_0x5716ed5dbf30, C4<>;
L_0x5716ed5dd970 .functor MUXZ 64, L_0x5716ed5dd830, v0x5716ed4158e0_0, L_0x5716ed5dbae0, C4<>;
L_0x5716ed5ddd20 .functor MUXZ 64, L_0x5716ed5dd970, v0x5716ed416f30_0, L_0x5716ed5db6a0, C4<>;
L_0x5716ed5dde60 .functor MUXZ 64, L_0x5716ed5ddd20, v0x5716ed416e50_0, L_0x5716ed5db270, C4<>;
L_0x5716ed5de220 .functor MUXZ 64, L_0x5716ed5dde60, v0x5716ed4866b0_0, L_0x5716ed5dae50, C4<>;
L_0x5716ed5de360 .cmp/eq 32, v0x5716ed486ed0_0, L_0x9895b06f4a8;
L_0x5716ed5de820 .concat [ 128 16 1 0], v0x5716ed48a710_0, v0x5716ed475000_0, v0x5716ed48a7b0_0;
L_0x5716ed5deb00 .reduce/nor v0x5716ed594ea0_0;
L_0x5716ed5dee40 .functor MUXZ 145, L_0x5716ed5de820, v0x5716ed594dc0_0, v0x5716ed594ea0_0, C4<>;
L_0x5716ed5df0c0 .part v0x5716ed594320_0, 144, 1;
L_0x5716ed5df410 .part v0x5716ed594320_0, 128, 16;
L_0x5716ed5df500 .part v0x5716ed594320_0, 0, 128;
L_0x5716ed5dfb80 .concat [ 128 1 0 0], L_0x5716ed5dfe00, L_0x5716ed5dfc90;
L_0x5716ed5e0150 .reduce/nor v0x5716ed5941a0_0;
L_0x5716ed5e04c0 .functor MUXZ 129, L_0x5716ed5dfb80, v0x5716ed5940c0_0, v0x5716ed5941a0_0, C4<>;
L_0x5716ed5e0790 .part v0x5716ed5937e0_0, 128, 1;
L_0x5716ed5e0b10 .part v0x5716ed5937e0_0, 0, 128;
L_0x5716ed5e1080 .concat [ 3 29 0 0], v0x5716ed4a9e20_0, L_0x9895b06f928;
L_0x5716ed5e1460 .cmp/gt 32, L_0x5716ed5e1080, L_0x9895b06f970;
L_0x5716ed5e2f90 .part L_0x5716ed5e2e80, 129, 8;
L_0x5716ed5e3330 .part L_0x5716ed5e2e80, 97, 32;
L_0x5716ed5e33d0 .part L_0x5716ed5e2e80, 65, 32;
L_0x5716ed5e3780 .part L_0x5716ed5e2e80, 32, 33;
L_0x5716ed5e3820 .part L_0x5716ed5e2e80, 0, 32;
L_0x5716ed5e4280 .reduce/nor v0x5716ed48b3f0_0;
L_0x5716ed5e4320 .reduce/nor v0x5716ed4991c0_0;
L_0x5716ed5e4800 .reduce/nor v0x5716ed4a9280_0;
L_0x5716ed5e6590 .part L_0x5716ed5e6480, 129, 8;
L_0x5716ed5e6970 .part L_0x5716ed5e6480, 97, 32;
L_0x5716ed5e6aa0 .part L_0x5716ed5e6480, 65, 32;
L_0x5716ed5e6e90 .part L_0x5716ed5e6480, 32, 33;
L_0x5716ed5e6f30 .part L_0x5716ed5e6480, 0, 32;
L_0x5716ed5e7a90 .reduce/nor v0x5716ed475950_0;
L_0x5716ed5e7b30 .reduce/nor v0x5716ed478580_0;
L_0x5716ed5e8050 .reduce/nor v0x5716ed47ddd0_0;
L_0x5716ed5e85b0 .part v0x5716ed595720_0, 4, 60;
L_0x5716ed5e89d0 .concat [ 60 4 0 0], L_0x5716ed5e85b0, L_0x9895b070108;
L_0x5716ed5e8b10 .part L_0x5716ed5e89d0, 0, 32;
L_0x5716ed5e8f90 .part L_0x5716ed5e8b10, 0, 28;
L_0x5716ed5e9080 .concat [ 4 28 0 0], L_0x9895b070150, L_0x5716ed5e8f90;
LS_0x5716ed5e9d30_0_0 .concat [ 32 33 32 32], L_0x5716ed5e9af0, v0x5716ed47b5d0_0, L_0x5716ed5e97c0, L_0x5716ed5e9750;
LS_0x5716ed5e9d30_0_4 .concat [ 8 0 0 0], L_0x5716ed5e9560;
L_0x5716ed5e9d30 .concat [ 129 8 0 0], LS_0x5716ed5e9d30_0_0, LS_0x5716ed5e9d30_0_4;
L_0x5716ed5e9f90 .reduce/nor L_0x5716ed5e5e50;
L_0x5716ed5ea3e0 .part v0x5716ed47d620_0, 4, 28;
L_0x5716ed5ea480 .concat [ 28 4 0 0], L_0x5716ed5ea3e0, L_0x9895b070198;
L_0x5716ed5ea930 .part L_0x5716ed5ea480, 0, 28;
L_0x5716ed5eaa20 .concat [ 4 28 0 0], L_0x9895b0701e0, L_0x5716ed5ea930;
L_0x5716ed5eaf30 .part v0x5716ed47d620_0, 4, 28;
L_0x5716ed5eb020 .concat [ 28 4 0 0], L_0x5716ed5eaf30, L_0x9895b070228;
L_0x5716ed5eb540 .part L_0x5716ed5eb020, 0, 28;
L_0x5716ed5eb630 .concat [ 4 28 0 0], L_0x9895b070270, L_0x5716ed5eb540;
L_0x5716ed5ebb60 .part v0x5716ed47d620_0, 4, 28;
L_0x5716ed5ebc00 .concat [ 28 4 0 0], L_0x5716ed5ebb60, L_0x9895b0702b8;
L_0x5716ed5ec140 .part L_0x5716ed5ebc00, 0, 28;
L_0x5716ed5ec230 .concat [ 4 28 0 0], L_0x9895b070300, L_0x5716ed5ec140;
L_0x5716ed5ec780 .part v0x5716ed47d620_0, 4, 28;
L_0x5716ed5ec8b0 .concat [ 28 4 0 0], L_0x5716ed5ec780, L_0x9895b070348;
L_0x5716ed5ecdc0 .part L_0x5716ed5ec8b0, 0, 28;
L_0x5716ed5eceb0 .concat [ 4 28 0 0], L_0x9895b070390, L_0x5716ed5ecdc0;
L_0x5716ed5ec9a0 .part v0x5716ed47d620_0, 4, 28;
L_0x5716ed5eca40 .concat [ 28 4 0 0], L_0x5716ed5ec9a0, L_0x9895b0703d8;
L_0x5716ed5ecbb0 .part L_0x5716ed5eca40, 0, 28;
L_0x5716ed5ecca0 .concat [ 4 28 0 0], L_0x9895b070420, L_0x5716ed5ecbb0;
L_0x5716ed5ecff0 .part v0x5716ed47d620_0, 4, 28;
L_0x5716ed5ed090 .concat [ 28 4 0 0], L_0x5716ed5ecff0, L_0x9895b070468;
L_0x5716ed5ed1d0 .part L_0x5716ed5ed090, 0, 28;
L_0x5716ed5ed2c0 .concat [ 4 28 0 0], L_0x9895b0704b0, L_0x5716ed5ed1d0;
LS_0x5716ed5edc80_0_0 .concat [ 32 33 32 32], L_0x5716ed5e9cc0, v0x5716ed47dcf0_0, L_0x5716ed5e9b90, L_0x5716ed5ed9b0;
LS_0x5716ed5edc80_0_4 .concat [ 8 0 0 0], L_0x5716ed5ed8f0;
L_0x5716ed5edc80 .concat [ 129 8 0 0], LS_0x5716ed5edc80_0_0, LS_0x5716ed5edc80_0_4;
L_0x5716ed5edeb0 .cmp/eq 32, v0x5716ed4770c0_0, L_0x9895b0704f8;
L_0x5716ed5ed480 .reduce/nor L_0x5716ed5e5e50;
L_0x5716ed5ed840 .reduce/nor v0x5716ed596a00_0;
L_0x5716ed5ee350 .concat [ 3 29 0 0], v0x5716ed4a9e20_0, L_0x9895b070540;
L_0x5716ed5ee9e0 .cmp/gt 32, L_0x9895b070588, L_0x5716ed5ee350;
L_0x5716ed5ee5c0 .cmp/eq 32, v0x5716ed4770c0_0, L_0x9895b0705d0;
L_0x5716ed5ee810 .reduce/nor L_0x5716ed5e5e50;
L_0x5716ed5eebc0 .functor MUXZ 137, L_0x9895b070618, L_0x5716ed5e9d30, L_0x5716ed5ee8b0, C4<>;
L_0x5716ed5eed50 .functor MUXZ 137, L_0x5716ed5eebc0, L_0x5716ed5edc80, L_0x5716ed5ee4b0, C4<>;
L_0x5716ed5ef670 .cmp/eq 32, v0x5716ed4770c0_0, L_0x9895b070660;
L_0x5716ed5ef710 .reduce/nor L_0x5716ed5e5e50;
L_0x5716ed5ef470 .reduce/nor v0x5716ed596a00_0;
L_0x5716ed5eff30 .concat [ 3 29 0 0], v0x5716ed4a9e20_0, L_0x9895b0706a8;
L_0x5716ed5ef800 .cmp/gt 32, L_0x9895b0706f0, L_0x5716ed5eff30;
L_0x5716ed5efa50 .cmp/eq 32, v0x5716ed4770c0_0, L_0x9895b070738;
L_0x5716ed5efb80 .reduce/nor L_0x5716ed5e5e50;
L_0x5716ed5f07a0 .reduce/nor v0x5716ed596a00_0;
L_0x5716ed5f0410 .concat [ 3 29 0 0], v0x5716ed4a9e20_0, L_0x9895b070780;
L_0x5716ed5f0dd0 .cmp/gt 32, L_0x9895b0707c8, L_0x5716ed5f0410;
L_0x5716ed5f0950 .reduce/nor L_0x5716ed5e5e50;
L_0x5716ed5f1420 .cmp/eq 32, v0x5716ed4770c0_0, L_0x9895b070810;
L_0x5716ed5f0fd0 .reduce/nor L_0x5716ed5e5e50;
L_0x5716ed5f1a30 .cmp/eq 32, v0x5716ed4770c0_0, L_0x9895b070858;
L_0x5716ed5f15d0 .reduce/nor L_0x5716ed5e5e50;
L_0x5716ed5f1990 .reduce/nor L_0x5716ed5e5e50;
L_0x5716ed5f2120 .functor MUXZ 1, L_0x9895b0708a0, L_0x5716ed5f2010, L_0x5716ed5f1070, C4<>;
L_0x5716ed5f22b0 .functor MUXZ 1, L_0x5716ed5f2120, L_0x5716ed5f09f0, L_0x5716ed5ef940, C4<>;
L_0x5716ed5f1c10 .reduce/nor L_0x5716ed5e5e50;
L_0x5716ed5f1cb0 .cmp/eq 32, v0x5716ed59bc20_0, L_0x9895b0708e8;
L_0x5716ed5f1da0 .reduce/nor v0x5716ed59bf80_0;
L_0x5716ed5f1e40 .reduce/nor v0x5716ed4750e0_0;
L_0x5716ed5f2b80 .cmp/gt 33, v0x5716ed475d00_0, L_0x9895b070930;
L_0x5716ed5f3520 .cmp/eq 32, v0x5716ed47d970_0, L_0x9895b070978;
L_0x5716ed5f2350 .reduce/nor L_0x5716ed5e5f60;
L_0x5716ed5f2480 .cmp/eq 33, v0x5716ed475d00_0, L_0x9895b0709c0;
L_0x5716ed5f2790 .reduce/nor L_0x5716ed5e5f60;
L_0x5716ed5f3ee0 .cmp/eq 32, v0x5716ed47d970_0, L_0x9895b070a50;
L_0x5716ed5f3610 .reduce/nor v0x5716ed47ddd0_0;
L_0x5716ed5f3700 .reduce/nor L_0x5716ed5e5f60;
L_0x5716ed5f45d0 .concat [ 8 24 0 0], L_0x5716ed5e7330, L_0x9895b070a98;
L_0x5716ed5f4710 .cmp/eq 32, L_0x5716ed5f45d0, L_0x9895b070ae0;
L_0x5716ed5f4240 .reduce/nor L_0x5716ed5e5f60;
L_0x5716ed5f43f0 .functor MUXZ 2, L_0x9895b070b70, L_0x9895b070b28, L_0x5716ed5f42e0, C4<>;
L_0x5716ed5f4e20 .functor MUXZ 2, L_0x5716ed5f43f0, L_0x9895b070a08, L_0x5716ed5f2830, C4<>;
L_0x5716ed5f4f60 .part L_0x5716ed5f4e20, 0, 1;
L_0x5716ed5f4850 .cmp/eq 32, v0x5716ed59a840_0, L_0x9895b070bb8;
L_0x5716ed5f4940 .concat [ 32 96 0 0], v0x5716ed593620_0, L_0x9895b070c00;
L_0x5716ed5f4a30 .concat [ 32 96 0 0], v0x5716ed593700_0, L_0x9895b070c48;
L_0x5716ed5f4b20 .arith/sum 128, L_0x5716ed5f4940, L_0x5716ed5f4a30;
L_0x5716ed5f4c60 .part L_0x5716ed5f4b20, 0, 127;
L_0x5716ed5f4d50 .concat [ 1 127 0 0], L_0x9895b070c90, L_0x5716ed5f4c60;
L_0x5716ed5f50a0 .cmp/eq 32, v0x5716ed59a840_0, L_0x9895b070cd8;
L_0x5716ed5f51e0 .concat [ 32 96 0 0], v0x5716ed593620_0, L_0x9895b070d20;
L_0x5716ed5f5320 .part L_0x5716ed5f51e0, 0, 127;
L_0x5716ed5f5410 .concat [ 1 127 0 0], L_0x9895b070d68, L_0x5716ed5f5320;
L_0x5716ed5f5550 .functor MUXZ 128, L_0x9895b070db0, L_0x5716ed5f5410, L_0x5716ed5f50a0, C4<>;
L_0x5716ed5f5dc0 .functor MUXZ 128, L_0x5716ed5f5550, L_0x5716ed5f4d50, L_0x5716ed5f4850, C4<>;
L_0x5716ed5f5880 .cmp/eq 32, v0x5716ed59a840_0, L_0x9895b070df8;
L_0x5716ed5f5970 .cmp/eq 32, v0x5716ed59a840_0, L_0x9895b070e88;
L_0x5716ed5f5aa0 .functor MUXZ 1, L_0x9895b070f18, L_0x9895b070ed0, L_0x5716ed5f5970, C4<>;
L_0x5716ed5f5c30 .functor MUXZ 1, L_0x5716ed5f5aa0, L_0x9895b070e40, L_0x5716ed5f5880, C4<>;
L_0x5716ed5f6560 .arith/mult 64, v0x5716ed59db70_0, v0x5716ed59a760_0;
L_0x5716ed5f6600 .part L_0x5716ed5f6560, 4, 60;
L_0x5716ed5f5e60 .concat [ 60 4 0 0], L_0x5716ed5f6600, L_0x9895b070f60;
L_0x5716ed5f5fa0 .part L_0x5716ed5f5e60, 0, 32;
L_0x5716ed5f6090 .part L_0x5716ed5f5fa0, 0, 28;
L_0x5716ed5f6180 .concat [ 4 28 0 0], L_0x9895b070fa8, L_0x5716ed5f6090;
L_0x5716ed5f62c0 .arith/mult 64, v0x5716ed59db70_0, v0x5716ed59a760_0;
L_0x5716ed5f6400 .part L_0x5716ed5f62c0, 4, 60;
L_0x5716ed5f6d90 .concat [ 60 4 0 0], L_0x5716ed5f6400, L_0x9895b070ff0;
L_0x5716ed5f6ed0 .part L_0x5716ed5f6d90, 0, 32;
L_0x5716ed5f66f0 .part L_0x5716ed5f6ed0, 0, 28;
L_0x5716ed5f67e0 .concat [ 4 28 0 0], L_0x9895b071038, L_0x5716ed5f66f0;
LS_0x5716ed5f79e0_0_0 .concat [ 32 33 32 32], v0x5716ed49f000_0, v0x5716ed499ad0_0, v0x5716ed499830_0, v0x5716ed49f880_0;
LS_0x5716ed5f79e0_0_4 .concat [ 8 0 0 0], v0x5716ed29acd0_0;
L_0x5716ed5f79e0 .concat [ 129 8 0 0], LS_0x5716ed5f79e0_0_0, LS_0x5716ed5f79e0_0_4;
L_0x5716ed5f7c10 .cmp/eq 32, v0x5716ed48b7a0_0, L_0x9895b071080;
L_0x5716ed5f70d0 .reduce/nor L_0x5716ed5e28d0;
L_0x5716ed5f7580 .functor MUXZ 137, L_0x9895b0710c8, L_0x5716ed5f79e0, L_0x5716ed5f7170, C4<>;
L_0x5716ed5f84d0 .cmp/eq 32, v0x5716ed48b7a0_0, L_0x9895b071110;
L_0x5716ed5f86d0 .reduce/nor L_0x5716ed5e28d0;
L_0x5716ed5f80d0 .cmp/eq 32, v0x5716ed48b7a0_0, L_0x9895b071158;
L_0x5716ed5f8310 .reduce/nor L_0x5716ed5e28d0;
L_0x5716ed5f92e0 .reduce/nor L_0x5716ed5e28d0;
L_0x5716ed5f9490 .functor MUXZ 1, L_0x9895b0711a0, L_0x5716ed5f9380, L_0x5716ed5f7d00, C4<>;
L_0x5716ed5f8940 .reduce/nor L_0x5716ed5e28d0;
L_0x5716ed5f89e0 .part v0x5716ed4a9050_0, 4, 28;
L_0x5716ed5f8a80 .concat [ 28 4 0 0], L_0x5716ed5f89e0, L_0x9895b0711e8;
L_0x5716ed5f8bc0 .part L_0x5716ed5f8a80, 0, 28;
L_0x5716ed5f8cb0 .concat [ 4 28 0 0], L_0x9895b071230, L_0x5716ed5f8bc0;
L_0x5716ed5f8df0 .part v0x5716ed4a9050_0, 4, 28;
L_0x5716ed5f9c70 .concat [ 28 4 0 0], L_0x5716ed5f8df0, L_0x9895b071278;
L_0x5716ed5f9db0 .part L_0x5716ed5f9c70, 0, 28;
L_0x5716ed5f9530 .concat [ 4 28 0 0], L_0x9895b0712c0, L_0x5716ed5f9db0;
L_0x5716ed5f9670 .part v0x5716ed4a9050_0, 4, 28;
L_0x5716ed5f9710 .concat [ 28 4 0 0], L_0x5716ed5f9670, L_0x9895b071308;
L_0x5716ed5f9850 .part L_0x5716ed5f9710, 0, 28;
L_0x5716ed5f9940 .concat [ 4 28 0 0], L_0x9895b071350, L_0x5716ed5f9850;
L_0x5716ed5f9a80 .part v0x5716ed4a9050_0, 4, 28;
L_0x5716ed5f9bb0 .concat [ 28 4 0 0], L_0x5716ed5f9a80, L_0x9895b071398;
L_0x5716ed5fa670 .part L_0x5716ed5f9bb0, 0, 28;
L_0x5716ed5f9ea0 .concat [ 4 28 0 0], L_0x9895b0713e0, L_0x5716ed5fa670;
L_0x5716ed5f9fe0 .part v0x5716ed4a9050_0, 4, 28;
L_0x5716ed5fa080 .concat [ 28 4 0 0], L_0x5716ed5f9fe0, L_0x9895b071428;
L_0x5716ed5fa1c0 .part L_0x5716ed5fa080, 0, 28;
L_0x5716ed5fa2b0 .concat [ 4 28 0 0], L_0x9895b071470, L_0x5716ed5fa1c0;
L_0x5716ed5fa3f0 .part v0x5716ed4a9050_0, 4, 28;
L_0x5716ed5fa490 .concat [ 28 4 0 0], L_0x5716ed5fa3f0, L_0x9895b0714b8;
L_0x5716ed5faf20 .part L_0x5716ed5fa490, 0, 28;
L_0x5716ed5fa760 .concat [ 4 28 0 0], L_0x9895b071500, L_0x5716ed5faf20;
L_0x5716ed5fa8a0 .cmp/eq 32, v0x5716ed4a9340_0, L_0x9895b071548;
L_0x5716ed5fa990 .reduce/nor v0x5716ed4a9280_0;
L_0x5716ed5faa80 .reduce/nor L_0x5716ed5e29e0;
L_0x5716ed5fac70 .concat [ 8 24 0 0], L_0x5716ed5e3be0, L_0x9895b071590;
L_0x5716ed5fadb0 .cmp/eq 32, L_0x5716ed5fac70, L_0x9895b0715d8;
L_0x5716ed5fb520 .reduce/nor L_0x5716ed5e29e0;
L_0x5716ed5fb6d0 .functor MUXZ 2, L_0x9895b071668, L_0x9895b071620, L_0x5716ed5fb5c0, C4<>;
L_0x5716ed5fc3e0 .part L_0x5716ed5fb6d0, 0, 1;
L_0x5716ed5fc520 .cmp/eq 32, v0x5716ed59d730_0, L_0x9895b0716b0;
L_0x5716ed5fbf40 .functor MUXZ 128, L_0x9895b0716f8, L_0x5716ed5e0c00, L_0x5716ed5fbae0, C4<>;
L_0x5716ed5fc120 .cmp/eq 32, v0x5716ed59d730_0, L_0x9895b071740;
L_0x5716ed5fce90 .functor MUXZ 1, L_0x9895b0717d0, L_0x9895b071788, L_0x5716ed5fc260, C4<>;
L_0x5716ed5dc800 .cmp/eq 32, v0x5716ed4a9340_0, L_0x9895b071818;
L_0x5716ed5dc990 .cmp/eq 32, v0x5716ed59a840_0, L_0x9895b071860;
L_0x5716ed5dca80 .cmp/eq 32, v0x5716ed59d730_0, L_0x9895b0718a8;
L_0x5716ed5fc970 .concat [ 20 12 0 0], v0x5716ed59d590_0, L_0x9895b0718f0;
L_0x5716ed5fca10 .functor MUXZ 32, L_0x9895b071938, L_0x5716ed5fc970, L_0x5716ed5dcb70, C4<>;
L_0x5716ed5fcba0 .functor MUXZ 32, L_0x5716ed5fca10, v0x5716ed593620_0, L_0x5716ed5dc990, C4<>;
L_0x5716ed5fcce0 .part L_0x5716ed5fcba0, 0, 20;
L_0x5716ed5dccc0 .cmp/eq 32, v0x5716ed59a840_0, L_0x9895b071980;
L_0x5716ed5dcdb0 .cmp/eq 32, v0x5716ed59d730_0, L_0x9895b071a10;
L_0x5716ed5fe900 .functor MUXZ 1, L_0x9895b071aa0, L_0x9895b071a58, L_0x5716ed5dcee0, C4<>;
L_0x5716ed5fea40 .functor MUXZ 1, L_0x5716ed5fe900, L_0x9895b0719c8, L_0x5716ed5dccc0, C4<>;
L_0x5716ed5fe170 .cmp/eq 32, v0x5716ed59a840_0, L_0x9895b071ae8;
L_0x5716ed5fe260 .cmp/eq 32, v0x5716ed59a840_0, L_0x9895b071b30;
L_0x5716ed5fe350 .concat [ 32 32 0 0], v0x5716ed593620_0, L_0x9895b071b78;
L_0x5716ed5fe3f0 .cmp/eq 32, v0x5716ed59a840_0, L_0x9895b071bc0;
L_0x5716ed5fe4e0 .part v0x5716ed59db70_0, 0, 62;
L_0x5716ed5fe580 .concat [ 2 62 0 0], L_0x9895b071c08, L_0x5716ed5fe4e0;
L_0x5716ed5fe6c0 .concat [ 32 32 0 0], v0x5716ed593700_0, L_0x9895b071c50;
L_0x5716ed5fe800 .arith/sum 64, L_0x5716ed5fe580, L_0x5716ed5fe6c0;
L_0x5716ed5feae0 .cmp/eq 32, v0x5716ed59bc20_0, L_0x9895b071c98;
L_0x5716ed5fec20 .reduce/nor v0x5716ed59bf80_0;
L_0x5716ed5fed10 .reduce/nor v0x5716ed4750e0_0;
L_0x5716ed5ff170 .cmp/gt 33, v0x5716ed475d00_0, L_0x9895b071ce0;
L_0x5716ed6002a0 .concat [ 20 44 0 0], v0x5716ed59bb40_0, L_0x9895b071d28;
L_0x5716ed600390 .cmp/eq 32, v0x5716ed59a840_0, L_0x9895b071d70;
L_0x5716ed5ff460 .concat [ 32 32 0 0], v0x5716ed593620_0, L_0x9895b071db8;
L_0x5716ed5ff550 .functor MUXZ 64, L_0x9895b071e00, L_0x5716ed5ff460, L_0x5716ed600390, C4<>;
L_0x5716ed5ff6e0 .functor MUXZ 64, L_0x5716ed5ff550, L_0x5716ed6002a0, L_0x5716ed600190, C4<>;
L_0x5716ed5ff870 .functor MUXZ 64, L_0x5716ed5ff6e0, L_0x5716ed5fe800, L_0x5716ed5fe3f0, C4<>;
L_0x5716ed5ffa00 .functor MUXZ 64, L_0x5716ed5ff870, L_0x5716ed5fe350, L_0x5716ed5fe260, C4<>;
L_0x5716ed5ffb90 .part L_0x5716ed5ffa00, 0, 20;
L_0x5716ed600db0 .cmp/eq 32, v0x5716ed59a840_0, L_0x9895b071e48;
L_0x5716ed600e50 .cmp/eq 32, v0x5716ed59a840_0, L_0x9895b071ed8;
L_0x5716ed600480 .cmp/eq 32, v0x5716ed59bc20_0, L_0x9895b071f68;
L_0x5716ed600570 .reduce/nor v0x5716ed59bf80_0;
L_0x5716ed600610 .reduce/nor v0x5716ed4750e0_0;
L_0x5716ed600bd0 .cmp/gt 33, v0x5716ed475d00_0, L_0x9895b071fb0;
L_0x5716ed601eb0 .cmp/eq 32, v0x5716ed59a840_0, L_0x9895b072040;
L_0x5716ed601fa0 .functor MUXZ 1, L_0x9895b0720d0, L_0x9895b072088, L_0x5716ed601eb0, C4<>;
L_0x5716ed601030 .functor MUXZ 1, L_0x5716ed601fa0, L_0x9895b071ff8, L_0x5716ed601da0, C4<>;
L_0x5716ed6011c0 .functor MUXZ 1, L_0x5716ed601030, L_0x9895b071f20, L_0x5716ed600e50, C4<>;
L_0x5716ed601350 .functor MUXZ 1, L_0x5716ed6011c0, L_0x9895b071e90, L_0x5716ed600db0, C4<>;
L_0x5716ed601530 .cmp/eq 32, v0x5716ed59a840_0, L_0x9895b072118;
S_0x5716ed40ad40 .scope module, "inst__axi_m_llc_read_req_fifo" "_axi_m_llc_read_req_fifo" 2 1689, 2 3079 0, S_0x5716ed40b0f0;
 .timescale 0 0;
    .port_info 0 /INPUT 1 "CLK";
    .port_info 1 /INPUT 1 "RST";
    .port_info 2 /INPUT 1 "_axi_m_llc_read_req_fifo_enq";
    .port_info 3 /INPUT 137 "_axi_m_llc_read_req_fifo_wdata";
    .port_info 4 /OUTPUT 1 "_axi_m_llc_read_req_fifo_full";
    .port_info 5 /OUTPUT 1 "_axi_m_llc_read_req_fifo_almost_full";
    .port_info 6 /INPUT 1 "_axi_m_llc_read_req_fifo_deq";
    .port_info 7 /OUTPUT 137 "_axi_m_llc_read_req_fifo_rdata";
    .port_info 8 /OUTPUT 1 "_axi_m_llc_read_req_fifo_empty";
    .port_info 9 /OUTPUT 1 "_axi_m_llc_read_req_fifo_almost_empty";
L_0x9895b06fa90 .functor BUFT 1, C4<00000000000000000000000000000111>, C4<0>, C4<0>, C4<0>;
L_0x5716ed5e1a20 .functor AND 32, L_0x5716ed5e1980, L_0x9895b06fa90, C4<11111111111111111111111111111111>, C4<11111111111111111111111111111111>;
L_0x9895b06fb68 .functor BUFT 1, C4<00000000000000000000000000000111>, C4<0>, C4<0>, C4<0>;
L_0x5716ed5e1ea0 .functor AND 32, L_0x5716ed5e1e00, L_0x9895b06fb68, C4<11111111111111111111111111111111>, C4<11111111111111111111111111111111>;
L_0x9895b06fc88 .functor BUFT 1, C4<00000000000000000000000000000111>, C4<0>, C4<0>, C4<0>;
L_0x5716ed5e2410 .functor AND 32, L_0x5716ed5e2370, L_0x9895b06fc88, C4<11111111111111111111111111111111>, C4<11111111111111111111111111111111>;
L_0x5716ed5e27c0 .functor BUFZ 1, L_0x5716ed5e2190, C4<0>, C4<0>, C4<0>;
L_0x5716ed5e28d0 .functor OR 1, L_0x5716ed5e2680, L_0x5716ed5e2190, C4<0>, C4<0>;
L_0x5716ed5e29e0 .functor BUFZ 1, L_0x5716ed5e1660, C4<0>, C4<0>, C4<0>;
L_0x5716ed5e2af0 .functor OR 1, L_0x5716ed5e1bd0, L_0x5716ed5e1660, C4<0>, C4<0>;
L_0x5716ed5e2610 .functor BUFZ 137, L_0x5716ed5e2c00, C4<00000000000000000000000000000000000000000000000000000000000000000000000000000000000000000000000000000000000000000000000000000000000000000>, C4<00000000000000000000000000000000000000000000000000000000000000000000000000000000000000000000000000000000000000000000000000000000000000000>, C4<00000000000000000000000000000000000000000000000000000000000000000000000000000000000000000000000000000000000000000000000000000000000000000>;
L_0x5716ed5e2e80 .functor BUFZ 137, L_0x5716ed5e2610, C4<00000000000000000000000000000000000000000000000000000000000000000000000000000000000000000000000000000000000000000000000000000000000000000>, C4<00000000000000000000000000000000000000000000000000000000000000000000000000000000000000000000000000000000000000000000000000000000000000000>, C4<00000000000000000000000000000000000000000000000000000000000000000000000000000000000000000000000000000000000000000000000000000000000000000>;
v0x5716ed424900_0 .net "CLK", 0 0, v0x5716ed59e390_0;  alias, 1 drivers
v0x5716ed4249a0_0 .net "RST", 0 0, v0x5716ed59e450_0;  alias, 1 drivers
v0x5716ed40bbd0_0 .net "_axi_m_llc_read_req_fifo_almost_empty", 0 0, L_0x5716ed5e2af0;  alias, 1 drivers
v0x5716ed40bc70_0 .net "_axi_m_llc_read_req_fifo_almost_full", 0 0, L_0x5716ed5e28d0;  alias, 1 drivers
v0x5716ed40a290_0 .net "_axi_m_llc_read_req_fifo_deq", 0 0, L_0x5716ed5fc3e0;  alias, 1 drivers
v0x5716ed40a330_0 .net "_axi_m_llc_read_req_fifo_empty", 0 0, L_0x5716ed5e29e0;  alias, 1 drivers
v0x5716ed408d60_0 .net "_axi_m_llc_read_req_fifo_enq", 0 0, L_0x5716ed5f9490;  alias, 1 drivers
v0x5716ed408e00_0 .net "_axi_m_llc_read_req_fifo_full", 0 0, L_0x5716ed5e27c0;  alias, 1 drivers
v0x5716ed4090e0_0 .net "_axi_m_llc_read_req_fifo_rdata", 136 0, L_0x5716ed5e2e80;  alias, 1 drivers
v0x5716ed4091c0_0 .net "_axi_m_llc_read_req_fifo_wdata", 136 0, L_0x5716ed5f7580;  alias, 1 drivers
L_0x9895b06fa48 .functor BUFT 1, C4<00000000000000000000000000000001>, C4<0>, C4<0>, C4<0>;
v0x5716ed409460_0 .net/2u *"_ivl_10", 31 0, L_0x9895b06fa48;  1 drivers
v0x5716ed409520_0 .net *"_ivl_12", 31 0, L_0x5716ed5e1980;  1 drivers
v0x5716ed4097e0_0 .net/2u *"_ivl_14", 31 0, L_0x9895b06fa90;  1 drivers
v0x5716ed4098c0_0 .net *"_ivl_16", 31 0, L_0x5716ed5e1a20;  1 drivers
v0x5716ed409bb0_0 .net *"_ivl_2", 31 0, L_0x5716ed5e1700;  1 drivers
v0x5716ed409f10_0 .net *"_ivl_20", 31 0, L_0x5716ed5e1d10;  1 drivers
L_0x9895b06fad8 .functor BUFT 1, C4<00000000000000000000000000000>, C4<0>, C4<0>, C4<0>;
v0x5716ed409ff0_0 .net *"_ivl_23", 28 0, L_0x9895b06fad8;  1 drivers
L_0x9895b06fb20 .functor BUFT 1, C4<00000000000000000000000000000001>, C4<0>, C4<0>, C4<0>;
v0x5716ed401290_0 .net/2u *"_ivl_24", 31 0, L_0x9895b06fb20;  1 drivers
v0x5716ed401370_0 .net *"_ivl_26", 31 0, L_0x5716ed5e1e00;  1 drivers
v0x5716ed406c20_0 .net/2u *"_ivl_28", 31 0, L_0x9895b06fb68;  1 drivers
v0x5716ed406d00_0 .net *"_ivl_30", 31 0, L_0x5716ed5e1ea0;  1 drivers
v0x5716ed407260_0 .net *"_ivl_32", 31 0, L_0x5716ed5e2050;  1 drivers
L_0x9895b06fbb0 .functor BUFT 1, C4<00000000000000000000000000000>, C4<0>, C4<0>, C4<0>;
v0x5716ed4075a0_0 .net *"_ivl_35", 28 0, L_0x9895b06fbb0;  1 drivers
v0x5716ed407680_0 .net *"_ivl_38", 31 0, L_0x5716ed5e22d0;  1 drivers
L_0x9895b06fbf8 .functor BUFT 1, C4<00000000000000000000000000000>, C4<0>, C4<0>, C4<0>;
v0x5716ed44dc10_0 .net *"_ivl_41", 28 0, L_0x9895b06fbf8;  1 drivers
L_0x9895b06fc40 .functor BUFT 1, C4<00000000000000000000000000000010>, C4<0>, C4<0>, C4<0>;
v0x5716ed44dcf0_0 .net/2u *"_ivl_42", 31 0, L_0x9895b06fc40;  1 drivers
v0x5716ed44e010_0 .net *"_ivl_44", 31 0, L_0x5716ed5e2370;  1 drivers
v0x5716ed44e3a0_0 .net/2u *"_ivl_46", 31 0, L_0x9895b06fc88;  1 drivers
v0x5716ed44e480_0 .net *"_ivl_48", 31 0, L_0x5716ed5e2410;  1 drivers
L_0x9895b06f9b8 .functor BUFT 1, C4<00000000000000000000000000000>, C4<0>, C4<0>, C4<0>;
v0x5716ed405630_0 .net *"_ivl_5", 28 0, L_0x9895b06f9b8;  1 drivers
v0x5716ed405710_0 .net *"_ivl_50", 31 0, L_0x5716ed5e2570;  1 drivers
L_0x9895b06fcd0 .functor BUFT 1, C4<00000000000000000000000000000>, C4<0>, C4<0>, C4<0>;
v0x5716ed4059e0_0 .net *"_ivl_53", 28 0, L_0x9895b06fcd0;  1 drivers
v0x5716ed405ac0_0 .net *"_ivl_6", 31 0, L_0x5716ed5e1840;  1 drivers
v0x5716ed292d50_0 .net *"_ivl_64", 136 0, L_0x5716ed5e2c00;  1 drivers
v0x5716ed292e30_0 .net *"_ivl_66", 4 0, L_0x5716ed5e2ca0;  1 drivers
L_0x9895b06fd18 .functor BUFT 1, C4<00>, C4<0>, C4<0>, C4<0>;
v0x5716ed44d830_0 .net *"_ivl_69", 1 0, L_0x9895b06fd18;  1 drivers
L_0x9895b06fa00 .functor BUFT 1, C4<00000000000000000000000000000>, C4<0>, C4<0>, C4<0>;
v0x5716ed44d910_0 .net *"_ivl_9", 28 0, L_0x9895b06fa00;  1 drivers
v0x5716ed44b760_0 .var "head", 2 0;
v0x5716ed44b840_0 .net "is_almost_empty", 0 0, L_0x5716ed5e1bd0;  1 drivers
v0x5716ed44b3b0_0 .net "is_almost_full", 0 0, L_0x5716ed5e2680;  1 drivers
v0x5716ed44b470_0 .net "is_empty", 0 0, L_0x5716ed5e1660;  1 drivers
v0x5716ed44b030_0 .net "is_full", 0 0, L_0x5716ed5e2190;  1 drivers
v0x5716ed44b0f0 .array "mem", 7 0, 136 0;
v0x5716ed44acb0_0 .net "rdata", 136 0, L_0x5716ed5e2610;  1 drivers
v0x5716ed44ad90_0 .var "tail", 2 0;
L_0x5716ed5e1660 .cmp/eq 3, v0x5716ed44b760_0, v0x5716ed44ad90_0;
L_0x5716ed5e1700 .concat [ 3 29 0 0], v0x5716ed44b760_0, L_0x9895b06f9b8;
L_0x5716ed5e1840 .concat [ 3 29 0 0], v0x5716ed44ad90_0, L_0x9895b06fa00;
L_0x5716ed5e1980 .arith/sum 32, L_0x5716ed5e1840, L_0x9895b06fa48;
L_0x5716ed5e1bd0 .cmp/eq 32, L_0x5716ed5e1700, L_0x5716ed5e1a20;
L_0x5716ed5e1d10 .concat [ 3 29 0 0], v0x5716ed44b760_0, L_0x9895b06fad8;
L_0x5716ed5e1e00 .arith/sum 32, L_0x5716ed5e1d10, L_0x9895b06fb20;
L_0x5716ed5e2050 .concat [ 3 29 0 0], v0x5716ed44ad90_0, L_0x9895b06fbb0;
L_0x5716ed5e2190 .cmp/eq 32, L_0x5716ed5e1ea0, L_0x5716ed5e2050;
L_0x5716ed5e22d0 .concat [ 3 29 0 0], v0x5716ed44b760_0, L_0x9895b06fbf8;
L_0x5716ed5e2370 .arith/sum 32, L_0x5716ed5e22d0, L_0x9895b06fc40;
L_0x5716ed5e2570 .concat [ 3 29 0 0], v0x5716ed44ad90_0, L_0x9895b06fcd0;
L_0x5716ed5e2680 .cmp/eq 32, L_0x5716ed5e2410, L_0x5716ed5e2570;
L_0x5716ed5e2c00 .array/port v0x5716ed44b0f0, L_0x5716ed5e2ca0;
L_0x5716ed5e2ca0 .concat [ 3 2 0 0], v0x5716ed44ad90_0, L_0x9895b06fd18;
S_0x5716ed40a9c0 .scope module, "inst__axi_m_llc_write_req_fifo" "_axi_m_llc_write_req_fifo" 2 1755, 2 3132 0, S_0x5716ed40b0f0;
 .timescale 0 0;
    .port_info 0 /INPUT 1 "CLK";
    .port_info 1 /INPUT 1 "RST";
    .port_info 2 /INPUT 1 "_axi_m_llc_write_req_fifo_enq";
    .port_info 3 /INPUT 137 "_axi_m_llc_write_req_fifo_wdata";
    .port_info 4 /OUTPUT 1 "_axi_m_llc_write_req_fifo_full";
    .port_info 5 /OUTPUT 1 "_axi_m_llc_write_req_fifo_almost_full";
    .port_info 6 /INPUT 1 "_axi_m_llc_write_req_fifo_deq";
    .port_info 7 /OUTPUT 137 "_axi_m_llc_write_req_fifo_rdata";
    .port_info 8 /OUTPUT 1 "_axi_m_llc_write_req_fifo_empty";
    .port_info 9 /OUTPUT 1 "_axi_m_llc_write_req_fifo_almost_empty";
L_0x9895b06fe38 .functor BUFT 1, C4<00000000000000000000000000000111>, C4<0>, C4<0>, C4<0>;
L_0x5716ed5e4e50 .functor AND 32, L_0x5716ed5e4db0, L_0x9895b06fe38, C4<11111111111111111111111111111111>, C4<11111111111111111111111111111111>;
L_0x9895b06ff10 .functor BUFT 1, C4<00000000000000000000000000000111>, C4<0>, C4<0>, C4<0>;
L_0x5716ed5e52d0 .functor AND 32, L_0x5716ed5e5230, L_0x9895b06ff10, C4<11111111111111111111111111111111>, C4<11111111111111111111111111111111>;
L_0x9895b070030 .functor BUFT 1, C4<00000000000000000000000000000111>, C4<0>, C4<0>, C4<0>;
L_0x5716ed5e58d0 .functor AND 32, L_0x5716ed5e5830, L_0x9895b070030, C4<11111111111111111111111111111111>, C4<11111111111111111111111111111111>;
L_0x5716ed5e5d10 .functor BUFZ 1, L_0x5716ed5e55c0, C4<0>, C4<0>, C4<0>;
L_0x5716ed5e5e50 .functor OR 1, L_0x5716ed5e5bd0, L_0x5716ed5e55c0, C4<0>, C4<0>;
L_0x5716ed5e5f60 .functor BUFZ 1, L_0x5716ed5e4a90, C4<0>, C4<0>, C4<0>;
L_0x5716ed5e6070 .functor OR 1, L_0x5716ed5e5000, L_0x5716ed5e4a90, C4<0>, C4<0>;
L_0x5716ed5e5b60 .functor BUFZ 137, L_0x5716ed5e6180, C4<00000000000000000000000000000000000000000000000000000000000000000000000000000000000000000000000000000000000000000000000000000000000000000>, C4<00000000000000000000000000000000000000000000000000000000000000000000000000000000000000000000000000000000000000000000000000000000000000000>, C4<00000000000000000000000000000000000000000000000000000000000000000000000000000000000000000000000000000000000000000000000000000000000000000>;
L_0x5716ed5e6480 .functor BUFZ 137, L_0x5716ed5e5b60, C4<00000000000000000000000000000000000000000000000000000000000000000000000000000000000000000000000000000000000000000000000000000000000000000>, C4<00000000000000000000000000000000000000000000000000000000000000000000000000000000000000000000000000000000000000000000000000000000000000000>, C4<00000000000000000000000000000000000000000000000000000000000000000000000000000000000000000000000000000000000000000000000000000000000000000>;
v0x5716ed44a170_0 .net "CLK", 0 0, v0x5716ed59e390_0;  alias, 1 drivers
v0x5716ed44a210_0 .net "RST", 0 0, v0x5716ed59e450_0;  alias, 1 drivers
v0x5716ed449e80_0 .net "_axi_m_llc_write_req_fifo_almost_empty", 0 0, L_0x5716ed5e6070;  alias, 1 drivers
v0x5716ed449aa0_0 .net "_axi_m_llc_write_req_fifo_almost_full", 0 0, L_0x5716ed5e5e50;  alias, 1 drivers
v0x5716ed449b40_0 .net "_axi_m_llc_write_req_fifo_deq", 0 0, L_0x5716ed5f4f60;  alias, 1 drivers
v0x5716ed449720_0 .net "_axi_m_llc_write_req_fifo_empty", 0 0, L_0x5716ed5e5f60;  alias, 1 drivers
v0x5716ed4497e0_0 .net "_axi_m_llc_write_req_fifo_enq", 0 0, L_0x5716ed5f22b0;  alias, 1 drivers
v0x5716ed4493a0_0 .net "_axi_m_llc_write_req_fifo_full", 0 0, L_0x5716ed5e5d10;  alias, 1 drivers
v0x5716ed449460_0 .net "_axi_m_llc_write_req_fifo_rdata", 136 0, L_0x5716ed5e6480;  alias, 1 drivers
v0x5716ed4490f0_0 .net "_axi_m_llc_write_req_fifo_wdata", 136 0, L_0x5716ed5eed50;  alias, 1 drivers
L_0x9895b06fdf0 .functor BUFT 1, C4<00000000000000000000000000000001>, C4<0>, C4<0>, C4<0>;
v0x5716ed448c70_0 .net/2u *"_ivl_10", 31 0, L_0x9895b06fdf0;  1 drivers
v0x5716ed448d50_0 .net *"_ivl_12", 31 0, L_0x5716ed5e4db0;  1 drivers
v0x5716ed448920_0 .net/2u *"_ivl_14", 31 0, L_0x9895b06fe38;  1 drivers
v0x5716ed448a00_0 .net *"_ivl_16", 31 0, L_0x5716ed5e4e50;  1 drivers
v0x5716ed448570_0 .net *"_ivl_2", 31 0, L_0x5716ed5e4b30;  1 drivers
v0x5716ed448630_0 .net *"_ivl_20", 31 0, L_0x5716ed5e5140;  1 drivers
L_0x9895b06fe80 .functor BUFT 1, C4<00000000000000000000000000000>, C4<0>, C4<0>, C4<0>;
v0x5716ed4481c0_0 .net *"_ivl_23", 28 0, L_0x9895b06fe80;  1 drivers
L_0x9895b06fec8 .functor BUFT 1, C4<00000000000000000000000000000001>, C4<0>, C4<0>, C4<0>;
v0x5716ed4482a0_0 .net/2u *"_ivl_24", 31 0, L_0x9895b06fec8;  1 drivers
v0x5716ed447e10_0 .net *"_ivl_26", 31 0, L_0x5716ed5e5230;  1 drivers
v0x5716ed447ef0_0 .net/2u *"_ivl_28", 31 0, L_0x9895b06ff10;  1 drivers
v0x5716ed447aa0_0 .net *"_ivl_30", 31 0, L_0x5716ed5e52d0;  1 drivers
v0x5716ed4476b0_0 .net *"_ivl_32", 31 0, L_0x5716ed5e5480;  1 drivers
L_0x9895b06ff58 .functor BUFT 1, C4<00000000000000000000000000000>, C4<0>, C4<0>, C4<0>;
v0x5716ed447790_0 .net *"_ivl_35", 28 0, L_0x9895b06ff58;  1 drivers
v0x5716ed447300_0 .net *"_ivl_38", 31 0, L_0x5716ed5e5700;  1 drivers
L_0x9895b06ffa0 .functor BUFT 1, C4<00000000000000000000000000000>, C4<0>, C4<0>, C4<0>;
v0x5716ed4473e0_0 .net *"_ivl_41", 28 0, L_0x9895b06ffa0;  1 drivers
L_0x9895b06ffe8 .functor BUFT 1, C4<00000000000000000000000000000010>, C4<0>, C4<0>, C4<0>;
v0x5716ed446f70_0 .net/2u *"_ivl_42", 31 0, L_0x9895b06ffe8;  1 drivers
v0x5716ed446bd0_0 .net *"_ivl_44", 31 0, L_0x5716ed5e5830;  1 drivers
v0x5716ed446cb0_0 .net/2u *"_ivl_46", 31 0, L_0x9895b070030;  1 drivers
v0x5716ed446850_0 .net *"_ivl_48", 31 0, L_0x5716ed5e58d0;  1 drivers
L_0x9895b06fd60 .functor BUFT 1, C4<00000000000000000000000000000>, C4<0>, C4<0>, C4<0>;
v0x5716ed446930_0 .net *"_ivl_5", 28 0, L_0x9895b06fd60;  1 drivers
v0x5716ed404000_0 .net *"_ivl_50", 31 0, L_0x5716ed5e5a30;  1 drivers
L_0x9895b070078 .functor BUFT 1, C4<00000000000000000000000000000>, C4<0>, C4<0>, C4<0>;
v0x5716ed4040e0_0 .net *"_ivl_53", 28 0, L_0x9895b070078;  1 drivers
v0x5716ed403c60_0 .net *"_ivl_6", 31 0, L_0x5716ed5e4c70;  1 drivers
v0x5716ed282e90_0 .net *"_ivl_64", 136 0, L_0x5716ed5e6180;  1 drivers
v0x5716ed282f70_0 .net *"_ivl_66", 4 0, L_0x5716ed5e62a0;  1 drivers
L_0x9895b0700c0 .functor BUFT 1, C4<00>, C4<0>, C4<0>, C4<0>;
v0x5716ed403d00_0 .net *"_ivl_69", 1 0, L_0x9895b0700c0;  1 drivers
L_0x9895b06fda8 .functor BUFT 1, C4<00000000000000000000000000000>, C4<0>, C4<0>, C4<0>;
v0x5716ed403930_0 .net *"_ivl_9", 28 0, L_0x9895b06fda8;  1 drivers
v0x5716ed403a10_0 .var "head", 2 0;
v0x5716ed43d7d0_0 .net "is_almost_empty", 0 0, L_0x5716ed5e5000;  1 drivers
v0x5716ed43d890_0 .net "is_almost_full", 0 0, L_0x5716ed5e5bd0;  1 drivers
v0x5716ed403660_0 .net "is_empty", 0 0, L_0x5716ed5e4a90;  1 drivers
v0x5716ed403720_0 .net "is_full", 0 0, L_0x5716ed5e55c0;  1 drivers
v0x5716ed43a040 .array "mem", 7 0, 136 0;
v0x5716ed43a100_0 .net "rdata", 136 0, L_0x5716ed5e5b60;  1 drivers
v0x5716ed439c10_0 .var "tail", 2 0;
L_0x5716ed5e4a90 .cmp/eq 3, v0x5716ed403a10_0, v0x5716ed439c10_0;
L_0x5716ed5e4b30 .concat [ 3 29 0 0], v0x5716ed403a10_0, L_0x9895b06fd60;
L_0x5716ed5e4c70 .concat [ 3 29 0 0], v0x5716ed439c10_0, L_0x9895b06fda8;
L_0x5716ed5e4db0 .arith/sum 32, L_0x5716ed5e4c70, L_0x9895b06fdf0;
L_0x5716ed5e5000 .cmp/eq 32, L_0x5716ed5e4b30, L_0x5716ed5e4e50;
L_0x5716ed5e5140 .concat [ 3 29 0 0], v0x5716ed403a10_0, L_0x9895b06fe80;
L_0x5716ed5e5230 .arith/sum 32, L_0x5716ed5e5140, L_0x9895b06fec8;
L_0x5716ed5e5480 .concat [ 3 29 0 0], v0x5716ed439c10_0, L_0x9895b06ff58;
L_0x5716ed5e55c0 .cmp/eq 32, L_0x5716ed5e52d0, L_0x5716ed5e5480;
L_0x5716ed5e5700 .concat [ 3 29 0 0], v0x5716ed403a10_0, L_0x9895b06ffa0;
L_0x5716ed5e5830 .arith/sum 32, L_0x5716ed5e5700, L_0x9895b06ffe8;
L_0x5716ed5e5a30 .concat [ 3 29 0 0], v0x5716ed439c10_0, L_0x9895b070078;
L_0x5716ed5e5bd0 .cmp/eq 32, L_0x5716ed5e58d0, L_0x5716ed5e5a30;
L_0x5716ed5e6180 .array/port v0x5716ed43a040, L_0x5716ed5e62a0;
L_0x5716ed5e62a0 .concat [ 3 2 0 0], v0x5716ed439c10_0, L_0x9895b0700c0;
S_0x5716ed40a610 .scope module, "inst_receive_ram" "receive_ram" 2 1831, 2 3215 0, S_0x5716ed40b0f0;
 .timescale 0 0;
    .port_info 0 /INPUT 1 "CLK";
    .port_info 1 /INPUT 20 "receive_ram_0_addr";
    .port_info 2 /OUTPUT 128 "receive_ram_0_rdata";
    .port_info 3 /INPUT 128 "receive_ram_0_wdata";
    .port_info 4 /INPUT 1 "receive_ram_0_wenable";
    .port_info 5 /INPUT 1 "receive_ram_0_enable";
L_0x5716ed5e84f0 .functor BUFZ 128, v0x5716ed40d510_0, C4<00000000000000000000000000000000000000000000000000000000000000000000000000000000000000000000000000000000000000000000000000000000>, C4<00000000000000000000000000000000000000000000000000000000000000000000000000000000000000000000000000000000000000000000000000000000>, C4<00000000000000000000000000000000000000000000000000000000000000000000000000000000000000000000000000000000000000000000000000000000>;
v0x5716ed430510_0 .net "CLK", 0 0, v0x5716ed59e390_0;  alias, 1 drivers
v0x5716ed401cd0 .array "mem", 1048575 0, 127 0;
v0x5716ed401d90_0 .net "receive_ram_0_addr", 19 0, L_0x5716ed5fcce0;  alias, 1 drivers
v0x5716ed42d230_0 .net "receive_ram_0_enable", 0 0, L_0x5716ed5fea40;  alias, 1 drivers
v0x5716ed42d2f0_0 .net "receive_ram_0_rdata", 127 0, L_0x5716ed5e84f0;  alias, 1 drivers
v0x5716ed40d510_0 .var "receive_ram_0_rdata_out", 127 0;
v0x5716ed40d5f0_0 .net "receive_ram_0_wdata", 127 0, L_0x5716ed5fbf40;  alias, 1 drivers
v0x5716ed4019b0_0 .net "receive_ram_0_wenable", 0 0, L_0x5716ed5fce90;  alias, 1 drivers
S_0x5716ed40bf50 .scope module, "inst_request_ram" "request_ram" 2 1814, 2 3185 0, S_0x5716ed40b0f0;
 .timescale 0 0;
    .port_info 0 /INPUT 1 "CLK";
    .port_info 1 /INPUT 20 "request_ram_0_addr";
    .port_info 2 /OUTPUT 128 "request_ram_0_rdata";
    .port_info 3 /INPUT 128 "request_ram_0_wdata";
    .port_info 4 /INPUT 1 "request_ram_0_wenable";
    .port_info 5 /INPUT 1 "request_ram_0_enable";
v0x5716ed40d2b0_0 .net "CLK", 0 0, v0x5716ed59e390_0;  alias, 1 drivers
v0x5716ed40ce30 .array "mem", 1048575 0, 127 0;
v0x5716ed40cef0_0 .net "request_ram_0_addr", 19 0, L_0x5716ed5ffb90;  alias, 1 drivers
v0x5716ed40cab0_0 .net "request_ram_0_enable", 0 0, L_0x5716ed601350;  alias, 1 drivers
v0x5716ed40cb70_0 .net "request_ram_0_rdata", 127 0, v0x5716ed40c770_0;  alias, 1 drivers
v0x5716ed40c770_0 .var "request_ram_0_rdata_out", 127 0;
v0x5716ed40c330_0 .net "request_ram_0_wdata", 127 0, L_0x5716ed5f5dc0;  alias, 1 drivers
v0x5716ed40c3f0_0 .net "request_ram_0_wenable", 0 0, L_0x5716ed5f5c30;  alias, 1 drivers
    .scope S_0x5716ed40b470;
T_0 ;
    %wait E_0x5716ed297db0;
    %load/vec4 v0x5716ed4753d0_0;
    %flag_set/vec4 8;
    %jmp/0xz  T_0.0, 8;
    %pushi/vec4 0, 0, 3;
    %assign/vec4 v0x5716ed472900_0, 0;
    %pushi/vec4 0, 0, 3;
    %assign/vec4 v0x5716ed4e4b20_0, 0;
    %jmp T_0.1;
T_0.0 ;
    %load/vec4 v0x5716ed28adb0_0;
    %flag_set/vec4 9;
    %flag_get/vec4 9;
    %jmp/0 T_0.4, 9;
    %load/vec4 v0x5716ed4ea6b0_0;
    %nor/r;
    %and;
T_0.4;
    %flag_set/vec4 8;
    %jmp/0xz  T_0.2, 8;
    %load/vec4 v0x5716ed41ffb0_0;
    %load/vec4 v0x5716ed472900_0;
    %pad/u 5;
    %ix/vec4 3;
    %ix/load 4, 0, 0; Constant delay
    %assign/vec4/a/d v0x5716ed4ea770, 0, 4;
    %load/vec4 v0x5716ed472900_0;
    %addi 1, 0, 3;
    %assign/vec4 v0x5716ed472900_0, 0;
T_0.2 ;
    %load/vec4 v0x5716ed429a60_0;
    %flag_set/vec4 9;
    %flag_get/vec4 9;
    %jmp/0 T_0.7, 9;
    %load/vec4 v0x5716ed4f99a0_0;
    %nor/r;
    %and;
T_0.7;
    %flag_set/vec4 8;
    %jmp/0xz  T_0.5, 8;
    %load/vec4 v0x5716ed4e4b20_0;
    %addi 1, 0, 3;
    %assign/vec4 v0x5716ed4e4b20_0, 0;
T_0.5 ;
T_0.1 ;
    %jmp T_0;
    .thread T_0;
    .scope S_0x5716ed400f40;
T_1 ;
    %wait E_0x5716ed297db0;
    %load/vec4 v0x5716ed49c070_0;
    %flag_set/vec4 8;
    %jmp/0xz  T_1.0, 8;
    %pushi/vec4 0, 0, 3;
    %assign/vec4 v0x5716ed40d7a0_0, 0;
    %pushi/vec4 0, 0, 3;
    %assign/vec4 v0x5716ed478b10_0, 0;
    %jmp T_1.1;
T_1.0 ;
    %load/vec4 v0x5716ed404630_0;
    %flag_set/vec4 9;
    %flag_get/vec4 9;
    %jmp/0 T_1.4, 9;
    %load/vec4 v0x5716ed479d30_0;
    %nor/r;
    %and;
T_1.4;
    %flag_set/vec4 8;
    %jmp/0xz  T_1.2, 8;
    %load/vec4 v0x5716ed40db40_0;
    %load/vec4 v0x5716ed40d7a0_0;
    %pad/u 5;
    %ix/vec4 3;
    %ix/load 4, 0, 0; Constant delay
    %assign/vec4/a/d v0x5716ed479990, 0, 4;
    %load/vec4 v0x5716ed40d7a0_0;
    %addi 1, 0, 3;
    %assign/vec4 v0x5716ed40d7a0_0, 0;
T_1.2 ;
    %load/vec4 v0x5716ed406ed0_0;
    %flag_set/vec4 9;
    %flag_get/vec4 9;
    %jmp/0 T_1.7, 9;
    %load/vec4 v0x5716ed47a0d0_0;
    %nor/r;
    %and;
T_1.7;
    %flag_set/vec4 8;
    %jmp/0xz  T_1.5, 8;
    %load/vec4 v0x5716ed478b10_0;
    %addi 1, 0, 3;
    %assign/vec4 v0x5716ed478b10_0, 0;
T_1.5 ;
T_1.1 ;
    %jmp T_1;
    .thread T_1;
    .scope S_0x5716ed40b850;
T_2 ;
    %wait E_0x5716ed297db0;
    %load/vec4 v0x5716ed474050_0;
    %flag_set/vec4 8;
    %jmp/0xz  T_2.0, 8;
    %pushi/vec4 0, 0, 3;
    %assign/vec4 v0x5716ed4aa1f0_0, 0;
    %pushi/vec4 0, 0, 3;
    %assign/vec4 v0x5716ed4795d0_0, 0;
    %jmp T_2.1;
T_2.0 ;
    %load/vec4 v0x5716ed42d600_0;
    %flag_set/vec4 9;
    %flag_get/vec4 9;
    %jmp/0 T_2.4, 9;
    %load/vec4 v0x5716ed47c010_0;
    %nor/r;
    %and;
T_2.4;
    %flag_set/vec4 8;
    %jmp/0xz  T_2.2, 8;
    %load/vec4 v0x5716ed4cf610_0;
    %load/vec4 v0x5716ed4aa1f0_0;
    %pad/u 5;
    %ix/vec4 3;
    %ix/load 4, 0, 0; Constant delay
    %assign/vec4/a/d v0x5716ed47c0b0, 0, 4;
    %load/vec4 v0x5716ed4aa1f0_0;
    %addi 1, 0, 3;
    %assign/vec4 v0x5716ed4aa1f0_0, 0;
T_2.2 ;
    %load/vec4 v0x5716ed4317d0_0;
    %flag_set/vec4 9;
    %flag_get/vec4 9;
    %jmp/0 T_2.7, 9;
    %load/vec4 v0x5716ed4a00f0_0;
    %nor/r;
    %and;
T_2.7;
    %flag_set/vec4 8;
    %jmp/0xz  T_2.5, 8;
    %load/vec4 v0x5716ed4795d0_0;
    %addi 1, 0, 3;
    %assign/vec4 v0x5716ed4795d0_0, 0;
T_2.5 ;
T_2.1 ;
    %jmp T_2;
    .thread T_2;
    .scope S_0x5716ed40ad40;
T_3 ;
    %wait E_0x5716ed297db0;
    %load/vec4 v0x5716ed4249a0_0;
    %flag_set/vec4 8;
    %jmp/0xz  T_3.0, 8;
    %pushi/vec4 0, 0, 3;
    %assign/vec4 v0x5716ed44b760_0, 0;
    %pushi/vec4 0, 0, 3;
    %assign/vec4 v0x5716ed44ad90_0, 0;
    %jmp T_3.1;
T_3.0 ;
    %load/vec4 v0x5716ed408d60_0;
    %flag_set/vec4 9;
    %flag_get/vec4 9;
    %jmp/0 T_3.4, 9;
    %load/vec4 v0x5716ed44b030_0;
    %nor/r;
    %and;
T_3.4;
    %flag_set/vec4 8;
    %jmp/0xz  T_3.2, 8;
    %load/vec4 v0x5716ed4091c0_0;
    %load/vec4 v0x5716ed44b760_0;
    %pad/u 5;
    %ix/vec4 3;
    %ix/load 4, 0, 0; Constant delay
    %assign/vec4/a/d v0x5716ed44b0f0, 0, 4;
    %load/vec4 v0x5716ed44b760_0;
    %addi 1, 0, 3;
    %assign/vec4 v0x5716ed44b760_0, 0;
T_3.2 ;
    %load/vec4 v0x5716ed40a290_0;
    %flag_set/vec4 9;
    %flag_get/vec4 9;
    %jmp/0 T_3.7, 9;
    %load/vec4 v0x5716ed44b470_0;
    %nor/r;
    %and;
T_3.7;
    %flag_set/vec4 8;
    %jmp/0xz  T_3.5, 8;
    %load/vec4 v0x5716ed44ad90_0;
    %addi 1, 0, 3;
    %assign/vec4 v0x5716ed44ad90_0, 0;
T_3.5 ;
T_3.1 ;
    %jmp T_3;
    .thread T_3;
    .scope S_0x5716ed40a9c0;
T_4 ;
    %wait E_0x5716ed297db0;
    %load/vec4 v0x5716ed44a210_0;
    %flag_set/vec4 8;
    %jmp/0xz  T_4.0, 8;
    %pushi/vec4 0, 0, 3;
    %assign/vec4 v0x5716ed403a10_0, 0;
    %pushi/vec4 0, 0, 3;
    %assign/vec4 v0x5716ed439c10_0, 0;
    %jmp T_4.1;
T_4.0 ;
    %load/vec4 v0x5716ed4497e0_0;
    %flag_set/vec4 9;
    %flag_get/vec4 9;
    %jmp/0 T_4.4, 9;
    %load/vec4 v0x5716ed403720_0;
    %nor/r;
    %and;
T_4.4;
    %flag_set/vec4 8;
    %jmp/0xz  T_4.2, 8;
    %load/vec4 v0x5716ed4490f0_0;
    %load/vec4 v0x5716ed403a10_0;
    %pad/u 5;
    %ix/vec4 3;
    %ix/load 4, 0, 0; Constant delay
    %assign/vec4/a/d v0x5716ed43a040, 0, 4;
    %load/vec4 v0x5716ed403a10_0;
    %addi 1, 0, 3;
    %assign/vec4 v0x5716ed403a10_0, 0;
T_4.2 ;
    %load/vec4 v0x5716ed449b40_0;
    %flag_set/vec4 9;
    %flag_get/vec4 9;
    %jmp/0 T_4.7, 9;
    %load/vec4 v0x5716ed403660_0;
    %nor/r;
    %and;
T_4.7;
    %flag_set/vec4 8;
    %jmp/0xz  T_4.5, 8;
    %load/vec4 v0x5716ed439c10_0;
    %addi 1, 0, 3;
    %assign/vec4 v0x5716ed439c10_0, 0;
T_4.5 ;
T_4.1 ;
    %jmp T_4;
    .thread T_4;
    .scope S_0x5716ed40bf50;
T_5 ;
    %wait E_0x5716ed297db0;
    %load/vec4 v0x5716ed40cab0_0;
    %flag_set/vec4 8;
    %jmp/0xz  T_5.0, 8;
    %load/vec4 v0x5716ed40c3f0_0;
    %flag_set/vec4 8;
    %jmp/0xz  T_5.2, 8;
    %load/vec4 v0x5716ed40c330_0;
    %load/vec4 v0x5716ed40cef0_0;
    %pad/u 22;
    %ix/vec4 3;
    %ix/load 4, 0, 0; Constant delay
    %assign/vec4/a/d v0x5716ed40ce30, 0, 4;
    %load/vec4 v0x5716ed40c330_0;
    %assign/vec4 v0x5716ed40c770_0, 0;
    %jmp T_5.3;
T_5.2 ;
    %load/vec4 v0x5716ed40cef0_0;
    %pad/u 22;
    %ix/vec4 4;
    %load/vec4a v0x5716ed40ce30, 4;
    %assign/vec4 v0x5716ed40c770_0, 0;
T_5.3 ;
T_5.0 ;
    %jmp T_5;
    .thread T_5;
    .scope S_0x5716ed40a610;
T_6 ;
    %wait E_0x5716ed297db0;
    %load/vec4 v0x5716ed42d230_0;
    %flag_set/vec4 8;
    %jmp/0xz  T_6.0, 8;
    %load/vec4 v0x5716ed4019b0_0;
    %flag_set/vec4 8;
    %jmp/0xz  T_6.2, 8;
    %load/vec4 v0x5716ed40d5f0_0;
    %load/vec4 v0x5716ed401d90_0;
    %pad/u 22;
    %ix/vec4 3;
    %ix/load 4, 0, 0; Constant delay
    %assign/vec4/a/d v0x5716ed401cd0, 0, 4;
    %load/vec4 v0x5716ed40d5f0_0;
    %assign/vec4 v0x5716ed40d510_0, 0;
    %jmp T_6.3;
T_6.2 ;
    %load/vec4 v0x5716ed401d90_0;
    %pad/u 22;
    %ix/vec4 4;
    %load/vec4a v0x5716ed401cd0, 4;
    %assign/vec4 v0x5716ed40d510_0, 0;
T_6.3 ;
T_6.0 ;
    %jmp T_6;
    .thread T_6;
    .scope S_0x5716ed40b0f0;
T_7 ;
    %wait E_0x5716ed297db0;
    %load/vec4 v0x5716ed4ce900_0;
    %flag_set/vec4 8;
    %jmp/0xz  T_7.0, 8;
    %pushi/vec4 0, 0, 64;
    %assign/vec4 v0x5716ed597fc0_0, 0;
    %pushi/vec4 0, 0, 1;
    %assign/vec4 v0x5716ed598240_0, 0;
    %pushi/vec4 0, 0, 1;
    %assign/vec4 v0x5716ed496460_0, 0;
    %jmp T_7.1;
T_7.0 ;
    %load/vec4 v0x5716ed496460_0;
    %flag_set/vec4 8;
    %jmp/0xz  T_7.2, 8;
    %pushi/vec4 0, 0, 1;
    %assign/vec4 v0x5716ed598240_0, 0;
T_7.2 ;
    %load/vec4 v0x5716ed486ed0_0;
    %cmpi/e 1, 0, 32;
    %flag_get/vec4 4;
    %jmp/0 T_7.6, 4;
    %load/vec4 v0x5716ed5980a0_0;
    %flag_set/vec4 9;
    %flag_get/vec4 9;
    %jmp/1 T_7.7, 9;
    %load/vec4 v0x5716ed598240_0;
    %nor/r;
    %or;
T_7.7;
    %and;
T_7.6;
    %flag_set/vec4 8;
    %jmp/0xz  T_7.4, 8;
    %load/vec4 v0x5716ed5987e0_0;
    %assign/vec4 v0x5716ed597fc0_0, 0;
    %pushi/vec4 1, 0, 1;
    %assign/vec4 v0x5716ed598240_0, 0;
T_7.4 ;
    %pushi/vec4 1, 0, 1;
    %assign/vec4 v0x5716ed496460_0, 0;
    %load/vec4 v0x5716ed598240_0;
    %flag_set/vec4 9;
    %flag_get/vec4 9;
    %jmp/0 T_7.10, 9;
    %load/vec4 v0x5716ed5980a0_0;
    %nor/r;
    %and;
T_7.10;
    %flag_set/vec4 8;
    %jmp/0xz  T_7.8, 8;
    %load/vec4 v0x5716ed598240_0;
    %assign/vec4 v0x5716ed598240_0, 0;
T_7.8 ;
T_7.1 ;
    %jmp T_7;
    .thread T_7;
    .scope S_0x5716ed40b0f0;
T_8 ;
    %wait E_0x5716ed297db0;
    %load/vec4 v0x5716ed4ce900_0;
    %flag_set/vec4 8;
    %jmp/0xz  T_8.0, 8;
    %pushi/vec4 0, 0, 1;
    %assign/vec4 v0x5716ed597f00_0, 0;
    %pushi/vec4 0, 0, 1;
    %assign/vec4 v0x5716ed59ba80_0, 0;
    %pushi/vec4 0, 0, 1;
    %assign/vec4 v0x5716ed59b9c0_0, 0;
    %pushi/vec4 0, 0, 1;
    %assign/vec4 v0x5716ed59d9d0_0, 0;
    %pushi/vec4 0, 0, 1;
    %assign/vec4 v0x5716ed59c3c0_0, 0;
    %pushi/vec4 0, 0, 32;
    %assign/vec4 v0x5716ed595640_0, 0;
    %pushi/vec4 0, 0, 64;
    %assign/vec4 v0x5716ed494e30_0, 0;
    %pushi/vec4 0, 0, 1;
    %assign/vec4 v0x5716ed474c20_0, 0;
    %pushi/vec4 0, 0, 64;
    %assign/vec4 v0x5716ed494f10_0, 0;
    %pushi/vec4 0, 0, 1;
    %assign/vec4 v0x5716ed474ce0_0, 0;
    %pushi/vec4 0, 0, 64;
    %assign/vec4 v0x5716ed4946b0_0, 0;
    %pushi/vec4 0, 0, 1;
    %assign/vec4 v0x5716ed474840_0, 0;
    %pushi/vec4 0, 0, 64;
    %assign/vec4 v0x5716ed494790_0, 0;
    %pushi/vec4 0, 0, 1;
    %assign/vec4 v0x5716ed474900_0, 0;
    %pushi/vec4 0, 0, 64;
    %assign/vec4 v0x5716ed488360_0, 0;
    %pushi/vec4 0, 0, 1;
    %assign/vec4 v0x5716ed49b5e0_0, 0;
    %pushi/vec4 0, 0, 64;
    %assign/vec4 v0x5716ed488440_0, 0;
    %pushi/vec4 0, 0, 1;
    %assign/vec4 v0x5716ed49b6a0_0, 0;
    %pushi/vec4 0, 0, 64;
    %assign/vec4 v0x5716ed486df0_0, 0;
    %pushi/vec4 0, 0, 1;
    %assign/vec4 v0x5716ed4963a0_0, 0;
    %jmp T_8.1;
T_8.0 ;
    %load/vec4 v0x5716ed597f00_0;
    %flag_set/vec4 9;
    %flag_get/vec4 9;
    %jmp/0 T_8.4, 9;
    %load/vec4 v0x5716ed597d60_0;
    %and;
T_8.4;
    %flag_set/vec4 8;
    %jmp/0xz  T_8.2, 8;
    %pushi/vec4 0, 0, 1;
    %assign/vec4 v0x5716ed597f00_0, 0;
T_8.2 ;
    %load/vec4 v0x5716ed598580_0;
    %flag_set/vec4 9;
    %flag_get/vec4 9;
    %jmp/0 T_8.7, 9;
    %load/vec4 v0x5716ed5983e0_0;
    %and;
T_8.7;
    %flag_set/vec4 8;
    %jmp/0xz  T_8.5, 8;
    %pushi/vec4 1, 0, 1;
    %assign/vec4 v0x5716ed597f00_0, 0;
T_8.5 ;
    %load/vec4 v0x5716ed597ca0_0;
    %assign/vec4 v0x5716ed59ba80_0, 0;
    %load/vec4 v0x5716ed597880_0;
    %assign/vec4 v0x5716ed59b9c0_0, 0;
    %pushi/vec4 0, 0, 1;
    %assign/vec4 v0x5716ed59d9d0_0, 0;
    %pushi/vec4 0, 0, 1;
    %assign/vec4 v0x5716ed59c3c0_0, 0;
    %load/vec4 v0x5716ed597be0_0;
    %flag_set/vec4 10;
    %flag_get/vec4 10;
    %jmp/0 T_8.11, 10;
    %load/vec4 v0x5716ed597ca0_0;
    %and;
T_8.11;
    %flag_set/vec4 9;
    %flag_get/vec4 9;
    %jmp/0 T_8.10, 9;
    %load/vec4 v0x5716ed597f00_0;
    %nor/r;
    %and;
T_8.10;
    %flag_set/vec4 8;
    %jmp/0xz  T_8.8, 8;
    %load/vec4 v0x5716ed597940_0;
    %assign/vec4 v0x5716ed595640_0, 0;
    %pushi/vec4 1, 0, 1;
    %assign/vec4 v0x5716ed59d9d0_0, 0;
    %jmp T_8.9;
T_8.8 ;
    %load/vec4 v0x5716ed5977c0_0;
    %flag_set/vec4 9;
    %flag_get/vec4 9;
    %jmp/0 T_8.14, 9;
    %load/vec4 v0x5716ed597880_0;
    %and;
T_8.14;
    %flag_set/vec4 8;
    %jmp/0xz  T_8.12, 8;
    %load/vec4 v0x5716ed597520_0;
    %assign/vec4 v0x5716ed595640_0, 0;
    %pushi/vec4 1, 0, 1;
    %assign/vec4 v0x5716ed59c3c0_0, 0;
T_8.12 ;
T_8.9 ;
    %load/vec4 v0x5716ed486ed0_0;
    %cmpi/e 1, 0, 32;
    %flag_get/vec4 4;
    %jmp/0 T_8.19, 4;
    %load/vec4 v0x5716ed5980a0_0;
    %flag_set/vec4 11;
    %flag_get/vec4 11;
    %jmp/1 T_8.20, 11;
    %load/vec4 v0x5716ed598240_0;
    %nor/r;
    %or;
T_8.20;
    %and;
T_8.19;
    %flag_set/vec4 10;
    %flag_get/vec4 10;
    %jmp/0 T_8.18, 10;
    %load/vec4 v0x5716ed598720_0;
    %and;
T_8.18;
    %flag_set/vec4 9;
    %flag_get/vec4 9;
    %jmp/0 T_8.17, 9;
    %load/vec4 v0x5716ed598640_0;
    %pad/u 32;
    %pushi/vec4 0, 0, 32;
    %cmp/e;
    %flag_get/vec4 4;
    %and;
T_8.17;
    %flag_set/vec4 8;
    %jmp/0xz  T_8.15, 8;
    %load/vec4 v0x5716ed5988c0_0;
    %assign/vec4 v0x5716ed494e30_0, 0;
    %pushi/vec4 0, 0, 1;
    %assign/vec4 v0x5716ed474c20_0, 0;
T_8.15 ;
    %load/vec4 v0x5716ed486ed0_0;
    %cmpi/e 1, 0, 32;
    %flag_get/vec4 4;
    %jmp/0 T_8.25, 4;
    %load/vec4 v0x5716ed5980a0_0;
    %flag_set/vec4 11;
    %flag_get/vec4 11;
    %jmp/1 T_8.26, 11;
    %load/vec4 v0x5716ed598240_0;
    %nor/r;
    %or;
T_8.26;
    %and;
T_8.25;
    %flag_set/vec4 10;
    %flag_get/vec4 10;
    %jmp/0 T_8.24, 10;
    %load/vec4 v0x5716ed598720_0;
    %and;
T_8.24;
    %flag_set/vec4 9;
    %flag_get/vec4 9;
    %jmp/0 T_8.23, 9;
    %load/vec4 v0x5716ed598640_0;
    %pad/u 32;
    %pushi/vec4 1, 0, 32;
    %cmp/e;
    %flag_get/vec4 4;
    %and;
T_8.23;
    %flag_set/vec4 8;
    %jmp/0xz  T_8.21, 8;
    %load/vec4 v0x5716ed5988c0_0;
    %assign/vec4 v0x5716ed494f10_0, 0;
    %pushi/vec4 0, 0, 1;
    %assign/vec4 v0x5716ed474ce0_0, 0;
T_8.21 ;
    %load/vec4 v0x5716ed486ed0_0;
    %cmpi/e 1, 0, 32;
    %flag_get/vec4 4;
    %jmp/0 T_8.31, 4;
    %load/vec4 v0x5716ed5980a0_0;
    %flag_set/vec4 11;
    %flag_get/vec4 11;
    %jmp/1 T_8.32, 11;
    %load/vec4 v0x5716ed598240_0;
    %nor/r;
    %or;
T_8.32;
    %and;
T_8.31;
    %flag_set/vec4 10;
    %flag_get/vec4 10;
    %jmp/0 T_8.30, 10;
    %load/vec4 v0x5716ed598720_0;
    %and;
T_8.30;
    %flag_set/vec4 9;
    %flag_get/vec4 9;
    %jmp/0 T_8.29, 9;
    %load/vec4 v0x5716ed598640_0;
    %pad/u 32;
    %pushi/vec4 2, 0, 32;
    %cmp/e;
    %flag_get/vec4 4;
    %and;
T_8.29;
    %flag_set/vec4 8;
    %jmp/0xz  T_8.27, 8;
    %load/vec4 v0x5716ed5988c0_0;
    %assign/vec4 v0x5716ed4946b0_0, 0;
    %pushi/vec4 0, 0, 1;
    %assign/vec4 v0x5716ed474840_0, 0;
T_8.27 ;
    %load/vec4 v0x5716ed486ed0_0;
    %cmpi/e 1, 0, 32;
    %flag_get/vec4 4;
    %jmp/0 T_8.37, 4;
    %load/vec4 v0x5716ed5980a0_0;
    %flag_set/vec4 11;
    %flag_get/vec4 11;
    %jmp/1 T_8.38, 11;
    %load/vec4 v0x5716ed598240_0;
    %nor/r;
    %or;
T_8.38;
    %and;
T_8.37;
    %flag_set/vec4 10;
    %flag_get/vec4 10;
    %jmp/0 T_8.36, 10;
    %load/vec4 v0x5716ed598720_0;
    %and;
T_8.36;
    %flag_set/vec4 9;
    %flag_get/vec4 9;
    %jmp/0 T_8.35, 9;
    %load/vec4 v0x5716ed598640_0;
    %pad/u 32;
    %pushi/vec4 3, 0, 32;
    %cmp/e;
    %flag_get/vec4 4;
    %and;
T_8.35;
    %flag_set/vec4 8;
    %jmp/0xz  T_8.33, 8;
    %load/vec4 v0x5716ed5988c0_0;
    %assign/vec4 v0x5716ed494790_0, 0;
    %pushi/vec4 0, 0, 1;
    %assign/vec4 v0x5716ed474900_0, 0;
T_8.33 ;
    %load/vec4 v0x5716ed486ed0_0;
    %cmpi/e 1, 0, 32;
    %flag_get/vec4 4;
    %jmp/0 T_8.43, 4;
    %load/vec4 v0x5716ed5980a0_0;
    %flag_set/vec4 11;
    %flag_get/vec4 11;
    %jmp/1 T_8.44, 11;
    %load/vec4 v0x5716ed598240_0;
    %nor/r;
    %or;
T_8.44;
    %and;
T_8.43;
    %flag_set/vec4 10;
    %flag_get/vec4 10;
    %jmp/0 T_8.42, 10;
    %load/vec4 v0x5716ed598720_0;
    %and;
T_8.42;
    %flag_set/vec4 9;
    %flag_get/vec4 9;
    %jmp/0 T_8.41, 9;
    %load/vec4 v0x5716ed598640_0;
    %pad/u 32;
    %pushi/vec4 4, 0, 32;
    %cmp/e;
    %flag_get/vec4 4;
    %and;
T_8.41;
    %flag_set/vec4 8;
    %jmp/0xz  T_8.39, 8;
    %load/vec4 v0x5716ed5988c0_0;
    %assign/vec4 v0x5716ed488360_0, 0;
    %pushi/vec4 0, 0, 1;
    %assign/vec4 v0x5716ed49b5e0_0, 0;
T_8.39 ;
    %load/vec4 v0x5716ed486ed0_0;
    %cmpi/e 1, 0, 32;
    %flag_get/vec4 4;
    %jmp/0 T_8.49, 4;
    %load/vec4 v0x5716ed5980a0_0;
    %flag_set/vec4 11;
    %flag_get/vec4 11;
    %jmp/1 T_8.50, 11;
    %load/vec4 v0x5716ed598240_0;
    %nor/r;
    %or;
T_8.50;
    %and;
T_8.49;
    %flag_set/vec4 10;
    %flag_get/vec4 10;
    %jmp/0 T_8.48, 10;
    %load/vec4 v0x5716ed598720_0;
    %and;
T_8.48;
    %flag_set/vec4 9;
    %flag_get/vec4 9;
    %jmp/0 T_8.47, 9;
    %load/vec4 v0x5716ed598640_0;
    %pad/u 32;
    %pushi/vec4 5, 0, 32;
    %cmp/e;
    %flag_get/vec4 4;
    %and;
T_8.47;
    %flag_set/vec4 8;
    %jmp/0xz  T_8.45, 8;
    %load/vec4 v0x5716ed5988c0_0;
    %assign/vec4 v0x5716ed488440_0, 0;
    %pushi/vec4 0, 0, 1;
    %assign/vec4 v0x5716ed49b6a0_0, 0;
T_8.45 ;
    %load/vec4 v0x5716ed486ed0_0;
    %cmpi/e 1, 0, 32;
    %flag_get/vec4 4;
    %jmp/0 T_8.55, 4;
    %load/vec4 v0x5716ed5980a0_0;
    %flag_set/vec4 11;
    %flag_get/vec4 11;
    %jmp/1 T_8.56, 11;
    %load/vec4 v0x5716ed598240_0;
    %nor/r;
    %or;
T_8.56;
    %and;
T_8.55;
    %flag_set/vec4 10;
    %flag_get/vec4 10;
    %jmp/0 T_8.54, 10;
    %load/vec4 v0x5716ed598720_0;
    %and;
T_8.54;
    %flag_set/vec4 9;
    %flag_get/vec4 9;
    %jmp/0 T_8.53, 9;
    %load/vec4 v0x5716ed598640_0;
    %pad/u 32;
    %pushi/vec4 6, 0, 32;
    %cmp/e;
    %flag_get/vec4 4;
    %and;
T_8.53;
    %flag_set/vec4 8;
    %jmp/0xz  T_8.51, 8;
    %load/vec4 v0x5716ed5988c0_0;
    %assign/vec4 v0x5716ed486df0_0, 0;
    %pushi/vec4 0, 0, 1;
    %assign/vec4 v0x5716ed4963a0_0, 0;
T_8.51 ;
    %load/vec4 v0x5716ed486ed0_0;
    %cmpi/e 3, 0, 32;
    %flag_get/vec4 4;
    %jmp/0 T_8.60, 4;
    %load/vec4 v0x5716ed598580_0;
    %and;
T_8.60;
    %flag_set/vec4 9;
    %flag_get/vec4 9;
    %jmp/0 T_8.59, 9;
    %load/vec4 v0x5716ed598640_0;
    %pad/u 32;
    %pushi/vec4 0, 0, 32;
    %cmp/e;
    %flag_get/vec4 4;
    %and;
T_8.59;
    %flag_set/vec4 8;
    %jmp/0xz  T_8.57, 8;
    %load/vec4 v0x5716ed598300_0;
    %assign/vec4 v0x5716ed494e30_0, 0;
T_8.57 ;
    %load/vec4 v0x5716ed486ed0_0;
    %cmpi/e 3, 0, 32;
    %flag_get/vec4 4;
    %jmp/0 T_8.64, 4;
    %load/vec4 v0x5716ed598580_0;
    %and;
T_8.64;
    %flag_set/vec4 9;
    %flag_get/vec4 9;
    %jmp/0 T_8.63, 9;
    %load/vec4 v0x5716ed598640_0;
    %pad/u 32;
    %pushi/vec4 1, 0, 32;
    %cmp/e;
    %flag_get/vec4 4;
    %and;
T_8.63;
    %flag_set/vec4 8;
    %jmp/0xz  T_8.61, 8;
    %load/vec4 v0x5716ed598300_0;
    %assign/vec4 v0x5716ed494f10_0, 0;
T_8.61 ;
    %load/vec4 v0x5716ed486ed0_0;
    %cmpi/e 3, 0, 32;
    %flag_get/vec4 4;
    %jmp/0 T_8.68, 4;
    %load/vec4 v0x5716ed598580_0;
    %and;
T_8.68;
    %flag_set/vec4 9;
    %flag_get/vec4 9;
    %jmp/0 T_8.67, 9;
    %load/vec4 v0x5716ed598640_0;
    %pad/u 32;
    %pushi/vec4 2, 0, 32;
    %cmp/e;
    %flag_get/vec4 4;
    %and;
T_8.67;
    %flag_set/vec4 8;
    %jmp/0xz  T_8.65, 8;
    %load/vec4 v0x5716ed598300_0;
    %assign/vec4 v0x5716ed4946b0_0, 0;
T_8.65 ;
    %load/vec4 v0x5716ed486ed0_0;
    %cmpi/e 3, 0, 32;
    %flag_get/vec4 4;
    %jmp/0 T_8.72, 4;
    %load/vec4 v0x5716ed598580_0;
    %and;
T_8.72;
    %flag_set/vec4 9;
    %flag_get/vec4 9;
    %jmp/0 T_8.71, 9;
    %load/vec4 v0x5716ed598640_0;
    %pad/u 32;
    %pushi/vec4 3, 0, 32;
    %cmp/e;
    %flag_get/vec4 4;
    %and;
T_8.71;
    %flag_set/vec4 8;
    %jmp/0xz  T_8.69, 8;
    %load/vec4 v0x5716ed598300_0;
    %assign/vec4 v0x5716ed494790_0, 0;
T_8.69 ;
    %load/vec4 v0x5716ed486ed0_0;
    %cmpi/e 3, 0, 32;
    %flag_get/vec4 4;
    %jmp/0 T_8.76, 4;
    %load/vec4 v0x5716ed598580_0;
    %and;
T_8.76;
    %flag_set/vec4 9;
    %flag_get/vec4 9;
    %jmp/0 T_8.75, 9;
    %load/vec4 v0x5716ed598640_0;
    %pad/u 32;
    %pushi/vec4 4, 0, 32;
    %cmp/e;
    %flag_get/vec4 4;
    %and;
T_8.75;
    %flag_set/vec4 8;
    %jmp/0xz  T_8.73, 8;
    %load/vec4 v0x5716ed598300_0;
    %assign/vec4 v0x5716ed488360_0, 0;
T_8.73 ;
    %load/vec4 v0x5716ed486ed0_0;
    %cmpi/e 3, 0, 32;
    %flag_get/vec4 4;
    %jmp/0 T_8.80, 4;
    %load/vec4 v0x5716ed598580_0;
    %and;
T_8.80;
    %flag_set/vec4 9;
    %flag_get/vec4 9;
    %jmp/0 T_8.79, 9;
    %load/vec4 v0x5716ed598640_0;
    %pad/u 32;
    %pushi/vec4 5, 0, 32;
    %cmp/e;
    %flag_get/vec4 4;
    %and;
T_8.79;
    %flag_set/vec4 8;
    %jmp/0xz  T_8.77, 8;
    %load/vec4 v0x5716ed598300_0;
    %assign/vec4 v0x5716ed488440_0, 0;
T_8.77 ;
    %load/vec4 v0x5716ed486ed0_0;
    %cmpi/e 3, 0, 32;
    %flag_get/vec4 4;
    %jmp/0 T_8.84, 4;
    %load/vec4 v0x5716ed598580_0;
    %and;
T_8.84;
    %flag_set/vec4 9;
    %flag_get/vec4 9;
    %jmp/0 T_8.83, 9;
    %load/vec4 v0x5716ed598640_0;
    %pad/u 32;
    %pushi/vec4 6, 0, 32;
    %cmp/e;
    %flag_get/vec4 4;
    %and;
T_8.83;
    %flag_set/vec4 8;
    %jmp/0xz  T_8.81, 8;
    %load/vec4 v0x5716ed598300_0;
    %assign/vec4 v0x5716ed486df0_0, 0;
T_8.81 ;
T_8.1 ;
    %jmp T_8;
    .thread T_8;
    .scope S_0x5716ed40b0f0;
T_9 ;
    %wait E_0x5716ed297db0;
    %load/vec4 v0x5716ed4ce900_0;
    %flag_set/vec4 8;
    %jmp/0xz  T_9.0, 8;
    %pushi/vec4 0, 0, 32;
    %assign/vec4 v0x5716ed486ed0_0, 0;
    %pushi/vec4 0, 0, 3;
    %assign/vec4 v0x5716ed598640_0, 0;
    %jmp T_9.1;
T_9.0 ;
    %load/vec4 v0x5716ed486ed0_0;
    %dup/vec4;
    %pushi/vec4 0, 0, 32;
    %cmp/u;
    %jmp/1 T_9.2, 6;
    %dup/vec4;
    %pushi/vec4 1, 0, 32;
    %cmp/u;
    %jmp/1 T_9.3, 6;
    %dup/vec4;
    %pushi/vec4 2, 0, 32;
    %cmp/u;
    %jmp/1 T_9.4, 6;
    %dup/vec4;
    %pushi/vec4 3, 0, 32;
    %cmp/u;
    %jmp/1 T_9.5, 6;
    %dup/vec4;
    %pushi/vec4 4, 0, 32;
    %cmp/u;
    %jmp/1 T_9.6, 6;
    %jmp T_9.7;
T_9.2 ;
    %load/vec4 v0x5716ed59c3c0_0;
    %flag_set/vec4 8;
    %jmp/1 T_9.10, 8;
    %load/vec4 v0x5716ed59d9d0_0;
    %flag_set/vec4 9;
    %flag_or 8, 9;
T_9.10;
    %jmp/0xz  T_9.8, 8;
    %load/vec4 v0x5716ed595640_0;
    %ix/load 4, 3, 0;
    %flag_set/imm 4, 0;
    %shiftr 4;
    %pushi/vec4 7, 0, 32;
    %and;
    %pad/u 3;
    %assign/vec4 v0x5716ed598640_0, 0;
T_9.8 ;
    %load/vec4 v0x5716ed59c3c0_0;
    %flag_set/vec4 8;
    %jmp/0xz  T_9.11, 8;
    %pushi/vec4 1, 0, 32;
    %assign/vec4 v0x5716ed486ed0_0, 0;
T_9.11 ;
    %load/vec4 v0x5716ed59d9d0_0;
    %flag_set/vec4 8;
    %jmp/0xz  T_9.13, 8;
    %pushi/vec4 3, 0, 32;
    %assign/vec4 v0x5716ed486ed0_0, 0;
T_9.13 ;
    %jmp T_9.7;
T_9.3 ;
    %load/vec4 v0x5716ed5980a0_0;
    %flag_set/vec4 8;
    %jmp/1 T_9.17, 8;
    %load/vec4 v0x5716ed598240_0;
    %nor/r;
    %flag_set/vec4 9;
    %flag_or 8, 9;
T_9.17;
    %jmp/0xz  T_9.15, 8;
    %pushi/vec4 2, 0, 32;
    %assign/vec4 v0x5716ed486ed0_0, 0;
T_9.15 ;
    %jmp T_9.7;
T_9.4 ;
    %load/vec4 v0x5716ed5980a0_0;
    %flag_set/vec4 9;
    %flag_get/vec4 9;
    %jmp/0 T_9.20, 9;
    %load/vec4 v0x5716ed598240_0;
    %and;
T_9.20;
    %flag_set/vec4 8;
    %jmp/0xz  T_9.18, 8;
    %pushi/vec4 0, 0, 32;
    %assign/vec4 v0x5716ed486ed0_0, 0;
T_9.18 ;
    %jmp T_9.7;
T_9.5 ;
    %load/vec4 v0x5716ed598580_0;
    %flag_set/vec4 8;
    %jmp/0xz  T_9.21, 8;
    %pushi/vec4 4, 0, 32;
    %assign/vec4 v0x5716ed486ed0_0, 0;
T_9.21 ;
    %jmp T_9.7;
T_9.6 ;
    %load/vec4 v0x5716ed597d60_0;
    %flag_set/vec4 9;
    %flag_get/vec4 9;
    %jmp/0 T_9.25, 9;
    %load/vec4 v0x5716ed597f00_0;
    %and;
T_9.25;
    %flag_set/vec4 8;
    %jmp/0xz  T_9.23, 8;
    %pushi/vec4 0, 0, 32;
    %assign/vec4 v0x5716ed486ed0_0, 0;
T_9.23 ;
    %jmp T_9.7;
T_9.7 ;
    %pop/vec4 1;
T_9.1 ;
    %jmp T_9;
    .thread T_9;
    .scope S_0x5716ed40b0f0;
T_10 ;
    %wait E_0x5716ed297db0;
    %load/vec4 v0x5716ed4ce900_0;
    %flag_set/vec4 8;
    %jmp/0xz  T_10.0, 8;
    %pushi/vec4 0, 0, 32;
    %assign/vec4 v0x5716ed596160_0, 0;
    %pushi/vec4 0, 0, 8;
    %assign/vec4 v0x5716ed596400_0, 0;
    %pushi/vec4 0, 0, 1;
    %assign/vec4 v0x5716ed596a00_0, 0;
    %pushi/vec4 0, 0, 1;
    %assign/vec4 v0x5716ed48ae10_0, 0;
    %jmp T_10.1;
T_10.0 ;
    %load/vec4 v0x5716ed48ae10_0;
    %flag_set/vec4 8;
    %jmp/0xz  T_10.2, 8;
    %pushi/vec4 0, 0, 1;
    %assign/vec4 v0x5716ed596a00_0, 0;
T_10.2 ;
    %load/vec4 v0x5716ed4770c0_0;
    %cmpi/e 1, 0, 32;
    %flag_get/vec4 4;
    %jmp/0 T_10.8, 4;
    %load/vec4 v0x5716ed4781f0_0;
    %nor/r;
    %and;
T_10.8;
    %flag_set/vec4 10;
    %flag_get/vec4 10;
    %jmp/0 T_10.7, 10;
    %load/vec4 v0x5716ed4a9e20_0;
    %pad/u 32;
    %cmpi/u 6, 0, 32;
    %flag_get/vec4 5;
    %and;
T_10.7;
    %flag_set/vec4 9;
    %flag_get/vec4 9;
    %jmp/0 T_10.6, 9;
    %load/vec4 v0x5716ed4a9e20_0;
    %pad/u 32;
    %cmpi/u 6, 0, 32;
    %flag_get/vec4 5;
    %jmp/0 T_10.9, 5;
    %load/vec4 v0x5716ed596780_0;
    %flag_set/vec4 9;
    %flag_get/vec4 9;
    %jmp/1 T_10.10, 9;
    %load/vec4 v0x5716ed596a00_0;
    %nor/r;
    %or;
T_10.10;
    %and;
T_10.9;
    %and;
T_10.6;
    %flag_set/vec4 8;
    %jmp/0xz  T_10.4, 8;
    %load/vec4 v0x5716ed47d620_0;
    %assign/vec4 v0x5716ed596160_0, 0;
    %load/vec4 v0x5716ed47dcf0_0;
    %subi 1, 0, 33;
    %pad/u 8;
    %assign/vec4 v0x5716ed596400_0, 0;
    %pushi/vec4 1, 0, 1;
    %assign/vec4 v0x5716ed596a00_0, 0;
T_10.4 ;
    %load/vec4 v0x5716ed4770c0_0;
    %cmpi/e 1, 0, 32;
    %flag_get/vec4 4;
    %jmp/0 T_10.16, 4;
    %load/vec4 v0x5716ed4781f0_0;
    %nor/r;
    %and;
T_10.16;
    %flag_set/vec4 11;
    %flag_get/vec4 11;
    %jmp/0 T_10.15, 11;
    %load/vec4 v0x5716ed4a9e20_0;
    %pad/u 32;
    %cmpi/u 6, 0, 32;
    %flag_get/vec4 5;
    %and;
T_10.15;
    %flag_set/vec4 10;
    %flag_get/vec4 10;
    %jmp/0 T_10.14, 10;
    %load/vec4 v0x5716ed4a9e20_0;
    %pad/u 32;
    %cmpi/u 6, 0, 32;
    %flag_get/vec4 5;
    %jmp/0 T_10.17, 5;
    %load/vec4 v0x5716ed596780_0;
    %flag_set/vec4 10;
    %flag_get/vec4 10;
    %jmp/1 T_10.18, 10;
    %load/vec4 v0x5716ed596a00_0;
    %nor/r;
    %or;
T_10.18;
    %and;
T_10.17;
    %and;
T_10.14;
    %flag_set/vec4 9;
    %flag_get/vec4 9;
    %jmp/0 T_10.13, 9;
    %load/vec4 v0x5716ed47dcf0_0;
    %pushi/vec4 0, 0, 33;
    %cmp/e;
    %flag_get/vec4 4;
    %and;
T_10.13;
    %flag_set/vec4 8;
    %jmp/0xz  T_10.11, 8;
    %pushi/vec4 0, 0, 1;
    %assign/vec4 v0x5716ed596a00_0, 0;
T_10.11 ;
    %pushi/vec4 1, 0, 1;
    %assign/vec4 v0x5716ed48ae10_0, 0;
    %load/vec4 v0x5716ed596a00_0;
    %flag_set/vec4 9;
    %flag_get/vec4 9;
    %jmp/0 T_10.21, 9;
    %load/vec4 v0x5716ed596780_0;
    %nor/r;
    %and;
T_10.21;
    %flag_set/vec4 8;
    %jmp/0xz  T_10.19, 8;
    %load/vec4 v0x5716ed596a00_0;
    %assign/vec4 v0x5716ed596a00_0, 0;
T_10.19 ;
T_10.1 ;
    %jmp T_10;
    .thread T_10;
    .scope S_0x5716ed40b0f0;
T_11 ;
    %wait E_0x5716ed297db0;
    %load/vec4 v0x5716ed4ce900_0;
    %flag_set/vec4 8;
    %jmp/0xz  T_11.0, 8;
    %pushi/vec4 0, 0, 128;
    %assign/vec4 v0x5716ed48a710_0, 0;
    %pushi/vec4 0, 0, 1;
    %assign/vec4 v0x5716ed4750e0_0, 0;
    %pushi/vec4 0, 0, 1;
    %assign/vec4 v0x5716ed48a7b0_0, 0;
    %pushi/vec4 0, 0, 16;
    %assign/vec4 v0x5716ed475000_0, 0;
    %pushi/vec4 0, 0, 1;
    %assign/vec4 v0x5716ed48aeb0_0, 0;
    %jmp T_11.1;
T_11.0 ;
    %load/vec4 v0x5716ed48aeb0_0;
    %flag_set/vec4 8;
    %jmp/0xz  T_11.2, 8;
    %pushi/vec4 0, 0, 1;
    %assign/vec4 v0x5716ed4750e0_0, 0;
    %pushi/vec4 0, 0, 1;
    %assign/vec4 v0x5716ed48a7b0_0, 0;
T_11.2 ;
    %load/vec4 v0x5716ed478960_0;
    %pad/u 32;
    %cmpi/e 1, 0, 32;
    %flag_get/vec4 4;
    %jmp/0 T_11.8, 4;
    %load/vec4 v0x5716ed59bf80_0;
    %and;
T_11.8;
    %flag_set/vec4 10;
    %flag_get/vec4 10;
    %jmp/0 T_11.7, 10;
    %load/vec4 v0x5716ed48a2c0_0;
    %flag_set/vec4 10;
    %jmp/1 T_11.10, 10;
    %load/vec4 v0x5716ed4750e0_0;
    %nor/r;
    %flag_set/vec4 11;
    %flag_or 10, 11;
T_11.10;
    %flag_get/vec4 10;
    %jmp/0 T_11.9, 10;
    %pushi/vec4 0, 0, 33;
    %load/vec4 v0x5716ed475d00_0;
    %cmp/u;
    %flag_get/vec4 5;
    %and;
T_11.9;
    %and;
T_11.7;
    %flag_set/vec4 9;
    %flag_get/vec4 9;
    %jmp/0 T_11.6, 9;
    %load/vec4 v0x5716ed48a2c0_0;
    %flag_set/vec4 9;
    %flag_get/vec4 9;
    %jmp/1 T_11.11, 9;
    %load/vec4 v0x5716ed4750e0_0;
    %nor/r;
    %or;
T_11.11;
    %and;
T_11.6;
    %flag_set/vec4 8;
    %jmp/0xz  T_11.4, 8;
    %load/vec4 v0x5716ed59bde0_0;
    %assign/vec4 v0x5716ed48a710_0, 0;
    %pushi/vec4 1, 0, 1;
    %assign/vec4 v0x5716ed4750e0_0, 0;
    %load/vec4 v0x5716ed59bec0_0;
    %flag_set/vec4 8;
    %flag_get/vec4 8;
    %jmp/1 T_11.12, 8;
    %load/vec4 v0x5716ed475d00_0;
    %pushi/vec4 1, 0, 33;
    %cmp/e;
    %flag_get/vec4 4;
    %or;
T_11.12;
    %assign/vec4 v0x5716ed48a7b0_0, 0;
    %pushi/vec4 65535, 0, 16;
    %assign/vec4 v0x5716ed475000_0, 0;
T_11.4 ;
    %pushi/vec4 1, 0, 1;
    %assign/vec4 v0x5716ed48aeb0_0, 0;
    %load/vec4 v0x5716ed4750e0_0;
    %flag_set/vec4 9;
    %flag_get/vec4 9;
    %jmp/0 T_11.15, 9;
    %load/vec4 v0x5716ed48a2c0_0;
    %nor/r;
    %and;
T_11.15;
    %flag_set/vec4 8;
    %jmp/0xz  T_11.13, 8;
    %load/vec4 v0x5716ed4750e0_0;
    %assign/vec4 v0x5716ed4750e0_0, 0;
    %load/vec4 v0x5716ed48a7b0_0;
    %assign/vec4 v0x5716ed48a7b0_0, 0;
T_11.13 ;
T_11.1 ;
    %jmp T_11;
    .thread T_11;
    .scope S_0x5716ed40b0f0;
T_12 ;
    %wait E_0x5716ed297db0;
    %load/vec4 v0x5716ed4ce900_0;
    %flag_set/vec4 8;
    %jmp/0xz  T_12.0, 8;
    %pushi/vec4 0, 0, 145;
    %assign/vec4 v0x5716ed594320_0, 0;
    %pushi/vec4 0, 0, 1;
    %assign/vec4 v0x5716ed594f60_0, 0;
    %pushi/vec4 0, 0, 145;
    %assign/vec4 v0x5716ed594dc0_0, 0;
    %pushi/vec4 0, 0, 1;
    %assign/vec4 v0x5716ed594ea0_0, 0;
    %jmp T_12.1;
T_12.0 ;
    %load/vec4 v0x5716ed594400_0;
    %flag_set/vec4 8;
    %jmp/1 T_12.4, 8;
    %load/vec4 v0x5716ed594f60_0;
    %nor/r;
    %flag_set/vec4 9;
    %flag_or 8, 9;
T_12.4;
    %jmp/0xz  T_12.2, 8;
    %load/vec4 v0x5716ed594740_0;
    %assign/vec4 v0x5716ed594320_0, 0;
    %load/vec4 v0x5716ed594820_0;
    %assign/vec4 v0x5716ed594f60_0, 0;
T_12.2 ;
    %load/vec4 v0x5716ed594ea0_0;
    %nor/r;
    %flag_set/vec4 10;
    %flag_get/vec4 10;
    %jmp/0 T_12.8, 10;
    %load/vec4 v0x5716ed594f60_0;
    %and;
T_12.8;
    %flag_set/vec4 9;
    %flag_get/vec4 9;
    %jmp/0 T_12.7, 9;
    %load/vec4 v0x5716ed594400_0;
    %nor/r;
    %and;
T_12.7;
    %flag_set/vec4 8;
    %jmp/0xz  T_12.5, 8;
    %load/vec4 v0x5716ed5949a0_0;
    %assign/vec4 v0x5716ed594dc0_0, 0;
    %load/vec4 v0x5716ed594a80_0;
    %assign/vec4 v0x5716ed594ea0_0, 0;
T_12.5 ;
    %load/vec4 v0x5716ed594ea0_0;
    %flag_set/vec4 9;
    %flag_get/vec4 9;
    %jmp/0 T_12.11, 9;
    %load/vec4 v0x5716ed594400_0;
    %and;
T_12.11;
    %flag_set/vec4 8;
    %jmp/0xz  T_12.9, 8;
    %pushi/vec4 0, 0, 1;
    %assign/vec4 v0x5716ed594ea0_0, 0;
T_12.9 ;
T_12.1 ;
    %jmp T_12;
    .thread T_12;
    .scope S_0x5716ed40b0f0;
T_13 ;
    %wait E_0x5716ed297db0;
    %load/vec4 v0x5716ed4ce900_0;
    %flag_set/vec4 8;
    %jmp/0xz  T_13.0, 8;
    %pushi/vec4 0, 0, 32;
    %assign/vec4 v0x5716ed595800_0, 0;
    %pushi/vec4 0, 0, 8;
    %assign/vec4 v0x5716ed595aa0_0, 0;
    %pushi/vec4 0, 0, 1;
    %assign/vec4 v0x5716ed5960a0_0, 0;
    %pushi/vec4 0, 0, 1;
    %assign/vec4 v0x5716ed4a99e0_0, 0;
    %jmp T_13.1;
T_13.0 ;
    %load/vec4 v0x5716ed4a99e0_0;
    %flag_set/vec4 8;
    %jmp/0xz  T_13.2, 8;
    %pushi/vec4 0, 0, 1;
    %assign/vec4 v0x5716ed5960a0_0, 0;
T_13.2 ;
    %load/vec4 v0x5716ed48b7a0_0;
    %cmpi/e 1, 0, 32;
    %flag_get/vec4 4;
    %jmp/0 T_13.6, 4;
    %load/vec4 v0x5716ed595e20_0;
    %flag_set/vec4 9;
    %flag_get/vec4 9;
    %jmp/1 T_13.7, 9;
    %load/vec4 v0x5716ed5960a0_0;
    %nor/r;
    %or;
T_13.7;
    %and;
T_13.6;
    %flag_set/vec4 8;
    %jmp/0xz  T_13.4, 8;
    %load/vec4 v0x5716ed4a9050_0;
    %assign/vec4 v0x5716ed595800_0, 0;
    %load/vec4 v0x5716ed4a96c0_0;
    %subi 1, 0, 33;
    %pad/u 8;
    %assign/vec4 v0x5716ed595aa0_0, 0;
    %pushi/vec4 1, 0, 1;
    %assign/vec4 v0x5716ed5960a0_0, 0;
T_13.4 ;
    %pushi/vec4 1, 0, 1;
    %assign/vec4 v0x5716ed4a99e0_0, 0;
    %load/vec4 v0x5716ed5960a0_0;
    %flag_set/vec4 9;
    %flag_get/vec4 9;
    %jmp/0 T_13.10, 9;
    %load/vec4 v0x5716ed595e20_0;
    %nor/r;
    %and;
T_13.10;
    %flag_set/vec4 8;
    %jmp/0xz  T_13.8, 8;
    %load/vec4 v0x5716ed5960a0_0;
    %assign/vec4 v0x5716ed5960a0_0, 0;
T_13.8 ;
T_13.1 ;
    %jmp T_13;
    .thread T_13;
    .scope S_0x5716ed40b0f0;
T_14 ;
    %wait E_0x5716ed297db0;
    %load/vec4 v0x5716ed4ce900_0;
    %flag_set/vec4 8;
    %jmp/0xz  T_14.0, 8;
    %pushi/vec4 0, 0, 129;
    %assign/vec4 v0x5716ed5937e0_0, 0;
    %pushi/vec4 0, 0, 1;
    %assign/vec4 v0x5716ed594260_0, 0;
    %pushi/vec4 0, 0, 129;
    %assign/vec4 v0x5716ed5940c0_0, 0;
    %pushi/vec4 0, 0, 1;
    %assign/vec4 v0x5716ed5941a0_0, 0;
    %jmp T_14.1;
T_14.0 ;
    %load/vec4 v0x5716ed5938c0_0;
    %flag_set/vec4 8;
    %jmp/1 T_14.4, 8;
    %load/vec4 v0x5716ed594260_0;
    %nor/r;
    %flag_set/vec4 9;
    %flag_or 8, 9;
T_14.4;
    %jmp/0xz  T_14.2, 8;
    %load/vec4 v0x5716ed593b20_0;
    %assign/vec4 v0x5716ed5937e0_0, 0;
    %load/vec4 v0x5716ed593c00_0;
    %assign/vec4 v0x5716ed594260_0, 0;
T_14.2 ;
    %load/vec4 v0x5716ed5941a0_0;
    %nor/r;
    %flag_set/vec4 10;
    %flag_get/vec4 10;
    %jmp/0 T_14.8, 10;
    %load/vec4 v0x5716ed594260_0;
    %and;
T_14.8;
    %flag_set/vec4 9;
    %flag_get/vec4 9;
    %jmp/0 T_14.7, 9;
    %load/vec4 v0x5716ed5938c0_0;
    %nor/r;
    %and;
T_14.7;
    %flag_set/vec4 8;
    %jmp/0xz  T_14.5, 8;
    %load/vec4 v0x5716ed593d80_0;
    %assign/vec4 v0x5716ed5940c0_0, 0;
    %load/vec4 v0x5716ed593e60_0;
    %assign/vec4 v0x5716ed5941a0_0, 0;
T_14.5 ;
    %load/vec4 v0x5716ed5941a0_0;
    %flag_set/vec4 9;
    %flag_get/vec4 9;
    %jmp/0 T_14.11, 9;
    %load/vec4 v0x5716ed5938c0_0;
    %and;
T_14.11;
    %flag_set/vec4 8;
    %jmp/0xz  T_14.9, 8;
    %pushi/vec4 0, 0, 1;
    %assign/vec4 v0x5716ed5941a0_0, 0;
T_14.9 ;
T_14.1 ;
    %jmp T_14;
    .thread T_14;
    .scope S_0x5716ed40b0f0;
T_15 ;
    %wait E_0x5716ed297db0;
    %load/vec4 v0x5716ed4ce900_0;
    %flag_set/vec4 8;
    %jmp/0xz  T_15.0, 8;
    %pushi/vec4 0, 0, 3;
    %assign/vec4 v0x5716ed4a9e20_0, 0;
    %pushi/vec4 0, 0, 1;
    %assign/vec4 v0x5716ed48b3f0_0, 0;
    %pushi/vec4 0, 0, 1;
    %assign/vec4 v0x5716ed475950_0, 0;
    %pushi/vec4 0, 0, 8;
    %assign/vec4 v0x5716ed478880_0, 0;
    %pushi/vec4 0, 0, 32;
    %assign/vec4 v0x5716ed47d620_0, 0;
    %pushi/vec4 0, 0, 33;
    %assign/vec4 v0x5716ed47d700_0, 0;
    %pushi/vec4 0, 0, 32;
    %assign/vec4 v0x5716ed47d3f0_0, 0;
    %pushi/vec4 0, 0, 32;
    %assign/vec4 v0x5716ed47ace0_0, 0;
    %pushi/vec4 0, 0, 33;
    %assign/vec4 v0x5716ed47b5d0_0, 0;
    %pushi/vec4 0, 0, 32;
    %assign/vec4 v0x5716ed47b8a0_0, 0;
    %pushi/vec4 0, 0, 1;
    %assign/vec4 v0x5716ed478580_0, 0;
    %pushi/vec4 0, 0, 33;
    %assign/vec4 v0x5716ed47dcf0_0, 0;
    %pushi/vec4 0, 0, 1;
    %assign/vec4 v0x5716ed47ddd0_0, 0;
    %pushi/vec4 0, 0, 8;
    %assign/vec4 v0x5716ed478960_0, 0;
    %pushi/vec4 0, 0, 32;
    %assign/vec4 v0x5716ed47cc30_0, 0;
    %pushi/vec4 0, 0, 32;
    %assign/vec4 v0x5716ed47adc0_0, 0;
    %pushi/vec4 0, 0, 33;
    %assign/vec4 v0x5716ed475d00_0, 0;
    %pushi/vec4 0, 0, 32;
    %assign/vec4 v0x5716ed47b980_0, 0;
    %pushi/vec4 0, 0, 8;
    %assign/vec4 v0x5716ed29acd0_0, 0;
    %pushi/vec4 0, 0, 32;
    %assign/vec4 v0x5716ed4a9050_0, 0;
    %pushi/vec4 0, 0, 33;
    %assign/vec4 v0x5716ed49fbc0_0, 0;
    %pushi/vec4 0, 0, 32;
    %assign/vec4 v0x5716ed49f880_0, 0;
    %pushi/vec4 0, 0, 32;
    %assign/vec4 v0x5716ed499830_0, 0;
    %pushi/vec4 0, 0, 33;
    %assign/vec4 v0x5716ed499ad0_0, 0;
    %pushi/vec4 0, 0, 32;
    %assign/vec4 v0x5716ed49f000_0, 0;
    %pushi/vec4 0, 0, 1;
    %assign/vec4 v0x5716ed4991c0_0, 0;
    %pushi/vec4 0, 0, 33;
    %assign/vec4 v0x5716ed4a96c0_0, 0;
    %pushi/vec4 0, 0, 1;
    %assign/vec4 v0x5716ed4a9280_0, 0;
    %pushi/vec4 0, 0, 8;
    %assign/vec4 v0x5716ed29adb0_0, 0;
    %pushi/vec4 0, 0, 32;
    %assign/vec4 v0x5716ed49f3e0_0, 0;
    %pushi/vec4 0, 0, 32;
    %assign/vec4 v0x5716ed4993d0_0, 0;
    %pushi/vec4 0, 0, 33;
    %assign/vec4 v0x5716ed499bb0_0, 0;
    %pushi/vec4 0, 0, 32;
    %assign/vec4 v0x5716ed49f0e0_0, 0;
    %jmp T_15.1;
T_15.0 ;
    %load/vec4 v0x5716ed596a00_0;
    %flag_set/vec4 11;
    %flag_get/vec4 11;
    %jmp/0 T_15.6, 11;
    %load/vec4 v0x5716ed596780_0;
    %and;
T_15.6;
    %flag_set/vec4 10;
    %flag_get/vec4 10;
    %jmp/0 T_15.5, 10;
    %load/vec4 v0x5716ed596c60_0;
    %flag_set/vec4 10;
    %flag_get/vec4 10;
    %jmp/0 T_15.7, 10;
    %load/vec4 v0x5716ed596ac0_0;
    %and;
T_15.7;
    %nor/r;
    %and;
T_15.5;
    %flag_set/vec4 9;
    %flag_get/vec4 9;
    %jmp/0 T_15.4, 9;
    %load/vec4 v0x5716ed4a9e20_0;
    %pad/u 32;
    %cmpi/u 7, 0, 32;
    %flag_get/vec4 5;
    %and;
T_15.4;
    %flag_set/vec4 8;
    %jmp/0xz  T_15.2, 8;
    %load/vec4 v0x5716ed4a9e20_0;
    %addi 1, 0, 3;
    %assign/vec4 v0x5716ed4a9e20_0, 0;
T_15.2 ;
    %load/vec4 v0x5716ed596a00_0;
    %flag_set/vec4 11;
    %flag_get/vec4 11;
    %jmp/0 T_15.12, 11;
    %load/vec4 v0x5716ed596780_0;
    %and;
T_15.12;
    %nor/r;
    %flag_set/vec4 10;
    %flag_get/vec4 10;
    %jmp/0 T_15.11, 10;
    %load/vec4 v0x5716ed596c60_0;
    %flag_set/vec4 10;
    %flag_get/vec4 10;
    %jmp/0 T_15.13, 10;
    %load/vec4 v0x5716ed596ac0_0;
    %and;
T_15.13;
    %and;
T_15.11;
    %flag_set/vec4 9;
    %flag_get/vec4 9;
    %jmp/0 T_15.10, 9;
    %pushi/vec4 0, 0, 32;
    %load/vec4 v0x5716ed4a9e20_0;
    %pad/u 32;
    %cmp/u;
    %flag_get/vec4 5;
    %and;
T_15.10;
    %flag_set/vec4 8;
    %jmp/0xz  T_15.8, 8;
    %load/vec4 v0x5716ed4a9e20_0;
    %subi 1, 0, 3;
    %assign/vec4 v0x5716ed4a9e20_0, 0;
T_15.8 ;
    %pushi/vec4 0, 0, 1;
    %assign/vec4 v0x5716ed48b3f0_0, 0;
    %pushi/vec4 0, 0, 1;
    %assign/vec4 v0x5716ed475950_0, 0;
    %load/vec4 v0x5716ed59a840_0;
    %cmpi/e 19, 0, 32;
    %flag_get/vec4 4;
    %jmp/0 T_15.16, 4;
    %load/vec4 v0x5716ed475c60_0;
    %and;
T_15.16;
    %flag_set/vec4 8;
    %jmp/0xz  T_15.14, 8;
    %pushi/vec4 1, 0, 1;
    %assign/vec4 v0x5716ed475950_0, 0;
    %pushi/vec4 1, 0, 8;
    %assign/vec4 v0x5716ed478880_0, 0;
    %load/vec4 v0x5716ed599260_0;
    %assign/vec4 v0x5716ed47d620_0, 0;
    %pushi/vec4 4, 0, 33;
    %assign/vec4 v0x5716ed47d700_0, 0;
    %load/vec4 v0x5716ed593620_0;
    %ix/load 4, 2, 0;
    %flag_set/imm 4, 0;
    %shiftl 4;
    %assign/vec4 v0x5716ed47d3f0_0, 0;
    %pushi/vec4 1, 0, 32;
    %assign/vec4 v0x5716ed47ace0_0, 0;
    %pushi/vec4 4, 0, 33;
    %assign/vec4 v0x5716ed47b5d0_0, 0;
    %pushi/vec4 1, 0, 32;
    %assign/vec4 v0x5716ed47b8a0_0, 0;
T_15.14 ;
    %load/vec4 v0x5716ed4770c0_0;
    %cmpi/e 0, 0, 32;
    %flag_get/vec4 4;
    %jmp/0 T_15.19, 4;
    %load/vec4 v0x5716ed475950_0;
    %and;
T_15.19;
    %flag_set/vec4 8;
    %jmp/0xz  T_15.17, 8;
    %pushi/vec4 1, 0, 1;
    %assign/vec4 v0x5716ed478580_0, 0;
T_15.17 ;
    %load/vec4 v0x5716ed475950_0;
    %flag_set/vec4 9;
    %flag_get/vec4 9;
    %jmp/0 T_15.22, 9;
    %load/vec4 v0x5716ed4781f0_0;
    %and;
T_15.22;
    %flag_set/vec4 8;
    %jmp/0xz  T_15.20, 8;
    %pushi/vec4 1, 0, 1;
    %assign/vec4 v0x5716ed475950_0, 0;
T_15.20 ;
    %load/vec4 v0x5716ed4770c0_0;
    %cmpi/e 0, 0, 32;
    %flag_get/vec4 4;
    %jmp/0 T_15.28, 4;
    %load/vec4 v0x5716ed475950_0;
    %flag_set/vec4 12;
    %flag_get/vec4 12;
    %jmp/1 T_15.29, 12;
    %load/vec4 v0x5716ed48a380_0;
    %or;
T_15.29;
    %and;
T_15.28;
    %flag_set/vec4 11;
    %flag_get/vec4 11;
    %jmp/0 T_15.27, 11;
    %load/vec4 v0x5716ed4781f0_0;
    %nor/r;
    %and;
T_15.27;
    %flag_set/vec4 10;
    %flag_get/vec4 10;
    %jmp/0 T_15.26, 10;
    %load/vec4 v0x5716ed47d700_0;
    %cmpi/u 256, 0, 33;
    %flag_get/vec4 4;
    %flag_get/vec4 5;
    %or;
    %and;
T_15.26;
    %flag_set/vec4 9;
    %flag_get/vec4 9;
    %jmp/0 T_15.25, 9;
    %pushi/vec4 4096, 0, 33;
    %load/vec4 v0x5716ed599340_0;
    %pad/u 33;
    %pushi/vec4 4095, 0, 33;
    %and;
    %load/vec4 v0x5716ed47d700_0;
    %ix/load 4, 4, 0;
    %flag_set/imm 4, 0;
    %shiftl 4;
    %add;
    %cmp/u;
    %flag_get/vec4 4;
    %flag_get/vec4 5;
    %or;
    %and;
T_15.25;
    %flag_set/vec4 8;
    %jmp/0xz  T_15.23, 8;
    %pushi/vec4 4096, 0, 33;
    %load/vec4 v0x5716ed599420_0;
    %pad/u 33;
    %pushi/vec4 4095, 0, 33;
    %and;
    %sub;
    %ix/load 4, 4, 0;
    %flag_set/imm 4, 0;
    %shiftr 4;
    %assign/vec4 v0x5716ed47dcf0_0, 0;
    %load/vec4 v0x5716ed47d700_0;
    %pushi/vec4 4096, 0, 33;
    %load/vec4 v0x5716ed599500_0;
    %pad/u 33;
    %pushi/vec4 4095, 0, 33;
    %and;
    %sub;
    %ix/load 4, 4, 0;
    %flag_set/imm 4, 0;
    %shiftr 4;
    %sub;
    %assign/vec4 v0x5716ed47d700_0, 0;
    %jmp T_15.24;
T_15.23 ;
    %load/vec4 v0x5716ed4770c0_0;
    %cmpi/e 0, 0, 32;
    %flag_get/vec4 4;
    %jmp/0 T_15.34, 4;
    %load/vec4 v0x5716ed475950_0;
    %flag_set/vec4 11;
    %flag_get/vec4 11;
    %jmp/1 T_15.35, 11;
    %load/vec4 v0x5716ed48a380_0;
    %or;
T_15.35;
    %and;
T_15.34;
    %flag_set/vec4 10;
    %flag_get/vec4 10;
    %jmp/0 T_15.33, 10;
    %load/vec4 v0x5716ed4781f0_0;
    %nor/r;
    %and;
T_15.33;
    %flag_set/vec4 9;
    %flag_get/vec4 9;
    %jmp/0 T_15.32, 9;
    %load/vec4 v0x5716ed47d700_0;
    %cmpi/u 256, 0, 33;
    %flag_get/vec4 4;
    %flag_get/vec4 5;
    %or;
    %and;
T_15.32;
    %flag_set/vec4 8;
    %jmp/0xz  T_15.30, 8;
    %load/vec4 v0x5716ed47d700_0;
    %assign/vec4 v0x5716ed47dcf0_0, 0;
    %pushi/vec4 0, 0, 33;
    %assign/vec4 v0x5716ed47d700_0, 0;
    %jmp T_15.31;
T_15.30 ;
    %load/vec4 v0x5716ed4770c0_0;
    %cmpi/e 0, 0, 32;
    %flag_get/vec4 4;
    %jmp/0 T_15.40, 4;
    %load/vec4 v0x5716ed475950_0;
    %flag_set/vec4 11;
    %flag_get/vec4 11;
    %jmp/1 T_15.41, 11;
    %load/vec4 v0x5716ed48a380_0;
    %or;
T_15.41;
    %and;
T_15.40;
    %flag_set/vec4 10;
    %flag_get/vec4 10;
    %jmp/0 T_15.39, 10;
    %load/vec4 v0x5716ed4781f0_0;
    %nor/r;
    %and;
T_15.39;
    %flag_set/vec4 9;
    %flag_get/vec4 9;
    %jmp/0 T_15.38, 9;
    %pushi/vec4 4096, 0, 32;
    %load/vec4 v0x5716ed5995e0_0;
    %pushi/vec4 4095, 0, 32;
    %and;
    %addi 4096, 0, 32;
    %cmp/u;
    %flag_get/vec4 4;
    %flag_get/vec4 5;
    %or;
    %and;
T_15.38;
    %flag_set/vec4 8;
    %jmp/0xz  T_15.36, 8;
    %pushi/vec4 4096, 0, 33;
    %load/vec4 v0x5716ed5996c0_0;
    %pad/u 33;
    %pushi/vec4 4095, 0, 33;
    %and;
    %sub;
    %ix/load 4, 4, 0;
    %flag_set/imm 4, 0;
    %shiftr 4;
    %assign/vec4 v0x5716ed47dcf0_0, 0;
    %load/vec4 v0x5716ed47d700_0;
    %pushi/vec4 4096, 0, 33;
    %load/vec4 v0x5716ed5997a0_0;
    %pad/u 33;
    %pushi/vec4 4095, 0, 33;
    %and;
    %sub;
    %ix/load 4, 4, 0;
    %flag_set/imm 4, 0;
    %shiftr 4;
    %sub;
    %assign/vec4 v0x5716ed47d700_0, 0;
    %jmp T_15.37;
T_15.36 ;
    %load/vec4 v0x5716ed4770c0_0;
    %cmpi/e 0, 0, 32;
    %flag_get/vec4 4;
    %jmp/0 T_15.45, 4;
    %load/vec4 v0x5716ed475950_0;
    %flag_set/vec4 10;
    %flag_get/vec4 10;
    %jmp/1 T_15.46, 10;
    %load/vec4 v0x5716ed48a380_0;
    %or;
T_15.46;
    %and;
T_15.45;
    %flag_set/vec4 9;
    %flag_get/vec4 9;
    %jmp/0 T_15.44, 9;
    %load/vec4 v0x5716ed4781f0_0;
    %nor/r;
    %and;
T_15.44;
    %flag_set/vec4 8;
    %jmp/0xz  T_15.42, 8;
    %pushi/vec4 256, 0, 33;
    %assign/vec4 v0x5716ed47dcf0_0, 0;
    %load/vec4 v0x5716ed47d700_0;
    %subi 256, 0, 33;
    %assign/vec4 v0x5716ed47d700_0, 0;
T_15.42 ;
T_15.37 ;
T_15.31 ;
T_15.24 ;
    %load/vec4 v0x5716ed4770c0_0;
    %cmpi/e 1, 0, 32;
    %flag_get/vec4 4;
    %jmp/0 T_15.49, 4;
    %load/vec4 v0x5716ed4770c0_0;
    %cmpi/e 1, 0, 32;
    %flag_get/vec4 4;
    %jmp/0 T_15.52, 4;
    %load/vec4 v0x5716ed4781f0_0;
    %nor/r;
    %and;
T_15.52;
    %flag_set/vec4 10;
    %flag_get/vec4 10;
    %jmp/0 T_15.51, 10;
    %load/vec4 v0x5716ed596780_0;
    %flag_set/vec4 10;
    %flag_get/vec4 10;
    %jmp/1 T_15.53, 10;
    %load/vec4 v0x5716ed596a00_0;
    %nor/r;
    %or;
T_15.53;
    %and;
T_15.51;
    %flag_set/vec4 9;
    %flag_get/vec4 9;
    %jmp/0 T_15.50, 9;
    %load/vec4 v0x5716ed4a9e20_0;
    %pad/u 32;
    %cmpi/u 6, 0, 32;
    %flag_get/vec4 5;
    %and;
T_15.50;
    %and;
T_15.49;
    %flag_set/vec4 8;
    %jmp/0xz  T_15.47, 8;
    %load/vec4 v0x5716ed47d620_0;
    %pad/u 33;
    %load/vec4 v0x5716ed47dcf0_0;
    %ix/load 4, 4, 0;
    %flag_set/imm 4, 0;
    %shiftl 4;
    %add;
    %pad/u 32;
    %assign/vec4 v0x5716ed47d620_0, 0;
T_15.47 ;
    %load/vec4 v0x5716ed4770c0_0;
    %cmpi/e 1, 0, 32;
    %flag_get/vec4 4;
    %jmp/0 T_15.57, 4;
    %load/vec4 v0x5716ed4770c0_0;
    %cmpi/e 1, 0, 32;
    %flag_get/vec4 4;
    %jmp/0 T_15.60, 4;
    %load/vec4 v0x5716ed4781f0_0;
    %nor/r;
    %and;
T_15.60;
    %flag_set/vec4 11;
    %flag_get/vec4 11;
    %jmp/0 T_15.59, 11;
    %load/vec4 v0x5716ed596780_0;
    %flag_set/vec4 11;
    %flag_get/vec4 11;
    %jmp/1 T_15.61, 11;
    %load/vec4 v0x5716ed596a00_0;
    %nor/r;
    %or;
T_15.61;
    %and;
T_15.59;
    %flag_set/vec4 10;
    %flag_get/vec4 10;
    %jmp/0 T_15.58, 10;
    %load/vec4 v0x5716ed4a9e20_0;
    %pad/u 32;
    %cmpi/u 6, 0, 32;
    %flag_get/vec4 5;
    %and;
T_15.58;
    %and;
T_15.57;
    %flag_set/vec4 9;
    %flag_get/vec4 9;
    %jmp/0 T_15.56, 9;
    %load/vec4 v0x5716ed47d700_0;
    %pushi/vec4 0, 0, 33;
    %cmp/e;
    %flag_get/vec4 4;
    %and;
T_15.56;
    %flag_set/vec4 8;
    %jmp/0xz  T_15.54, 8;
    %pushi/vec4 0, 0, 1;
    %assign/vec4 v0x5716ed478580_0, 0;
T_15.54 ;
    %load/vec4 v0x5716ed47d970_0;
    %cmpi/e 0, 0, 32;
    %flag_get/vec4 4;
    %jmp/0 T_15.64, 4;
    %load/vec4 v0x5716ed47ddd0_0;
    %nor/r;
    %flag_set/vec4 10;
    %flag_get/vec4 10;
    %jmp/0 T_15.66, 10;
    %load/vec4 v0x5716ed477b40_0;
    %nor/r;
    %and;
T_15.66;
    %flag_set/vec4 9;
    %flag_get/vec4 9;
    %jmp/0 T_15.65, 9;
    %load/vec4 v0x5716ed4784a0_0;
    %pad/u 32;
    %pushi/vec4 1, 0, 32;
    %cmp/e;
    %flag_get/vec4 4;
    %and;
T_15.65;
    %and;
T_15.64;
    %flag_set/vec4 8;
    %jmp/0xz  T_15.62, 8;
    %pushi/vec4 1, 0, 1;
    %assign/vec4 v0x5716ed47ddd0_0, 0;
    %load/vec4 v0x5716ed4784a0_0;
    %assign/vec4 v0x5716ed478960_0, 0;
    %load/vec4 v0x5716ed47cd10_0;
    %assign/vec4 v0x5716ed47cc30_0, 0;
    %load/vec4 v0x5716ed47a970_0;
    %assign/vec4 v0x5716ed47adc0_0, 0;
    %load/vec4 v0x5716ed4758b0_0;
    %assign/vec4 v0x5716ed475d00_0, 0;
    %load/vec4 v0x5716ed47b4f0_0;
    %assign/vec4 v0x5716ed47b980_0, 0;
T_15.62 ;
    %load/vec4 v0x5716ed47d970_0;
    %cmpi/e 1, 0, 32;
    %jmp/0xz  T_15.67, 4;
    %pushi/vec4 0, 0, 33;
    %assign/vec4 v0x5716ed475d00_0, 0;
T_15.67 ;
    %load/vec4 v0x5716ed47d970_0;
    %cmpi/e 2, 0, 32;
    %flag_get/vec4 4;
    %jmp/0 T_15.71, 4;
    %load/vec4 v0x5716ed477b40_0;
    %nor/r;
    %flag_set/vec4 9;
    %flag_get/vec4 9;
    %jmp/0 T_15.72, 9;
    %load/vec4 v0x5716ed475d00_0;
    %pushi/vec4 0, 0, 33;
    %cmp/e;
    %flag_get/vec4 4;
    %and;
T_15.72;
    %and;
T_15.71;
    %flag_set/vec4 8;
    %jmp/0xz  T_15.69, 8;
    %load/vec4 v0x5716ed4758b0_0;
    %assign/vec4 v0x5716ed475d00_0, 0;
T_15.69 ;
    %load/vec4 v0x5716ed47d970_0;
    %cmpi/e 2, 0, 32;
    %flag_get/vec4 4;
    %jmp/0 T_15.76, 4;
    %load/vec4 v0x5716ed59bf80_0;
    %and;
T_15.76;
    %flag_set/vec4 9;
    %flag_get/vec4 9;
    %jmp/0 T_15.75, 9;
    %load/vec4 v0x5716ed48a2c0_0;
    %flag_set/vec4 9;
    %jmp/1 T_15.78, 9;
    %load/vec4 v0x5716ed4750e0_0;
    %nor/r;
    %flag_set/vec4 10;
    %flag_or 9, 10;
T_15.78;
    %flag_get/vec4 9;
    %jmp/0 T_15.77, 9;
    %pushi/vec4 0, 0, 33;
    %load/vec4 v0x5716ed475d00_0;
    %cmp/u;
    %flag_get/vec4 5;
    %and;
T_15.77;
    %and;
T_15.75;
    %flag_set/vec4 8;
    %jmp/0xz  T_15.73, 8;
    %load/vec4 v0x5716ed475d00_0;
    %subi 1, 0, 33;
    %assign/vec4 v0x5716ed475d00_0, 0;
T_15.73 ;
    %load/vec4 v0x5716ed47d970_0;
    %cmpi/e 2, 0, 32;
    %flag_get/vec4 4;
    %jmp/0 T_15.82, 4;
    %load/vec4 v0x5716ed478960_0;
    %pad/u 32;
    %cmpi/e 1, 0, 32;
    %flag_get/vec4 4;
    %jmp/0 T_15.84, 4;
    %load/vec4 v0x5716ed59bf80_0;
    %and;
T_15.84;
    %flag_set/vec4 10;
    %flag_get/vec4 10;
    %jmp/0 T_15.83, 10;
    %load/vec4 v0x5716ed48a2c0_0;
    %flag_set/vec4 10;
    %jmp/1 T_15.86, 10;
    %load/vec4 v0x5716ed4750e0_0;
    %nor/r;
    %flag_set/vec4 11;
    %flag_or 10, 11;
T_15.86;
    %flag_get/vec4 10;
    %jmp/0 T_15.85, 10;
    %pushi/vec4 0, 0, 33;
    %load/vec4 v0x5716ed475d00_0;
    %cmp/u;
    %flag_get/vec4 5;
    %and;
T_15.85;
    %and;
T_15.83;
    %and;
T_15.82;
    %flag_set/vec4 9;
    %flag_get/vec4 9;
    %jmp/0 T_15.81, 9;
    %load/vec4 v0x5716ed59bec0_0;
    %and;
T_15.81;
    %flag_set/vec4 8;
    %jmp/0xz  T_15.79, 8;
    %pushi/vec4 0, 0, 1;
    %assign/vec4 v0x5716ed47ddd0_0, 0;
T_15.79 ;
    %load/vec4 v0x5716ed59a840_0;
    %cmpi/e 34, 0, 32;
    %flag_get/vec4 4;
    %jmp/0 T_15.89, 4;
    %load/vec4 v0x5716ed475c60_0;
    %and;
T_15.89;
    %flag_set/vec4 8;
    %jmp/0xz  T_15.87, 8;
    %pushi/vec4 1, 0, 1;
    %assign/vec4 v0x5716ed475950_0, 0;
    %pushi/vec4 1, 0, 8;
    %assign/vec4 v0x5716ed478880_0, 0;
    %load/vec4 v0x5716ed599880_0;
    %assign/vec4 v0x5716ed47d620_0, 0;
    %pushi/vec4 4, 0, 33;
    %assign/vec4 v0x5716ed47d700_0, 0;
    %load/vec4 v0x5716ed59db70_0;
    %ix/load 4, 2, 0;
    %flag_set/imm 4, 0;
    %shiftl 4;
    %pad/u 32;
    %assign/vec4 v0x5716ed47d3f0_0, 0;
    %pushi/vec4 1, 0, 32;
    %assign/vec4 v0x5716ed47ace0_0, 0;
    %pushi/vec4 4, 0, 33;
    %assign/vec4 v0x5716ed47b5d0_0, 0;
    %pushi/vec4 1, 0, 32;
    %assign/vec4 v0x5716ed47b8a0_0, 0;
T_15.87 ;
    %load/vec4 v0x5716ed59a840_0;
    %cmpi/e 42, 0, 32;
    %flag_get/vec4 4;
    %jmp/0 T_15.92, 4;
    %load/vec4 v0x5716ed48b840_0;
    %and;
T_15.92;
    %flag_set/vec4 8;
    %jmp/0xz  T_15.90, 8;
    %pushi/vec4 1, 0, 1;
    %assign/vec4 v0x5716ed48b3f0_0, 0;
    %pushi/vec4 1, 0, 8;
    %assign/vec4 v0x5716ed29acd0_0, 0;
    %load/vec4 v0x5716ed598c40_0;
    %assign/vec4 v0x5716ed4a9050_0, 0;
    %pushi/vec4 4, 0, 33;
    %assign/vec4 v0x5716ed49fbc0_0, 0;
    %load/vec4 v0x5716ed59db70_0;
    %ix/load 4, 2, 0;
    %flag_set/imm 4, 0;
    %shiftl 4;
    %pad/u 32;
    %assign/vec4 v0x5716ed49f880_0, 0;
    %pushi/vec4 1, 0, 32;
    %assign/vec4 v0x5716ed499830_0, 0;
    %pushi/vec4 4, 0, 33;
    %assign/vec4 v0x5716ed499ad0_0, 0;
    %pushi/vec4 1, 0, 32;
    %assign/vec4 v0x5716ed49f000_0, 0;
T_15.90 ;
    %load/vec4 v0x5716ed48b7a0_0;
    %cmpi/e 0, 0, 32;
    %flag_get/vec4 4;
    %jmp/0 T_15.95, 4;
    %load/vec4 v0x5716ed48b3f0_0;
    %and;
T_15.95;
    %flag_set/vec4 8;
    %jmp/0xz  T_15.93, 8;
    %pushi/vec4 1, 0, 1;
    %assign/vec4 v0x5716ed4991c0_0, 0;
T_15.93 ;
    %load/vec4 v0x5716ed48b3f0_0;
    %flag_set/vec4 9;
    %flag_get/vec4 9;
    %jmp/0 T_15.98, 9;
    %load/vec4 v0x5716ed498e90_0;
    %and;
T_15.98;
    %flag_set/vec4 8;
    %jmp/0xz  T_15.96, 8;
    %pushi/vec4 1, 0, 1;
    %assign/vec4 v0x5716ed48b3f0_0, 0;
T_15.96 ;
    %load/vec4 v0x5716ed48b7a0_0;
    %cmpi/e 0, 0, 32;
    %flag_get/vec4 4;
    %jmp/0 T_15.104, 4;
    %load/vec4 v0x5716ed48b3f0_0;
    %flag_set/vec4 12;
    %flag_get/vec4 12;
    %jmp/1 T_15.105, 12;
    %load/vec4 v0x5716ed4a9600_0;
    %or;
T_15.105;
    %and;
T_15.104;
    %flag_set/vec4 11;
    %flag_get/vec4 11;
    %jmp/0 T_15.103, 11;
    %load/vec4 v0x5716ed498e90_0;
    %nor/r;
    %and;
T_15.103;
    %flag_set/vec4 10;
    %flag_get/vec4 10;
    %jmp/0 T_15.102, 10;
    %load/vec4 v0x5716ed49fbc0_0;
    %cmpi/u 256, 0, 33;
    %flag_get/vec4 4;
    %flag_get/vec4 5;
    %or;
    %and;
T_15.102;
    %flag_set/vec4 9;
    %flag_get/vec4 9;
    %jmp/0 T_15.101, 9;
    %pushi/vec4 4096, 0, 33;
    %load/vec4 v0x5716ed598d20_0;
    %pad/u 33;
    %pushi/vec4 4095, 0, 33;
    %and;
    %load/vec4 v0x5716ed49fbc0_0;
    %ix/load 4, 4, 0;
    %flag_set/imm 4, 0;
    %shiftl 4;
    %add;
    %cmp/u;
    %flag_get/vec4 4;
    %flag_get/vec4 5;
    %or;
    %and;
T_15.101;
    %flag_set/vec4 8;
    %jmp/0xz  T_15.99, 8;
    %pushi/vec4 4096, 0, 33;
    %load/vec4 v0x5716ed598e00_0;
    %pad/u 33;
    %pushi/vec4 4095, 0, 33;
    %and;
    %sub;
    %ix/load 4, 4, 0;
    %flag_set/imm 4, 0;
    %shiftr 4;
    %assign/vec4 v0x5716ed4a96c0_0, 0;
    %load/vec4 v0x5716ed49fbc0_0;
    %pushi/vec4 4096, 0, 33;
    %load/vec4 v0x5716ed598ee0_0;
    %pad/u 33;
    %pushi/vec4 4095, 0, 33;
    %and;
    %sub;
    %ix/load 4, 4, 0;
    %flag_set/imm 4, 0;
    %shiftr 4;
    %sub;
    %assign/vec4 v0x5716ed49fbc0_0, 0;
    %jmp T_15.100;
T_15.99 ;
    %load/vec4 v0x5716ed48b7a0_0;
    %cmpi/e 0, 0, 32;
    %flag_get/vec4 4;
    %jmp/0 T_15.110, 4;
    %load/vec4 v0x5716ed48b3f0_0;
    %flag_set/vec4 11;
    %flag_get/vec4 11;
    %jmp/1 T_15.111, 11;
    %load/vec4 v0x5716ed4a9600_0;
    %or;
T_15.111;
    %and;
T_15.110;
    %flag_set/vec4 10;
    %flag_get/vec4 10;
    %jmp/0 T_15.109, 10;
    %load/vec4 v0x5716ed498e90_0;
    %nor/r;
    %and;
T_15.109;
    %flag_set/vec4 9;
    %flag_get/vec4 9;
    %jmp/0 T_15.108, 9;
    %load/vec4 v0x5716ed49fbc0_0;
    %cmpi/u 256, 0, 33;
    %flag_get/vec4 4;
    %flag_get/vec4 5;
    %or;
    %and;
T_15.108;
    %flag_set/vec4 8;
    %jmp/0xz  T_15.106, 8;
    %load/vec4 v0x5716ed49fbc0_0;
    %assign/vec4 v0x5716ed4a96c0_0, 0;
    %pushi/vec4 0, 0, 33;
    %assign/vec4 v0x5716ed49fbc0_0, 0;
    %jmp T_15.107;
T_15.106 ;
    %load/vec4 v0x5716ed48b7a0_0;
    %cmpi/e 0, 0, 32;
    %flag_get/vec4 4;
    %jmp/0 T_15.116, 4;
    %load/vec4 v0x5716ed48b3f0_0;
    %flag_set/vec4 11;
    %flag_get/vec4 11;
    %jmp/1 T_15.117, 11;
    %load/vec4 v0x5716ed4a9600_0;
    %or;
T_15.117;
    %and;
T_15.116;
    %flag_set/vec4 10;
    %flag_get/vec4 10;
    %jmp/0 T_15.115, 10;
    %load/vec4 v0x5716ed498e90_0;
    %nor/r;
    %and;
T_15.115;
    %flag_set/vec4 9;
    %flag_get/vec4 9;
    %jmp/0 T_15.114, 9;
    %pushi/vec4 4096, 0, 32;
    %load/vec4 v0x5716ed598fc0_0;
    %pushi/vec4 4095, 0, 32;
    %and;
    %addi 4096, 0, 32;
    %cmp/u;
    %flag_get/vec4 4;
    %flag_get/vec4 5;
    %or;
    %and;
T_15.114;
    %flag_set/vec4 8;
    %jmp/0xz  T_15.112, 8;
    %pushi/vec4 4096, 0, 33;
    %load/vec4 v0x5716ed5990a0_0;
    %pad/u 33;
    %pushi/vec4 4095, 0, 33;
    %and;
    %sub;
    %ix/load 4, 4, 0;
    %flag_set/imm 4, 0;
    %shiftr 4;
    %assign/vec4 v0x5716ed4a96c0_0, 0;
    %load/vec4 v0x5716ed49fbc0_0;
    %pushi/vec4 4096, 0, 33;
    %load/vec4 v0x5716ed599180_0;
    %pad/u 33;
    %pushi/vec4 4095, 0, 33;
    %and;
    %sub;
    %ix/load 4, 4, 0;
    %flag_set/imm 4, 0;
    %shiftr 4;
    %sub;
    %assign/vec4 v0x5716ed49fbc0_0, 0;
    %jmp T_15.113;
T_15.112 ;
    %load/vec4 v0x5716ed48b7a0_0;
    %cmpi/e 0, 0, 32;
    %flag_get/vec4 4;
    %jmp/0 T_15.121, 4;
    %load/vec4 v0x5716ed48b3f0_0;
    %flag_set/vec4 10;
    %flag_get/vec4 10;
    %jmp/1 T_15.122, 10;
    %load/vec4 v0x5716ed4a9600_0;
    %or;
T_15.122;
    %and;
T_15.121;
    %flag_set/vec4 9;
    %flag_get/vec4 9;
    %jmp/0 T_15.120, 9;
    %load/vec4 v0x5716ed498e90_0;
    %nor/r;
    %and;
T_15.120;
    %flag_set/vec4 8;
    %jmp/0xz  T_15.118, 8;
    %pushi/vec4 256, 0, 33;
    %assign/vec4 v0x5716ed4a96c0_0, 0;
    %load/vec4 v0x5716ed49fbc0_0;
    %subi 256, 0, 33;
    %assign/vec4 v0x5716ed49fbc0_0, 0;
T_15.118 ;
T_15.113 ;
T_15.107 ;
T_15.100 ;
    %load/vec4 v0x5716ed48b7a0_0;
    %cmpi/e 1, 0, 32;
    %flag_get/vec4 4;
    %jmp/0 T_15.125, 4;
    %load/vec4 v0x5716ed595e20_0;
    %flag_set/vec4 9;
    %flag_get/vec4 9;
    %jmp/1 T_15.126, 9;
    %load/vec4 v0x5716ed5960a0_0;
    %nor/r;
    %or;
T_15.126;
    %and;
T_15.125;
    %flag_set/vec4 8;
    %jmp/0xz  T_15.123, 8;
    %load/vec4 v0x5716ed4a9050_0;
    %pad/u 33;
    %load/vec4 v0x5716ed4a96c0_0;
    %ix/load 4, 4, 0;
    %flag_set/imm 4, 0;
    %shiftl 4;
    %add;
    %pad/u 32;
    %assign/vec4 v0x5716ed4a9050_0, 0;
T_15.123 ;
    %load/vec4 v0x5716ed48b7a0_0;
    %cmpi/e 1, 0, 32;
    %flag_get/vec4 4;
    %jmp/0 T_15.130, 4;
    %load/vec4 v0x5716ed595e20_0;
    %flag_set/vec4 10;
    %flag_get/vec4 10;
    %jmp/1 T_15.131, 10;
    %load/vec4 v0x5716ed5960a0_0;
    %nor/r;
    %or;
T_15.131;
    %and;
T_15.130;
    %flag_set/vec4 9;
    %flag_get/vec4 9;
    %jmp/0 T_15.129, 9;
    %load/vec4 v0x5716ed49fbc0_0;
    %pushi/vec4 0, 0, 33;
    %cmp/e;
    %flag_get/vec4 4;
    %and;
T_15.129;
    %flag_set/vec4 8;
    %jmp/0xz  T_15.127, 8;
    %pushi/vec4 0, 0, 1;
    %assign/vec4 v0x5716ed4991c0_0, 0;
T_15.127 ;
    %load/vec4 v0x5716ed4a9340_0;
    %cmpi/e 0, 0, 32;
    %flag_get/vec4 4;
    %jmp/0 T_15.134, 4;
    %load/vec4 v0x5716ed4a9280_0;
    %nor/r;
    %flag_set/vec4 10;
    %flag_get/vec4 10;
    %jmp/0 T_15.136, 10;
    %load/vec4 v0x5716ed4987c0_0;
    %nor/r;
    %and;
T_15.136;
    %flag_set/vec4 9;
    %flag_get/vec4 9;
    %jmp/0 T_15.135, 9;
    %load/vec4 v0x5716ed4990e0_0;
    %pad/u 32;
    %pushi/vec4 1, 0, 32;
    %cmp/e;
    %flag_get/vec4 4;
    %and;
T_15.135;
    %and;
T_15.134;
    %flag_set/vec4 8;
    %jmp/0xz  T_15.132, 8;
    %pushi/vec4 1, 0, 1;
    %assign/vec4 v0x5716ed4a9280_0, 0;
    %load/vec4 v0x5716ed4990e0_0;
    %assign/vec4 v0x5716ed29adb0_0, 0;
    %load/vec4 v0x5716ed49f4c0_0;
    %assign/vec4 v0x5716ed49f3e0_0, 0;
    %load/vec4 v0x5716ed4994b0_0;
    %assign/vec4 v0x5716ed4993d0_0, 0;
    %load/vec4 v0x5716ed499750_0;
    %assign/vec4 v0x5716ed499bb0_0, 0;
    %load/vec4 v0x5716ed49ecd0_0;
    %assign/vec4 v0x5716ed49f0e0_0, 0;
T_15.132 ;
    %load/vec4 v0x5716ed4a9340_0;
    %cmpi/e 2, 0, 32;
    %flag_get/vec4 4;
    %jmp/0 T_15.139, 4;
    %load/vec4 v0x5716ed48b1a0_0;
    %and;
T_15.139;
    %flag_set/vec4 8;
    %jmp/0xz  T_15.137, 8;
    %load/vec4 v0x5716ed499bb0_0;
    %subi 1, 0, 33;
    %assign/vec4 v0x5716ed499bb0_0, 0;
T_15.137 ;
    %load/vec4 v0x5716ed4a9340_0;
    %cmpi/e 2, 0, 32;
    %flag_get/vec4 4;
    %jmp/0 T_15.143, 4;
    %load/vec4 v0x5716ed48b1a0_0;
    %and;
T_15.143;
    %flag_set/vec4 9;
    %flag_get/vec4 9;
    %jmp/0 T_15.142, 9;
    %load/vec4 v0x5716ed499bb0_0;
    %cmpi/u 1, 0, 33;
    %flag_get/vec4 4;
    %flag_get/vec4 5;
    %or;
    %and;
T_15.142;
    %flag_set/vec4 8;
    %jmp/0xz  T_15.140, 8;
    %pushi/vec4 0, 0, 1;
    %assign/vec4 v0x5716ed4a9280_0, 0;
T_15.140 ;
T_15.1 ;
    %jmp T_15;
    .thread T_15;
    .scope S_0x5716ed40b0f0;
T_16 ;
    %wait E_0x5716ed297db0;
    %load/vec4 v0x5716ed4ce900_0;
    %flag_set/vec4 8;
    %jmp/0xz  T_16.0, 8;
    %pushi/vec4 0, 0, 4;
    %assign/vec4 v0x5716ed598a80_0, 0;
    %pushi/vec4 0, 0, 1;
    %assign/vec4 v0x5716ed4ce9a0_0, 0;
    %jmp T_16.1;
T_16.0 ;
    %load/vec4 v0x5716ed4982a0_0;
    %flag_set/vec4 10;
    %flag_get/vec4 10;
    %jmp/0 T_16.5, 10;
    %load/vec4 v0x5716ed498370_0;
    %nor/r;
    %and;
T_16.5;
    %flag_set/vec4 9;
    %flag_get/vec4 9;
    %jmp/0 T_16.4, 9;
    %load/vec4 v0x5716ed4986f0_0;
    %flag_set/vec4 9;
    %flag_get/vec4 9;
    %jmp/0 T_16.6, 9;
    %load/vec4 v0x5716ed4987c0_0;
    %nor/r;
    %and;
T_16.6;
    %and;
T_16.4;
    %flag_set/vec4 8;
    %jmp/0xz  T_16.2, 8;
    %load/vec4 v0x5716ed598a80_0;
    %assign/vec4 v0x5716ed598a80_0, 0;
    %jmp T_16.3;
T_16.2 ;
    %load/vec4 v0x5716ed4982a0_0;
    %flag_set/vec4 9;
    %flag_get/vec4 9;
    %jmp/0 T_16.9, 9;
    %load/vec4 v0x5716ed498370_0;
    %nor/r;
    %and;
T_16.9;
    %flag_set/vec4 8;
    %jmp/0xz  T_16.7, 8;
    %load/vec4 v0x5716ed598a80_0;
    %addi 1, 0, 4;
    %assign/vec4 v0x5716ed598a80_0, 0;
    %jmp T_16.8;
T_16.7 ;
    %load/vec4 v0x5716ed4986f0_0;
    %flag_set/vec4 9;
    %flag_get/vec4 9;
    %jmp/0 T_16.12, 9;
    %load/vec4 v0x5716ed4987c0_0;
    %nor/r;
    %and;
T_16.12;
    %flag_set/vec4 8;
    %jmp/0xz  T_16.10, 8;
    %load/vec4 v0x5716ed598a80_0;
    %subi 1, 0, 4;
    %assign/vec4 v0x5716ed598a80_0, 0;
T_16.10 ;
T_16.8 ;
T_16.3 ;
    %load/vec4 v0x5716ed595020_0;
    %assign/vec4 v0x5716ed4ce9a0_0, 0;
T_16.1 ;
    %jmp T_16;
    .thread T_16;
    .scope S_0x5716ed40b0f0;
T_17 ;
    %wait E_0x5716ed297db0;
    %load/vec4 v0x5716ed4ce900_0;
    %flag_set/vec4 8;
    %jmp/0xz  T_17.0, 8;
    %pushi/vec4 0, 0, 4;
    %assign/vec4 v0x5716ed598b60_0, 0;
    %pushi/vec4 0, 0, 1;
    %assign/vec4 v0x5716ed4ce2b0_0, 0;
    %pushi/vec4 0, 0, 1;
    %assign/vec4 v0x5716ed4bbd60_0, 0;
    %jmp T_17.1;
T_17.0 ;
    %load/vec4 v0x5716ed477c10_0;
    %flag_set/vec4 10;
    %flag_get/vec4 10;
    %jmp/0 T_17.5, 10;
    %load/vec4 v0x5716ed477440_0;
    %nor/r;
    %and;
T_17.5;
    %flag_set/vec4 9;
    %flag_get/vec4 9;
    %jmp/0 T_17.4, 9;
    %load/vec4 v0x5716ed477e60_0;
    %flag_set/vec4 9;
    %flag_get/vec4 9;
    %jmp/0 T_17.6, 9;
    %load/vec4 v0x5716ed477b40_0;
    %nor/r;
    %and;
T_17.6;
    %and;
T_17.4;
    %flag_set/vec4 8;
    %jmp/0xz  T_17.2, 8;
    %load/vec4 v0x5716ed598b60_0;
    %assign/vec4 v0x5716ed598b60_0, 0;
    %jmp T_17.3;
T_17.2 ;
    %load/vec4 v0x5716ed477c10_0;
    %flag_set/vec4 9;
    %flag_get/vec4 9;
    %jmp/0 T_17.9, 9;
    %load/vec4 v0x5716ed477440_0;
    %nor/r;
    %and;
T_17.9;
    %flag_set/vec4 8;
    %jmp/0xz  T_17.7, 8;
    %load/vec4 v0x5716ed598b60_0;
    %addi 1, 0, 4;
    %assign/vec4 v0x5716ed598b60_0, 0;
    %jmp T_17.8;
T_17.7 ;
    %load/vec4 v0x5716ed477e60_0;
    %flag_set/vec4 9;
    %flag_get/vec4 9;
    %jmp/0 T_17.12, 9;
    %load/vec4 v0x5716ed477b40_0;
    %nor/r;
    %and;
T_17.12;
    %flag_set/vec4 8;
    %jmp/0xz  T_17.10, 8;
    %load/vec4 v0x5716ed598b60_0;
    %subi 1, 0, 4;
    %assign/vec4 v0x5716ed598b60_0, 0;
T_17.10 ;
T_17.8 ;
T_17.3 ;
    %load/vec4 v0x5716ed5952c0_0;
    %assign/vec4 v0x5716ed4ce2b0_0, 0;
    %load/vec4 v0x5716ed5953a0_0;
    %assign/vec4 v0x5716ed4bbd60_0, 0;
T_17.1 ;
    %jmp T_17;
    .thread T_17;
    .scope S_0x5716ed40b0f0;
T_18 ;
    %wait E_0x5716ed297db0;
    %load/vec4 v0x5716ed4ce900_0;
    %flag_set/vec4 8;
    %jmp/0xz  T_18.0, 8;
    %pushi/vec4 0, 0, 1;
    %assign/vec4 v0x5716ed4bbe40_0, 0;
    %pushi/vec4 0, 0, 1;
    %assign/vec4 v0x5716ed4ce1d0_0, 0;
    %jmp T_18.1;
T_18.0 ;
    %load/vec4 v0x5716ed595480_0;
    %assign/vec4 v0x5716ed4bbe40_0, 0;
    %load/vec4 v0x5716ed5951e0_0;
    %assign/vec4 v0x5716ed4ce1d0_0, 0;
T_18.1 ;
    %jmp T_18;
    .thread T_18;
    .scope S_0x5716ed40b0f0;
T_19 ;
    %wait E_0x5716ed297db0;
    %load/vec4 v0x5716ed4ce900_0;
    %flag_set/vec4 8;
    %jmp/0xz  T_19.0, 8;
    %pushi/vec4 0, 0, 1;
    %assign/vec4 v0x5716ed4ce520_0, 0;
    %jmp T_19.1;
T_19.0 ;
    %load/vec4 v0x5716ed595100_0;
    %assign/vec4 v0x5716ed4ce520_0, 0;
T_19.1 ;
    %jmp T_19;
    .thread T_19;
    .scope S_0x5716ed40b0f0;
T_20 ;
    %wait E_0x5716ed297db0;
    %load/vec4 v0x5716ed4ce900_0;
    %flag_set/vec4 8;
    %jmp/0xz  T_20.0, 8;
    %pushi/vec4 0, 0, 32;
    %assign/vec4 v0x5716ed59a840_0, 0;
    %pushi/vec4 0, 0, 64;
    %assign/vec4 v0x5716ed59a680_0, 0;
    %pushi/vec4 0, 0, 64;
    %assign/vec4 v0x5716ed59a920_0, 0;
    %pushi/vec4 0, 0, 64;
    %assign/vec4 v0x5716ed59a760_0, 0;
    %pushi/vec4 0, 0, 32;
    %assign/vec4 v0x5716ed593620_0, 0;
    %pushi/vec4 0, 0, 64;
    %assign/vec4 v0x5716ed595720_0, 0;
    %pushi/vec4 0, 0, 64;
    %assign/vec4 v0x5716ed595560_0, 0;
    %pushi/vec4 0, 0, 64;
    %assign/vec4 v0x5716ed5989a0_0, 0;
    %pushi/vec4 0, 0, 64;
    %assign/vec4 v0x5716ed4cece0_0, 0;
    %pushi/vec4 0, 0, 64;
    %assign/vec4 v0x5716ed59da90_0, 0;
    %pushi/vec4 0, 0, 64;
    %assign/vec4 v0x5716ed59db70_0, 0;
    %pushi/vec4 0, 0, 32;
    %assign/vec4 v0x5716ed593700_0, 0;
    %pushi/vec4 0, 0, 128;
    %assign/vec4 v0x5716ed59c200_0, 0;
    %pushi/vec4 0, 0, 128;
    %assign/vec4 v0x5716ed59c120_0, 0;
    %pushi/vec4 0, 0, 128;
    %assign/vec4 v0x5716ed59c2e0_0, 0;
    %pushi/vec4 0, 0, 128;
    %assign/vec4 v0x5716ed59cc30_0, 0;
    %jmp T_20.1;
T_20.0 ;
    %load/vec4 v0x5716ed59a840_0;
    %dup/vec4;
    %pushi/vec4 0, 0, 32;
    %cmp/u;
    %jmp/1 T_20.2, 6;
    %dup/vec4;
    %pushi/vec4 1, 0, 32;
    %cmp/u;
    %jmp/1 T_20.3, 6;
    %dup/vec4;
    %pushi/vec4 2, 0, 32;
    %cmp/u;
    %jmp/1 T_20.4, 6;
    %dup/vec4;
    %pushi/vec4 3, 0, 32;
    %cmp/u;
    %jmp/1 T_20.5, 6;
    %dup/vec4;
    %pushi/vec4 4, 0, 32;
    %cmp/u;
    %jmp/1 T_20.6, 6;
    %dup/vec4;
    %pushi/vec4 5, 0, 32;
    %cmp/u;
    %jmp/1 T_20.7, 6;
    %dup/vec4;
    %pushi/vec4 6, 0, 32;
    %cmp/u;
    %jmp/1 T_20.8, 6;
    %dup/vec4;
    %pushi/vec4 7, 0, 32;
    %cmp/u;
    %jmp/1 T_20.9, 6;
    %dup/vec4;
    %pushi/vec4 8, 0, 32;
    %cmp/u;
    %jmp/1 T_20.10, 6;
    %dup/vec4;
    %pushi/vec4 9, 0, 32;
    %cmp/u;
    %jmp/1 T_20.11, 6;
    %dup/vec4;
    %pushi/vec4 10, 0, 32;
    %cmp/u;
    %jmp/1 T_20.12, 6;
    %dup/vec4;
    %pushi/vec4 11, 0, 32;
    %cmp/u;
    %jmp/1 T_20.13, 6;
    %dup/vec4;
    %pushi/vec4 12, 0, 32;
    %cmp/u;
    %jmp/1 T_20.14, 6;
    %dup/vec4;
    %pushi/vec4 13, 0, 32;
    %cmp/u;
    %jmp/1 T_20.15, 6;
    %dup/vec4;
    %pushi/vec4 14, 0, 32;
    %cmp/u;
    %jmp/1 T_20.16, 6;
    %dup/vec4;
    %pushi/vec4 15, 0, 32;
    %cmp/u;
    %jmp/1 T_20.17, 6;
    %dup/vec4;
    %pushi/vec4 16, 0, 32;
    %cmp/u;
    %jmp/1 T_20.18, 6;
    %dup/vec4;
    %pushi/vec4 17, 0, 32;
    %cmp/u;
    %jmp/1 T_20.19, 6;
    %dup/vec4;
    %pushi/vec4 18, 0, 32;
    %cmp/u;
    %jmp/1 T_20.20, 6;
    %dup/vec4;
    %pushi/vec4 19, 0, 32;
    %cmp/u;
    %jmp/1 T_20.21, 6;
    %dup/vec4;
    %pushi/vec4 20, 0, 32;
    %cmp/u;
    %jmp/1 T_20.22, 6;
    %dup/vec4;
    %pushi/vec4 21, 0, 32;
    %cmp/u;
    %jmp/1 T_20.23, 6;
    %dup/vec4;
    %pushi/vec4 22, 0, 32;
    %cmp/u;
    %jmp/1 T_20.24, 6;
    %dup/vec4;
    %pushi/vec4 23, 0, 32;
    %cmp/u;
    %jmp/1 T_20.25, 6;
    %dup/vec4;
    %pushi/vec4 24, 0, 32;
    %cmp/u;
    %jmp/1 T_20.26, 6;
    %dup/vec4;
    %pushi/vec4 25, 0, 32;
    %cmp/u;
    %jmp/1 T_20.27, 6;
    %dup/vec4;
    %pushi/vec4 26, 0, 32;
    %cmp/u;
    %jmp/1 T_20.28, 6;
    %dup/vec4;
    %pushi/vec4 27, 0, 32;
    %cmp/u;
    %jmp/1 T_20.29, 6;
    %dup/vec4;
    %pushi/vec4 28, 0, 32;
    %cmp/u;
    %jmp/1 T_20.30, 6;
    %dup/vec4;
    %pushi/vec4 29, 0, 32;
    %cmp/u;
    %jmp/1 T_20.31, 6;
    %dup/vec4;
    %pushi/vec4 30, 0, 32;
    %cmp/u;
    %jmp/1 T_20.32, 6;
    %dup/vec4;
    %pushi/vec4 31, 0, 32;
    %cmp/u;
    %jmp/1 T_20.33, 6;
    %dup/vec4;
    %pushi/vec4 32, 0, 32;
    %cmp/u;
    %jmp/1 T_20.34, 6;
    %dup/vec4;
    %pushi/vec4 33, 0, 32;
    %cmp/u;
    %jmp/1 T_20.35, 6;
    %dup/vec4;
    %pushi/vec4 34, 0, 32;
    %cmp/u;
    %jmp/1 T_20.36, 6;
    %dup/vec4;
    %pushi/vec4 35, 0, 32;
    %cmp/u;
    %jmp/1 T_20.37, 6;
    %dup/vec4;
    %pushi/vec4 36, 0, 32;
    %cmp/u;
    %jmp/1 T_20.38, 6;
    %dup/vec4;
    %pushi/vec4 37, 0, 32;
    %cmp/u;
    %jmp/1 T_20.39, 6;
    %dup/vec4;
    %pushi/vec4 38, 0, 32;
    %cmp/u;
    %jmp/1 T_20.40, 6;
    %dup/vec4;
    %pushi/vec4 39, 0, 32;
    %cmp/u;
    %jmp/1 T_20.41, 6;
    %dup/vec4;
    %pushi/vec4 40, 0, 32;
    %cmp/u;
    %jmp/1 T_20.42, 6;
    %dup/vec4;
    %pushi/vec4 41, 0, 32;
    %cmp/u;
    %jmp/1 T_20.43, 6;
    %dup/vec4;
    %pushi/vec4 42, 0, 32;
    %cmp/u;
    %jmp/1 T_20.44, 6;
    %dup/vec4;
    %pushi/vec4 43, 0, 32;
    %cmp/u;
    %jmp/1 T_20.45, 6;
    %dup/vec4;
    %pushi/vec4 44, 0, 32;
    %cmp/u;
    %jmp/1 T_20.46, 6;
    %dup/vec4;
    %pushi/vec4 45, 0, 32;
    %cmp/u;
    %jmp/1 T_20.47, 6;
    %dup/vec4;
    %pushi/vec4 46, 0, 32;
    %cmp/u;
    %jmp/1 T_20.48, 6;
    %dup/vec4;
    %pushi/vec4 47, 0, 32;
    %cmp/u;
    %jmp/1 T_20.49, 6;
    %dup/vec4;
    %pushi/vec4 48, 0, 32;
    %cmp/u;
    %jmp/1 T_20.50, 6;
    %dup/vec4;
    %pushi/vec4 49, 0, 32;
    %cmp/u;
    %jmp/1 T_20.51, 6;
    %dup/vec4;
    %pushi/vec4 50, 0, 32;
    %cmp/u;
    %jmp/1 T_20.52, 6;
    %dup/vec4;
    %pushi/vec4 51, 0, 32;
    %cmp/u;
    %jmp/1 T_20.53, 6;
    %dup/vec4;
    %pushi/vec4 52, 0, 32;
    %cmp/u;
    %jmp/1 T_20.54, 6;
    %dup/vec4;
    %pushi/vec4 53, 0, 32;
    %cmp/u;
    %jmp/1 T_20.55, 6;
    %dup/vec4;
    %pushi/vec4 54, 0, 32;
    %cmp/u;
    %jmp/1 T_20.56, 6;
    %dup/vec4;
    %pushi/vec4 55, 0, 32;
    %cmp/u;
    %jmp/1 T_20.57, 6;
    %jmp T_20.58;
T_20.2 ;
    %pushi/vec4 1, 0, 32;
    %assign/vec4 v0x5716ed59a840_0, 0;
    %jmp T_20.58;
T_20.3 ;
    %pushi/vec4 2, 0, 32;
    %assign/vec4 v0x5716ed59a840_0, 0;
    %jmp T_20.58;
T_20.4 ;
    %load/vec4 v0x5716ed494e30_0;
    %assign/vec4 v0x5716ed59a680_0, 0;
    %pushi/vec4 3, 0, 32;
    %assign/vec4 v0x5716ed59a840_0, 0;
    %jmp T_20.58;
T_20.5 ;
    %load/vec4 v0x5716ed494f10_0;
    %assign/vec4 v0x5716ed59a920_0, 0;
    %pushi/vec4 4, 0, 32;
    %assign/vec4 v0x5716ed59a840_0, 0;
    %jmp T_20.58;
T_20.6 ;
    %load/vec4 v0x5716ed59a920_0;
    %cmpi/ne 0, 0, 64;
    %flag_get/vec4 4;
    %jmp/0 T_20.61, 4;
    %load/vec4 v0x5716ed59a680_0;
    %pushi/vec4 0, 0, 64;
    %cmp/ne;
    %flag_get/vec4 4;
    %and;
T_20.61;
    %flag_set/vec4 8;
    %jmp/0xz  T_20.59, 8;
    %pushi/vec4 5, 0, 32;
    %assign/vec4 v0x5716ed59a840_0, 0;
    %jmp T_20.60;
T_20.59 ;
    %pushi/vec4 11, 0, 32;
    %assign/vec4 v0x5716ed59a840_0, 0;
T_20.60 ;
    %jmp T_20.58;
T_20.7 ;
    %load/vec4 v0x5716ed59a680_0;
    %load/vec4 v0x5716ed59a920_0;
    %div;
    %assign/vec4 v0x5716ed59a760_0, 0;
    %pushi/vec4 6, 0, 32;
    %assign/vec4 v0x5716ed59a840_0, 0;
    %jmp T_20.58;
T_20.8 ;
    %load/vec4 v0x5716ed59a760_0;
    %cmpi/u 64, 0, 64;
    %jmp/0xz  T_20.62, 5;
    %pushi/vec4 7, 0, 32;
    %assign/vec4 v0x5716ed59a840_0, 0;
    %jmp T_20.63;
T_20.62 ;
    %pushi/vec4 8, 0, 32;
    %assign/vec4 v0x5716ed59a840_0, 0;
T_20.63 ;
    %jmp T_20.58;
T_20.9 ;
    %pushi/vec4 64, 0, 64;
    %assign/vec4 v0x5716ed59a760_0, 0;
    %pushi/vec4 8, 0, 32;
    %assign/vec4 v0x5716ed59a840_0, 0;
    %jmp T_20.58;
T_20.10 ;
    %load/vec4 v0x5716ed59a760_0;
    %ix/load 4, 6, 0;
    %flag_set/imm 4, 0;
    %shiftr 4;
    %ix/load 4, 6, 0;
    %flag_set/imm 4, 0;
    %shiftl 4;
    %assign/vec4 v0x5716ed59a760_0, 0;
    %pushi/vec4 9, 0, 32;
    %assign/vec4 v0x5716ed59a840_0, 0;
    %jmp T_20.58;
T_20.11 ;
    %vpi_call 2 2652 "$display", "MEMREQ start: range %d, num %d, each %d", v0x5716ed59a680_0, v0x5716ed59a920_0, v0x5716ed59a760_0 {0 0 0};
    %pushi/vec4 10, 0, 32;
    %assign/vec4 v0x5716ed59a840_0, 0;
    %jmp T_20.58;
T_20.12 ;
    %pushi/vec4 12, 0, 32;
    %assign/vec4 v0x5716ed59a840_0, 0;
    %jmp T_20.58;
T_20.13 ;
    %pushi/vec4 1, 0, 32;
    %assign/vec4 v0x5716ed59a840_0, 0;
    %jmp T_20.58;
T_20.14 ;
    %pushi/vec4 0, 0, 32;
    %assign/vec4 v0x5716ed593620_0, 0;
    %pushi/vec4 13, 0, 32;
    %assign/vec4 v0x5716ed59a840_0, 0;
    %jmp T_20.58;
T_20.15 ;
    %load/vec4 v0x5716ed593620_0;
    %pad/u 64;
    %load/vec4 v0x5716ed59a920_0;
    %ix/load 4, 2, 0;
    %flag_set/imm 4, 0;
    %shiftl 4;
    %cmp/u;
    %jmp/0xz  T_20.64, 5;
    %pushi/vec4 14, 0, 32;
    %assign/vec4 v0x5716ed59a840_0, 0;
    %jmp T_20.65;
T_20.64 ;
    %pushi/vec4 16, 0, 32;
    %assign/vec4 v0x5716ed59a840_0, 0;
T_20.65 ;
    %jmp T_20.58;
T_20.16 ;
    %pushi/vec4 15, 0, 32;
    %assign/vec4 v0x5716ed59a840_0, 0;
    %jmp T_20.58;
T_20.17 ;
    %load/vec4 v0x5716ed593620_0;
    %addi 1, 0, 32;
    %assign/vec4 v0x5716ed593620_0, 0;
    %pushi/vec4 13, 0, 32;
    %assign/vec4 v0x5716ed59a840_0, 0;
    %jmp T_20.58;
T_20.18 ;
    %pushi/vec4 0, 0, 32;
    %assign/vec4 v0x5716ed593620_0, 0;
    %pushi/vec4 17, 0, 32;
    %assign/vec4 v0x5716ed59a840_0, 0;
    %jmp T_20.58;
T_20.19 ;
    %load/vec4 v0x5716ed593620_0;
    %pad/u 64;
    %load/vec4 v0x5716ed59a920_0;
    %cmp/u;
    %jmp/0xz  T_20.66, 5;
    %pushi/vec4 18, 0, 32;
    %assign/vec4 v0x5716ed59a840_0, 0;
    %jmp T_20.67;
T_20.66 ;
    %pushi/vec4 22, 0, 32;
    %assign/vec4 v0x5716ed59a840_0, 0;
T_20.67 ;
    %jmp T_20.58;
T_20.20 ;
    %load/vec4 v0x5716ed593620_0;
    %pad/u 64;
    %load/vec4 v0x5716ed59a760_0;
    %mul;
    %assign/vec4 v0x5716ed595720_0, 0;
    %pushi/vec4 19, 0, 32;
    %assign/vec4 v0x5716ed59a840_0, 0;
    %jmp T_20.58;
T_20.21 ;
    %load/vec4 v0x5716ed475c60_0;
    %flag_set/vec4 8;
    %jmp/0xz  T_20.68, 8;
    %pushi/vec4 20, 0, 32;
    %assign/vec4 v0x5716ed59a840_0, 0;
T_20.68 ;
    %jmp T_20.58;
T_20.22 ;
    %load/vec4 v0x5716ed47d330_0;
    %flag_set/vec4 9;
    %flag_get/vec4 9;
    %jmp/0 T_20.72, 9;
    %load/vec4 v0x5716ed4a9d60_0;
    %nor/r;
    %and;
T_20.72;
    %flag_set/vec4 8;
    %jmp/0xz  T_20.70, 8;
    %pushi/vec4 21, 0, 32;
    %assign/vec4 v0x5716ed59a840_0, 0;
T_20.70 ;
    %jmp T_20.58;
T_20.23 ;
    %load/vec4 v0x5716ed593620_0;
    %addi 1, 0, 32;
    %assign/vec4 v0x5716ed593620_0, 0;
    %pushi/vec4 17, 0, 32;
    %assign/vec4 v0x5716ed59a840_0, 0;
    %jmp T_20.58;
T_20.24 ;
    %pushi/vec4 1664525, 0, 64;
    %assign/vec4 v0x5716ed595560_0, 0;
    %pushi/vec4 23, 0, 32;
    %assign/vec4 v0x5716ed59a840_0, 0;
    %jmp T_20.58;
T_20.25 ;
    %pushi/vec4 1013904223, 0, 64;
    %assign/vec4 v0x5716ed5989a0_0, 0;
    %pushi/vec4 24, 0, 32;
    %assign/vec4 v0x5716ed59a840_0, 0;
    %jmp T_20.58;
T_20.26 ;
    %load/vec4 v0x5716ed59a920_0;
    %assign/vec4 v0x5716ed4cece0_0, 0;
    %pushi/vec4 25, 0, 32;
    %assign/vec4 v0x5716ed59a840_0, 0;
    %jmp T_20.58;
T_20.27 ;
    %pushi/vec4 0, 0, 32;
    %assign/vec4 v0x5716ed593620_0, 0;
    %pushi/vec4 26, 0, 32;
    %assign/vec4 v0x5716ed59a840_0, 0;
    %jmp T_20.58;
T_20.28 ;
    %load/vec4 v0x5716ed593620_0;
    %pad/u 64;
    %load/vec4 v0x5716ed59a920_0;
    %cmp/u;
    %jmp/0xz  T_20.73, 5;
    %pushi/vec4 27, 0, 32;
    %assign/vec4 v0x5716ed59a840_0, 0;
    %jmp T_20.74;
T_20.73 ;
    %pushi/vec4 37, 0, 32;
    %assign/vec4 v0x5716ed59a840_0, 0;
T_20.74 ;
    %jmp T_20.58;
T_20.29 ;
    %load/vec4 v0x5716ed593620_0;
    %pad/s 64;
    %assign/vec4 v0x5716ed59da90_0, 0;
    %pushi/vec4 28, 0, 32;
    %assign/vec4 v0x5716ed59a840_0, 0;
    %jmp T_20.58;
T_20.30 ;
    %pushi/vec4 29, 0, 32;
    %assign/vec4 v0x5716ed59a840_0, 0;
    %jmp T_20.58;
T_20.31 ;
    %load/vec4 v0x5716ed59da90_0;
    %load/vec4 v0x5716ed595560_0;
    %mul;
    %load/vec4 v0x5716ed5989a0_0;
    %add;
    %load/vec4 v0x5716ed4cece0_0;
    %mod;
    %assign/vec4 v0x5716ed59db70_0, 0;
    %pushi/vec4 30, 0, 32;
    %assign/vec4 v0x5716ed59a840_0, 0;
    %jmp T_20.58;
T_20.32 ;
    %pushi/vec4 0, 0, 32;
    %assign/vec4 v0x5716ed593700_0, 0;
    %pushi/vec4 31, 0, 32;
    %assign/vec4 v0x5716ed59a840_0, 0;
    %jmp T_20.58;
T_20.33 ;
    %load/vec4 v0x5716ed593700_0;
    %cmpi/s 4, 0, 32;
    %jmp/0xz  T_20.75, 5;
    %pushi/vec4 32, 0, 32;
    %assign/vec4 v0x5716ed59a840_0, 0;
    %jmp T_20.76;
T_20.75 ;
    %pushi/vec4 34, 0, 32;
    %assign/vec4 v0x5716ed59a840_0, 0;
T_20.76 ;
    %jmp T_20.58;
T_20.34 ;
    %pushi/vec4 33, 0, 32;
    %assign/vec4 v0x5716ed59a840_0, 0;
    %jmp T_20.58;
T_20.35 ;
    %load/vec4 v0x5716ed593700_0;
    %addi 1, 0, 32;
    %assign/vec4 v0x5716ed593700_0, 0;
    %pushi/vec4 31, 0, 32;
    %assign/vec4 v0x5716ed59a840_0, 0;
    %jmp T_20.58;
T_20.36 ;
    %load/vec4 v0x5716ed475c60_0;
    %flag_set/vec4 8;
    %jmp/0xz  T_20.77, 8;
    %pushi/vec4 35, 0, 32;
    %assign/vec4 v0x5716ed59a840_0, 0;
T_20.77 ;
    %jmp T_20.58;
T_20.37 ;
    %load/vec4 v0x5716ed47d330_0;
    %flag_set/vec4 9;
    %flag_get/vec4 9;
    %jmp/0 T_20.81, 9;
    %load/vec4 v0x5716ed4a9d60_0;
    %nor/r;
    %and;
T_20.81;
    %flag_set/vec4 8;
    %jmp/0xz  T_20.79, 8;
    %pushi/vec4 36, 0, 32;
    %assign/vec4 v0x5716ed59a840_0, 0;
T_20.79 ;
    %jmp T_20.58;
T_20.38 ;
    %load/vec4 v0x5716ed593620_0;
    %addi 1, 0, 32;
    %assign/vec4 v0x5716ed593620_0, 0;
    %pushi/vec4 26, 0, 32;
    %assign/vec4 v0x5716ed59a840_0, 0;
    %jmp T_20.58;
T_20.39 ;
    %pushi/vec4 0, 0, 32;
    %assign/vec4 v0x5716ed593620_0, 0;
    %pushi/vec4 38, 0, 32;
    %assign/vec4 v0x5716ed59a840_0, 0;
    %jmp T_20.58;
T_20.40 ;
    %load/vec4 v0x5716ed593620_0;
    %pad/u 64;
    %load/vec4 v0x5716ed4cece0_0;
    %cmp/u;
    %jmp/0xz  T_20.82, 5;
    %pushi/vec4 39, 0, 32;
    %assign/vec4 v0x5716ed59a840_0, 0;
    %jmp T_20.83;
T_20.82 ;
    %pushi/vec4 45, 0, 32;
    %assign/vec4 v0x5716ed59a840_0, 0;
T_20.83 ;
    %jmp T_20.58;
T_20.41 ;
    %load/vec4 v0x5716ed593620_0;
    %pad/s 64;
    %assign/vec4 v0x5716ed59da90_0, 0;
    %pushi/vec4 40, 0, 32;
    %assign/vec4 v0x5716ed59a840_0, 0;
    %jmp T_20.58;
T_20.42 ;
    %pushi/vec4 41, 0, 32;
    %assign/vec4 v0x5716ed59a840_0, 0;
    %jmp T_20.58;
T_20.43 ;
    %load/vec4 v0x5716ed59da90_0;
    %load/vec4 v0x5716ed595560_0;
    %mul;
    %load/vec4 v0x5716ed5989a0_0;
    %add;
    %load/vec4 v0x5716ed4cece0_0;
    %mod;
    %assign/vec4 v0x5716ed59db70_0, 0;
    %pushi/vec4 42, 0, 32;
    %assign/vec4 v0x5716ed59a840_0, 0;
    %jmp T_20.58;
T_20.44 ;
    %load/vec4 v0x5716ed48b840_0;
    %flag_set/vec4 8;
    %jmp/0xz  T_20.84, 8;
    %pushi/vec4 43, 0, 32;
    %assign/vec4 v0x5716ed59a840_0, 0;
T_20.84 ;
    %jmp T_20.58;
T_20.45 ;
    %load/vec4 v0x5716ed49f7c0_0;
    %flag_set/vec4 8;
    %jmp/0xz  T_20.86, 8;
    %pushi/vec4 44, 0, 32;
    %assign/vec4 v0x5716ed59a840_0, 0;
T_20.86 ;
    %jmp T_20.58;
T_20.46 ;
    %load/vec4 v0x5716ed593620_0;
    %addi 1, 0, 32;
    %assign/vec4 v0x5716ed593620_0, 0;
    %pushi/vec4 38, 0, 32;
    %assign/vec4 v0x5716ed59a840_0, 0;
    %jmp T_20.58;
T_20.47 ;
    %pushi/vec4 0, 0, 32;
    %assign/vec4 v0x5716ed593620_0, 0;
    %pushi/vec4 46, 0, 32;
    %assign/vec4 v0x5716ed59a840_0, 0;
    %jmp T_20.58;
T_20.48 ;
    %load/vec4 v0x5716ed593620_0;
    %pad/u 64;
    %load/vec4 v0x5716ed59a920_0;
    %ix/load 4, 2, 0;
    %flag_set/imm 4, 0;
    %shiftl 4;
    %cmp/u;
    %jmp/0xz  T_20.88, 5;
    %pushi/vec4 47, 0, 32;
    %assign/vec4 v0x5716ed59a840_0, 0;
    %jmp T_20.89;
T_20.88 ;
    %pushi/vec4 54, 0, 32;
    %assign/vec4 v0x5716ed59a840_0, 0;
T_20.89 ;
    %jmp T_20.58;
T_20.49 ;
    %load/vec4 v0x5716ed4ce520_0;
    %flag_set/vec4 8;
    %jmp/0xz  T_20.90, 8;
    %load/vec4 v0x5716ed59c610_0;
    %assign/vec4 v0x5716ed59c200_0, 0;
T_20.90 ;
    %load/vec4 v0x5716ed4ce520_0;
    %flag_set/vec4 8;
    %jmp/0xz  T_20.92, 8;
    %pushi/vec4 48, 0, 32;
    %assign/vec4 v0x5716ed59a840_0, 0;
T_20.92 ;
    %jmp T_20.58;
T_20.50 ;
    %load/vec4 v0x5716ed59c200_0;
    %assign/vec4 v0x5716ed59c120_0, 0;
    %pushi/vec4 49, 0, 32;
    %assign/vec4 v0x5716ed59a840_0, 0;
    %jmp T_20.58;
T_20.51 ;
    %load/vec4 v0x5716ed4ce1d0_0;
    %flag_set/vec4 8;
    %jmp/0xz  T_20.94, 8;
    %load/vec4 v0x5716ed59c9c0_0;
    %assign/vec4 v0x5716ed59c2e0_0, 0;
T_20.94 ;
    %load/vec4 v0x5716ed4ce1d0_0;
    %flag_set/vec4 8;
    %jmp/0xz  T_20.96, 8;
    %pushi/vec4 50, 0, 32;
    %assign/vec4 v0x5716ed59a840_0, 0;
T_20.96 ;
    %jmp T_20.58;
T_20.52 ;
    %load/vec4 v0x5716ed59c2e0_0;
    %assign/vec4 v0x5716ed59cc30_0, 0;
    %pushi/vec4 51, 0, 32;
    %assign/vec4 v0x5716ed59a840_0, 0;
    %jmp T_20.58;
T_20.53 ;
    %load/vec4 v0x5716ed59c120_0;
    %load/vec4 v0x5716ed59cc30_0;
    %cmp/ne;
    %jmp/0xz  T_20.98, 4;
    %pushi/vec4 52, 0, 32;
    %assign/vec4 v0x5716ed59a840_0, 0;
    %jmp T_20.99;
T_20.98 ;
    %pushi/vec4 53, 0, 32;
    %assign/vec4 v0x5716ed59a840_0, 0;
T_20.99 ;
    %jmp T_20.58;
T_20.54 ;
    %vpi_call 2 2853 "$display", "LLC data mismatch %d: %x", v0x5716ed593620_0, v0x5716ed59c120_0 {0 0 0};
    %pushi/vec4 53, 0, 32;
    %assign/vec4 v0x5716ed59a840_0, 0;
    %jmp T_20.58;
T_20.55 ;
    %load/vec4 v0x5716ed593620_0;
    %addi 1, 0, 32;
    %assign/vec4 v0x5716ed593620_0, 0;
    %pushi/vec4 46, 0, 32;
    %assign/vec4 v0x5716ed59a840_0, 0;
    %jmp T_20.58;
T_20.56 ;
    %vpi_call 2 2861 "$display", "MEMREQ done" {0 0 0};
    %pushi/vec4 55, 0, 32;
    %assign/vec4 v0x5716ed59a840_0, 0;
    %jmp T_20.58;
T_20.57 ;
    %vpi_call 2 2865 "$finish" {0 0 0};
    %pushi/vec4 56, 0, 32;
    %assign/vec4 v0x5716ed59a840_0, 0;
    %jmp T_20.58;
T_20.58 ;
    %pop/vec4 1;
T_20.1 ;
    %jmp T_20;
    .thread T_20;
    .scope S_0x5716ed40b0f0;
T_21 ;
    %wait E_0x5716ed297db0;
    %load/vec4 v0x5716ed4ce900_0;
    %flag_set/vec4 8;
    %jmp/0xz  T_21.0, 8;
    %pushi/vec4 0, 0, 32;
    %assign/vec4 v0x5716ed4770c0_0, 0;
    %pushi/vec4 0, 0, 1;
    %assign/vec4 v0x5716ed48a380_0, 0;
    %jmp T_21.1;
T_21.0 ;
    %load/vec4 v0x5716ed4770c0_0;
    %dup/vec4;
    %pushi/vec4 0, 0, 32;
    %cmp/u;
    %jmp/1 T_21.2, 6;
    %dup/vec4;
    %pushi/vec4 1, 0, 32;
    %cmp/u;
    %jmp/1 T_21.3, 6;
    %jmp T_21.4;
T_21.2 ;
    %load/vec4 v0x5716ed4770c0_0;
    %cmpi/e 0, 0, 32;
    %flag_get/vec4 4;
    %jmp/0 T_21.8, 4;
    %load/vec4 v0x5716ed475950_0;
    %flag_set/vec4 10;
    %flag_get/vec4 10;
    %jmp/1 T_21.9, 10;
    %load/vec4 v0x5716ed48a380_0;
    %or;
T_21.9;
    %and;
T_21.8;
    %flag_set/vec4 9;
    %flag_get/vec4 9;
    %jmp/0 T_21.7, 9;
    %load/vec4 v0x5716ed4781f0_0;
    %nor/r;
    %and;
T_21.7;
    %flag_set/vec4 8;
    %jmp/0xz  T_21.5, 8;
    %pushi/vec4 1, 0, 32;
    %assign/vec4 v0x5716ed4770c0_0, 0;
T_21.5 ;
    %jmp T_21.4;
T_21.3 ;
    %load/vec4 v0x5716ed4770c0_0;
    %cmpi/e 1, 0, 32;
    %flag_get/vec4 4;
    %jmp/0 T_21.14, 4;
    %load/vec4 v0x5716ed4781f0_0;
    %nor/r;
    %and;
T_21.14;
    %flag_set/vec4 10;
    %flag_get/vec4 10;
    %jmp/0 T_21.13, 10;
    %load/vec4 v0x5716ed596780_0;
    %flag_set/vec4 10;
    %flag_get/vec4 10;
    %jmp/1 T_21.15, 10;
    %load/vec4 v0x5716ed596a00_0;
    %nor/r;
    %or;
T_21.15;
    %and;
T_21.13;
    %flag_set/vec4 9;
    %flag_get/vec4 9;
    %jmp/0 T_21.12, 9;
    %load/vec4 v0x5716ed4a9e20_0;
    %pad/u 32;
    %cmpi/u 6, 0, 32;
    %flag_get/vec4 5;
    %and;
T_21.12;
    %flag_set/vec4 8;
    %jmp/0xz  T_21.10, 8;
    %pushi/vec4 1, 0, 1;
    %assign/vec4 v0x5716ed48a380_0, 0;
T_21.10 ;
    %load/vec4 v0x5716ed4770c0_0;
    %cmpi/e 1, 0, 32;
    %flag_get/vec4 4;
    %jmp/0 T_21.21, 4;
    %load/vec4 v0x5716ed4781f0_0;
    %nor/r;
    %and;
T_21.21;
    %flag_set/vec4 11;
    %flag_get/vec4 11;
    %jmp/0 T_21.20, 11;
    %load/vec4 v0x5716ed596780_0;
    %flag_set/vec4 11;
    %flag_get/vec4 11;
    %jmp/1 T_21.22, 11;
    %load/vec4 v0x5716ed596a00_0;
    %nor/r;
    %or;
T_21.22;
    %and;
T_21.20;
    %flag_set/vec4 10;
    %flag_get/vec4 10;
    %jmp/0 T_21.19, 10;
    %load/vec4 v0x5716ed4a9e20_0;
    %pad/u 32;
    %cmpi/u 6, 0, 32;
    %flag_get/vec4 5;
    %and;
T_21.19;
    %flag_set/vec4 9;
    %flag_get/vec4 9;
    %jmp/0 T_21.18, 9;
    %load/vec4 v0x5716ed47d700_0;
    %pushi/vec4 0, 0, 33;
    %cmp/e;
    %flag_get/vec4 4;
    %and;
T_21.18;
    %flag_set/vec4 8;
    %jmp/0xz  T_21.16, 8;
    %pushi/vec4 0, 0, 1;
    %assign/vec4 v0x5716ed48a380_0, 0;
T_21.16 ;
    %load/vec4 v0x5716ed4770c0_0;
    %cmpi/e 1, 0, 32;
    %flag_get/vec4 4;
    %jmp/0 T_21.27, 4;
    %load/vec4 v0x5716ed4781f0_0;
    %nor/r;
    %and;
T_21.27;
    %flag_set/vec4 10;
    %flag_get/vec4 10;
    %jmp/0 T_21.26, 10;
    %load/vec4 v0x5716ed596780_0;
    %flag_set/vec4 10;
    %flag_get/vec4 10;
    %jmp/1 T_21.28, 10;
    %load/vec4 v0x5716ed596a00_0;
    %nor/r;
    %or;
T_21.28;
    %and;
T_21.26;
    %flag_set/vec4 9;
    %flag_get/vec4 9;
    %jmp/0 T_21.25, 9;
    %load/vec4 v0x5716ed4a9e20_0;
    %pad/u 32;
    %cmpi/u 6, 0, 32;
    %flag_get/vec4 5;
    %and;
T_21.25;
    %flag_set/vec4 8;
    %jmp/0xz  T_21.23, 8;
    %pushi/vec4 0, 0, 32;
    %assign/vec4 v0x5716ed4770c0_0, 0;
T_21.23 ;
    %jmp T_21.4;
T_21.4 ;
    %pop/vec4 1;
T_21.1 ;
    %jmp T_21;
    .thread T_21;
    .scope S_0x5716ed40b0f0;
T_22 ;
    %wait E_0x5716ed297db0;
    %load/vec4 v0x5716ed4ce900_0;
    %flag_set/vec4 8;
    %jmp/0xz  T_22.0, 8;
    %pushi/vec4 0, 0, 32;
    %assign/vec4 v0x5716ed47d970_0, 0;
    %jmp T_22.1;
T_22.0 ;
    %load/vec4 v0x5716ed47d970_0;
    %dup/vec4;
    %pushi/vec4 0, 0, 32;
    %cmp/u;
    %jmp/1 T_22.2, 6;
    %dup/vec4;
    %pushi/vec4 1, 0, 32;
    %cmp/u;
    %jmp/1 T_22.3, 6;
    %dup/vec4;
    %pushi/vec4 2, 0, 32;
    %cmp/u;
    %jmp/1 T_22.4, 6;
    %jmp T_22.5;
T_22.2 ;
    %load/vec4 v0x5716ed47ddd0_0;
    %nor/r;
    %flag_set/vec4 10;
    %flag_get/vec4 10;
    %jmp/0 T_22.9, 10;
    %load/vec4 v0x5716ed477b40_0;
    %nor/r;
    %and;
T_22.9;
    %flag_set/vec4 9;
    %flag_get/vec4 9;
    %jmp/0 T_22.8, 9;
    %load/vec4 v0x5716ed4784a0_0;
    %pad/u 32;
    %pushi/vec4 1, 0, 32;
    %cmp/e;
    %flag_get/vec4 4;
    %and;
T_22.8;
    %flag_set/vec4 8;
    %jmp/0xz  T_22.6, 8;
    %pushi/vec4 1, 0, 32;
    %assign/vec4 v0x5716ed47d970_0, 0;
T_22.6 ;
    %jmp T_22.5;
T_22.3 ;
    %pushi/vec4 2, 0, 32;
    %assign/vec4 v0x5716ed47d970_0, 0;
    %jmp T_22.5;
T_22.4 ;
    %load/vec4 v0x5716ed478960_0;
    %pad/u 32;
    %cmpi/e 1, 0, 32;
    %flag_get/vec4 4;
    %jmp/0 T_22.14, 4;
    %load/vec4 v0x5716ed59bf80_0;
    %and;
T_22.14;
    %flag_set/vec4 10;
    %flag_get/vec4 10;
    %jmp/0 T_22.13, 10;
    %load/vec4 v0x5716ed48a2c0_0;
    %flag_set/vec4 10;
    %jmp/1 T_22.16, 10;
    %load/vec4 v0x5716ed4750e0_0;
    %nor/r;
    %flag_set/vec4 11;
    %flag_or 10, 11;
T_22.16;
    %flag_get/vec4 10;
    %jmp/0 T_22.15, 10;
    %pushi/vec4 0, 0, 33;
    %load/vec4 v0x5716ed475d00_0;
    %cmp/u;
    %flag_get/vec4 5;
    %and;
T_22.15;
    %and;
T_22.13;
    %flag_set/vec4 9;
    %flag_get/vec4 9;
    %jmp/0 T_22.12, 9;
    %load/vec4 v0x5716ed59bec0_0;
    %and;
T_22.12;
    %flag_set/vec4 8;
    %jmp/0xz  T_22.10, 8;
    %pushi/vec4 0, 0, 32;
    %assign/vec4 v0x5716ed47d970_0, 0;
T_22.10 ;
    %jmp T_22.5;
T_22.5 ;
    %pop/vec4 1;
T_22.1 ;
    %jmp T_22;
    .thread T_22;
    .scope S_0x5716ed40b0f0;
T_23 ;
    %wait E_0x5716ed297db0;
    %load/vec4 v0x5716ed4ce900_0;
    %flag_set/vec4 8;
    %jmp/0xz  T_23.0, 8;
    %pushi/vec4 0, 0, 32;
    %assign/vec4 v0x5716ed59bc20_0, 0;
    %pushi/vec4 0, 0, 20;
    %assign/vec4 v0x5716ed59bb40_0, 0;
    %pushi/vec4 0, 0, 20;
    %assign/vec4 v0x5716ed59c040_0, 0;
    %pushi/vec4 0, 0, 33;
    %assign/vec4 v0x5716ed59bd00_0, 0;
    %pushi/vec4 0, 0, 1;
    %assign/vec4 v0x5716ed59bf80_0, 0;
    %pushi/vec4 0, 0, 1;
    %assign/vec4 v0x5716ed59bec0_0, 0;
    %jmp T_23.1;
T_23.0 ;
    %load/vec4 v0x5716ed59bc20_0;
    %dup/vec4;
    %pushi/vec4 0, 0, 32;
    %cmp/u;
    %jmp/1 T_23.2, 6;
    %dup/vec4;
    %pushi/vec4 1, 0, 32;
    %cmp/u;
    %jmp/1 T_23.3, 6;
    %jmp T_23.4;
T_23.2 ;
    %load/vec4 v0x5716ed47cc30_0;
    %pad/u 20;
    %assign/vec4 v0x5716ed59bb40_0, 0;
    %load/vec4 v0x5716ed47adc0_0;
    %pad/u 20;
    %assign/vec4 v0x5716ed59c040_0, 0;
    %load/vec4 v0x5716ed475d00_0;
    %assign/vec4 v0x5716ed59bd00_0, 0;
    %pushi/vec4 0, 0, 1;
    %assign/vec4 v0x5716ed59bf80_0, 0;
    %pushi/vec4 0, 0, 1;
    %assign/vec4 v0x5716ed59bec0_0, 0;
    %load/vec4 v0x5716ed47d970_0;
    %cmpi/e 1, 0, 32;
    %flag_get/vec4 4;
    %jmp/0 T_23.8, 4;
    %load/vec4 v0x5716ed478960_0;
    %pad/u 32;
    %pushi/vec4 1, 0, 32;
    %cmp/e;
    %flag_get/vec4 4;
    %and;
T_23.8;
    %flag_set/vec4 9;
    %flag_get/vec4 9;
    %jmp/0 T_23.7, 9;
    %pushi/vec4 0, 0, 33;
    %load/vec4 v0x5716ed475d00_0;
    %cmp/u;
    %flag_get/vec4 5;
    %and;
T_23.7;
    %flag_set/vec4 8;
    %jmp/0xz  T_23.5, 8;
    %pushi/vec4 1, 0, 32;
    %assign/vec4 v0x5716ed59bc20_0, 0;
T_23.5 ;
    %jmp T_23.4;
T_23.3 ;
    %load/vec4 v0x5716ed48a2c0_0;
    %flag_set/vec4 10;
    %jmp/1 T_23.13, 10;
    %load/vec4 v0x5716ed4750e0_0;
    %nor/r;
    %flag_set/vec4 11;
    %flag_or 10, 11;
T_23.13;
    %flag_get/vec4 10;
    %jmp/0 T_23.12, 10;
    %pushi/vec4 0, 0, 33;
    %load/vec4 v0x5716ed475d00_0;
    %cmp/u;
    %flag_get/vec4 5;
    %and;
T_23.12;
    %flag_set/vec4 9;
    %flag_get/vec4 9;
    %jmp/0 T_23.11, 9;
    %pushi/vec4 0, 0, 33;
    %load/vec4 v0x5716ed59bd00_0;
    %cmp/u;
    %flag_get/vec4 5;
    %and;
T_23.11;
    %flag_set/vec4 8;
    %jmp/0xz  T_23.9, 8;
    %load/vec4 v0x5716ed59bb40_0;
    %load/vec4 v0x5716ed59c040_0;
    %add;
    %assign/vec4 v0x5716ed59bb40_0, 0;
    %load/vec4 v0x5716ed59bd00_0;
    %subi 1, 0, 33;
    %assign/vec4 v0x5716ed59bd00_0, 0;
    %pushi/vec4 1, 0, 1;
    %assign/vec4 v0x5716ed59bf80_0, 0;
T_23.9 ;
    %load/vec4 v0x5716ed48a2c0_0;
    %flag_set/vec4 10;
    %jmp/1 T_23.18, 10;
    %load/vec4 v0x5716ed4750e0_0;
    %nor/r;
    %flag_set/vec4 11;
    %flag_or 10, 11;
T_23.18;
    %flag_get/vec4 10;
    %jmp/0 T_23.17, 10;
    %pushi/vec4 0, 0, 33;
    %load/vec4 v0x5716ed475d00_0;
    %cmp/u;
    %flag_get/vec4 5;
    %and;
T_23.17;
    %flag_set/vec4 9;
    %flag_get/vec4 9;
    %jmp/0 T_23.16, 9;
    %load/vec4 v0x5716ed59bd00_0;
    %cmpi/u 1, 0, 33;
    %flag_get/vec4 4;
    %flag_get/vec4 5;
    %or;
    %and;
T_23.16;
    %flag_set/vec4 8;
    %jmp/0xz  T_23.14, 8;
    %pushi/vec4 1, 0, 1;
    %assign/vec4 v0x5716ed59bec0_0, 0;
T_23.14 ;
    %load/vec4 v0x5716ed59bec0_0;
    %flag_set/vec4 10;
    %flag_get/vec4 10;
    %jmp/0 T_23.22, 10;
    %load/vec4 v0x5716ed59bf80_0;
    %and;
T_23.22;
    %flag_set/vec4 9;
    %flag_get/vec4 9;
    %jmp/0 T_23.21, 9;
    %load/vec4 v0x5716ed48a2c0_0;
    %flag_set/vec4 9;
    %jmp/1 T_23.24, 9;
    %load/vec4 v0x5716ed4750e0_0;
    %nor/r;
    %flag_set/vec4 10;
    %flag_or 9, 10;
T_23.24;
    %flag_get/vec4 9;
    %jmp/0 T_23.23, 9;
    %pushi/vec4 0, 0, 33;
    %load/vec4 v0x5716ed475d00_0;
    %cmp/u;
    %flag_get/vec4 5;
    %and;
T_23.23;
    %and;
T_23.21;
    %flag_set/vec4 8;
    %jmp/0xz  T_23.19, 8;
    %pushi/vec4 0, 0, 1;
    %assign/vec4 v0x5716ed59bf80_0, 0;
    %pushi/vec4 0, 0, 1;
    %assign/vec4 v0x5716ed59bec0_0, 0;
T_23.19 ;
    %load/vec4 v0x5716ed59bec0_0;
    %flag_set/vec4 10;
    %flag_get/vec4 10;
    %jmp/0 T_23.28, 10;
    %load/vec4 v0x5716ed59bf80_0;
    %and;
T_23.28;
    %flag_set/vec4 9;
    %flag_get/vec4 9;
    %jmp/0 T_23.27, 9;
    %load/vec4 v0x5716ed48a2c0_0;
    %flag_set/vec4 9;
    %jmp/1 T_23.30, 9;
    %load/vec4 v0x5716ed4750e0_0;
    %nor/r;
    %flag_set/vec4 10;
    %flag_or 9, 10;
T_23.30;
    %flag_get/vec4 9;
    %jmp/0 T_23.29, 9;
    %pushi/vec4 0, 0, 33;
    %load/vec4 v0x5716ed475d00_0;
    %cmp/u;
    %flag_get/vec4 5;
    %and;
T_23.29;
    %and;
T_23.27;
    %flag_set/vec4 8;
    %jmp/0xz  T_23.25, 8;
    %pushi/vec4 0, 0, 32;
    %assign/vec4 v0x5716ed59bc20_0, 0;
T_23.25 ;
    %jmp T_23.4;
T_23.4 ;
    %pop/vec4 1;
T_23.1 ;
    %jmp T_23;
    .thread T_23;
    .scope S_0x5716ed40b0f0;
T_24 ;
    %wait E_0x5716ed297db0;
    %load/vec4 v0x5716ed4ce900_0;
    %flag_set/vec4 8;
    %jmp/0xz  T_24.0, 8;
    %pushi/vec4 0, 0, 32;
    %assign/vec4 v0x5716ed48b7a0_0, 0;
    %pushi/vec4 0, 0, 1;
    %assign/vec4 v0x5716ed4a9600_0, 0;
    %jmp T_24.1;
T_24.0 ;
    %load/vec4 v0x5716ed48b7a0_0;
    %dup/vec4;
    %pushi/vec4 0, 0, 32;
    %cmp/u;
    %jmp/1 T_24.2, 6;
    %dup/vec4;
    %pushi/vec4 1, 0, 32;
    %cmp/u;
    %jmp/1 T_24.3, 6;
    %jmp T_24.4;
T_24.2 ;
    %load/vec4 v0x5716ed48b7a0_0;
    %cmpi/e 0, 0, 32;
    %flag_get/vec4 4;
    %jmp/0 T_24.8, 4;
    %load/vec4 v0x5716ed48b3f0_0;
    %flag_set/vec4 10;
    %flag_get/vec4 10;
    %jmp/1 T_24.9, 10;
    %load/vec4 v0x5716ed4a9600_0;
    %or;
T_24.9;
    %and;
T_24.8;
    %flag_set/vec4 9;
    %flag_get/vec4 9;
    %jmp/0 T_24.7, 9;
    %load/vec4 v0x5716ed498e90_0;
    %nor/r;
    %and;
T_24.7;
    %flag_set/vec4 8;
    %jmp/0xz  T_24.5, 8;
    %pushi/vec4 1, 0, 32;
    %assign/vec4 v0x5716ed48b7a0_0, 0;
T_24.5 ;
    %jmp T_24.4;
T_24.3 ;
    %load/vec4 v0x5716ed595e20_0;
    %flag_set/vec4 8;
    %jmp/1 T_24.12, 8;
    %load/vec4 v0x5716ed5960a0_0;
    %nor/r;
    %flag_set/vec4 9;
    %flag_or 8, 9;
T_24.12;
    %jmp/0xz  T_24.10, 8;
    %pushi/vec4 1, 0, 1;
    %assign/vec4 v0x5716ed4a9600_0, 0;
T_24.10 ;
    %load/vec4 v0x5716ed595e20_0;
    %flag_set/vec4 9;
    %jmp/1 T_24.16, 9;
    %load/vec4 v0x5716ed5960a0_0;
    %nor/r;
    %flag_set/vec4 10;
    %flag_or 9, 10;
T_24.16;
    %flag_get/vec4 9;
    %jmp/0 T_24.15, 9;
    %load/vec4 v0x5716ed49fbc0_0;
    %pushi/vec4 0, 0, 33;
    %cmp/e;
    %flag_get/vec4 4;
    %and;
T_24.15;
    %flag_set/vec4 8;
    %jmp/0xz  T_24.13, 8;
    %pushi/vec4 0, 0, 1;
    %assign/vec4 v0x5716ed4a9600_0, 0;
T_24.13 ;
    %load/vec4 v0x5716ed595e20_0;
    %flag_set/vec4 8;
    %jmp/1 T_24.19, 8;
    %load/vec4 v0x5716ed5960a0_0;
    %nor/r;
    %flag_set/vec4 9;
    %flag_or 8, 9;
T_24.19;
    %jmp/0xz  T_24.17, 8;
    %pushi/vec4 0, 0, 32;
    %assign/vec4 v0x5716ed48b7a0_0, 0;
T_24.17 ;
    %jmp T_24.4;
T_24.4 ;
    %pop/vec4 1;
T_24.1 ;
    %jmp T_24;
    .thread T_24;
    .scope S_0x5716ed40b0f0;
T_25 ;
    %wait E_0x5716ed297db0;
    %load/vec4 v0x5716ed4ce900_0;
    %flag_set/vec4 8;
    %jmp/0xz  T_25.0, 8;
    %pushi/vec4 0, 0, 32;
    %assign/vec4 v0x5716ed4a9340_0, 0;
    %jmp T_25.1;
T_25.0 ;
    %load/vec4 v0x5716ed4a9340_0;
    %dup/vec4;
    %pushi/vec4 0, 0, 32;
    %cmp/u;
    %jmp/1 T_25.2, 6;
    %dup/vec4;
    %pushi/vec4 1, 0, 32;
    %cmp/u;
    %jmp/1 T_25.3, 6;
    %dup/vec4;
    %pushi/vec4 2, 0, 32;
    %cmp/u;
    %jmp/1 T_25.4, 6;
    %jmp T_25.5;
T_25.2 ;
    %load/vec4 v0x5716ed4a9280_0;
    %nor/r;
    %flag_set/vec4 10;
    %flag_get/vec4 10;
    %jmp/0 T_25.9, 10;
    %load/vec4 v0x5716ed4987c0_0;
    %nor/r;
    %and;
T_25.9;
    %flag_set/vec4 9;
    %flag_get/vec4 9;
    %jmp/0 T_25.8, 9;
    %load/vec4 v0x5716ed4990e0_0;
    %pad/u 32;
    %pushi/vec4 1, 0, 32;
    %cmp/e;
    %flag_get/vec4 4;
    %and;
T_25.8;
    %flag_set/vec4 8;
    %jmp/0xz  T_25.6, 8;
    %pushi/vec4 1, 0, 32;
    %assign/vec4 v0x5716ed4a9340_0, 0;
T_25.6 ;
    %jmp T_25.5;
T_25.3 ;
    %pushi/vec4 2, 0, 32;
    %assign/vec4 v0x5716ed4a9340_0, 0;
    %jmp T_25.5;
T_25.4 ;
    %load/vec4 v0x5716ed48b1a0_0;
    %flag_set/vec4 9;
    %flag_get/vec4 9;
    %jmp/0 T_25.12, 9;
    %load/vec4 v0x5716ed499bb0_0;
    %cmpi/u 1, 0, 33;
    %flag_get/vec4 4;
    %flag_get/vec4 5;
    %or;
    %and;
T_25.12;
    %flag_set/vec4 8;
    %jmp/0xz  T_25.10, 8;
    %pushi/vec4 0, 0, 32;
    %assign/vec4 v0x5716ed4a9340_0, 0;
T_25.10 ;
    %jmp T_25.5;
T_25.5 ;
    %pop/vec4 1;
T_25.1 ;
    %jmp T_25;
    .thread T_25;
    .scope S_0x5716ed40b0f0;
T_26 ;
    %wait E_0x5716ed297db0;
    %load/vec4 v0x5716ed4ce900_0;
    %flag_set/vec4 8;
    %jmp/0xz  T_26.0, 8;
    %pushi/vec4 0, 0, 32;
    %assign/vec4 v0x5716ed59d730_0, 0;
    %pushi/vec4 0, 0, 20;
    %assign/vec4 v0x5716ed59d590_0, 0;
    %pushi/vec4 0, 0, 20;
    %assign/vec4 v0x5716ed59d8f0_0, 0;
    %pushi/vec4 0, 0, 33;
    %assign/vec4 v0x5716ed59d810_0, 0;
    %pushi/vec4 0, 0, 1;
    %assign/vec4 v0x5716ed59d670_0, 0;
    %jmp T_26.1;
T_26.0 ;
    %load/vec4 v0x5716ed59d730_0;
    %dup/vec4;
    %pushi/vec4 0, 0, 32;
    %cmp/u;
    %jmp/1 T_26.2, 6;
    %dup/vec4;
    %pushi/vec4 1, 0, 32;
    %cmp/u;
    %jmp/1 T_26.3, 6;
    %jmp T_26.4;
T_26.2 ;
    %load/vec4 v0x5716ed49f3e0_0;
    %pad/u 20;
    %assign/vec4 v0x5716ed59d590_0, 0;
    %load/vec4 v0x5716ed4993d0_0;
    %pad/u 20;
    %assign/vec4 v0x5716ed59d8f0_0, 0;
    %load/vec4 v0x5716ed499bb0_0;
    %assign/vec4 v0x5716ed59d810_0, 0;
    %pushi/vec4 0, 0, 1;
    %assign/vec4 v0x5716ed59d670_0, 0;
    %load/vec4 v0x5716ed4a9340_0;
    %cmpi/e 1, 0, 32;
    %flag_get/vec4 4;
    %jmp/0 T_26.8, 4;
    %load/vec4 v0x5716ed29adb0_0;
    %pad/u 32;
    %pushi/vec4 1, 0, 32;
    %cmp/e;
    %flag_get/vec4 4;
    %and;
T_26.8;
    %flag_set/vec4 9;
    %flag_get/vec4 9;
    %jmp/0 T_26.7, 9;
    %pushi/vec4 0, 0, 33;
    %load/vec4 v0x5716ed499bb0_0;
    %cmp/u;
    %flag_get/vec4 5;
    %and;
T_26.7;
    %flag_set/vec4 8;
    %jmp/0xz  T_26.5, 8;
    %pushi/vec4 1, 0, 32;
    %assign/vec4 v0x5716ed59d730_0, 0;
T_26.5 ;
    %jmp T_26.4;
T_26.3 ;
    %load/vec4 v0x5716ed48b1a0_0;
    %flag_set/vec4 8;
    %jmp/0xz  T_26.9, 8;
    %load/vec4 v0x5716ed59d590_0;
    %load/vec4 v0x5716ed59d8f0_0;
    %add;
    %assign/vec4 v0x5716ed59d590_0, 0;
    %load/vec4 v0x5716ed59d810_0;
    %subi 1, 0, 33;
    %assign/vec4 v0x5716ed59d810_0, 0;
    %pushi/vec4 0, 0, 1;
    %assign/vec4 v0x5716ed59d670_0, 0;
T_26.9 ;
    %load/vec4 v0x5716ed48b1a0_0;
    %flag_set/vec4 9;
    %flag_get/vec4 9;
    %jmp/0 T_26.13, 9;
    %load/vec4 v0x5716ed59d810_0;
    %cmpi/u 1, 0, 33;
    %flag_get/vec4 4;
    %flag_get/vec4 5;
    %or;
    %and;
T_26.13;
    %flag_set/vec4 8;
    %jmp/0xz  T_26.11, 8;
    %pushi/vec4 1, 0, 1;
    %assign/vec4 v0x5716ed59d670_0, 0;
T_26.11 ;
    %load/vec4 v0x5716ed48b1a0_0;
    %flag_set/vec4 9;
    %flag_get/vec4 9;
    %jmp/0 T_26.16, 9;
    %pushi/vec4 0, 0, 1;
    %and;
T_26.16;
    %flag_set/vec4 8;
    %jmp/0xz  T_26.14, 8;
    %pushi/vec4 1, 0, 1;
    %assign/vec4 v0x5716ed59d670_0, 0;
T_26.14 ;
    %load/vec4 v0x5716ed48b1a0_0;
    %flag_set/vec4 9;
    %flag_get/vec4 9;
    %jmp/0 T_26.19, 9;
    %load/vec4 v0x5716ed59d810_0;
    %cmpi/u 1, 0, 33;
    %flag_get/vec4 4;
    %flag_get/vec4 5;
    %or;
    %and;
T_26.19;
    %flag_set/vec4 8;
    %jmp/0xz  T_26.17, 8;
    %pushi/vec4 0, 0, 32;
    %assign/vec4 v0x5716ed59d730_0, 0;
T_26.17 ;
    %load/vec4 v0x5716ed48b1a0_0;
    %flag_set/vec4 9;
    %flag_get/vec4 9;
    %jmp/0 T_26.22, 9;
    %pushi/vec4 0, 0, 1;
    %and;
T_26.22;
    %flag_set/vec4 8;
    %jmp/0xz  T_26.20, 8;
    %pushi/vec4 0, 0, 32;
    %assign/vec4 v0x5716ed59d730_0, 0;
T_26.20 ;
    %jmp T_26.4;
T_26.4 ;
    %pop/vec4 1;
T_26.1 ;
    %jmp T_26;
    .thread T_26;
    .scope S_0x5716ed4c3ed0;
T_27 ;
    %wait E_0x5716ed213e10;
    %load/vec4 v0x5716ed5a6910_0;
    %store/vec4 v0x5716ed5a9ff0_0, 0, 32;
    %jmp T_27;
    .thread T_27, $push;
    .scope S_0x5716ed4c3ed0;
T_28 ;
    %wait E_0x5716ed212af0;
    %load/vec4 v0x5716ed5a69f0_0;
    %store/vec4 v0x5716ed5aa0c0_0, 0, 4;
    %jmp T_28;
    .thread T_28, $push;
    .scope S_0x5716ed4c3ed0;
T_29 ;
    %wait E_0x5716ed1ef6c0;
    %load/vec4 v0x5716ed5a6ad0_0;
    %store/vec4 v0x5716ed5aa190_0, 0, 3;
    %jmp T_29;
    .thread T_29, $push;
    .scope S_0x5716ed4c3ed0;
T_30 ;
    %wait E_0x5716ed1eb550;
    %load/vec4 v0x5716ed5a6bb0_0;
    %store/vec4 v0x5716ed5aa330_0, 0, 1;
    %jmp T_30;
    .thread T_30, $push;
    .scope S_0x5716ed4c3ed0;
T_31 ;
    %wait E_0x5716ed1ea0e0;
    %load/vec4 v0x5716ed5a6c70_0;
    %store/vec4 v0x5716ed5aa9b0_0, 0, 64;
    %jmp T_31;
    .thread T_31, $push;
    .scope S_0x5716ed4c3ed0;
T_32 ;
    %wait E_0x5716ed1e94c0;
    %load/vec4 v0x5716ed5a6d50_0;
    %store/vec4 v0x5716ed5aab50_0, 0, 8;
    %jmp T_32;
    .thread T_32, $push;
    .scope S_0x5716ed4c3ed0;
T_33 ;
    %wait E_0x5716ed287eb0;
    %load/vec4 v0x5716ed5a6e30_0;
    %store/vec4 v0x5716ed5aac20_0, 0, 1;
    %jmp T_33;
    .thread T_33, $push;
    .scope S_0x5716ed4c3ed0;
T_34 ;
    %wait E_0x5716ed2149d0;
    %load/vec4 v0x5716ed5a6ef0_0;
    %store/vec4 v0x5716ed5aa400_0, 0, 1;
    %jmp T_34;
    .thread T_34, $push;
    .scope S_0x5716ed4c3ed0;
T_35 ;
    %wait E_0x5716ed4895a0;
    %load/vec4 v0x5716ed5a6fb0_0;
    %store/vec4 v0x5716ed5a9be0_0, 0, 32;
    %jmp T_35;
    .thread T_35, $push;
    .scope S_0x5716ed4c3ed0;
T_36 ;
    %wait E_0x5716ed21a310;
    %load/vec4 v0x5716ed5a7090_0;
    %store/vec4 v0x5716ed5a9cb0_0, 0, 4;
    %jmp T_36;
    .thread T_36, $push;
    .scope S_0x5716ed4c3ed0;
T_37 ;
    %wait E_0x5716ed219930;
    %load/vec4 v0x5716ed5a7170_0;
    %store/vec4 v0x5716ed5a9d80_0, 0, 3;
    %jmp T_37;
    .thread T_37, $push;
    .scope S_0x5716ed4c3ed0;
T_38 ;
    %wait E_0x5716ed218f50;
    %load/vec4 v0x5716ed5a7250_0;
    %store/vec4 v0x5716ed5a9f20_0, 0, 1;
    %jmp T_38;
    .thread T_38, $push;
    .scope S_0x5716ed4c3ed0;
T_39 ;
    %wait E_0x5716ed218330;
    %load/vec4 v0x5716ed5a7310_0;
    %store/vec4 v0x5716ed5aa740_0, 0, 1;
    %jmp T_39;
    .thread T_39, $push;
    .scope S_0x5716ed4c3ed0;
T_40 ;
    %vpi_call 2 390 "$readmemh", "/home/ozaki/rocket/rocket-chip/mmio_project/rocket_simulation/mmio_module/src/memimg_e15130mq.out", v0x5716ed5a3400 {0 0 0};
    %end;
    .thread T_40;
    .scope S_0x5716ed4c3ed0;
T_41 ;
    %wait E_0x5716ed4975e0;
    %load/vec4 v0x5716ed5a7670_0;
    %store/vec4 v0x5716ed5a8e10_0, 0, 1;
    %jmp T_41;
    .thread T_41, $push;
    .scope S_0x5716ed4c3ed0;
T_42 ;
    %wait E_0x5716ed217700;
    %load/vec4 v0x5716ed5a7730_0;
    %store/vec4 v0x5716ed5a9970_0, 0, 1;
    %jmp T_42;
    .thread T_42, $push;
    .scope S_0x5716ed4c3ed0;
T_43 ;
    %wait E_0x5716ed2153b0;
    %load/vec4 v0x5716ed5a77f0_0;
    %store/vec4 v0x5716ed5a9220_0, 0, 2;
    %jmp T_43;
    .thread T_43, $push;
    .scope S_0x5716ed4c3ed0;
T_44 ;
    %wait E_0x5716ed580150;
    %load/vec4 v0x5716ed5a78d0_0;
    %store/vec4 v0x5716ed5a92f0_0, 0, 1;
    %jmp T_44;
    .thread T_44, $push;
    .scope S_0x5716ed4c3ed0;
T_45 ;
    %wait E_0x5716ed57f920;
    %load/vec4 v0x5716ed5a7990_0;
    %store/vec4 v0x5716ed5a8520_0, 0, 1;
    %jmp T_45;
    .thread T_45, $push;
    .scope S_0x5716ed4c3ed0;
T_46 ;
    %wait E_0x5716ed1b66c0;
    %load/vec4 v0x5716ed5a7a50_0;
    %store/vec4 v0x5716ed5a93c0_0, 0, 128;
    %jmp T_46;
    .thread T_46, $push;
    .scope S_0x5716ed4c3ed0;
T_47 ;
    %wait E_0x5716ed39eaf0;
    %load/vec4 v0x5716ed5a7b30_0;
    %store/vec4 v0x5716ed5a9630_0, 0, 2;
    %jmp T_47;
    .thread T_47, $push;
    .scope S_0x5716ed4c3ed0;
T_48 ;
    %wait E_0x5716ed3a0680;
    %load/vec4 v0x5716ed5a7c10_0;
    %store/vec4 v0x5716ed5a9490_0, 0, 1;
    %jmp T_48;
    .thread T_48, $push;
    .scope S_0x5716ed4c3ed0;
T_49 ;
    %wait E_0x5716ed39e2c0;
    %load/vec4 v0x5716ed5a7cd0_0;
    %store/vec4 v0x5716ed5a9700_0, 0, 1;
    %jmp T_49;
    .thread T_49, $push;
    .scope S_0x5716ed4c3ed0;
T_50 ;
    %pushi/vec4 0, 0, 1;
    %store/vec4 v0x5716ed59e390_0, 0, 1;
T_50.0 ;
    %delay 5, 0;
    %load/vec4 v0x5716ed59e390_0;
    %nor/r;
    %store/vec4 v0x5716ed59e390_0, 0, 1;
    %jmp T_50.0;
    %end;
    .thread T_50;
    .scope S_0x5716ed4c3ed0;
T_51 ;
    %pushi/vec4 0, 0, 1;
    %store/vec4 v0x5716ed59e450_0, 0, 1;
    %pushi/vec4 0, 0, 32;
    %store/vec4 v0x5716ed5ab1f0_0, 0, 32;
    %pushi/vec4 0, 0, 1;
    %store/vec4 v0x5716ed5ab470_0, 0, 1;
    %pushi/vec4 0, 0, 64;
    %store/vec4 v0x5716ed5a30c0_0, 0, 64;
    %pushi/vec4 0, 0, 8;
    %store/vec4 v0x5716ed5a3260_0, 0, 8;
    %pushi/vec4 0, 0, 1;
    %store/vec4 v0x5716ed5a3340_0, 0, 1;
    %pushi/vec4 0, 0, 72;
    %store/vec4 v0x5716ed5a5cb0_0, 0, 72;
    %pushi/vec4 0, 0, 1;
    %store/vec4 v0x5716ed5a6770_0, 0, 1;
    %pushi/vec4 0, 0, 72;
    %store/vec4 v0x5716ed5a65d0_0, 0, 72;
    %pushi/vec4 0, 0, 1;
    %store/vec4 v0x5716ed5a66b0_0, 0, 1;
    %pushi/vec4 0, 0, 32;
    %store/vec4 v0x5716ed5aaed0_0, 0, 32;
    %pushi/vec4 0, 0, 1;
    %store/vec4 v0x5716ed5ab150_0, 0, 1;
    %pushi/vec4 0, 0, 64;
    %store/vec4 v0x5716ed5a53d0_0, 0, 64;
    %pushi/vec4 0, 0, 1;
    %store/vec4 v0x5716ed5a5bf0_0, 0, 1;
    %pushi/vec4 0, 0, 64;
    %store/vec4 v0x5716ed5a5a50_0, 0, 64;
    %pushi/vec4 0, 0, 1;
    %store/vec4 v0x5716ed5a5b30_0, 0, 1;
    %pushi/vec4 0, 0, 3;
    %store/vec4 v0x5716ed5a2a80_0, 0, 3;
    %pushi/vec4 0, 0, 1;
    %store/vec4 v0x5716ed5ad560_0, 0, 1;
    %pushi/vec4 0, 0, 1;
    %store/vec4 v0x5716ed5ada40_0, 0, 1;
    %pushi/vec4 0, 0, 1;
    %store/vec4 v0x5716ed5acc00_0, 0, 1;
    %pushi/vec4 0, 0, 128;
    %store/vec4 v0x5716ed5adb00_0, 0, 128;
    %pushi/vec4 0, 0, 1;
    %store/vec4 v0x5716ed5adbe0_0, 0, 1;
    %pushi/vec4 0, 0, 1;
    %store/vec4 v0x5716ed5ade40_0, 0, 1;
    %pushi/vec4 0, 0, 32;
    %store/vec4 v0x5716ed5a3cd0_0, 0, 32;
    %pushi/vec4 0, 0, 32;
    %store/vec4 v0x5716ed5a43c0_0, 0, 32;
    %pushi/vec4 0, 0, 32;
    %store/vec4 v0x5716ed5a34c0_0, 0, 32;
    %pushi/vec4 0, 0, 32;
    %store/vec4 v0x5716ed5a35a0_0, 0, 32;
    %pushi/vec4 0, 0, 4;
    %store/vec4 v0x5716ed5aae30_0, 0, 4;
    %pushi/vec4 0, 0, 4;
    %store/vec4 v0x5716ed5aacf0_0, 0, 4;
    %pushi/vec4 0, 0, 4;
    %store/vec4 v0x5716ed5aad90_0, 0, 4;
    %pushi/vec4 0, 0, 1;
    %store/vec4 v0x5716ed59e5b0_0, 0, 1;
    %pushi/vec4 0, 0, 33;
    %store/vec4 v0x5716ed5a7e70_0, 0, 33;
    %pushi/vec4 0, 0, 32;
    %store/vec4 v0x5716ed5a7d90_0, 0, 32;
    %pushi/vec4 0, 0, 33;
    %store/vec4 v0x5716ed5a5330_0, 0, 33;
    %pushi/vec4 0, 0, 32;
    %store/vec4 v0x5716ed5a4a80_0, 0, 32;
    %pushi/vec4 0, 0, 33;
    %store/vec4 v0x5716ed5a6830_0, 0, 33;
    %pushi/vec4 0, 0, 33;
    %store/vec4 v0x5716ed5a28e0_0, 0, 33;
    %pushi/vec4 0, 0, 1;
    %store/vec4 v0x5716ed59e670_0, 0, 1;
    %pushi/vec4 0, 0, 1;
    %store/vec4 v0x5716ed59e750_0, 0, 1;
    %pushi/vec4 0, 0, 32;
    %store/vec4 v0x5716ed59e830_0, 0, 32;
    %pushi/vec4 0, 0, 1;
    %store/vec4 v0x5716ed59e510_0, 0, 1;
    %pushi/vec4 0, 0, 32;
    %store/vec4 v0x5716ed5aee60_0, 0, 32;
    %pushi/vec4 0, 0, 1;
    %store/vec4 v0x5716ed5a2dc0_0, 0, 1;
    %pushi/vec4 0, 0, 1;
    %store/vec4 v0x5716ed5a2f40_0, 0, 1;
    %pushi/vec4 0, 0, 1;
    %store/vec4 v0x5716ed5a2e80_0, 0, 1;
    %pushi/vec4 0, 0, 1;
    %store/vec4 v0x5716ed5a3000_0, 0, 1;
    %delay 100, 0;
    %pushi/vec4 1, 0, 1;
    %store/vec4 v0x5716ed59e450_0, 0, 1;
    %delay 100, 0;
    %pushi/vec4 0, 0, 1;
    %store/vec4 v0x5716ed59e450_0, 0, 1;
    %delay 1000000, 0;
    %vpi_call 2 666 "$finish" {0 0 0};
    %end;
    .thread T_51;
    .scope S_0x5716ed4c3ed0;
T_52 ;
    %wait E_0x5716ed297db0;
    %load/vec4 v0x5716ed59e450_0;
    %flag_set/vec4 8;
    %jmp/0xz  T_52.0, 8;
    %pushi/vec4 0, 0, 32;
    %assign/vec4 v0x5716ed5ab1f0_0, 0;
    %pushi/vec4 0, 0, 1;
    %assign/vec4 v0x5716ed5ab470_0, 0;
    %pushi/vec4 0, 0, 1;
    %assign/vec4 v0x5716ed5a2dc0_0, 0;
    %pushi/vec4 0, 0, 1;
    %assign/vec4 v0x5716ed5a2e80_0, 0;
    %jmp T_52.1;
T_52.0 ;
    %load/vec4 v0x5716ed5a2dc0_0;
    %flag_set/vec4 8;
    %jmp/0xz  T_52.2, 8;
    %pushi/vec4 0, 0, 1;
    %assign/vec4 v0x5716ed5ab470_0, 0;
T_52.2 ;
    %load/vec4 v0x5716ed5a2e80_0;
    %flag_set/vec4 8;
    %jmp/0xz  T_52.4, 8;
    %pushi/vec4 0, 0, 1;
    %assign/vec4 v0x5716ed5ab470_0, 0;
T_52.4 ;
    %load/vec4 v0x5716ed5aee60_0;
    %cmpi/e 1, 0, 32;
    %flag_get/vec4 4;
    %jmp/0 T_52.8, 4;
    %load/vec4 v0x5716ed5a2a80_0;
    %pad/u 32;
    %cmpi/e 0, 0, 32;
    %flag_get/vec4 4;
    %jmp/0 T_52.9, 4;
    %load/vec4 v0x5716ed5ab3d0_0;
    %flag_set/vec4 9;
    %flag_get/vec4 9;
    %jmp/1 T_52.10, 9;
    %load/vec4 v0x5716ed5ab470_0;
    %nor/r;
    %or;
T_52.10;
    %and;
T_52.9;
    %and;
T_52.8;
    %flag_set/vec4 8;
    %jmp/0xz  T_52.6, 8;
    %pushi/vec4 0, 0, 32;
    %assign/vec4 v0x5716ed5ab1f0_0, 0;
    %pushi/vec4 1, 0, 1;
    %assign/vec4 v0x5716ed5ab470_0, 0;
T_52.6 ;
    %pushi/vec4 1, 0, 1;
    %assign/vec4 v0x5716ed5a2dc0_0, 0;
    %load/vec4 v0x5716ed5ab470_0;
    %flag_set/vec4 9;
    %flag_get/vec4 9;
    %jmp/0 T_52.13, 9;
    %load/vec4 v0x5716ed5ab3d0_0;
    %nor/r;
    %and;
T_52.13;
    %flag_set/vec4 8;
    %jmp/0xz  T_52.11, 8;
    %load/vec4 v0x5716ed5ab470_0;
    %assign/vec4 v0x5716ed5ab470_0, 0;
T_52.11 ;
    %load/vec4 v0x5716ed5aee60_0;
    %cmpi/e 6, 0, 32;
    %flag_get/vec4 4;
    %jmp/0 T_52.16, 4;
    %load/vec4 v0x5716ed5a2a80_0;
    %pad/u 32;
    %cmpi/e 0, 0, 32;
    %flag_get/vec4 4;
    %jmp/0 T_52.17, 4;
    %load/vec4 v0x5716ed5ab3d0_0;
    %flag_set/vec4 9;
    %flag_get/vec4 9;
    %jmp/1 T_52.18, 9;
    %load/vec4 v0x5716ed5ab470_0;
    %nor/r;
    %or;
T_52.18;
    %and;
T_52.17;
    %and;
T_52.16;
    %flag_set/vec4 8;
    %jmp/0xz  T_52.14, 8;
    %pushi/vec4 8, 0, 32;
    %assign/vec4 v0x5716ed5ab1f0_0, 0;
    %pushi/vec4 1, 0, 1;
    %assign/vec4 v0x5716ed5ab470_0, 0;
T_52.14 ;
    %pushi/vec4 1, 0, 1;
    %assign/vec4 v0x5716ed5a2e80_0, 0;
    %load/vec4 v0x5716ed5ab470_0;
    %flag_set/vec4 9;
    %flag_get/vec4 9;
    %jmp/0 T_52.21, 9;
    %load/vec4 v0x5716ed5ab3d0_0;
    %nor/r;
    %and;
T_52.21;
    %flag_set/vec4 8;
    %jmp/0xz  T_52.19, 8;
    %load/vec4 v0x5716ed5ab470_0;
    %assign/vec4 v0x5716ed5ab470_0, 0;
T_52.19 ;
T_52.1 ;
    %jmp T_52;
    .thread T_52;
    .scope S_0x5716ed4c3ed0;
T_53 ;
    %wait E_0x5716ed297db0;
    %load/vec4 v0x5716ed59e450_0;
    %flag_set/vec4 8;
    %jmp/0xz  T_53.0, 8;
    %pushi/vec4 0, 0, 64;
    %assign/vec4 v0x5716ed5a30c0_0, 0;
    %pushi/vec4 0, 0, 1;
    %assign/vec4 v0x5716ed5a3340_0, 0;
    %pushi/vec4 0, 0, 8;
    %assign/vec4 v0x5716ed5a3260_0, 0;
    %pushi/vec4 0, 0, 1;
    %assign/vec4 v0x5716ed5a2f40_0, 0;
    %pushi/vec4 0, 0, 1;
    %assign/vec4 v0x5716ed5a3000_0, 0;
    %jmp T_53.1;
T_53.0 ;
    %load/vec4 v0x5716ed5a2f40_0;
    %flag_set/vec4 8;
    %jmp/0xz  T_53.2, 8;
    %pushi/vec4 0, 0, 1;
    %assign/vec4 v0x5716ed5a3340_0, 0;
T_53.2 ;
    %load/vec4 v0x5716ed5a3000_0;
    %flag_set/vec4 8;
    %jmp/0xz  T_53.4, 8;
    %pushi/vec4 0, 0, 1;
    %assign/vec4 v0x5716ed5a3340_0, 0;
T_53.4 ;
    %load/vec4 v0x5716ed5aee60_0;
    %cmpi/e 3, 0, 32;
    %flag_get/vec4 4;
    %jmp/0 T_53.8, 4;
    %load/vec4 v0x5716ed5a31a0_0;
    %flag_set/vec4 9;
    %flag_get/vec4 9;
    %jmp/1 T_53.9, 9;
    %load/vec4 v0x5716ed5a3340_0;
    %nor/r;
    %or;
T_53.9;
    %and;
T_53.8;
    %flag_set/vec4 8;
    %jmp/0xz  T_53.6, 8;
    %pushi/vec4 1024, 0, 64;
    %assign/vec4 v0x5716ed5a30c0_0, 0;
    %pushi/vec4 1, 0, 1;
    %assign/vec4 v0x5716ed5a3340_0, 0;
    %pushi/vec4 255, 0, 8;
    %assign/vec4 v0x5716ed5a3260_0, 0;
T_53.6 ;
    %pushi/vec4 1, 0, 1;
    %assign/vec4 v0x5716ed5a2f40_0, 0;
    %load/vec4 v0x5716ed5a3340_0;
    %flag_set/vec4 9;
    %flag_get/vec4 9;
    %jmp/0 T_53.12, 9;
    %load/vec4 v0x5716ed5a31a0_0;
    %nor/r;
    %and;
T_53.12;
    %flag_set/vec4 8;
    %jmp/0xz  T_53.10, 8;
    %load/vec4 v0x5716ed5a3340_0;
    %assign/vec4 v0x5716ed5a3340_0, 0;
T_53.10 ;
    %load/vec4 v0x5716ed5aee60_0;
    %cmpi/e 8, 0, 32;
    %flag_get/vec4 4;
    %jmp/0 T_53.15, 4;
    %load/vec4 v0x5716ed5a31a0_0;
    %flag_set/vec4 9;
    %flag_get/vec4 9;
    %jmp/1 T_53.16, 9;
    %load/vec4 v0x5716ed5a3340_0;
    %nor/r;
    %or;
T_53.16;
    %and;
T_53.15;
    %flag_set/vec4 8;
    %jmp/0xz  T_53.13, 8;
    %pushi/vec4 16, 0, 64;
    %assign/vec4 v0x5716ed5a30c0_0, 0;
    %pushi/vec4 1, 0, 1;
    %assign/vec4 v0x5716ed5a3340_0, 0;
    %pushi/vec4 255, 0, 8;
    %assign/vec4 v0x5716ed5a3260_0, 0;
T_53.13 ;
    %pushi/vec4 1, 0, 1;
    %assign/vec4 v0x5716ed5a3000_0, 0;
    %load/vec4 v0x5716ed5a3340_0;
    %flag_set/vec4 9;
    %flag_get/vec4 9;
    %jmp/0 T_53.19, 9;
    %load/vec4 v0x5716ed5a31a0_0;
    %nor/r;
    %and;
T_53.19;
    %flag_set/vec4 8;
    %jmp/0xz  T_53.17, 8;
    %load/vec4 v0x5716ed5a3340_0;
    %assign/vec4 v0x5716ed5a3340_0, 0;
T_53.17 ;
T_53.1 ;
    %jmp T_53;
    .thread T_53;
    .scope S_0x5716ed4c3ed0;
T_54 ;
    %wait E_0x5716ed297db0;
    %load/vec4 v0x5716ed59e450_0;
    %flag_set/vec4 8;
    %jmp/0xz  T_54.0, 8;
    %pushi/vec4 0, 0, 72;
    %assign/vec4 v0x5716ed5a5cb0_0, 0;
    %pushi/vec4 0, 0, 1;
    %assign/vec4 v0x5716ed5a6770_0, 0;
    %pushi/vec4 0, 0, 72;
    %assign/vec4 v0x5716ed5a65d0_0, 0;
    %pushi/vec4 0, 0, 1;
    %assign/vec4 v0x5716ed5a66b0_0, 0;
    %jmp T_54.1;
T_54.0 ;
    %load/vec4 v0x5716ed5a5d90_0;
    %flag_set/vec4 8;
    %jmp/1 T_54.4, 8;
    %load/vec4 v0x5716ed5a6770_0;
    %nor/r;
    %flag_set/vec4 9;
    %flag_or 8, 9;
T_54.4;
    %jmp/0xz  T_54.2, 8;
    %load/vec4 v0x5716ed5a6010_0;
    %assign/vec4 v0x5716ed5a5cb0_0, 0;
    %load/vec4 v0x5716ed5a60f0_0;
    %assign/vec4 v0x5716ed5a6770_0, 0;
T_54.2 ;
    %load/vec4 v0x5716ed5a66b0_0;
    %nor/r;
    %flag_set/vec4 10;
    %flag_get/vec4 10;
    %jmp/0 T_54.8, 10;
    %load/vec4 v0x5716ed5a6770_0;
    %and;
T_54.8;
    %flag_set/vec4 9;
    %flag_get/vec4 9;
    %jmp/0 T_54.7, 9;
    %load/vec4 v0x5716ed5a5d90_0;
    %nor/r;
    %and;
T_54.7;
    %flag_set/vec4 8;
    %jmp/0xz  T_54.5, 8;
    %load/vec4 v0x5716ed5a6270_0;
    %assign/vec4 v0x5716ed5a65d0_0, 0;
    %load/vec4 v0x5716ed5a6350_0;
    %assign/vec4 v0x5716ed5a66b0_0, 0;
T_54.5 ;
    %load/vec4 v0x5716ed5a66b0_0;
    %flag_set/vec4 9;
    %flag_get/vec4 9;
    %jmp/0 T_54.11, 9;
    %load/vec4 v0x5716ed5a5d90_0;
    %and;
T_54.11;
    %flag_set/vec4 8;
    %jmp/0xz  T_54.9, 8;
    %pushi/vec4 0, 0, 1;
    %assign/vec4 v0x5716ed5a66b0_0, 0;
T_54.9 ;
T_54.1 ;
    %jmp T_54;
    .thread T_54;
    .scope S_0x5716ed4c3ed0;
T_55 ;
    %wait E_0x5716ed297db0;
    %load/vec4 v0x5716ed59e450_0;
    %flag_set/vec4 8;
    %jmp/0xz  T_55.0, 8;
    %pushi/vec4 0, 0, 64;
    %assign/vec4 v0x5716ed5a53d0_0, 0;
    %pushi/vec4 0, 0, 1;
    %assign/vec4 v0x5716ed5a5bf0_0, 0;
    %pushi/vec4 0, 0, 64;
    %assign/vec4 v0x5716ed5a5a50_0, 0;
    %pushi/vec4 0, 0, 1;
    %assign/vec4 v0x5716ed5a5b30_0, 0;
    %jmp T_55.1;
T_55.0 ;
    %load/vec4 v0x5716ed5a5470_0;
    %flag_set/vec4 8;
    %jmp/1 T_55.4, 8;
    %load/vec4 v0x5716ed5a5bf0_0;
    %nor/r;
    %flag_set/vec4 9;
    %flag_or 8, 9;
T_55.4;
    %jmp/0xz  T_55.2, 8;
    %load/vec4 v0x5716ed5a55b0_0;
    %assign/vec4 v0x5716ed5a53d0_0, 0;
    %load/vec4 v0x5716ed5a5650_0;
    %assign/vec4 v0x5716ed5a5bf0_0, 0;
T_55.2 ;
    %load/vec4 v0x5716ed5a5b30_0;
    %nor/r;
    %flag_set/vec4 10;
    %flag_get/vec4 10;
    %jmp/0 T_55.8, 10;
    %load/vec4 v0x5716ed5a5bf0_0;
    %and;
T_55.8;
    %flag_set/vec4 9;
    %flag_get/vec4 9;
    %jmp/0 T_55.7, 9;
    %load/vec4 v0x5716ed5a5470_0;
    %nor/r;
    %and;
T_55.7;
    %flag_set/vec4 8;
    %jmp/0xz  T_55.5, 8;
    %load/vec4 v0x5716ed5a57d0_0;
    %assign/vec4 v0x5716ed5a5a50_0, 0;
    %load/vec4 v0x5716ed5a58b0_0;
    %assign/vec4 v0x5716ed5a5b30_0, 0;
T_55.5 ;
    %load/vec4 v0x5716ed5a5b30_0;
    %flag_set/vec4 9;
    %flag_get/vec4 9;
    %jmp/0 T_55.11, 9;
    %load/vec4 v0x5716ed5a5470_0;
    %and;
T_55.11;
    %flag_set/vec4 8;
    %jmp/0xz  T_55.9, 8;
    %pushi/vec4 0, 0, 1;
    %assign/vec4 v0x5716ed5a5b30_0, 0;
T_55.9 ;
T_55.1 ;
    %jmp T_55;
    .thread T_55;
    .scope S_0x5716ed4c3ed0;
T_56 ;
    %wait E_0x5716ed297db0;
    %load/vec4 v0x5716ed59e450_0;
    %flag_set/vec4 8;
    %jmp/0xz  T_56.0, 8;
    %pushi/vec4 0, 0, 3;
    %assign/vec4 v0x5716ed5a2a80_0, 0;
    %jmp T_56.1;
T_56.0 ;
    %load/vec4 v0x5716ed5ab470_0;
    %flag_set/vec4 11;
    %flag_get/vec4 11;
    %jmp/0 T_56.6, 11;
    %load/vec4 v0x5716ed5ab3d0_0;
    %and;
T_56.6;
    %flag_set/vec4 10;
    %flag_get/vec4 10;
    %jmp/0 T_56.5, 10;
    %load/vec4 v0x5716ed5ab690_0;
    %flag_set/vec4 10;
    %flag_get/vec4 10;
    %jmp/0 T_56.7, 10;
    %load/vec4 v0x5716ed5ab510_0;
    %and;
T_56.7;
    %nor/r;
    %and;
T_56.5;
    %flag_set/vec4 9;
    %flag_get/vec4 9;
    %jmp/0 T_56.4, 9;
    %load/vec4 v0x5716ed5a2a80_0;
    %pad/u 32;
    %cmpi/u 7, 0, 32;
    %flag_get/vec4 5;
    %and;
T_56.4;
    %flag_set/vec4 8;
    %jmp/0xz  T_56.2, 8;
    %load/vec4 v0x5716ed5a2a80_0;
    %addi 1, 0, 3;
    %assign/vec4 v0x5716ed5a2a80_0, 0;
T_56.2 ;
    %load/vec4 v0x5716ed5ab470_0;
    %flag_set/vec4 11;
    %flag_get/vec4 11;
    %jmp/0 T_56.12, 11;
    %load/vec4 v0x5716ed5ab3d0_0;
    %and;
T_56.12;
    %nor/r;
    %flag_set/vec4 10;
    %flag_get/vec4 10;
    %jmp/0 T_56.11, 10;
    %load/vec4 v0x5716ed5ab690_0;
    %flag_set/vec4 10;
    %flag_get/vec4 10;
    %jmp/0 T_56.13, 10;
    %load/vec4 v0x5716ed5ab510_0;
    %and;
T_56.13;
    %and;
T_56.11;
    %flag_set/vec4 9;
    %flag_get/vec4 9;
    %jmp/0 T_56.10, 9;
    %pushi/vec4 0, 0, 32;
    %load/vec4 v0x5716ed5a2a80_0;
    %pad/u 32;
    %cmp/u;
    %flag_get/vec4 5;
    %and;
T_56.10;
    %flag_set/vec4 8;
    %jmp/0xz  T_56.8, 8;
    %load/vec4 v0x5716ed5a2a80_0;
    %subi 1, 0, 3;
    %assign/vec4 v0x5716ed5a2a80_0, 0;
T_56.8 ;
T_56.1 ;
    %jmp T_56;
    .thread T_56;
    .scope S_0x5716ed4c3ed0;
T_57 ;
    %wait E_0x5716ed297db0;
    %load/vec4 v0x5716ed59e450_0;
    %flag_set/vec4 8;
    %jmp/0xz  T_57.0, 8;
    %pushi/vec4 0, 0, 33;
    %assign/vec4 v0x5716ed5a28e0_0, 0;
    %pushi/vec4 0, 0, 33;
    %assign/vec4 v0x5716ed5a6830_0, 0;
    %jmp T_57.1;
T_57.0 ;
    %load/vec4 v0x5716ed5a6830_0;
    %cmpi/e 15, 0, 33;
    %jmp/0xz  T_57.2, 4;
    %load/vec4 v0x5716ed5a28e0_0;
    %addi 1, 0, 33;
    %assign/vec4 v0x5716ed5a28e0_0, 0;
T_57.2 ;
    %load/vec4 v0x5716ed5a6830_0;
    %cmpi/e 15, 0, 33;
    %flag_get/vec4 4;
    %jmp/0 T_57.6, 4;
    %load/vec4 v0x5716ed5a28e0_0;
    %pushi/vec4 3, 0, 33;
    %cmp/e;
    %flag_get/vec4 4;
    %and;
T_57.6;
    %flag_set/vec4 8;
    %jmp/0xz  T_57.4, 8;
    %pushi/vec4 0, 0, 33;
    %assign/vec4 v0x5716ed5a28e0_0, 0;
T_57.4 ;
    %load/vec4 v0x5716ed5a6830_0;
    %cmpi/u 15, 0, 33;
    %jmp/0xz  T_57.7, 5;
    %load/vec4 v0x5716ed5a6830_0;
    %addi 1, 0, 33;
    %assign/vec4 v0x5716ed5a6830_0, 0;
T_57.7 ;
    %load/vec4 v0x5716ed5a28e0_0;
    %cmpi/e 3, 0, 33;
    %flag_get/vec4 4;
    %jmp/0 T_57.11, 4;
    %load/vec4 v0x5716ed5a6830_0;
    %pushi/vec4 15, 0, 33;
    %cmp/e;
    %flag_get/vec4 4;
    %and;
T_57.11;
    %flag_set/vec4 8;
    %jmp/0xz  T_57.9, 8;
    %pushi/vec4 0, 0, 33;
    %assign/vec4 v0x5716ed5a6830_0, 0;
T_57.9 ;
    %load/vec4 v0x5716ed5a43c0_0;
    %cmpi/e 1, 0, 32;
    %flag_get/vec4 4;
    %jmp/0 T_57.16, 4;
    %load/vec4 v0x5716ed5af380_0;
    %and;
T_57.16;
    %flag_set/vec4 10;
    %flag_get/vec4 10;
    %jmp/0 T_57.15, 10;
    %load/vec4 v0x5716ed5af2c0_0;
    %and;
T_57.15;
    %flag_set/vec4 9;
    %flag_get/vec4 9;
    %jmp/0 T_57.14, 9;
    %load/vec4 v0x5716ed5aeae0_0;
    %parti/s 1, 0, 2;
    %and;
T_57.14;
    %flag_set/vec4 8;
    %jmp/0xz  T_57.12, 8;
    %load/vec4 v0x5716ed5ae760_0;
    %parti/s 8, 0, 2;
    %load/vec4 v0x5716ed5a7d90_0;
    %addi 0, 0, 32;
    %ix/vec4 3;
    %ix/load 4, 0, 0; Constant delay
    %assign/vec4/a/d v0x5716ed5a3400, 0, 4;
T_57.12 ;
    %load/vec4 v0x5716ed5a43c0_0;
    %cmpi/e 1, 0, 32;
    %flag_get/vec4 4;
    %jmp/0 T_57.21, 4;
    %load/vec4 v0x5716ed5af380_0;
    %and;
T_57.21;
    %flag_set/vec4 10;
    %flag_get/vec4 10;
    %jmp/0 T_57.20, 10;
    %load/vec4 v0x5716ed5af2c0_0;
    %and;
T_57.20;
    %flag_set/vec4 9;
    %flag_get/vec4 9;
    %jmp/0 T_57.19, 9;
    %load/vec4 v0x5716ed5aeae0_0;
    %parti/s 1, 1, 2;
    %and;
T_57.19;
    %flag_set/vec4 8;
    %jmp/0xz  T_57.17, 8;
    %load/vec4 v0x5716ed5ae760_0;
    %parti/s 8, 8, 5;
    %load/vec4 v0x5716ed5a7d90_0;
    %addi 1, 0, 32;
    %ix/vec4 3;
    %ix/load 4, 0, 0; Constant delay
    %assign/vec4/a/d v0x5716ed5a3400, 0, 4;
T_57.17 ;
    %load/vec4 v0x5716ed5a43c0_0;
    %cmpi/e 1, 0, 32;
    %flag_get/vec4 4;
    %jmp/0 T_57.26, 4;
    %load/vec4 v0x5716ed5af380_0;
    %and;
T_57.26;
    %flag_set/vec4 10;
    %flag_get/vec4 10;
    %jmp/0 T_57.25, 10;
    %load/vec4 v0x5716ed5af2c0_0;
    %and;
T_57.25;
    %flag_set/vec4 9;
    %flag_get/vec4 9;
    %jmp/0 T_57.24, 9;
    %load/vec4 v0x5716ed5aeae0_0;
    %parti/s 1, 2, 3;
    %and;
T_57.24;
    %flag_set/vec4 8;
    %jmp/0xz  T_57.22, 8;
    %load/vec4 v0x5716ed5ae760_0;
    %parti/s 8, 16, 6;
    %load/vec4 v0x5716ed5a7d90_0;
    %addi 2, 0, 32;
    %ix/vec4 3;
    %ix/load 4, 0, 0; Constant delay
    %assign/vec4/a/d v0x5716ed5a3400, 0, 4;
T_57.22 ;
    %load/vec4 v0x5716ed5a43c0_0;
    %cmpi/e 1, 0, 32;
    %flag_get/vec4 4;
    %jmp/0 T_57.31, 4;
    %load/vec4 v0x5716ed5af380_0;
    %and;
T_57.31;
    %flag_set/vec4 10;
    %flag_get/vec4 10;
    %jmp/0 T_57.30, 10;
    %load/vec4 v0x5716ed5af2c0_0;
    %and;
T_57.30;
    %flag_set/vec4 9;
    %flag_get/vec4 9;
    %jmp/0 T_57.29, 9;
    %load/vec4 v0x5716ed5aeae0_0;
    %parti/s 1, 3, 3;
    %and;
T_57.29;
    %flag_set/vec4 8;
    %jmp/0xz  T_57.27, 8;
    %load/vec4 v0x5716ed5ae760_0;
    %parti/s 8, 24, 6;
    %load/vec4 v0x5716ed5a7d90_0;
    %addi 3, 0, 32;
    %ix/vec4 3;
    %ix/load 4, 0, 0; Constant delay
    %assign/vec4/a/d v0x5716ed5a3400, 0, 4;
T_57.27 ;
    %load/vec4 v0x5716ed5a43c0_0;
    %cmpi/e 1, 0, 32;
    %flag_get/vec4 4;
    %jmp/0 T_57.36, 4;
    %load/vec4 v0x5716ed5af380_0;
    %and;
T_57.36;
    %flag_set/vec4 10;
    %flag_get/vec4 10;
    %jmp/0 T_57.35, 10;
    %load/vec4 v0x5716ed5af2c0_0;
    %and;
T_57.35;
    %flag_set/vec4 9;
    %flag_get/vec4 9;
    %jmp/0 T_57.34, 9;
    %load/vec4 v0x5716ed5aeae0_0;
    %parti/s 1, 4, 4;
    %and;
T_57.34;
    %flag_set/vec4 8;
    %jmp/0xz  T_57.32, 8;
    %load/vec4 v0x5716ed5ae760_0;
    %parti/s 8, 32, 7;
    %load/vec4 v0x5716ed5a7d90_0;
    %addi 4, 0, 32;
    %ix/vec4 3;
    %ix/load 4, 0, 0; Constant delay
    %assign/vec4/a/d v0x5716ed5a3400, 0, 4;
T_57.32 ;
    %load/vec4 v0x5716ed5a43c0_0;
    %cmpi/e 1, 0, 32;
    %flag_get/vec4 4;
    %jmp/0 T_57.41, 4;
    %load/vec4 v0x5716ed5af380_0;
    %and;
T_57.41;
    %flag_set/vec4 10;
    %flag_get/vec4 10;
    %jmp/0 T_57.40, 10;
    %load/vec4 v0x5716ed5af2c0_0;
    %and;
T_57.40;
    %flag_set/vec4 9;
    %flag_get/vec4 9;
    %jmp/0 T_57.39, 9;
    %load/vec4 v0x5716ed5aeae0_0;
    %parti/s 1, 5, 4;
    %and;
T_57.39;
    %flag_set/vec4 8;
    %jmp/0xz  T_57.37, 8;
    %load/vec4 v0x5716ed5ae760_0;
    %parti/s 8, 40, 7;
    %load/vec4 v0x5716ed5a7d90_0;
    %addi 5, 0, 32;
    %ix/vec4 3;
    %ix/load 4, 0, 0; Constant delay
    %assign/vec4/a/d v0x5716ed5a3400, 0, 4;
T_57.37 ;
    %load/vec4 v0x5716ed5a43c0_0;
    %cmpi/e 1, 0, 32;
    %flag_get/vec4 4;
    %jmp/0 T_57.46, 4;
    %load/vec4 v0x5716ed5af380_0;
    %and;
T_57.46;
    %flag_set/vec4 10;
    %flag_get/vec4 10;
    %jmp/0 T_57.45, 10;
    %load/vec4 v0x5716ed5af2c0_0;
    %and;
T_57.45;
    %flag_set/vec4 9;
    %flag_get/vec4 9;
    %jmp/0 T_57.44, 9;
    %load/vec4 v0x5716ed5aeae0_0;
    %parti/s 1, 6, 4;
    %and;
T_57.44;
    %flag_set/vec4 8;
    %jmp/0xz  T_57.42, 8;
    %load/vec4 v0x5716ed5ae760_0;
    %parti/s 8, 48, 7;
    %load/vec4 v0x5716ed5a7d90_0;
    %addi 6, 0, 32;
    %ix/vec4 3;
    %ix/load 4, 0, 0; Constant delay
    %assign/vec4/a/d v0x5716ed5a3400, 0, 4;
T_57.42 ;
    %load/vec4 v0x5716ed5a43c0_0;
    %cmpi/e 1, 0, 32;
    %flag_get/vec4 4;
    %jmp/0 T_57.51, 4;
    %load/vec4 v0x5716ed5af380_0;
    %and;
T_57.51;
    %flag_set/vec4 10;
    %flag_get/vec4 10;
    %jmp/0 T_57.50, 10;
    %load/vec4 v0x5716ed5af2c0_0;
    %and;
T_57.50;
    %flag_set/vec4 9;
    %flag_get/vec4 9;
    %jmp/0 T_57.49, 9;
    %load/vec4 v0x5716ed5aeae0_0;
    %parti/s 1, 7, 4;
    %and;
T_57.49;
    %flag_set/vec4 8;
    %jmp/0xz  T_57.47, 8;
    %load/vec4 v0x5716ed5ae760_0;
    %parti/s 8, 56, 7;
    %load/vec4 v0x5716ed5a7d90_0;
    %addi 7, 0, 32;
    %ix/vec4 3;
    %ix/load 4, 0, 0; Constant delay
    %assign/vec4/a/d v0x5716ed5a3400, 0, 4;
T_57.47 ;
    %load/vec4 v0x5716ed5a43c0_0;
    %cmpi/e 1, 0, 32;
    %flag_get/vec4 4;
    %jmp/0 T_57.56, 4;
    %load/vec4 v0x5716ed5af380_0;
    %and;
T_57.56;
    %flag_set/vec4 10;
    %flag_get/vec4 10;
    %jmp/0 T_57.55, 10;
    %load/vec4 v0x5716ed5af2c0_0;
    %and;
T_57.55;
    %flag_set/vec4 9;
    %flag_get/vec4 9;
    %jmp/0 T_57.54, 9;
    %load/vec4 v0x5716ed5aeae0_0;
    %parti/s 1, 8, 5;
    %and;
T_57.54;
    %flag_set/vec4 8;
    %jmp/0xz  T_57.52, 8;
    %load/vec4 v0x5716ed5ae760_0;
    %parti/s 8, 64, 8;
    %load/vec4 v0x5716ed5a7d90_0;
    %addi 8, 0, 32;
    %ix/vec4 3;
    %ix/load 4, 0, 0; Constant delay
    %assign/vec4/a/d v0x5716ed5a3400, 0, 4;
T_57.52 ;
    %load/vec4 v0x5716ed5a43c0_0;
    %cmpi/e 1, 0, 32;
    %flag_get/vec4 4;
    %jmp/0 T_57.61, 4;
    %load/vec4 v0x5716ed5af380_0;
    %and;
T_57.61;
    %flag_set/vec4 10;
    %flag_get/vec4 10;
    %jmp/0 T_57.60, 10;
    %load/vec4 v0x5716ed5af2c0_0;
    %and;
T_57.60;
    %flag_set/vec4 9;
    %flag_get/vec4 9;
    %jmp/0 T_57.59, 9;
    %load/vec4 v0x5716ed5aeae0_0;
    %parti/s 1, 9, 5;
    %and;
T_57.59;
    %flag_set/vec4 8;
    %jmp/0xz  T_57.57, 8;
    %load/vec4 v0x5716ed5ae760_0;
    %parti/s 8, 72, 8;
    %load/vec4 v0x5716ed5a7d90_0;
    %addi 9, 0, 32;
    %ix/vec4 3;
    %ix/load 4, 0, 0; Constant delay
    %assign/vec4/a/d v0x5716ed5a3400, 0, 4;
T_57.57 ;
    %load/vec4 v0x5716ed5a43c0_0;
    %cmpi/e 1, 0, 32;
    %flag_get/vec4 4;
    %jmp/0 T_57.66, 4;
    %load/vec4 v0x5716ed5af380_0;
    %and;
T_57.66;
    %flag_set/vec4 10;
    %flag_get/vec4 10;
    %jmp/0 T_57.65, 10;
    %load/vec4 v0x5716ed5af2c0_0;
    %and;
T_57.65;
    %flag_set/vec4 9;
    %flag_get/vec4 9;
    %jmp/0 T_57.64, 9;
    %load/vec4 v0x5716ed5aeae0_0;
    %parti/s 1, 10, 5;
    %and;
T_57.64;
    %flag_set/vec4 8;
    %jmp/0xz  T_57.62, 8;
    %load/vec4 v0x5716ed5ae760_0;
    %parti/s 8, 80, 8;
    %load/vec4 v0x5716ed5a7d90_0;
    %addi 10, 0, 32;
    %ix/vec4 3;
    %ix/load 4, 0, 0; Constant delay
    %assign/vec4/a/d v0x5716ed5a3400, 0, 4;
T_57.62 ;
    %load/vec4 v0x5716ed5a43c0_0;
    %cmpi/e 1, 0, 32;
    %flag_get/vec4 4;
    %jmp/0 T_57.71, 4;
    %load/vec4 v0x5716ed5af380_0;
    %and;
T_57.71;
    %flag_set/vec4 10;
    %flag_get/vec4 10;
    %jmp/0 T_57.70, 10;
    %load/vec4 v0x5716ed5af2c0_0;
    %and;
T_57.70;
    %flag_set/vec4 9;
    %flag_get/vec4 9;
    %jmp/0 T_57.69, 9;
    %load/vec4 v0x5716ed5aeae0_0;
    %parti/s 1, 11, 5;
    %and;
T_57.69;
    %flag_set/vec4 8;
    %jmp/0xz  T_57.67, 8;
    %load/vec4 v0x5716ed5ae760_0;
    %parti/s 8, 88, 8;
    %load/vec4 v0x5716ed5a7d90_0;
    %addi 11, 0, 32;
    %ix/vec4 3;
    %ix/load 4, 0, 0; Constant delay
    %assign/vec4/a/d v0x5716ed5a3400, 0, 4;
T_57.67 ;
    %load/vec4 v0x5716ed5a43c0_0;
    %cmpi/e 1, 0, 32;
    %flag_get/vec4 4;
    %jmp/0 T_57.76, 4;
    %load/vec4 v0x5716ed5af380_0;
    %and;
T_57.76;
    %flag_set/vec4 10;
    %flag_get/vec4 10;
    %jmp/0 T_57.75, 10;
    %load/vec4 v0x5716ed5af2c0_0;
    %and;
T_57.75;
    %flag_set/vec4 9;
    %flag_get/vec4 9;
    %jmp/0 T_57.74, 9;
    %load/vec4 v0x5716ed5aeae0_0;
    %parti/s 1, 12, 5;
    %and;
T_57.74;
    %flag_set/vec4 8;
    %jmp/0xz  T_57.72, 8;
    %load/vec4 v0x5716ed5ae760_0;
    %parti/s 8, 96, 8;
    %load/vec4 v0x5716ed5a7d90_0;
    %addi 12, 0, 32;
    %ix/vec4 3;
    %ix/load 4, 0, 0; Constant delay
    %assign/vec4/a/d v0x5716ed5a3400, 0, 4;
T_57.72 ;
    %load/vec4 v0x5716ed5a43c0_0;
    %cmpi/e 1, 0, 32;
    %flag_get/vec4 4;
    %jmp/0 T_57.81, 4;
    %load/vec4 v0x5716ed5af380_0;
    %and;
T_57.81;
    %flag_set/vec4 10;
    %flag_get/vec4 10;
    %jmp/0 T_57.80, 10;
    %load/vec4 v0x5716ed5af2c0_0;
    %and;
T_57.80;
    %flag_set/vec4 9;
    %flag_get/vec4 9;
    %jmp/0 T_57.79, 9;
    %load/vec4 v0x5716ed5aeae0_0;
    %parti/s 1, 13, 5;
    %and;
T_57.79;
    %flag_set/vec4 8;
    %jmp/0xz  T_57.77, 8;
    %load/vec4 v0x5716ed5ae760_0;
    %parti/s 8, 104, 8;
    %load/vec4 v0x5716ed5a7d90_0;
    %addi 13, 0, 32;
    %ix/vec4 3;
    %ix/load 4, 0, 0; Constant delay
    %assign/vec4/a/d v0x5716ed5a3400, 0, 4;
T_57.77 ;
    %load/vec4 v0x5716ed5a43c0_0;
    %cmpi/e 1, 0, 32;
    %flag_get/vec4 4;
    %jmp/0 T_57.86, 4;
    %load/vec4 v0x5716ed5af380_0;
    %and;
T_57.86;
    %flag_set/vec4 10;
    %flag_get/vec4 10;
    %jmp/0 T_57.85, 10;
    %load/vec4 v0x5716ed5af2c0_0;
    %and;
T_57.85;
    %flag_set/vec4 9;
    %flag_get/vec4 9;
    %jmp/0 T_57.84, 9;
    %load/vec4 v0x5716ed5aeae0_0;
    %parti/s 1, 14, 5;
    %and;
T_57.84;
    %flag_set/vec4 8;
    %jmp/0xz  T_57.82, 8;
    %load/vec4 v0x5716ed5ae760_0;
    %parti/s 8, 112, 8;
    %load/vec4 v0x5716ed5a7d90_0;
    %addi 14, 0, 32;
    %ix/vec4 3;
    %ix/load 4, 0, 0; Constant delay
    %assign/vec4/a/d v0x5716ed5a3400, 0, 4;
T_57.82 ;
    %load/vec4 v0x5716ed5a43c0_0;
    %cmpi/e 1, 0, 32;
    %flag_get/vec4 4;
    %jmp/0 T_57.91, 4;
    %load/vec4 v0x5716ed5af380_0;
    %and;
T_57.91;
    %flag_set/vec4 10;
    %flag_get/vec4 10;
    %jmp/0 T_57.90, 10;
    %load/vec4 v0x5716ed5af2c0_0;
    %and;
T_57.90;
    %flag_set/vec4 9;
    %flag_get/vec4 9;
    %jmp/0 T_57.89, 9;
    %load/vec4 v0x5716ed5aeae0_0;
    %parti/s 1, 15, 5;
    %and;
T_57.89;
    %flag_set/vec4 8;
    %jmp/0xz  T_57.87, 8;
    %load/vec4 v0x5716ed5ae760_0;
    %parti/s 8, 120, 8;
    %load/vec4 v0x5716ed5a7d90_0;
    %addi 15, 0, 32;
    %ix/vec4 3;
    %ix/load 4, 0, 0; Constant delay
    %assign/vec4/a/d v0x5716ed5a3400, 0, 4;
T_57.87 ;
T_57.1 ;
    %jmp T_57;
    .thread T_57;
    .scope S_0x5716ed4c3ed0;
T_58 ;
    %wait E_0x5716ed297db0;
    %load/vec4 v0x5716ed59e450_0;
    %flag_set/vec4 8;
    %jmp/0xz  T_58.0, 8;
    %pushi/vec4 0, 0, 32;
    %assign/vec4 v0x5716ed5a3cd0_0, 0;
    %pushi/vec4 0, 0, 1;
    %assign/vec4 v0x5716ed5ad560_0, 0;
    %jmp T_58.1;
T_58.0 ;
    %load/vec4 v0x5716ed5a3cd0_0;
    %dup/vec4;
    %pushi/vec4 0, 0, 32;
    %cmp/u;
    %jmp/1 T_58.2, 6;
    %dup/vec4;
    %pushi/vec4 1, 0, 32;
    %cmp/u;
    %jmp/1 T_58.3, 6;
    %dup/vec4;
    %pushi/vec4 2, 0, 32;
    %cmp/u;
    %jmp/1 T_58.4, 6;
    %dup/vec4;
    %pushi/vec4 3, 0, 32;
    %cmp/u;
    %jmp/1 T_58.5, 6;
    %dup/vec4;
    %pushi/vec4 4, 0, 32;
    %cmp/u;
    %jmp/1 T_58.6, 6;
    %dup/vec4;
    %pushi/vec4 5, 0, 32;
    %cmp/u;
    %jmp/1 T_58.7, 6;
    %dup/vec4;
    %pushi/vec4 6, 0, 32;
    %cmp/u;
    %jmp/1 T_58.8, 6;
    %dup/vec4;
    %pushi/vec4 7, 0, 32;
    %cmp/u;
    %jmp/1 T_58.9, 6;
    %dup/vec4;
    %pushi/vec4 8, 0, 32;
    %cmp/u;
    %jmp/1 T_58.10, 6;
    %dup/vec4;
    %pushi/vec4 9, 0, 32;
    %cmp/u;
    %jmp/1 T_58.11, 6;
    %dup/vec4;
    %pushi/vec4 10, 0, 32;
    %cmp/u;
    %jmp/1 T_58.12, 6;
    %dup/vec4;
    %pushi/vec4 11, 0, 32;
    %cmp/u;
    %jmp/1 T_58.13, 6;
    %jmp T_58.14;
T_58.2 ;
    %pushi/vec4 0, 0, 1;
    %assign/vec4 v0x5716ed5ad560_0, 0;
    %load/vec4 v0x5716ed5ad7e0_0;
    %flag_set/vec4 8;
    %jmp/0xz  T_58.15, 8;
    %pushi/vec4 1, 0, 32;
    %assign/vec4 v0x5716ed5a3cd0_0, 0;
T_58.15 ;
    %jmp T_58.14;
T_58.3 ;
    %pushi/vec4 2, 0, 32;
    %assign/vec4 v0x5716ed5a3cd0_0, 0;
    %jmp T_58.14;
T_58.4 ;
    %pushi/vec4 3, 0, 32;
    %assign/vec4 v0x5716ed5a3cd0_0, 0;
    %jmp T_58.14;
T_58.5 ;
    %pushi/vec4 4, 0, 32;
    %assign/vec4 v0x5716ed5a3cd0_0, 0;
    %jmp T_58.14;
T_58.6 ;
    %pushi/vec4 5, 0, 32;
    %assign/vec4 v0x5716ed5a3cd0_0, 0;
    %jmp T_58.14;
T_58.7 ;
    %pushi/vec4 6, 0, 32;
    %assign/vec4 v0x5716ed5a3cd0_0, 0;
    %jmp T_58.14;
T_58.8 ;
    %pushi/vec4 7, 0, 32;
    %assign/vec4 v0x5716ed5a3cd0_0, 0;
    %jmp T_58.14;
T_58.9 ;
    %pushi/vec4 8, 0, 32;
    %assign/vec4 v0x5716ed5a3cd0_0, 0;
    %jmp T_58.14;
T_58.10 ;
    %pushi/vec4 9, 0, 32;
    %assign/vec4 v0x5716ed5a3cd0_0, 0;
    %jmp T_58.14;
T_58.11 ;
    %pushi/vec4 10, 0, 32;
    %assign/vec4 v0x5716ed5a3cd0_0, 0;
    %jmp T_58.14;
T_58.12 ;
    %pushi/vec4 11, 0, 32;
    %assign/vec4 v0x5716ed5a3cd0_0, 0;
    %jmp T_58.14;
T_58.13 ;
    %load/vec4 v0x5716ed5a4530_0;
    %nor/r;
    %flag_set/vec4 8;
    %jmp/0xz  T_58.17, 8;
    %pushi/vec4 1, 0, 1;
    %assign/vec4 v0x5716ed5ad560_0, 0;
T_58.17 ;
    %load/vec4 v0x5716ed5ad7e0_0;
    %flag_set/vec4 9;
    %flag_get/vec4 9;
    %jmp/0 T_58.21, 9;
    %load/vec4 v0x5716ed5ad560_0;
    %and;
T_58.21;
    %flag_set/vec4 8;
    %jmp/0xz  T_58.19, 8;
    %pushi/vec4 0, 0, 1;
    %assign/vec4 v0x5716ed5ad560_0, 0;
T_58.19 ;
    %load/vec4 v0x5716ed5ad7e0_0;
    %nor/r;
    %flag_set/vec4 8;
    %jmp/0xz  T_58.22, 8;
    %pushi/vec4 0, 0, 32;
    %assign/vec4 v0x5716ed5a3cd0_0, 0;
T_58.22 ;
    %load/vec4 v0x5716ed5ad7e0_0;
    %flag_set/vec4 9;
    %flag_get/vec4 9;
    %jmp/0 T_58.26, 9;
    %load/vec4 v0x5716ed5ad560_0;
    %and;
T_58.26;
    %flag_set/vec4 8;
    %jmp/0xz  T_58.24, 8;
    %pushi/vec4 0, 0, 32;
    %assign/vec4 v0x5716ed5a3cd0_0, 0;
T_58.24 ;
    %jmp T_58.14;
T_58.14 ;
    %pop/vec4 1;
T_58.1 ;
    %jmp T_58;
    .thread T_58;
    .scope S_0x5716ed4c3ed0;
T_59 ;
    %wait E_0x5716ed297db0;
    %load/vec4 v0x5716ed59e450_0;
    %flag_set/vec4 8;
    %jmp/0xz  T_59.0, 8;
    %pushi/vec4 0, 0, 32;
    %assign/vec4 v0x5716ed5a43c0_0, 0;
    %pushi/vec4 0, 0, 1;
    %assign/vec4 v0x5716ed5ada40_0, 0;
    %pushi/vec4 0, 0, 32;
    %assign/vec4 v0x5716ed5a7d90_0, 0;
    %pushi/vec4 0, 0, 33;
    %assign/vec4 v0x5716ed5a7e70_0, 0;
    %jmp T_59.1;
T_59.0 ;
    %load/vec4 v0x5716ed5a43c0_0;
    %dup/vec4;
    %pushi/vec4 0, 0, 32;
    %cmp/u;
    %jmp/1 T_59.2, 6;
    %dup/vec4;
    %pushi/vec4 1, 0, 32;
    %cmp/u;
    %jmp/1 T_59.3, 6;
    %jmp T_59.4;
T_59.2 ;
    %pushi/vec4 0, 0, 1;
    %assign/vec4 v0x5716ed5ada40_0, 0;
    %load/vec4 v0x5716ed5a46a0_0;
    %nor/r;
    %flag_set/vec4 8;
    %jmp/0xz  T_59.5, 8;
    %load/vec4 v0x5716ed5af100_0;
    %assign/vec4 v0x5716ed5a7d90_0, 0;
    %load/vec4 v0x5716ed5af1e0_0;
    %pad/u 33;
    %assign/vec4 v0x5716ed5a7e70_0, 0;
T_59.5 ;
    %load/vec4 v0x5716ed5a46a0_0;
    %nor/r;
    %flag_set/vec4 8;
    %jmp/0xz  T_59.7, 8;
    %pushi/vec4 1, 0, 32;
    %assign/vec4 v0x5716ed5a43c0_0, 0;
T_59.7 ;
    %jmp T_59.4;
T_59.3 ;
    %load/vec4 v0x5716ed5af380_0;
    %flag_set/vec4 9;
    %flag_get/vec4 9;
    %jmp/0 T_59.11, 9;
    %load/vec4 v0x5716ed5af2c0_0;
    %and;
T_59.11;
    %flag_set/vec4 8;
    %jmp/0xz  T_59.9, 8;
    %load/vec4 v0x5716ed5a7d90_0;
    %addi 16, 0, 32;
    %assign/vec4 v0x5716ed5a7d90_0, 0;
    %load/vec4 v0x5716ed5a7e70_0;
    %subi 1, 0, 33;
    %assign/vec4 v0x5716ed5a7e70_0, 0;
T_59.9 ;
    %load/vec4 v0x5716ed5af380_0;
    %flag_set/vec4 10;
    %flag_get/vec4 10;
    %jmp/0 T_59.15, 10;
    %load/vec4 v0x5716ed5af2c0_0;
    %and;
T_59.15;
    %flag_set/vec4 9;
    %flag_get/vec4 9;
    %jmp/0 T_59.14, 9;
    %load/vec4 v0x5716ed5a7e70_0;
    %pushi/vec4 1, 0, 33;
    %cmp/e;
    %flag_get/vec4 4;
    %and;
T_59.14;
    %flag_set/vec4 8;
    %jmp/0xz  T_59.12, 8;
    %pushi/vec4 1, 0, 1;
    %assign/vec4 v0x5716ed5ada40_0, 0;
T_59.12 ;
    %load/vec4 v0x5716ed5af380_0;
    %flag_set/vec4 10;
    %flag_get/vec4 10;
    %jmp/0 T_59.19, 10;
    %load/vec4 v0x5716ed5af2c0_0;
    %and;
T_59.19;
    %flag_set/vec4 9;
    %flag_get/vec4 9;
    %jmp/0 T_59.18, 9;
    %load/vec4 v0x5716ed5ae920_0;
    %and;
T_59.18;
    %flag_set/vec4 8;
    %jmp/0xz  T_59.16, 8;
    %pushi/vec4 1, 0, 1;
    %assign/vec4 v0x5716ed5ada40_0, 0;
T_59.16 ;
    %load/vec4 v0x5716ed5af380_0;
    %flag_set/vec4 10;
    %flag_get/vec4 10;
    %jmp/0 T_59.23, 10;
    %load/vec4 v0x5716ed5af2c0_0;
    %and;
T_59.23;
    %flag_set/vec4 9;
    %flag_get/vec4 9;
    %jmp/0 T_59.22, 9;
    %load/vec4 v0x5716ed5a7e70_0;
    %pushi/vec4 1, 0, 33;
    %cmp/e;
    %flag_get/vec4 4;
    %and;
T_59.22;
    %flag_set/vec4 8;
    %jmp/0xz  T_59.20, 8;
    %pushi/vec4 0, 0, 32;
    %assign/vec4 v0x5716ed5a43c0_0, 0;
T_59.20 ;
    %load/vec4 v0x5716ed5af380_0;
    %flag_set/vec4 10;
    %flag_get/vec4 10;
    %jmp/0 T_59.27, 10;
    %load/vec4 v0x5716ed5af2c0_0;
    %and;
T_59.27;
    %flag_set/vec4 9;
    %flag_get/vec4 9;
    %jmp/0 T_59.26, 9;
    %load/vec4 v0x5716ed5ae920_0;
    %and;
T_59.26;
    %flag_set/vec4 8;
    %jmp/0xz  T_59.24, 8;
    %pushi/vec4 0, 0, 32;
    %assign/vec4 v0x5716ed5a43c0_0, 0;
T_59.24 ;
    %jmp T_59.4;
T_59.4 ;
    %pop/vec4 1;
T_59.1 ;
    %jmp T_59;
    .thread T_59;
    .scope S_0x5716ed4c3ed0;
T_60 ;
    %wait E_0x5716ed297db0;
    %load/vec4 v0x5716ed59e450_0;
    %flag_set/vec4 8;
    %jmp/0xz  T_60.0, 8;
    %pushi/vec4 0, 0, 32;
    %assign/vec4 v0x5716ed5a34c0_0, 0;
    %pushi/vec4 0, 0, 1;
    %assign/vec4 v0x5716ed5acc00_0, 0;
    %jmp T_60.1;
T_60.0 ;
    %load/vec4 v0x5716ed5a34c0_0;
    %dup/vec4;
    %pushi/vec4 0, 0, 32;
    %cmp/u;
    %jmp/1 T_60.2, 6;
    %dup/vec4;
    %pushi/vec4 1, 0, 32;
    %cmp/u;
    %jmp/1 T_60.3, 6;
    %jmp T_60.4;
T_60.2 ;
    %pushi/vec4 0, 0, 1;
    %assign/vec4 v0x5716ed5acc00_0, 0;
    %load/vec4 v0x5716ed5ace80_0;
    %flag_set/vec4 8;
    %jmp/0xz  T_60.5, 8;
    %pushi/vec4 1, 0, 32;
    %assign/vec4 v0x5716ed5a34c0_0, 0;
T_60.5 ;
    %jmp T_60.4;
T_60.3 ;
    %load/vec4 v0x5716ed5a3720_0;
    %nor/r;
    %flag_set/vec4 8;
    %jmp/0xz  T_60.7, 8;
    %pushi/vec4 1, 0, 1;
    %assign/vec4 v0x5716ed5acc00_0, 0;
T_60.7 ;
    %load/vec4 v0x5716ed5ace80_0;
    %flag_set/vec4 9;
    %flag_get/vec4 9;
    %jmp/0 T_60.11, 9;
    %load/vec4 v0x5716ed5acc00_0;
    %and;
T_60.11;
    %flag_set/vec4 8;
    %jmp/0xz  T_60.9, 8;
    %pushi/vec4 0, 0, 1;
    %assign/vec4 v0x5716ed5acc00_0, 0;
T_60.9 ;
    %load/vec4 v0x5716ed5ace80_0;
    %nor/r;
    %flag_set/vec4 8;
    %jmp/0xz  T_60.12, 8;
    %pushi/vec4 0, 0, 32;
    %assign/vec4 v0x5716ed5a34c0_0, 0;
T_60.12 ;
    %load/vec4 v0x5716ed5ace80_0;
    %flag_set/vec4 9;
    %flag_get/vec4 9;
    %jmp/0 T_60.16, 9;
    %load/vec4 v0x5716ed5acc00_0;
    %and;
T_60.16;
    %flag_set/vec4 8;
    %jmp/0xz  T_60.14, 8;
    %pushi/vec4 0, 0, 32;
    %assign/vec4 v0x5716ed5a34c0_0, 0;
T_60.14 ;
    %jmp T_60.4;
T_60.4 ;
    %pop/vec4 1;
T_60.1 ;
    %jmp T_60;
    .thread T_60;
    .scope S_0x5716ed4c3ed0;
T_61 ;
    %wait E_0x5716ed297db0;
    %load/vec4 v0x5716ed59e450_0;
    %flag_set/vec4 8;
    %jmp/0xz  T_61.0, 8;
    %pushi/vec4 0, 0, 32;
    %assign/vec4 v0x5716ed5a35a0_0, 0;
    %pushi/vec4 0, 0, 32;
    %assign/vec4 v0x5716ed59e830_0, 0;
    %pushi/vec4 0, 0, 32;
    %assign/vec4 v0x5716ed5a4a80_0, 0;
    %pushi/vec4 0, 0, 33;
    %assign/vec4 v0x5716ed5a5330_0, 0;
    %pushi/vec4 0, 0, 8;
    %ix/load 4, 0, 0;
    %ix/load 5, 0, 0;
    %flag_set/imm 4, 0;
    %assign/vec4/off/d v0x5716ed5adb00_0, 4, 5;
    %pushi/vec4 0, 0, 8;
    %ix/load 4, 8, 0;
    %ix/load 5, 0, 0;
    %flag_set/imm 4, 0;
    %assign/vec4/off/d v0x5716ed5adb00_0, 4, 5;
    %pushi/vec4 0, 0, 8;
    %ix/load 4, 16, 0;
    %ix/load 5, 0, 0;
    %flag_set/imm 4, 0;
    %assign/vec4/off/d v0x5716ed5adb00_0, 4, 5;
    %pushi/vec4 0, 0, 8;
    %ix/load 4, 24, 0;
    %ix/load 5, 0, 0;
    %flag_set/imm 4, 0;
    %assign/vec4/off/d v0x5716ed5adb00_0, 4, 5;
    %pushi/vec4 0, 0, 8;
    %ix/load 4, 32, 0;
    %ix/load 5, 0, 0;
    %flag_set/imm 4, 0;
    %assign/vec4/off/d v0x5716ed5adb00_0, 4, 5;
    %pushi/vec4 0, 0, 8;
    %ix/load 4, 40, 0;
    %ix/load 5, 0, 0;
    %flag_set/imm 4, 0;
    %assign/vec4/off/d v0x5716ed5adb00_0, 4, 5;
    %pushi/vec4 0, 0, 8;
    %ix/load 4, 48, 0;
    %ix/load 5, 0, 0;
    %flag_set/imm 4, 0;
    %assign/vec4/off/d v0x5716ed5adb00_0, 4, 5;
    %pushi/vec4 0, 0, 8;
    %ix/load 4, 56, 0;
    %ix/load 5, 0, 0;
    %flag_set/imm 4, 0;
    %assign/vec4/off/d v0x5716ed5adb00_0, 4, 5;
    %pushi/vec4 0, 0, 8;
    %ix/load 4, 64, 0;
    %ix/load 5, 0, 0;
    %flag_set/imm 4, 0;
    %assign/vec4/off/d v0x5716ed5adb00_0, 4, 5;
    %pushi/vec4 0, 0, 8;
    %ix/load 4, 72, 0;
    %ix/load 5, 0, 0;
    %flag_set/imm 4, 0;
    %assign/vec4/off/d v0x5716ed5adb00_0, 4, 5;
    %pushi/vec4 0, 0, 8;
    %ix/load 4, 80, 0;
    %ix/load 5, 0, 0;
    %flag_set/imm 4, 0;
    %assign/vec4/off/d v0x5716ed5adb00_0, 4, 5;
    %pushi/vec4 0, 0, 8;
    %ix/load 4, 88, 0;
    %ix/load 5, 0, 0;
    %flag_set/imm 4, 0;
    %assign/vec4/off/d v0x5716ed5adb00_0, 4, 5;
    %pushi/vec4 0, 0, 8;
    %ix/load 4, 96, 0;
    %ix/load 5, 0, 0;
    %flag_set/imm 4, 0;
    %assign/vec4/off/d v0x5716ed5adb00_0, 4, 5;
    %pushi/vec4 0, 0, 8;
    %ix/load 4, 104, 0;
    %ix/load 5, 0, 0;
    %flag_set/imm 4, 0;
    %assign/vec4/off/d v0x5716ed5adb00_0, 4, 5;
    %pushi/vec4 0, 0, 8;
    %ix/load 4, 112, 0;
    %ix/load 5, 0, 0;
    %flag_set/imm 4, 0;
    %assign/vec4/off/d v0x5716ed5adb00_0, 4, 5;
    %pushi/vec4 0, 0, 8;
    %ix/load 4, 120, 0;
    %ix/load 5, 0, 0;
    %flag_set/imm 4, 0;
    %assign/vec4/off/d v0x5716ed5adb00_0, 4, 5;
    %pushi/vec4 0, 0, 1;
    %assign/vec4 v0x5716ed5ade40_0, 0;
    %pushi/vec4 0, 0, 1;
    %assign/vec4 v0x5716ed5adbe0_0, 0;
    %pushi/vec4 0, 0, 1;
    %assign/vec4 v0x5716ed59e510_0, 0;
    %pushi/vec4 0, 0, 128;
    %assign/vec4 v0x5716ed5adb00_0, 0;
    %jmp T_61.1;
T_61.0 ;
    %load/vec4 v0x5716ed5a35a0_0;
    %assign/vec4 v0x5716ed59e830_0, 0;
    %load/vec4 v0x5716ed59e830_0;
    %dup/vec4;
    %pushi/vec4 11, 0, 32;
    %cmp/u;
    %jmp/1 T_61.2, 6;
    %jmp T_61.3;
T_61.2 ;
    %load/vec4 v0x5716ed59e510_0;
    %flag_set/vec4 8;
    %jmp/0xz  T_61.4, 8;
    %pushi/vec4 0, 0, 1;
    %assign/vec4 v0x5716ed5ade40_0, 0;
    %pushi/vec4 0, 0, 1;
    %assign/vec4 v0x5716ed5adbe0_0, 0;
T_61.4 ;
    %jmp T_61.3;
T_61.3 ;
    %pop/vec4 1;
    %load/vec4 v0x5716ed5a35a0_0;
    %dup/vec4;
    %pushi/vec4 0, 0, 32;
    %cmp/u;
    %jmp/1 T_61.6, 6;
    %dup/vec4;
    %pushi/vec4 1, 0, 32;
    %cmp/u;
    %jmp/1 T_61.7, 6;
    %dup/vec4;
    %pushi/vec4 2, 0, 32;
    %cmp/u;
    %jmp/1 T_61.8, 6;
    %dup/vec4;
    %pushi/vec4 3, 0, 32;
    %cmp/u;
    %jmp/1 T_61.9, 6;
    %dup/vec4;
    %pushi/vec4 4, 0, 32;
    %cmp/u;
    %jmp/1 T_61.10, 6;
    %dup/vec4;
    %pushi/vec4 5, 0, 32;
    %cmp/u;
    %jmp/1 T_61.11, 6;
    %dup/vec4;
    %pushi/vec4 6, 0, 32;
    %cmp/u;
    %jmp/1 T_61.12, 6;
    %dup/vec4;
    %pushi/vec4 7, 0, 32;
    %cmp/u;
    %jmp/1 T_61.13, 6;
    %dup/vec4;
    %pushi/vec4 8, 0, 32;
    %cmp/u;
    %jmp/1 T_61.14, 6;
    %dup/vec4;
    %pushi/vec4 9, 0, 32;
    %cmp/u;
    %jmp/1 T_61.15, 6;
    %dup/vec4;
    %pushi/vec4 10, 0, 32;
    %cmp/u;
    %jmp/1 T_61.16, 6;
    %dup/vec4;
    %pushi/vec4 11, 0, 32;
    %cmp/u;
    %jmp/1 T_61.17, 6;
    %jmp T_61.18;
T_61.6 ;
    %load/vec4 v0x5716ed5a38c0_0;
    %nor/r;
    %flag_set/vec4 8;
    %jmp/0xz  T_61.19, 8;
    %load/vec4 v0x5716ed5aef40_0;
    %assign/vec4 v0x5716ed5a4a80_0, 0;
    %load/vec4 v0x5716ed5af020_0;
    %pad/u 33;
    %assign/vec4 v0x5716ed5a5330_0, 0;
T_61.19 ;
    %load/vec4 v0x5716ed5a38c0_0;
    %nor/r;
    %flag_set/vec4 8;
    %jmp/0xz  T_61.21, 8;
    %pushi/vec4 1, 0, 32;
    %assign/vec4 v0x5716ed5a35a0_0, 0;
T_61.21 ;
    %jmp T_61.18;
T_61.7 ;
    %pushi/vec4 2, 0, 32;
    %assign/vec4 v0x5716ed5a35a0_0, 0;
    %jmp T_61.18;
T_61.8 ;
    %pushi/vec4 3, 0, 32;
    %assign/vec4 v0x5716ed5a35a0_0, 0;
    %jmp T_61.18;
T_61.9 ;
    %pushi/vec4 4, 0, 32;
    %assign/vec4 v0x5716ed5a35a0_0, 0;
    %jmp T_61.18;
T_61.10 ;
    %pushi/vec4 5, 0, 32;
    %assign/vec4 v0x5716ed5a35a0_0, 0;
    %jmp T_61.18;
T_61.11 ;
    %pushi/vec4 6, 0, 32;
    %assign/vec4 v0x5716ed5a35a0_0, 0;
    %jmp T_61.18;
T_61.12 ;
    %pushi/vec4 7, 0, 32;
    %assign/vec4 v0x5716ed5a35a0_0, 0;
    %jmp T_61.18;
T_61.13 ;
    %pushi/vec4 8, 0, 32;
    %assign/vec4 v0x5716ed5a35a0_0, 0;
    %jmp T_61.18;
T_61.14 ;
    %pushi/vec4 9, 0, 32;
    %assign/vec4 v0x5716ed5a35a0_0, 0;
    %jmp T_61.18;
T_61.15 ;
    %pushi/vec4 10, 0, 32;
    %assign/vec4 v0x5716ed5a35a0_0, 0;
    %jmp T_61.18;
T_61.16 ;
    %pushi/vec4 11, 0, 32;
    %assign/vec4 v0x5716ed5a35a0_0, 0;
    %jmp T_61.18;
T_61.17 ;
    %load/vec4 v0x5716ed5adca0_0;
    %load/vec4 v0x5716ed5ade40_0;
    %nor/r;
    %or;
    %flag_set/vec4 8;
    %jmp/0xz  T_61.23, 8;
    %load/vec4 v0x5716ed5a4a80_0;
    %addi 0, 0, 32;
    %ix/vec4 4;
    %load/vec4a v0x5716ed5a3400, 4;
    %ix/load 4, 0, 0;
    %ix/load 5, 0, 0;
    %flag_set/imm 4, 0;
    %assign/vec4/off/d v0x5716ed5adb00_0, 4, 5;
T_61.23 ;
    %load/vec4 v0x5716ed5adca0_0;
    %load/vec4 v0x5716ed5ade40_0;
    %nor/r;
    %or;
    %flag_set/vec4 8;
    %jmp/0xz  T_61.25, 8;
    %load/vec4 v0x5716ed5a4a80_0;
    %addi 1, 0, 32;
    %ix/vec4 4;
    %load/vec4a v0x5716ed5a3400, 4;
    %ix/load 4, 8, 0;
    %ix/load 5, 0, 0;
    %flag_set/imm 4, 0;
    %assign/vec4/off/d v0x5716ed5adb00_0, 4, 5;
T_61.25 ;
    %load/vec4 v0x5716ed5adca0_0;
    %load/vec4 v0x5716ed5ade40_0;
    %nor/r;
    %or;
    %flag_set/vec4 8;
    %jmp/0xz  T_61.27, 8;
    %load/vec4 v0x5716ed5a4a80_0;
    %addi 2, 0, 32;
    %ix/vec4 4;
    %load/vec4a v0x5716ed5a3400, 4;
    %ix/load 4, 16, 0;
    %ix/load 5, 0, 0;
    %flag_set/imm 4, 0;
    %assign/vec4/off/d v0x5716ed5adb00_0, 4, 5;
T_61.27 ;
    %load/vec4 v0x5716ed5adca0_0;
    %load/vec4 v0x5716ed5ade40_0;
    %nor/r;
    %or;
    %flag_set/vec4 8;
    %jmp/0xz  T_61.29, 8;
    %load/vec4 v0x5716ed5a4a80_0;
    %addi 3, 0, 32;
    %ix/vec4 4;
    %load/vec4a v0x5716ed5a3400, 4;
    %ix/load 4, 24, 0;
    %ix/load 5, 0, 0;
    %flag_set/imm 4, 0;
    %assign/vec4/off/d v0x5716ed5adb00_0, 4, 5;
T_61.29 ;
    %load/vec4 v0x5716ed5adca0_0;
    %load/vec4 v0x5716ed5ade40_0;
    %nor/r;
    %or;
    %flag_set/vec4 8;
    %jmp/0xz  T_61.31, 8;
    %load/vec4 v0x5716ed5a4a80_0;
    %addi 4, 0, 32;
    %ix/vec4 4;
    %load/vec4a v0x5716ed5a3400, 4;
    %ix/load 4, 32, 0;
    %ix/load 5, 0, 0;
    %flag_set/imm 4, 0;
    %assign/vec4/off/d v0x5716ed5adb00_0, 4, 5;
T_61.31 ;
    %load/vec4 v0x5716ed5adca0_0;
    %load/vec4 v0x5716ed5ade40_0;
    %nor/r;
    %or;
    %flag_set/vec4 8;
    %jmp/0xz  T_61.33, 8;
    %load/vec4 v0x5716ed5a4a80_0;
    %addi 5, 0, 32;
    %ix/vec4 4;
    %load/vec4a v0x5716ed5a3400, 4;
    %ix/load 4, 40, 0;
    %ix/load 5, 0, 0;
    %flag_set/imm 4, 0;
    %assign/vec4/off/d v0x5716ed5adb00_0, 4, 5;
T_61.33 ;
    %load/vec4 v0x5716ed5adca0_0;
    %load/vec4 v0x5716ed5ade40_0;
    %nor/r;
    %or;
    %flag_set/vec4 8;
    %jmp/0xz  T_61.35, 8;
    %load/vec4 v0x5716ed5a4a80_0;
    %addi 6, 0, 32;
    %ix/vec4 4;
    %load/vec4a v0x5716ed5a3400, 4;
    %ix/load 4, 48, 0;
    %ix/load 5, 0, 0;
    %flag_set/imm 4, 0;
    %assign/vec4/off/d v0x5716ed5adb00_0, 4, 5;
T_61.35 ;
    %load/vec4 v0x5716ed5adca0_0;
    %load/vec4 v0x5716ed5ade40_0;
    %nor/r;
    %or;
    %flag_set/vec4 8;
    %jmp/0xz  T_61.37, 8;
    %load/vec4 v0x5716ed5a4a80_0;
    %addi 7, 0, 32;
    %ix/vec4 4;
    %load/vec4a v0x5716ed5a3400, 4;
    %ix/load 4, 56, 0;
    %ix/load 5, 0, 0;
    %flag_set/imm 4, 0;
    %assign/vec4/off/d v0x5716ed5adb00_0, 4, 5;
T_61.37 ;
    %load/vec4 v0x5716ed5adca0_0;
    %load/vec4 v0x5716ed5ade40_0;
    %nor/r;
    %or;
    %flag_set/vec4 8;
    %jmp/0xz  T_61.39, 8;
    %load/vec4 v0x5716ed5a4a80_0;
    %addi 8, 0, 32;
    %ix/vec4 4;
    %load/vec4a v0x5716ed5a3400, 4;
    %ix/load 4, 64, 0;
    %ix/load 5, 0, 0;
    %flag_set/imm 4, 0;
    %assign/vec4/off/d v0x5716ed5adb00_0, 4, 5;
T_61.39 ;
    %load/vec4 v0x5716ed5adca0_0;
    %load/vec4 v0x5716ed5ade40_0;
    %nor/r;
    %or;
    %flag_set/vec4 8;
    %jmp/0xz  T_61.41, 8;
    %load/vec4 v0x5716ed5a4a80_0;
    %addi 9, 0, 32;
    %ix/vec4 4;
    %load/vec4a v0x5716ed5a3400, 4;
    %ix/load 4, 72, 0;
    %ix/load 5, 0, 0;
    %flag_set/imm 4, 0;
    %assign/vec4/off/d v0x5716ed5adb00_0, 4, 5;
T_61.41 ;
    %load/vec4 v0x5716ed5adca0_0;
    %load/vec4 v0x5716ed5ade40_0;
    %nor/r;
    %or;
    %flag_set/vec4 8;
    %jmp/0xz  T_61.43, 8;
    %load/vec4 v0x5716ed5a4a80_0;
    %addi 10, 0, 32;
    %ix/vec4 4;
    %load/vec4a v0x5716ed5a3400, 4;
    %ix/load 4, 80, 0;
    %ix/load 5, 0, 0;
    %flag_set/imm 4, 0;
    %assign/vec4/off/d v0x5716ed5adb00_0, 4, 5;
T_61.43 ;
    %load/vec4 v0x5716ed5adca0_0;
    %load/vec4 v0x5716ed5ade40_0;
    %nor/r;
    %or;
    %flag_set/vec4 8;
    %jmp/0xz  T_61.45, 8;
    %load/vec4 v0x5716ed5a4a80_0;
    %addi 11, 0, 32;
    %ix/vec4 4;
    %load/vec4a v0x5716ed5a3400, 4;
    %ix/load 4, 88, 0;
    %ix/load 5, 0, 0;
    %flag_set/imm 4, 0;
    %assign/vec4/off/d v0x5716ed5adb00_0, 4, 5;
T_61.45 ;
    %load/vec4 v0x5716ed5adca0_0;
    %load/vec4 v0x5716ed5ade40_0;
    %nor/r;
    %or;
    %flag_set/vec4 8;
    %jmp/0xz  T_61.47, 8;
    %load/vec4 v0x5716ed5a4a80_0;
    %addi 12, 0, 32;
    %ix/vec4 4;
    %load/vec4a v0x5716ed5a3400, 4;
    %ix/load 4, 96, 0;
    %ix/load 5, 0, 0;
    %flag_set/imm 4, 0;
    %assign/vec4/off/d v0x5716ed5adb00_0, 4, 5;
T_61.47 ;
    %load/vec4 v0x5716ed5adca0_0;
    %load/vec4 v0x5716ed5ade40_0;
    %nor/r;
    %or;
    %flag_set/vec4 8;
    %jmp/0xz  T_61.49, 8;
    %load/vec4 v0x5716ed5a4a80_0;
    %addi 13, 0, 32;
    %ix/vec4 4;
    %load/vec4a v0x5716ed5a3400, 4;
    %ix/load 4, 104, 0;
    %ix/load 5, 0, 0;
    %flag_set/imm 4, 0;
    %assign/vec4/off/d v0x5716ed5adb00_0, 4, 5;
T_61.49 ;
    %load/vec4 v0x5716ed5adca0_0;
    %load/vec4 v0x5716ed5ade40_0;
    %nor/r;
    %or;
    %flag_set/vec4 8;
    %jmp/0xz  T_61.51, 8;
    %load/vec4 v0x5716ed5a4a80_0;
    %addi 14, 0, 32;
    %ix/vec4 4;
    %load/vec4a v0x5716ed5a3400, 4;
    %ix/load 4, 112, 0;
    %ix/load 5, 0, 0;
    %flag_set/imm 4, 0;
    %assign/vec4/off/d v0x5716ed5adb00_0, 4, 5;
T_61.51 ;
    %load/vec4 v0x5716ed5adca0_0;
    %load/vec4 v0x5716ed5ade40_0;
    %nor/r;
    %or;
    %flag_set/vec4 8;
    %jmp/0xz  T_61.53, 8;
    %load/vec4 v0x5716ed5a4a80_0;
    %addi 15, 0, 32;
    %ix/vec4 4;
    %load/vec4a v0x5716ed5a3400, 4;
    %ix/load 4, 120, 0;
    %ix/load 5, 0, 0;
    %flag_set/imm 4, 0;
    %assign/vec4/off/d v0x5716ed5adb00_0, 4, 5;
T_61.53 ;
    %load/vec4 v0x5716ed5a6830_0;
    %cmpi/u 15, 0, 33;
    %flag_get/vec4 5;
    %jmp/0 T_61.58, 5;
    %pushi/vec4 0, 0, 33;
    %load/vec4 v0x5716ed5a5330_0;
    %cmp/u;
    %flag_get/vec4 5;
    %and;
T_61.58;
    %flag_set/vec4 9;
    %flag_get/vec4 9;
    %jmp/0 T_61.57, 9;
    %load/vec4 v0x5716ed5adca0_0;
    %load/vec4 v0x5716ed5ade40_0;
    %nor/r;
    %or;
    %and;
T_61.57;
    %flag_set/vec4 8;
    %jmp/0xz  T_61.55, 8;
    %pushi/vec4 1, 0, 1;
    %assign/vec4 v0x5716ed5ade40_0, 0;
    %load/vec4 v0x5716ed5a4a80_0;
    %addi 16, 0, 32;
    %assign/vec4 v0x5716ed5a4a80_0, 0;
    %load/vec4 v0x5716ed5a5330_0;
    %subi 1, 0, 33;
    %assign/vec4 v0x5716ed5a5330_0, 0;
T_61.55 ;
    %load/vec4 v0x5716ed5a6830_0;
    %cmpi/u 15, 0, 33;
    %flag_get/vec4 5;
    %jmp/0 T_61.62, 5;
    %load/vec4 v0x5716ed5a5330_0;
    %pushi/vec4 1, 0, 33;
    %cmp/e;
    %flag_get/vec4 4;
    %and;
T_61.62;
    %flag_set/vec4 9;
    %flag_get/vec4 9;
    %jmp/0 T_61.61, 9;
    %load/vec4 v0x5716ed5adca0_0;
    %load/vec4 v0x5716ed5ade40_0;
    %nor/r;
    %or;
    %and;
T_61.61;
    %flag_set/vec4 8;
    %jmp/0xz  T_61.59, 8;
    %pushi/vec4 1, 0, 1;
    %assign/vec4 v0x5716ed5adbe0_0, 0;
T_61.59 ;
    %pushi/vec4 1, 0, 1;
    %assign/vec4 v0x5716ed59e510_0, 0;
    %load/vec4 v0x5716ed5ade40_0;
    %flag_set/vec4 9;
    %flag_get/vec4 9;
    %jmp/0 T_61.65, 9;
    %load/vec4 v0x5716ed5adca0_0;
    %nor/r;
    %and;
T_61.65;
    %flag_set/vec4 8;
    %jmp/0xz  T_61.63, 8;
    %load/vec4 v0x5716ed5ade40_0;
    %assign/vec4 v0x5716ed5ade40_0, 0;
    %load/vec4 v0x5716ed5adb00_0;
    %assign/vec4 v0x5716ed5adb00_0, 0;
    %load/vec4 v0x5716ed5adbe0_0;
    %assign/vec4 v0x5716ed5adbe0_0, 0;
T_61.63 ;
    %load/vec4 v0x5716ed5ade40_0;
    %flag_set/vec4 10;
    %flag_get/vec4 10;
    %jmp/0 T_61.69, 10;
    %load/vec4 v0x5716ed5adca0_0;
    %and;
T_61.69;
    %flag_set/vec4 9;
    %flag_get/vec4 9;
    %jmp/0 T_61.68, 9;
    %load/vec4 v0x5716ed5a5330_0;
    %pushi/vec4 0, 0, 33;
    %cmp/e;
    %flag_get/vec4 4;
    %and;
T_61.68;
    %flag_set/vec4 8;
    %jmp/0xz  T_61.66, 8;
    %pushi/vec4 0, 0, 32;
    %assign/vec4 v0x5716ed5a35a0_0, 0;
T_61.66 ;
    %jmp T_61.18;
T_61.18 ;
    %pop/vec4 1;
T_61.1 ;
    %jmp T_61;
    .thread T_61;
    .scope S_0x5716ed4c3ed0;
T_62 ;
    %wait E_0x5716ed297db0;
    %load/vec4 v0x5716ed59e450_0;
    %flag_set/vec4 8;
    %jmp/0xz  T_62.0, 8;
    %pushi/vec4 0, 0, 4;
    %assign/vec4 v0x5716ed5aae30_0, 0;
    %pushi/vec4 0, 0, 1;
    %assign/vec4 v0x5716ed59e670_0, 0;
    %jmp T_62.1;
T_62.0 ;
    %load/vec4 v0x5716ed5a4770_0;
    %flag_set/vec4 10;
    %flag_get/vec4 10;
    %jmp/0 T_62.5, 10;
    %load/vec4 v0x5716ed5a4840_0;
    %nor/r;
    %and;
T_62.5;
    %flag_set/vec4 9;
    %flag_get/vec4 9;
    %jmp/0 T_62.4, 9;
    %load/vec4 v0x5716ed5a4600_0;
    %flag_set/vec4 9;
    %flag_get/vec4 9;
    %jmp/0 T_62.6, 9;
    %load/vec4 v0x5716ed5a46a0_0;
    %nor/r;
    %and;
T_62.6;
    %and;
T_62.4;
    %flag_set/vec4 8;
    %jmp/0xz  T_62.2, 8;
    %load/vec4 v0x5716ed5aae30_0;
    %assign/vec4 v0x5716ed5aae30_0, 0;
    %jmp T_62.3;
T_62.2 ;
    %load/vec4 v0x5716ed5a4770_0;
    %flag_set/vec4 9;
    %flag_get/vec4 9;
    %jmp/0 T_62.9, 9;
    %load/vec4 v0x5716ed5a4840_0;
    %nor/r;
    %and;
T_62.9;
    %flag_set/vec4 8;
    %jmp/0xz  T_62.7, 8;
    %load/vec4 v0x5716ed5aae30_0;
    %addi 1, 0, 4;
    %assign/vec4 v0x5716ed5aae30_0, 0;
    %jmp T_62.8;
T_62.7 ;
    %load/vec4 v0x5716ed5a4600_0;
    %flag_set/vec4 9;
    %flag_get/vec4 9;
    %jmp/0 T_62.12, 9;
    %load/vec4 v0x5716ed5a46a0_0;
    %nor/r;
    %and;
T_62.12;
    %flag_set/vec4 8;
    %jmp/0xz  T_62.10, 8;
    %load/vec4 v0x5716ed5aae30_0;
    %subi 1, 0, 4;
    %assign/vec4 v0x5716ed5aae30_0, 0;
T_62.10 ;
T_62.8 ;
T_62.3 ;
    %load/vec4 v0x5716ed5a74b0_0;
    %assign/vec4 v0x5716ed59e670_0, 0;
T_62.1 ;
    %jmp T_62;
    .thread T_62;
    .scope S_0x5716ed4c3ed0;
T_63 ;
    %wait E_0x5716ed297db0;
    %load/vec4 v0x5716ed59e450_0;
    %flag_set/vec4 8;
    %jmp/0xz  T_63.0, 8;
    %pushi/vec4 0, 0, 4;
    %assign/vec4 v0x5716ed5aacf0_0, 0;
    %pushi/vec4 0, 0, 1;
    %assign/vec4 v0x5716ed59e750_0, 0;
    %jmp T_63.1;
T_63.0 ;
    %load/vec4 v0x5716ed5a3990_0;
    %flag_set/vec4 10;
    %flag_get/vec4 10;
    %jmp/0 T_63.5, 10;
    %load/vec4 v0x5716ed5a3a60_0;
    %nor/r;
    %and;
T_63.5;
    %flag_set/vec4 9;
    %flag_get/vec4 9;
    %jmp/0 T_63.4, 9;
    %load/vec4 v0x5716ed5a37f0_0;
    %flag_set/vec4 9;
    %flag_get/vec4 9;
    %jmp/0 T_63.6, 9;
    %load/vec4 v0x5716ed5a38c0_0;
    %nor/r;
    %and;
T_63.6;
    %and;
T_63.4;
    %flag_set/vec4 8;
    %jmp/0xz  T_63.2, 8;
    %load/vec4 v0x5716ed5aacf0_0;
    %assign/vec4 v0x5716ed5aacf0_0, 0;
    %jmp T_63.3;
T_63.2 ;
    %load/vec4 v0x5716ed5a3990_0;
    %flag_set/vec4 9;
    %flag_get/vec4 9;
    %jmp/0 T_63.9, 9;
    %load/vec4 v0x5716ed5a3a60_0;
    %nor/r;
    %and;
T_63.9;
    %flag_set/vec4 8;
    %jmp/0xz  T_63.7, 8;
    %load/vec4 v0x5716ed5aacf0_0;
    %addi 1, 0, 4;
    %assign/vec4 v0x5716ed5aacf0_0, 0;
    %jmp T_63.8;
T_63.7 ;
    %load/vec4 v0x5716ed5a37f0_0;
    %flag_set/vec4 9;
    %flag_get/vec4 9;
    %jmp/0 T_63.12, 9;
    %load/vec4 v0x5716ed5a38c0_0;
    %nor/r;
    %and;
T_63.12;
    %flag_set/vec4 8;
    %jmp/0xz  T_63.10, 8;
    %load/vec4 v0x5716ed5aacf0_0;
    %subi 1, 0, 4;
    %assign/vec4 v0x5716ed5aacf0_0, 0;
T_63.10 ;
T_63.8 ;
T_63.3 ;
    %load/vec4 v0x5716ed5a7590_0;
    %assign/vec4 v0x5716ed59e750_0, 0;
T_63.1 ;
    %jmp T_63;
    .thread T_63;
    .scope S_0x5716ed4c3ed0;
T_64 ;
    %wait E_0x5716ed297db0;
    %load/vec4 v0x5716ed59e450_0;
    %flag_set/vec4 8;
    %jmp/0xz  T_64.0, 8;
    %pushi/vec4 0, 0, 4;
    %assign/vec4 v0x5716ed5aad90_0, 0;
    %pushi/vec4 0, 0, 1;
    %assign/vec4 v0x5716ed59e5b0_0, 0;
    %jmp T_64.1;
T_64.0 ;
    %load/vec4 v0x5716ed5a4080_0;
    %flag_set/vec4 10;
    %flag_get/vec4 10;
    %jmp/0 T_64.5, 10;
    %load/vec4 v0x5716ed5a4150_0;
    %nor/r;
    %and;
T_64.5;
    %flag_set/vec4 9;
    %flag_get/vec4 9;
    %jmp/0 T_64.4, 9;
    %load/vec4 v0x5716ed5a3f10_0;
    %flag_set/vec4 9;
    %flag_get/vec4 9;
    %jmp/0 T_64.6, 9;
    %load/vec4 v0x5716ed5a3fb0_0;
    %nor/r;
    %and;
T_64.6;
    %and;
T_64.4;
    %flag_set/vec4 8;
    %jmp/0xz  T_64.2, 8;
    %load/vec4 v0x5716ed5aad90_0;
    %assign/vec4 v0x5716ed5aad90_0, 0;
    %jmp T_64.3;
T_64.2 ;
    %load/vec4 v0x5716ed5a4080_0;
    %flag_set/vec4 9;
    %flag_get/vec4 9;
    %jmp/0 T_64.9, 9;
    %load/vec4 v0x5716ed5a4150_0;
    %nor/r;
    %and;
T_64.9;
    %flag_set/vec4 8;
    %jmp/0xz  T_64.7, 8;
    %load/vec4 v0x5716ed5aad90_0;
    %addi 1, 0, 4;
    %assign/vec4 v0x5716ed5aad90_0, 0;
    %jmp T_64.8;
T_64.7 ;
    %load/vec4 v0x5716ed5a3f10_0;
    %flag_set/vec4 9;
    %flag_get/vec4 9;
    %jmp/0 T_64.12, 9;
    %load/vec4 v0x5716ed5a3fb0_0;
    %nor/r;
    %and;
T_64.12;
    %flag_set/vec4 8;
    %jmp/0xz  T_64.10, 8;
    %load/vec4 v0x5716ed5aad90_0;
    %subi 1, 0, 4;
    %assign/vec4 v0x5716ed5aad90_0, 0;
T_64.10 ;
T_64.8 ;
T_64.3 ;
    %load/vec4 v0x5716ed5a73d0_0;
    %assign/vec4 v0x5716ed59e5b0_0, 0;
T_64.1 ;
    %jmp T_64;
    .thread T_64;
    .scope S_0x5716ed4c3ed0;
T_65 ;
    %wait E_0x5716ed297db0;
    %load/vec4 v0x5716ed59e450_0;
    %flag_set/vec4 8;
    %jmp/0xz  T_65.0, 8;
    %pushi/vec4 0, 0, 32;
    %assign/vec4 v0x5716ed5aee60_0, 0;
    %jmp T_65.1;
T_65.0 ;
    %load/vec4 v0x5716ed5aee60_0;
    %dup/vec4;
    %pushi/vec4 0, 0, 32;
    %cmp/u;
    %jmp/1 T_65.2, 6;
    %dup/vec4;
    %pushi/vec4 1, 0, 32;
    %cmp/u;
    %jmp/1 T_65.3, 6;
    %dup/vec4;
    %pushi/vec4 2, 0, 32;
    %cmp/u;
    %jmp/1 T_65.4, 6;
    %dup/vec4;
    %pushi/vec4 3, 0, 32;
    %cmp/u;
    %jmp/1 T_65.5, 6;
    %dup/vec4;
    %pushi/vec4 4, 0, 32;
    %cmp/u;
    %jmp/1 T_65.6, 6;
    %dup/vec4;
    %pushi/vec4 5, 0, 32;
    %cmp/u;
    %jmp/1 T_65.7, 6;
    %dup/vec4;
    %pushi/vec4 6, 0, 32;
    %cmp/u;
    %jmp/1 T_65.8, 6;
    %dup/vec4;
    %pushi/vec4 7, 0, 32;
    %cmp/u;
    %jmp/1 T_65.9, 6;
    %dup/vec4;
    %pushi/vec4 8, 0, 32;
    %cmp/u;
    %jmp/1 T_65.10, 6;
    %dup/vec4;
    %pushi/vec4 9, 0, 32;
    %cmp/u;
    %jmp/1 T_65.11, 6;
    %dup/vec4;
    %pushi/vec4 10, 0, 32;
    %cmp/u;
    %jmp/1 T_65.12, 6;
    %jmp T_65.13;
T_65.2 ;
    %pushi/vec4 1, 0, 32;
    %assign/vec4 v0x5716ed5aee60_0, 0;
    %jmp T_65.13;
T_65.3 ;
    %load/vec4 v0x5716ed5a2a80_0;
    %pad/u 32;
    %cmpi/e 0, 0, 32;
    %flag_get/vec4 4;
    %jmp/0 T_65.16, 4;
    %load/vec4 v0x5716ed5ab3d0_0;
    %flag_set/vec4 9;
    %flag_get/vec4 9;
    %jmp/1 T_65.17, 9;
    %load/vec4 v0x5716ed5ab470_0;
    %nor/r;
    %or;
T_65.17;
    %and;
T_65.16;
    %flag_set/vec4 8;
    %jmp/0xz  T_65.14, 8;
    %pushi/vec4 2, 0, 32;
    %assign/vec4 v0x5716ed5aee60_0, 0;
T_65.14 ;
    %jmp T_65.13;
T_65.4 ;
    %load/vec4 v0x5716ed5ab470_0;
    %flag_set/vec4 9;
    %flag_get/vec4 9;
    %jmp/0 T_65.20, 9;
    %load/vec4 v0x5716ed5ab3d0_0;
    %and;
T_65.20;
    %flag_set/vec4 8;
    %jmp/0xz  T_65.18, 8;
    %pushi/vec4 3, 0, 32;
    %assign/vec4 v0x5716ed5aee60_0, 0;
T_65.18 ;
    %jmp T_65.13;
T_65.5 ;
    %load/vec4 v0x5716ed5a31a0_0;
    %flag_set/vec4 8;
    %jmp/1 T_65.23, 8;
    %load/vec4 v0x5716ed5a3340_0;
    %nor/r;
    %flag_set/vec4 9;
    %flag_or 8, 9;
T_65.23;
    %jmp/0xz  T_65.21, 8;
    %pushi/vec4 4, 0, 32;
    %assign/vec4 v0x5716ed5aee60_0, 0;
T_65.21 ;
    %jmp T_65.13;
T_65.6 ;
    %load/vec4 v0x5716ed5a3340_0;
    %flag_set/vec4 9;
    %flag_get/vec4 9;
    %jmp/0 T_65.26, 9;
    %load/vec4 v0x5716ed5a31a0_0;
    %and;
T_65.26;
    %flag_set/vec4 8;
    %jmp/0xz  T_65.24, 8;
    %pushi/vec4 5, 0, 32;
    %assign/vec4 v0x5716ed5aee60_0, 0;
T_65.24 ;
    %jmp T_65.13;
T_65.7 ;
    %load/vec4 v0x5716ed5a29c0_0;
    %nor/r;
    %flag_set/vec4 8;
    %jmp/0xz  T_65.27, 8;
    %pushi/vec4 6, 0, 32;
    %assign/vec4 v0x5716ed5aee60_0, 0;
T_65.27 ;
    %jmp T_65.13;
T_65.8 ;
    %load/vec4 v0x5716ed5a2a80_0;
    %pad/u 32;
    %cmpi/e 0, 0, 32;
    %flag_get/vec4 4;
    %jmp/0 T_65.31, 4;
    %load/vec4 v0x5716ed5ab3d0_0;
    %flag_set/vec4 9;
    %flag_get/vec4 9;
    %jmp/1 T_65.32, 9;
    %load/vec4 v0x5716ed5ab470_0;
    %nor/r;
    %or;
T_65.32;
    %and;
T_65.31;
    %flag_set/vec4 8;
    %jmp/0xz  T_65.29, 8;
    %pushi/vec4 7, 0, 32;
    %assign/vec4 v0x5716ed5aee60_0, 0;
T_65.29 ;
    %jmp T_65.13;
T_65.9 ;
    %load/vec4 v0x5716ed5ab470_0;
    %flag_set/vec4 9;
    %flag_get/vec4 9;
    %jmp/0 T_65.35, 9;
    %load/vec4 v0x5716ed5ab3d0_0;
    %and;
T_65.35;
    %flag_set/vec4 8;
    %jmp/0xz  T_65.33, 8;
    %pushi/vec4 8, 0, 32;
    %assign/vec4 v0x5716ed5aee60_0, 0;
T_65.33 ;
    %jmp T_65.13;
T_65.10 ;
    %load/vec4 v0x5716ed5a31a0_0;
    %flag_set/vec4 8;
    %jmp/1 T_65.38, 8;
    %load/vec4 v0x5716ed5a3340_0;
    %nor/r;
    %flag_set/vec4 9;
    %flag_or 8, 9;
T_65.38;
    %jmp/0xz  T_65.36, 8;
    %pushi/vec4 9, 0, 32;
    %assign/vec4 v0x5716ed5aee60_0, 0;
T_65.36 ;
    %jmp T_65.13;
T_65.11 ;
    %load/vec4 v0x5716ed5a3340_0;
    %flag_set/vec4 9;
    %flag_get/vec4 9;
    %jmp/0 T_65.41, 9;
    %load/vec4 v0x5716ed5a31a0_0;
    %and;
T_65.41;
    %flag_set/vec4 8;
    %jmp/0xz  T_65.39, 8;
    %pushi/vec4 10, 0, 32;
    %assign/vec4 v0x5716ed5aee60_0, 0;
T_65.39 ;
    %jmp T_65.13;
T_65.12 ;
    %load/vec4 v0x5716ed5a29c0_0;
    %nor/r;
    %flag_set/vec4 8;
    %jmp/0xz  T_65.42, 8;
    %pushi/vec4 11, 0, 32;
    %assign/vec4 v0x5716ed5aee60_0, 0;
T_65.42 ;
    %jmp T_65.13;
T_65.13 ;
    %pop/vec4 1;
T_65.1 ;
    %jmp T_65;
    .thread T_65;
# The file index is used to find the file name in the following table.
:file_names 3;
    "N/A";
    "<interactive>";
    "/tmp/tmpdmxu6lqw";
