#! /usr/local/bin/vvp
:ivl_version "12.0 (stable)";
:ivl_delay_selection "TYPICAL";
:vpi_time_precision + 0;
:vpi_module "/usr/local/lib/ivl/system.vpi";
:vpi_module "/usr/local/lib/ivl/vhdl_sys.vpi";
:vpi_module "/usr/local/lib/ivl/vhdl_textio.vpi";
:vpi_module "/usr/local/lib/ivl/v2005_math.vpi";
:vpi_module "/usr/local/lib/ivl/va_math.vpi";
S_0x5ce4d0f8f690 .scope module, "test_spm" "test_spm" 2 3;
 .timescale 0 0;
P_0x5ce4d11d5ef0 .param/l "_memory_raddr_fsm_1" 1 2 1626, +C4<00000000000000000000000000000001>;
P_0x5ce4d11d5f30 .param/l "_memory_raddr_fsm_init" 1 2 470, +C4<00000000000000000000000000000000>;
P_0x5ce4d11d5f70 .param/l "_memory_rdata_fsm_1" 1 2 1658, +C4<00000000000000000000000000000001>;
P_0x5ce4d11d5fb0 .param/l "_memory_rdata_fsm_10" 1 2 1667, +C4<00000000000000000000000000001010>;
P_0x5ce4d11d5ff0 .param/l "_memory_rdata_fsm_11" 1 2 1668, +C4<00000000000000000000000000001011>;
P_0x5ce4d11d6030 .param/l "_memory_rdata_fsm_2" 1 2 1659, +C4<00000000000000000000000000000010>;
P_0x5ce4d11d6070 .param/l "_memory_rdata_fsm_3" 1 2 1660, +C4<00000000000000000000000000000011>;
P_0x5ce4d11d60b0 .param/l "_memory_rdata_fsm_4" 1 2 1661, +C4<00000000000000000000000000000100>;
P_0x5ce4d11d60f0 .param/l "_memory_rdata_fsm_5" 1 2 1662, +C4<00000000000000000000000000000101>;
P_0x5ce4d11d6130 .param/l "_memory_rdata_fsm_6" 1 2 1663, +C4<00000000000000000000000000000110>;
P_0x5ce4d11d6170 .param/l "_memory_rdata_fsm_7" 1 2 1664, +C4<00000000000000000000000000000111>;
P_0x5ce4d11d61b0 .param/l "_memory_rdata_fsm_8" 1 2 1665, +C4<00000000000000000000000000001000>;
P_0x5ce4d11d61f0 .param/l "_memory_rdata_fsm_9" 1 2 1666, +C4<00000000000000000000000000001001>;
P_0x5ce4d11d6230 .param/l "_memory_rdata_fsm_init" 1 2 472, +C4<00000000000000000000000000000000>;
P_0x5ce4d11d6270 .param/l "_memory_waddr_fsm_1" 1 2 1512, +C4<00000000000000000000000000000001>;
P_0x5ce4d11d62b0 .param/l "_memory_waddr_fsm_10" 1 2 1521, +C4<00000000000000000000000000001010>;
P_0x5ce4d11d62f0 .param/l "_memory_waddr_fsm_11" 1 2 1522, +C4<00000000000000000000000000001011>;
P_0x5ce4d11d6330 .param/l "_memory_waddr_fsm_2" 1 2 1513, +C4<00000000000000000000000000000010>;
P_0x5ce4d11d6370 .param/l "_memory_waddr_fsm_3" 1 2 1514, +C4<00000000000000000000000000000011>;
P_0x5ce4d11d63b0 .param/l "_memory_waddr_fsm_4" 1 2 1515, +C4<00000000000000000000000000000100>;
P_0x5ce4d11d63f0 .param/l "_memory_waddr_fsm_5" 1 2 1516, +C4<00000000000000000000000000000101>;
P_0x5ce4d11d6430 .param/l "_memory_waddr_fsm_6" 1 2 1517, +C4<00000000000000000000000000000110>;
P_0x5ce4d11d6470 .param/l "_memory_waddr_fsm_7" 1 2 1518, +C4<00000000000000000000000000000111>;
P_0x5ce4d11d64b0 .param/l "_memory_waddr_fsm_8" 1 2 1519, +C4<00000000000000000000000000001000>;
P_0x5ce4d11d64f0 .param/l "_memory_waddr_fsm_9" 1 2 1520, +C4<00000000000000000000000000001001>;
P_0x5ce4d11d6530 .param/l "_memory_waddr_fsm_init" 1 2 466, +C4<00000000000000000000000000000000>;
P_0x5ce4d11d6570 .param/l "_memory_wdata_fsm_1" 1 2 1584, +C4<00000000000000000000000000000001>;
P_0x5ce4d11d65b0 .param/l "_memory_wdata_fsm_init" 1 2 468, +C4<00000000000000000000000000000000>;
P_0x5ce4d11d65f0 .param/l "_tmp_56" 1 2 559, +C4<00000000000000000000000000000001>;
P_0x5ce4d11d6630 .param/l "_tmp_61" 1 2 583, +C4<00000000000000000000000000000001>;
P_0x5ce4d11d6670 .param/l "_tmp_73" 1 2 611, +C4<00000000000000000000000000000001>;
P_0x5ce4d11d66b0 .param/l "fsm_1" 1 2 2406, +C4<00000000000000000000000000000001>;
P_0x5ce4d11d66f0 .param/l "fsm_2" 1 2 2407, +C4<00000000000000000000000000000010>;
P_0x5ce4d11d6730 .param/l "fsm_3" 1 2 2408, +C4<00000000000000000000000000000011>;
P_0x5ce4d11d6770 .param/l "fsm_4" 1 2 2409, +C4<00000000000000000000000000000100>;
P_0x5ce4d11d67b0 .param/l "fsm_5" 1 2 2410, +C4<00000000000000000000000000000101>;
P_0x5ce4d11d67f0 .param/l "fsm_6" 1 2 2411, +C4<00000000000000000000000000000110>;
P_0x5ce4d11d6830 .param/l "fsm_7" 1 2 2412, +C4<00000000000000000000000000000111>;
P_0x5ce4d11d6870 .param/l "fsm_init" 1 2 763, +C4<00000000000000000000000000000000>;
P_0x5ce4d11d68b0 .param/l "th_ctrl_1" 1 2 1836, +C4<00000000000000000000000000000001>;
P_0x5ce4d11d68f0 .param/l "th_ctrl_10" 1 2 1845, +C4<00000000000000000000000000001010>;
P_0x5ce4d11d6930 .param/l "th_ctrl_11" 1 2 1846, +C4<00000000000000000000000000001011>;
P_0x5ce4d11d6970 .param/l "th_ctrl_12" 1 2 1847, +C4<00000000000000000000000000001100>;
P_0x5ce4d11d69b0 .param/l "th_ctrl_13" 1 2 1848, +C4<00000000000000000000000000001101>;
P_0x5ce4d11d69f0 .param/l "th_ctrl_14" 1 2 1849, +C4<00000000000000000000000000001110>;
P_0x5ce4d11d6a30 .param/l "th_ctrl_15" 1 2 1850, +C4<00000000000000000000000000001111>;
P_0x5ce4d11d6a70 .param/l "th_ctrl_16" 1 2 1851, +C4<00000000000000000000000000010000>;
P_0x5ce4d11d6ab0 .param/l "th_ctrl_17" 1 2 1852, +C4<00000000000000000000000000010001>;
P_0x5ce4d11d6af0 .param/l "th_ctrl_18" 1 2 1853, +C4<00000000000000000000000000010010>;
P_0x5ce4d11d6b30 .param/l "th_ctrl_19" 1 2 1854, +C4<00000000000000000000000000010011>;
P_0x5ce4d11d6b70 .param/l "th_ctrl_2" 1 2 1837, +C4<00000000000000000000000000000010>;
P_0x5ce4d11d6bb0 .param/l "th_ctrl_20" 1 2 1855, +C4<00000000000000000000000000010100>;
P_0x5ce4d11d6bf0 .param/l "th_ctrl_21" 1 2 1856, +C4<00000000000000000000000000010101>;
P_0x5ce4d11d6c30 .param/l "th_ctrl_22" 1 2 1857, +C4<00000000000000000000000000010110>;
P_0x5ce4d11d6c70 .param/l "th_ctrl_23" 1 2 1858, +C4<00000000000000000000000000010111>;
P_0x5ce4d11d6cb0 .param/l "th_ctrl_24" 1 2 1859, +C4<00000000000000000000000000011000>;
P_0x5ce4d11d6cf0 .param/l "th_ctrl_25" 1 2 1860, +C4<00000000000000000000000000011001>;
P_0x5ce4d11d6d30 .param/l "th_ctrl_26" 1 2 1861, +C4<00000000000000000000000000011010>;
P_0x5ce4d11d6d70 .param/l "th_ctrl_27" 1 2 1862, +C4<00000000000000000000000000011011>;
P_0x5ce4d11d6db0 .param/l "th_ctrl_28" 1 2 1863, +C4<00000000000000000000000000011100>;
P_0x5ce4d11d6df0 .param/l "th_ctrl_29" 1 2 1864, +C4<00000000000000000000000000011101>;
P_0x5ce4d11d6e30 .param/l "th_ctrl_3" 1 2 1838, +C4<00000000000000000000000000000011>;
P_0x5ce4d11d6e70 .param/l "th_ctrl_30" 1 2 1865, +C4<00000000000000000000000000011110>;
P_0x5ce4d11d6eb0 .param/l "th_ctrl_31" 1 2 1866, +C4<00000000000000000000000000011111>;
P_0x5ce4d11d6ef0 .param/l "th_ctrl_32" 1 2 1867, +C4<00000000000000000000000000100000>;
P_0x5ce4d11d6f30 .param/l "th_ctrl_33" 1 2 1868, +C4<00000000000000000000000000100001>;
P_0x5ce4d11d6f70 .param/l "th_ctrl_34" 1 2 1869, +C4<00000000000000000000000000100010>;
P_0x5ce4d11d6fb0 .param/l "th_ctrl_35" 1 2 1870, +C4<00000000000000000000000000100011>;
P_0x5ce4d11d6ff0 .param/l "th_ctrl_36" 1 2 1871, +C4<00000000000000000000000000100100>;
P_0x5ce4d11d7030 .param/l "th_ctrl_37" 1 2 1872, +C4<00000000000000000000000000100101>;
P_0x5ce4d11d7070 .param/l "th_ctrl_38" 1 2 1873, +C4<00000000000000000000000000100110>;
P_0x5ce4d11d70b0 .param/l "th_ctrl_39" 1 2 1874, +C4<00000000000000000000000000100111>;
P_0x5ce4d11d70f0 .param/l "th_ctrl_4" 1 2 1839, +C4<00000000000000000000000000000100>;
P_0x5ce4d11d7130 .param/l "th_ctrl_40" 1 2 1875, +C4<00000000000000000000000000101000>;
P_0x5ce4d11d7170 .param/l "th_ctrl_41" 1 2 1876, +C4<00000000000000000000000000101001>;
P_0x5ce4d11d71b0 .param/l "th_ctrl_42" 1 2 1877, +C4<00000000000000000000000000101010>;
P_0x5ce4d11d71f0 .param/l "th_ctrl_43" 1 2 1878, +C4<00000000000000000000000000101011>;
P_0x5ce4d11d7230 .param/l "th_ctrl_44" 1 2 1879, +C4<00000000000000000000000000101100>;
P_0x5ce4d11d7270 .param/l "th_ctrl_45" 1 2 1880, +C4<00000000000000000000000000101101>;
P_0x5ce4d11d72b0 .param/l "th_ctrl_46" 1 2 1881, +C4<00000000000000000000000000101110>;
P_0x5ce4d11d72f0 .param/l "th_ctrl_47" 1 2 1882, +C4<00000000000000000000000000101111>;
P_0x5ce4d11d7330 .param/l "th_ctrl_48" 1 2 1883, +C4<00000000000000000000000000110000>;
P_0x5ce4d11d7370 .param/l "th_ctrl_49" 1 2 1884, +C4<00000000000000000000000000110001>;
P_0x5ce4d11d73b0 .param/l "th_ctrl_5" 1 2 1840, +C4<00000000000000000000000000000101>;
P_0x5ce4d11d73f0 .param/l "th_ctrl_50" 1 2 1885, +C4<00000000000000000000000000110010>;
P_0x5ce4d11d7430 .param/l "th_ctrl_51" 1 2 1886, +C4<00000000000000000000000000110011>;
P_0x5ce4d11d7470 .param/l "th_ctrl_52" 1 2 1887, +C4<00000000000000000000000000110100>;
P_0x5ce4d11d74b0 .param/l "th_ctrl_53" 1 2 1888, +C4<00000000000000000000000000110101>;
P_0x5ce4d11d74f0 .param/l "th_ctrl_54" 1 2 1889, +C4<00000000000000000000000000110110>;
P_0x5ce4d11d7530 .param/l "th_ctrl_55" 1 2 1890, +C4<00000000000000000000000000110111>;
P_0x5ce4d11d7570 .param/l "th_ctrl_56" 1 2 1891, +C4<00000000000000000000000000111000>;
P_0x5ce4d11d75b0 .param/l "th_ctrl_57" 1 2 1892, +C4<00000000000000000000000000111001>;
P_0x5ce4d11d75f0 .param/l "th_ctrl_58" 1 2 1893, +C4<00000000000000000000000000111010>;
P_0x5ce4d11d7630 .param/l "th_ctrl_59" 1 2 1894, +C4<00000000000000000000000000111011>;
P_0x5ce4d11d7670 .param/l "th_ctrl_6" 1 2 1841, +C4<00000000000000000000000000000110>;
P_0x5ce4d11d76b0 .param/l "th_ctrl_60" 1 2 1895, +C4<00000000000000000000000000111100>;
P_0x5ce4d11d76f0 .param/l "th_ctrl_61" 1 2 1896, +C4<00000000000000000000000000111101>;
P_0x5ce4d11d7730 .param/l "th_ctrl_62" 1 2 1897, +C4<00000000000000000000000000111110>;
P_0x5ce4d11d7770 .param/l "th_ctrl_63" 1 2 1898, +C4<00000000000000000000000000111111>;
P_0x5ce4d11d77b0 .param/l "th_ctrl_64" 1 2 1899, +C4<00000000000000000000000001000000>;
P_0x5ce4d11d77f0 .param/l "th_ctrl_65" 1 2 1900, +C4<00000000000000000000000001000001>;
P_0x5ce4d11d7830 .param/l "th_ctrl_66" 1 2 1901, +C4<00000000000000000000000001000010>;
P_0x5ce4d11d7870 .param/l "th_ctrl_67" 1 2 1902, +C4<00000000000000000000000001000011>;
P_0x5ce4d11d78b0 .param/l "th_ctrl_68" 1 2 1903, +C4<00000000000000000000000001000100>;
P_0x5ce4d11d78f0 .param/l "th_ctrl_69" 1 2 1904, +C4<00000000000000000000000001000101>;
P_0x5ce4d11d7930 .param/l "th_ctrl_7" 1 2 1842, +C4<00000000000000000000000000000111>;
P_0x5ce4d11d7970 .param/l "th_ctrl_70" 1 2 1905, +C4<00000000000000000000000001000110>;
P_0x5ce4d11d79b0 .param/l "th_ctrl_71" 1 2 1906, +C4<00000000000000000000000001000111>;
P_0x5ce4d11d79f0 .param/l "th_ctrl_72" 1 2 1907, +C4<00000000000000000000000001001000>;
P_0x5ce4d11d7a30 .param/l "th_ctrl_73" 1 2 1908, +C4<00000000000000000000000001001001>;
P_0x5ce4d11d7a70 .param/l "th_ctrl_74" 1 2 1909, +C4<00000000000000000000000001001010>;
P_0x5ce4d11d7ab0 .param/l "th_ctrl_75" 1 2 1910, +C4<00000000000000000000000001001011>;
P_0x5ce4d11d7af0 .param/l "th_ctrl_76" 1 2 1911, +C4<00000000000000000000000001001100>;
P_0x5ce4d11d7b30 .param/l "th_ctrl_77" 1 2 1912, +C4<00000000000000000000000001001101>;
P_0x5ce4d11d7b70 .param/l "th_ctrl_78" 1 2 1913, +C4<00000000000000000000000001001110>;
P_0x5ce4d11d7bb0 .param/l "th_ctrl_79" 1 2 1914, +C4<00000000000000000000000001001111>;
P_0x5ce4d11d7bf0 .param/l "th_ctrl_8" 1 2 1843, +C4<00000000000000000000000000001000>;
P_0x5ce4d11d7c30 .param/l "th_ctrl_80" 1 2 1915, +C4<00000000000000000000000001010000>;
P_0x5ce4d11d7c70 .param/l "th_ctrl_81" 1 2 1916, +C4<00000000000000000000000001010001>;
P_0x5ce4d11d7cb0 .param/l "th_ctrl_82" 1 2 1917, +C4<00000000000000000000000001010010>;
P_0x5ce4d11d7cf0 .param/l "th_ctrl_83" 1 2 1918, +C4<00000000000000000000000001010011>;
P_0x5ce4d11d7d30 .param/l "th_ctrl_84" 1 2 1919, +C4<00000000000000000000000001010100>;
P_0x5ce4d11d7d70 .param/l "th_ctrl_85" 1 2 1920, +C4<00000000000000000000000001010101>;
P_0x5ce4d11d7db0 .param/l "th_ctrl_86" 1 2 1921, +C4<00000000000000000000000001010110>;
P_0x5ce4d11d7df0 .param/l "th_ctrl_87" 1 2 1922, +C4<00000000000000000000000001010111>;
P_0x5ce4d11d7e30 .param/l "th_ctrl_88" 1 2 1923, +C4<00000000000000000000000001011000>;
P_0x5ce4d11d7e70 .param/l "th_ctrl_89" 1 2 1924, +C4<00000000000000000000000001011001>;
P_0x5ce4d11d7eb0 .param/l "th_ctrl_9" 1 2 1844, +C4<00000000000000000000000000001001>;
P_0x5ce4d11d7ef0 .param/l "th_ctrl_90" 1 2 1925, +C4<00000000000000000000000001011010>;
P_0x5ce4d11d7f30 .param/l "th_ctrl_91" 1 2 1926, +C4<00000000000000000000000001011011>;
P_0x5ce4d11d7f70 .param/l "th_ctrl_92" 1 2 1927, +C4<00000000000000000000000001011100>;
P_0x5ce4d11d7fb0 .param/l "th_ctrl_init" 1 2 728, +C4<00000000000000000000000000000000>;
L_0x5ce4d0f3a790 .functor BUFZ 1, L_0x5ce4d1227580, C4<0>, C4<0>, C4<0>;
L_0x5ce4d0f5bef0 .functor OR 1, v0x5ce4d12086d0_0, v0x5ce4d12057f0_0, C4<0>, C4<0>;
L_0x5ce4d0f70350 .functor BUFZ 1, L_0x5ce4d1212100, C4<0>, C4<0>, C4<0>;
L_0x5ce4d0f66120 .functor BUFZ 64, L_0x5ce4d12122e0, C4<0000000000000000000000000000000000000000000000000000000000000000>, C4<0000000000000000000000000000000000000000000000000000000000000000>, C4<0000000000000000000000000000000000000000000000000000000000000000>;
L_0x5ce4d1099de0 .functor BUFZ 8, L_0x5ce4d1212240, C4<00000000>, C4<00000000>, C4<00000000>;
L_0x5ce4d107c020 .functor BUFZ 64, L_0x5ce4d1228190, C4<0000000000000000000000000000000000000000000000000000000000000000>, C4<0000000000000000000000000000000000000000000000000000000000000000>, C4<0000000000000000000000000000000000000000000000000000000000000000>;
L_0x5ce4d107a330 .functor BUFZ 1, L_0x5ce4d12284f0, C4<0>, C4<0>, C4<0>;
L_0x5ce4d106e500 .functor BUFZ 1, L_0x5ce4d123db00, C4<0>, C4<0>, C4<0>;
L_0x5ce4d0f902b0 .functor OR 1, v0x5ce4d1207e10_0, L_0x5ce4d107a330, C4<0>, C4<0>;
L_0x5ce4d0b229a0 .functor BUFZ 64, v0x5ce4d12077d0_0, C4<0000000000000000000000000000000000000000000000000000000000000000>, C4<0000000000000000000000000000000000000000000000000000000000000000>, C4<0000000000000000000000000000000000000000000000000000000000000000>;
L_0x5ce4d10552d0 .functor BUFZ 1, v0x5ce4d1207eb0_0, C4<0>, C4<0>, C4<0>;
L_0x5ce4d0fbd2b0 .functor BUFZ 1, L_0x5ce4d1212420, C4<0>, C4<0>, C4<0>;
L_0x5ce4d10100b0 .functor OR 1, L_0x5ce4d1222610, v0x5ce4d120e820_0, C4<0>, C4<0>;
L_0x5ce4d1223db0 .functor BUFZ 8, L_0x5ce4d1223c70, C4<00000000>, C4<00000000>, C4<00000000>;
L_0x5ce4d1223fe0 .functor BUFZ 32, L_0x5ce4d1223d10, C4<00000000000000000000000000000000>, C4<00000000000000000000000000000000>, C4<00000000000000000000000000000000>;
L_0x5ce4d1224150 .functor BUFZ 32, L_0x5ce4d1223e20, C4<00000000000000000000000000000000>, C4<00000000000000000000000000000000>, C4<00000000000000000000000000000000>;
L_0x5ce4d1224210 .functor BUFZ 33, L_0x5ce4d1223ec0, C4<000000000000000000000000000000000>, C4<000000000000000000000000000000000>, C4<000000000000000000000000000000000>;
L_0x5ce4d1224390 .functor AND 1, L_0x5ce4d1223640, L_0x5ce4d12226b0, C4<1>, C4<1>;
L_0x5ce4d1224450 .functor BUFZ 1, L_0x5ce4d1224390, C4<0>, C4<0>, C4<0>;
L_0x5ce4d1226490 .functor BUFZ 8, L_0x5ce4d12260e0, C4<00000000>, C4<00000000>, C4<00000000>;
L_0x5ce4d1226500 .functor BUFZ 32, L_0x5ce4d1226210, C4<00000000000000000000000000000000>, C4<00000000000000000000000000000000>, C4<00000000000000000000000000000000>;
L_0x5ce4d12266a0 .functor BUFZ 32, L_0x5ce4d12262b0, C4<00000000000000000000000000000000>, C4<00000000000000000000000000000000>, C4<00000000000000000000000000000000>;
L_0x5ce4d1226760 .functor BUFZ 33, L_0x5ce4d12263f0, C4<000000000000000000000000000000000>, C4<000000000000000000000000000000000>, C4<000000000000000000000000000000000>;
L_0x5ce4d12269c0 .functor AND 1, L_0x5ce4d1225ab0, L_0x5ce4d12265c0, C4<1>, C4<1>;
L_0x5ce4d1226a80 .functor BUFZ 1, L_0x5ce4d12269c0, C4<0>, C4<0>, C4<0>;
L_0x5ce4d1226c40 .functor BUFZ 32, v0x5ce4d120e5a0_0, C4<00000000000000000000000000000000>, C4<00000000000000000000000000000000>, C4<00000000000000000000000000000000>;
L_0x1171e2956018 .functor BUFT 1, C4<0011>, C4<0>, C4<0>, C4<0>;
L_0x5ce4d1226cb0 .functor BUFZ 4, L_0x1171e2956018, C4<0000>, C4<0000>, C4<0000>;
L_0x1171e2956060 .functor BUFT 1, C4<000>, C4<0>, C4<0>, C4<0>;
L_0x5ce4d1226e80 .functor BUFZ 3, L_0x1171e2956060, C4<000>, C4<000>, C4<000>;
L_0x5ce4d1226f40 .functor BUFZ 1, v0x5ce4d120e820_0, C4<0>, C4<0>, C4<0>;
L_0x5ce4d1227120 .functor BUFZ 1, L_0x5ce4d123e570, C4<0>, C4<0>, C4<0>;
L_0x5ce4d12271e0 .functor BUFZ 64, L_0x5ce4d0f66120, C4<0000000000000000000000000000000000000000000000000000000000000000>, C4<0000000000000000000000000000000000000000000000000000000000000000>, C4<0000000000000000000000000000000000000000000000000000000000000000>;
L_0x5ce4d1227000 .functor BUFZ 8, L_0x5ce4d1099de0, C4<00000000>, C4<00000000>, C4<00000000>;
L_0x5ce4d12273d0 .functor BUFZ 1, v0x5ce4d1208770_0, C4<0>, C4<0>, C4<0>;
L_0x5ce4d1227580 .functor BUFZ 1, L_0x5ce4d1247920, C4<0>, C4<0>, C4<0>;
L_0x1171e2957f50 .functor BUFT 1, C4<00>, C4<0>, C4<0>, C4<0>;
L_0x5ce4d1227690 .functor BUFZ 2, L_0x1171e2957f50, C4<00>, C4<00>, C4<00>;
L_0x5ce4d12278a0 .functor BUFZ 1, v0x5ce4d11dfe80_0, C4<0>, C4<0>, C4<0>;
L_0x1171e29560a8 .functor BUFT 1, C4<1>, C4<0>, C4<0>, C4<0>;
L_0x5ce4d1227960 .functor BUFZ 1, L_0x1171e29560a8, C4<0>, C4<0>, C4<0>;
L_0x5ce4d1227b80 .functor BUFZ 32, v0x5ce4d120e280_0, C4<00000000000000000000000000000000>, C4<00000000000000000000000000000000>, C4<00000000000000000000000000000000>;
L_0x1171e29560f0 .functor BUFT 1, C4<0011>, C4<0>, C4<0>, C4<0>;
L_0x5ce4d1227bf0 .functor BUFZ 4, L_0x1171e29560f0, C4<0000>, C4<0000>, C4<0000>;
L_0x1171e2956138 .functor BUFT 1, C4<000>, C4<0>, C4<0>, C4<0>;
L_0x5ce4d1227e20 .functor BUFZ 3, L_0x1171e2956138, C4<000>, C4<000>, C4<000>;
L_0x5ce4d1227ee0 .functor BUFZ 1, v0x5ce4d120e500_0, C4<0>, C4<0>, C4<0>;
L_0x5ce4d12280d0 .functor BUFZ 1, L_0x5ce4d123edc0, C4<0>, C4<0>, C4<0>;
L_0x5ce4d1228190 .functor BUFZ 64, v0x5ce4d11dff40_0, C4<0000000000000000000000000000000000000000000000000000000000000000>, C4<0000000000000000000000000000000000000000000000000000000000000000>, C4<0000000000000000000000000000000000000000000000000000000000000000>;
L_0x1171e2957f98 .functor BUFT 1, C4<00>, C4<0>, C4<0>, C4<0>;
L_0x5ce4d1228430 .functor BUFZ 2, L_0x1171e2957f98, C4<00>, C4<00>, C4<00>;
L_0x5ce4d12284f0 .functor BUFZ 1, v0x5ce4d11f7520_0, C4<0>, C4<0>, C4<0>;
L_0x5ce4d12287a0 .functor BUFZ 1, L_0x5ce4d0fbd2b0, C4<0>, C4<0>, C4<0>;
L_0x5ce4d1228860 .functor BUFZ 128, v0x5ce4d11f8060_0, C4<00000000000000000000000000000000000000000000000000000000000000000000000000000000000000000000000000000000000000000000000000000000>, C4<00000000000000000000000000000000000000000000000000000000000000000000000000000000000000000000000000000000000000000000000000000000>, C4<00000000000000000000000000000000000000000000000000000000000000000000000000000000000000000000000000000000000000000000000000000000>;
L_0x5ce4d1228ad0 .functor BUFZ 1, v0x5ce4d11f8240_0, C4<0>, C4<0>, C4<0>;
o0x1171e29b9478 .functor BUFZ 1, C4<z>; HiZ drive
L_0x5ce4d1228b90 .functor BUFZ 1, o0x1171e29b9478, C4<0>, C4<0>, C4<0>;
L_0x5ce4d1228dc0 .functor BUFZ 1, v0x5ce4d11f8100_0, C4<0>, C4<0>, C4<0>;
L_0x5ce4d1228e80 .functor BUFZ 128, v0x5ce4d120e000_0, C4<00000000000000000000000000000000000000000000000000000000000000000000000000000000000000000000000000000000000000000000000000000000>, C4<00000000000000000000000000000000000000000000000000000000000000000000000000000000000000000000000000000000000000000000000000000000>, C4<00000000000000000000000000000000000000000000000000000000000000000000000000000000000000000000000000000000000000000000000000000000>;
L_0x5ce4d12290c0 .functor BUFZ 1, v0x5ce4d120e1e0_0, C4<0>, C4<0>, C4<0>;
L_0x5ce4d1229130 .functor BUFZ 1, L_0x5ce4d1276bf0, C4<0>, C4<0>, C4<0>;
L_0x5ce4d12293d0 .functor BUFZ 1, v0x5ce4d120e0a0_0, C4<0>, C4<0>, C4<0>;
L_0x5ce4d122e5d0 .functor BUFZ 64, L_0x5ce4d1239740, C4<0000000000000000000000000000000000000000000000000000000000000000>, C4<0000000000000000000000000000000000000000000000000000000000000000>, C4<0000000000000000000000000000000000000000000000000000000000000000>;
L_0x5ce4d122e830 .functor BUFZ 8, L_0x5ce4d1239800, C4<00000000>, C4<00000000>, C4<00000000>;
L_0x5ce4d122e8a0 .functor BUFZ 1, L_0x5ce4d1239c50, C4<0>, C4<0>, C4<0>;
L_0x5ce4d122ed60 .functor AND 1, L_0x5ce4d1239d60, L_0x5ce4d122e530, C4<1>, C4<1>;
L_0x5ce4d122f000 .functor AND 1, L_0x5ce4d1239d60, L_0x5ce4d122e530, C4<1>, C4<1>;
L_0x5ce4d122f2d0 .functor AND 1, L_0x5ce4d1239d60, L_0x5ce4d122e530, C4<1>, C4<1>;
L_0x5ce4d122f5d0 .functor AND 1, L_0x5ce4d122f2d0, L_0x5ce4d122f3d0, C4<1>, C4<1>;
L_0x5ce4d122fbc0 .functor BUFZ 32, L_0x5ce4d1237bb0, C4<00000000000000000000000000000000>, C4<00000000000000000000000000000000>, C4<00000000000000000000000000000000>;
L_0x5ce4d122fdc0 .functor AND 1, L_0x5ce4d1230060, L_0x5ce4d1239210, C4<1>, C4<1>;
L_0x5ce4d12304d0 .functor AND 1, L_0x5ce4d122fdc0, v0x5ce4d120fae0_0, C4<1>, C4<1>;
L_0x5ce4d12309c0 .functor AND 1, L_0x5ce4d1230770, L_0x5ce4d1239210, C4<1>, C4<1>;
L_0x5ce4d1230d10 .functor AND 1, L_0x5ce4d12309c0, v0x5ce4d120fae0_0, C4<1>, C4<1>;
L_0x5ce4d1230f10 .functor AND 1, L_0x5ce4d1230e20, L_0x5ce4d1239210, C4<1>, C4<1>;
L_0x5ce4d1231220 .functor AND 1, L_0x5ce4d1230f10, v0x5ce4d120fae0_0, C4<1>, C4<1>;
L_0x5ce4d12314a0 .functor AND 1, L_0x5ce4d1231220, L_0x5ce4d12312e0, C4<1>, C4<1>;
L_0x5ce4d1231420 .functor AND 1, L_0x5ce4d1231ec0, L_0x5ce4d1231f60, C4<1>, C4<1>;
L_0x5ce4d12322d0 .functor AND 1, L_0x5ce4d1231420, L_0x5ce4d12321a0, C4<1>, C4<1>;
L_0x5ce4d12333a0 .functor AND 1, L_0x5ce4d1233030, L_0x5ce4d12332b0, C4<1>, C4<1>;
L_0x5ce4d1233780 .functor AND 1, L_0x5ce4d12333a0, L_0x5ce4d12334b0, C4<1>, C4<1>;
L_0x5ce4d1233b60 .functor AND 1, L_0x5ce4d1233780, L_0x5ce4d1233ac0, C4<1>, C4<1>;
L_0x5ce4d12340f0 .functor BUFZ 32, L_0x5ce4d123aae0, C4<00000000000000000000000000000000>, C4<00000000000000000000000000000000>, C4<00000000000000000000000000000000>;
L_0x5ce4d1234740 .functor AND 1, L_0x5ce4d1234b60, L_0x5ce4d123c0a0, C4<1>, C4<1>;
L_0x5ce4d1234ca0 .functor AND 1, L_0x5ce4d1234740, v0x5ce4d120f400_0, C4<1>, C4<1>;
L_0x5ce4d1235500 .functor AND 1, L_0x5ce4d12353c0, L_0x5ce4d123c0a0, C4<1>, C4<1>;
L_0x5ce4d1235610 .functor AND 1, L_0x5ce4d1235500, v0x5ce4d120f400_0, C4<1>, C4<1>;
L_0x5ce4d1235cb0 .functor AND 1, L_0x5ce4d12359d0, L_0x5ce4d123c0a0, C4<1>, C4<1>;
L_0x5ce4d1235d70 .functor AND 1, L_0x5ce4d1235cb0, v0x5ce4d120f400_0, C4<1>, C4<1>;
L_0x5ce4d1236190 .functor AND 1, L_0x5ce4d1235d70, L_0x5ce4d12360f0, C4<1>, C4<1>;
L_0x5ce4d1236ef0 .functor AND 1, L_0x5ce4d1236b90, L_0x5ce4d1236e50, C4<1>, C4<1>;
L_0x5ce4d12375e0 .functor AND 1, L_0x5ce4d1236ef0, L_0x5ce4d1237280, C4<1>, C4<1>;
L_0x5ce4d1237bb0 .functor BUFZ 32, v0x5ce4d11f3290_0, C4<00000000000000000000000000000000>, C4<00000000000000000000000000000000>, C4<00000000000000000000000000000000>;
L_0x5ce4d1237fa0 .functor BUFZ 8, v0x5ce4d11de1c0_0, C4<00000000>, C4<00000000>, C4<00000000>;
L_0x1171e2958f58 .functor BUFT 1, C4<011>, C4<0>, C4<0>, C4<0>;
L_0x5ce4d12380b0 .functor BUFZ 3, L_0x1171e2958f58, C4<000>, C4<000>, C4<000>;
L_0x1171e2958fa0 .functor BUFT 1, C4<01>, C4<0>, C4<0>, C4<0>;
L_0x5ce4d1238460 .functor BUFZ 2, L_0x1171e2958fa0, C4<00>, C4<00>, C4<00>;
L_0x1171e2958fe8 .functor BUFT 1, C4<0>, C4<0>, C4<0>, C4<0>;
L_0x5ce4d1238520 .functor BUFZ 1, L_0x1171e2958fe8, C4<0>, C4<0>, C4<0>;
L_0x1171e2959030 .functor BUFT 1, C4<0011>, C4<0>, C4<0>, C4<0>;
L_0x5ce4d12388e0 .functor BUFZ 4, L_0x1171e2959030, C4<0000>, C4<0000>, C4<0000>;
L_0x1171e2959078 .functor BUFT 1, C4<000>, C4<0>, C4<0>, C4<0>;
L_0x5ce4d12389a0 .functor BUFZ 3, L_0x1171e2959078, C4<000>, C4<000>, C4<000>;
L_0x1171e29590c0 .functor BUFT 1, C4<0000>, C4<0>, C4<0>, C4<0>;
L_0x5ce4d1238d70 .functor BUFZ 4, L_0x1171e29590c0, C4<0000>, C4<0000>, C4<0000>;
L_0x1171e2959108 .functor BUFT 1, C4<00>, C4<0>, C4<0>, C4<0>;
L_0x5ce4d1238e30 .functor BUFZ 2, L_0x1171e2959108, C4<00>, C4<00>, C4<00>;
L_0x5ce4d1239210 .functor BUFZ 1, v0x5ce4d11de7c0_0, C4<0>, C4<0>, C4<0>;
L_0x5ce4d1239310 .functor BUFZ 1, v0x5ce4d120fae0_0, C4<0>, C4<0>, C4<0>;
L_0x5ce4d1239740 .functor BUFZ 64, L_0x5ce4d1248e70, C4<0000000000000000000000000000000000000000000000000000000000000000>, C4<0000000000000000000000000000000000000000000000000000000000000000>, C4<0000000000000000000000000000000000000000000000000000000000000000>;
L_0x5ce4d1239800 .functor BUFZ 8, L_0x5ce4d1248fc0, C4<00000000>, C4<00000000>, C4<00000000>;
L_0x5ce4d1239c50 .functor BUFZ 1, L_0x5ce4d1249080, C4<0>, C4<0>, C4<0>;
L_0x5ce4d1239d60 .functor BUFZ 1, v0x5ce4d11f2250_0, C4<0>, C4<0>, C4<0>;
L_0x5ce4d123a1b0 .functor BUFZ 1, L_0x5ce4d122e530, C4<0>, C4<0>, C4<0>;
L_0x1171e2956b10 .functor BUFT 1, C4<00>, C4<0>, C4<0>, C4<0>;
L_0x5ce4d123a220 .functor BUFZ 2, L_0x1171e2956b10, C4<00>, C4<00>, C4<00>;
L_0x5ce4d123a640 .functor BUFZ 1, v0x5ce4d120fea0_0, C4<0>, C4<0>, C4<0>;
L_0x1171e2959150 .functor BUFT 1, C4<1>, C4<0>, C4<0>, C4<0>;
L_0x5ce4d123a6b0 .functor BUFZ 1, L_0x1171e2959150, C4<0>, C4<0>, C4<0>;
L_0x5ce4d123aae0 .functor BUFZ 32, v0x5ce4d11f2b10_0, C4<00000000000000000000000000000000>, C4<00000000000000000000000000000000>, C4<00000000000000000000000000000000>;
L_0x5ce4d123abf0 .functor BUFZ 8, v0x5ce4d11f2d90_0, C4<00000000>, C4<00000000>, C4<00000000>;
L_0x1171e2959198 .functor BUFT 1, C4<011>, C4<0>, C4<0>, C4<0>;
L_0x5ce4d123b080 .functor BUFZ 3, L_0x1171e2959198, C4<000>, C4<000>, C4<000>;
L_0x1171e29591e0 .functor BUFT 1, C4<01>, C4<0>, C4<0>, C4<0>;
L_0x5ce4d123b140 .functor BUFZ 2, L_0x1171e29591e0, C4<00>, C4<00>, C4<00>;
L_0x1171e2959228 .functor BUFT 1, C4<0>, C4<0>, C4<0>, C4<0>;
L_0x5ce4d123b590 .functor BUFZ 1, L_0x1171e2959228, C4<0>, C4<0>, C4<0>;
L_0x1171e2959270 .functor BUFT 1, C4<0011>, C4<0>, C4<0>, C4<0>;
L_0x5ce4d123b650 .functor BUFZ 4, L_0x1171e2959270, C4<0000>, C4<0000>, C4<0000>;
L_0x1171e29592b8 .functor BUFT 1, C4<000>, C4<0>, C4<0>, C4<0>;
L_0x5ce4d123bab0 .functor BUFZ 3, L_0x1171e29592b8, C4<000>, C4<000>, C4<000>;
L_0x1171e2959300 .functor BUFT 1, C4<0000>, C4<0>, C4<0>, C4<0>;
L_0x5ce4d123bb70 .functor BUFZ 4, L_0x1171e2959300, C4<0000>, C4<0000>, C4<0000>;
L_0x1171e2959348 .functor BUFT 1, C4<00>, C4<0>, C4<0>, C4<0>;
L_0x5ce4d123bfe0 .functor BUFZ 2, L_0x1171e2959348, C4<00>, C4<00>, C4<00>;
L_0x5ce4d123c0a0 .functor BUFZ 1, v0x5ce4d11f31f0_0, C4<0>, C4<0>, C4<0>;
L_0x5ce4d123c560 .functor BUFZ 1, v0x5ce4d120f400_0, C4<0>, C4<0>, C4<0>;
L_0x5ce4d123c660 .functor BUFZ 64, v0x5ce4d120ff40_0, C4<0000000000000000000000000000000000000000000000000000000000000000>, C4<0000000000000000000000000000000000000000000000000000000000000000>, C4<0000000000000000000000000000000000000000000000000000000000000000>;
L_0x1171e2956b58 .functor BUFT 1, C4<00>, C4<0>, C4<0>, C4<0>;
L_0x5ce4d123caa0 .functor BUFZ 2, L_0x1171e2956b58, C4<00>, C4<00>, C4<00>;
L_0x5ce4d123cb10 .functor BUFZ 1, v0x5ce4d120ffe0_0, C4<0>, C4<0>, C4<0>;
L_0x5ce4d123cf60 .functor BUFZ 1, v0x5ce4d12101c0_0, C4<0>, C4<0>, C4<0>;
L_0x5ce4d123cfd0 .functor BUFZ 1, L_0x5ce4d124a490, C4<0>, C4<0>, C4<0>;
L_0x5ce4d123d900 .functor OR 1, L_0x5ce4d123d480, L_0x5ce4d123d570, C4<0>, C4<0>;
L_0x5ce4d123db00 .functor OR 1, L_0x5ce4d123d900, L_0x5ce4d123da10, C4<0>, C4<0>;
v0x5ce4d11ff220_0 .var "CLK", 0 0;
v0x5ce4d11ff2c0_0 .var "RST", 0 0;
v0x5ce4d11ff360_0 .var "__memory_rdata_fsm_cond_11_0_1", 0 0;
v0x5ce4d11ff400_0 .var "__tmp_57_1", 0 0;
v0x5ce4d11ff4a0_0 .var "__tmp_62_1", 0 0;
v0x5ce4d11ff540_0 .var "__tmp_74_1", 0 0;
v0x5ce4d11ff5e0_0 .var "_d1__memory_rdata_fsm", 31 0;
v0x5ce4d11ff680_0 .net *"_ivl_121", 0 0, L_0x5ce4d12265c0;  1 drivers
v0x5ce4d11ff720_0 .net *"_ivl_199", 0 0, L_0x5ce4d122ed60;  1 drivers
L_0x1171e2957698 .functor BUFT 1, C4<xxxxxxxxxxxxxxxxxxxxxxxxxxxxxxxxxxxxxxxxxxxxxxxxxxxxxxxxxxxxxxxxxxxxxxxxx>, C4<0>, C4<0>, C4<0>;
v0x5ce4d11ff7c0_0 .net *"_ivl_200", 72 0, L_0x1171e2957698;  1 drivers
v0x5ce4d11ff860_0 .net *"_ivl_205", 0 0, L_0x5ce4d122f000;  1 drivers
v0x5ce4d11ff900_0 .net *"_ivl_207", 0 0, L_0x5ce4d122f2d0;  1 drivers
v0x5ce4d11ff9a0_0 .net *"_ivl_209", 0 0, L_0x5ce4d122f3d0;  1 drivers
v0x5ce4d11ffa40_0 .net *"_ivl_211", 0 0, L_0x5ce4d122f5d0;  1 drivers
L_0x1171e29576e0 .functor BUFT 1, C4<0>, C4<0>, C4<0>, C4<0>;
v0x5ce4d11ffae0_0 .net/2u *"_ivl_212", 0 0, L_0x1171e29576e0;  1 drivers
v0x5ce4d11ffb80_0 .net *"_ivl_220", 8 0, L_0x5ce4d122fc30;  1 drivers
L_0x1171e2957728 .functor BUFT 1, C4<0>, C4<0>, C4<0>, C4<0>;
v0x5ce4d11ffc20_0 .net *"_ivl_223", 0 0, L_0x1171e2957728;  1 drivers
L_0x1171e2957770 .functor BUFT 1, C4<000000001>, C4<0>, C4<0>, C4<0>;
v0x5ce4d11ffcc0_0 .net/2u *"_ivl_224", 8 0, L_0x1171e2957770;  1 drivers
L_0x1171e29577b8 .functor BUFT 1, C4<00000000000000000000000000001011>, C4<0>, C4<0>, C4<0>;
v0x5ce4d11ffd60_0 .net/2u *"_ivl_230", 31 0, L_0x1171e29577b8;  1 drivers
v0x5ce4d11ffe00_0 .net *"_ivl_232", 0 0, L_0x5ce4d1230060;  1 drivers
v0x5ce4d11ffea0_0 .net *"_ivl_235", 0 0, L_0x5ce4d122fdc0;  1 drivers
v0x5ce4d11fff40_0 .net *"_ivl_237", 0 0, L_0x5ce4d12304d0;  1 drivers
L_0x1171e2957800 .functor BUFT 1, C4<xxxxxxxxxxxxxxxxxxxxxxxxxxxxxxxxxxxxxxxxx>, C4<0>, C4<0>, C4<0>;
v0x5ce4d11fffe0_0 .net *"_ivl_238", 40 0, L_0x1171e2957800;  1 drivers
L_0x1171e2957848 .functor BUFT 1, C4<00000000000000000000000000001011>, C4<0>, C4<0>, C4<0>;
v0x5ce4d1200080_0 .net/2u *"_ivl_242", 31 0, L_0x1171e2957848;  1 drivers
v0x5ce4d1200120_0 .net *"_ivl_244", 0 0, L_0x5ce4d1230770;  1 drivers
v0x5ce4d12001c0_0 .net *"_ivl_247", 0 0, L_0x5ce4d12309c0;  1 drivers
v0x5ce4d1200260_0 .net *"_ivl_249", 0 0, L_0x5ce4d1230d10;  1 drivers
L_0x1171e2957890 .functor BUFT 1, C4<00000000000000000000000000001011>, C4<0>, C4<0>, C4<0>;
v0x5ce4d1200300_0 .net/2u *"_ivl_250", 31 0, L_0x1171e2957890;  1 drivers
v0x5ce4d12003a0_0 .net *"_ivl_252", 0 0, L_0x5ce4d1230e20;  1 drivers
v0x5ce4d1200440_0 .net *"_ivl_255", 0 0, L_0x5ce4d1230f10;  1 drivers
v0x5ce4d12004e0_0 .net *"_ivl_257", 0 0, L_0x5ce4d1231220;  1 drivers
v0x5ce4d1200580_0 .net *"_ivl_259", 0 0, L_0x5ce4d12312e0;  1 drivers
v0x5ce4d1200620_0 .net *"_ivl_261", 0 0, L_0x5ce4d12314a0;  1 drivers
L_0x1171e29578d8 .functor BUFT 1, C4<0>, C4<0>, C4<0>, C4<0>;
v0x5ce4d12006c0_0 .net/2u *"_ivl_262", 0 0, L_0x1171e29578d8;  1 drivers
L_0x1171e2957920 .functor BUFT 1, C4<00000000000000000000000000000000>, C4<0>, C4<0>, C4<0>;
v0x5ce4d1200760_0 .net/2u *"_ivl_272", 31 0, L_0x1171e2957920;  1 drivers
v0x5ce4d1200800_0 .net *"_ivl_274", 0 0, L_0x5ce4d1231ec0;  1 drivers
v0x5ce4d12008a0_0 .net *"_ivl_277", 0 0, L_0x5ce4d1231f60;  1 drivers
v0x5ce4d1200940_0 .net *"_ivl_279", 0 0, L_0x5ce4d1231420;  1 drivers
v0x5ce4d12009e0_0 .net *"_ivl_281", 0 0, L_0x5ce4d12321a0;  1 drivers
v0x5ce4d1200a80_0 .net *"_ivl_283", 0 0, L_0x5ce4d12322d0;  1 drivers
L_0x1171e2957968 .functor BUFT 1, C4<01>, C4<0>, C4<0>, C4<0>;
v0x5ce4d1200b20_0 .net/2s *"_ivl_284", 1 0, L_0x1171e2957968;  1 drivers
L_0x1171e29579b0 .functor BUFT 1, C4<00>, C4<0>, C4<0>, C4<0>;
v0x5ce4d1200bc0_0 .net/2s *"_ivl_286", 1 0, L_0x1171e29579b0;  1 drivers
v0x5ce4d1200c60_0 .net *"_ivl_288", 1 0, L_0x5ce4d1232600;  1 drivers
L_0x1171e29579f8 .functor BUFT 1, C4<00000000000000000000000000000001>, C4<0>, C4<0>, C4<0>;
v0x5ce4d1200d00_0 .net/2u *"_ivl_300", 31 0, L_0x1171e29579f8;  1 drivers
v0x5ce4d1200da0_0 .net *"_ivl_302", 0 0, L_0x5ce4d1233030;  1 drivers
L_0x1171e2957a40 .functor BUFT 1, C4<000000000000000000000000000001111>, C4<0>, C4<0>, C4<0>;
v0x5ce4d1200e40_0 .net/2u *"_ivl_304", 32 0, L_0x1171e2957a40;  1 drivers
v0x5ce4d1200ee0_0 .net *"_ivl_306", 0 0, L_0x5ce4d12332b0;  1 drivers
v0x5ce4d1200f80_0 .net *"_ivl_311", 0 0, L_0x5ce4d12334b0;  1 drivers
v0x5ce4d1201020_0 .net *"_ivl_313", 0 0, L_0x5ce4d1233780;  1 drivers
v0x5ce4d12010c0_0 .net *"_ivl_315", 0 0, L_0x5ce4d1233ac0;  1 drivers
v0x5ce4d1201160_0 .net *"_ivl_317", 0 0, L_0x5ce4d1233b60;  1 drivers
L_0x1171e2957a88 .functor BUFT 1, C4<01>, C4<0>, C4<0>, C4<0>;
v0x5ce4d1201200_0 .net/2s *"_ivl_318", 1 0, L_0x1171e2957a88;  1 drivers
L_0x1171e2957ad0 .functor BUFT 1, C4<00>, C4<0>, C4<0>, C4<0>;
v0x5ce4d12012a0_0 .net/2s *"_ivl_320", 1 0, L_0x1171e2957ad0;  1 drivers
v0x5ce4d1201340_0 .net *"_ivl_322", 1 0, L_0x5ce4d1233c70;  1 drivers
v0x5ce4d12013e0_0 .net *"_ivl_328", 8 0, L_0x5ce4d12343f0;  1 drivers
L_0x1171e2957b18 .functor BUFT 1, C4<0>, C4<0>, C4<0>, C4<0>;
v0x5ce4d1201480_0 .net *"_ivl_331", 0 0, L_0x1171e2957b18;  1 drivers
L_0x1171e2957b60 .functor BUFT 1, C4<000000001>, C4<0>, C4<0>, C4<0>;
v0x5ce4d1201520_0 .net/2u *"_ivl_332", 8 0, L_0x1171e2957b60;  1 drivers
L_0x1171e2957ba8 .functor BUFT 1, C4<00000000000000000000000000000001>, C4<0>, C4<0>, C4<0>;
v0x5ce4d12015c0_0 .net/2u *"_ivl_338", 31 0, L_0x1171e2957ba8;  1 drivers
v0x5ce4d1201660_0 .net *"_ivl_340", 0 0, L_0x5ce4d1234b60;  1 drivers
v0x5ce4d1201700_0 .net *"_ivl_343", 0 0, L_0x5ce4d1234740;  1 drivers
v0x5ce4d12017a0_0 .net *"_ivl_345", 0 0, L_0x5ce4d1234ca0;  1 drivers
L_0x1171e2957bf0 .functor BUFT 1, C4<xxxxxxxxxxxxxxxxxxxxxxxxxxxxxxxxxxxxxxxxx>, C4<0>, C4<0>, C4<0>;
v0x5ce4d1201840_0 .net *"_ivl_346", 40 0, L_0x1171e2957bf0;  1 drivers
L_0x1171e2957c38 .functor BUFT 1, C4<00000000000000000000000000000001>, C4<0>, C4<0>, C4<0>;
v0x5ce4d12018e0_0 .net/2u *"_ivl_350", 31 0, L_0x1171e2957c38;  1 drivers
v0x5ce4d1201980_0 .net *"_ivl_352", 0 0, L_0x5ce4d12353c0;  1 drivers
v0x5ce4d1201a20_0 .net *"_ivl_355", 0 0, L_0x5ce4d1235500;  1 drivers
v0x5ce4d1201ac0_0 .net *"_ivl_357", 0 0, L_0x5ce4d1235610;  1 drivers
L_0x1171e2957c80 .functor BUFT 1, C4<00000000000000000000000000000001>, C4<0>, C4<0>, C4<0>;
v0x5ce4d1201b60_0 .net/2u *"_ivl_358", 31 0, L_0x1171e2957c80;  1 drivers
v0x5ce4d1201c00_0 .net *"_ivl_360", 0 0, L_0x5ce4d12359d0;  1 drivers
v0x5ce4d1201ca0_0 .net *"_ivl_363", 0 0, L_0x5ce4d1235cb0;  1 drivers
v0x5ce4d1201d40_0 .net *"_ivl_365", 0 0, L_0x5ce4d1235d70;  1 drivers
v0x5ce4d1201de0_0 .net *"_ivl_367", 0 0, L_0x5ce4d12360f0;  1 drivers
v0x5ce4d1201e80_0 .net *"_ivl_369", 0 0, L_0x5ce4d1236190;  1 drivers
L_0x1171e2957cc8 .functor BUFT 1, C4<0>, C4<0>, C4<0>, C4<0>;
v0x5ce4d1201f20_0 .net/2u *"_ivl_370", 0 0, L_0x1171e2957cc8;  1 drivers
L_0x1171e2957d10 .functor BUFT 1, C4<00000000000000000000000000000000>, C4<0>, C4<0>, C4<0>;
v0x5ce4d1201fc0_0 .net/2u *"_ivl_380", 31 0, L_0x1171e2957d10;  1 drivers
v0x5ce4d1202060_0 .net *"_ivl_382", 0 0, L_0x5ce4d1236b90;  1 drivers
v0x5ce4d1202100_0 .net *"_ivl_385", 0 0, L_0x5ce4d1236e50;  1 drivers
v0x5ce4d12021a0_0 .net *"_ivl_387", 0 0, L_0x5ce4d1236ef0;  1 drivers
v0x5ce4d1202240_0 .net *"_ivl_389", 0 0, L_0x5ce4d1237280;  1 drivers
v0x5ce4d12022e0_0 .net *"_ivl_391", 0 0, L_0x5ce4d12375e0;  1 drivers
L_0x1171e2957d58 .functor BUFT 1, C4<01>, C4<0>, C4<0>, C4<0>;
v0x5ce4d1202380_0 .net/2s *"_ivl_392", 1 0, L_0x1171e2957d58;  1 drivers
L_0x1171e2957da0 .functor BUFT 1, C4<00>, C4<0>, C4<0>, C4<0>;
v0x5ce4d1202420_0 .net/2s *"_ivl_394", 1 0, L_0x1171e2957da0;  1 drivers
v0x5ce4d12024c0_0 .net *"_ivl_396", 1 0, L_0x5ce4d12376a0;  1 drivers
L_0x1171e2957e78 .functor BUFT 1, C4<00000000000000000000000000000100>, C4<0>, C4<0>, C4<0>;
v0x5ce4d1202560_0 .net/2u *"_ivl_474", 31 0, L_0x1171e2957e78;  1 drivers
v0x5ce4d1202600_0 .net *"_ivl_476", 0 0, L_0x5ce4d123d480;  1 drivers
L_0x1171e2957ec0 .functor BUFT 1, C4<00000000000000000000000000110000>, C4<0>, C4<0>, C4<0>;
v0x5ce4d12026a0_0 .net/2u *"_ivl_478", 31 0, L_0x1171e2957ec0;  1 drivers
v0x5ce4d1202740_0 .net *"_ivl_480", 0 0, L_0x5ce4d123d570;  1 drivers
v0x5ce4d12027e0_0 .net *"_ivl_483", 0 0, L_0x5ce4d123d900;  1 drivers
L_0x1171e2957f08 .functor BUFT 1, C4<00000000000000000000000001010110>, C4<0>, C4<0>, C4<0>;
v0x5ce4d1202880_0 .net/2u *"_ivl_484", 31 0, L_0x1171e2957f08;  1 drivers
v0x5ce4d1202920_0 .net *"_ivl_486", 0 0, L_0x5ce4d123da10;  1 drivers
v0x5ce4d12029c0_0 .net *"_ivl_60", 31 0, L_0x5ce4d1212560;  1 drivers
L_0x1171e2956180 .functor BUFT 1, C4<00000000000000000000000000000>, C4<0>, C4<0>, C4<0>;
v0x5ce4d1202a60_0 .net *"_ivl_63", 28 0, L_0x1171e2956180;  1 drivers
L_0x1171e29561c8 .functor BUFT 1, C4<00000000000000000000000000000000>, C4<0>, C4<0>, C4<0>;
v0x5ce4d1202b00_0 .net/2u *"_ivl_64", 31 0, L_0x1171e29561c8;  1 drivers
v0x5ce4d1202ba0_0 .net *"_ivl_66", 0 0, L_0x5ce4d1222610;  1 drivers
v0x5ce4d1202c40_0 .net *"_ivl_93", 0 0, L_0x5ce4d12226b0;  1 drivers
v0x5ce4d1202ce0_0 .var "_keep_sleep_count", 32 0;
v0x5ce4d1202d80_0 .var "_m_axis_spm_cond_0_1", 0 0;
v0x5ce4d1202e20_0 .var "_m_axis_spm_write_data_busy", 0 0;
v0x5ce4d1202ec0_0 .net "_m_axis_spm_write_data_idle", 0 0, L_0x5ce4d12269c0;  1 drivers
v0x5ce4d1202f60_0 .net "_m_axis_spm_write_idle", 0 0, L_0x5ce4d1226a80;  1 drivers
v0x5ce4d1203000_0 .var "_m_axis_spm_write_local_addr_buf", 31 0;
v0x5ce4d12030a0_0 .net "_m_axis_spm_write_local_addr_fifo", 31 0, L_0x5ce4d1226500;  1 drivers
v0x5ce4d1203140_0 .var "_m_axis_spm_write_local_stride_buf", 31 0;
v0x5ce4d12031e0_0 .net "_m_axis_spm_write_local_stride_fifo", 31 0, L_0x5ce4d12266a0;  1 drivers
v0x5ce4d1203280_0 .var "_m_axis_spm_write_op_sel_buf", 7 0;
v0x5ce4d1203320_0 .net "_m_axis_spm_write_op_sel_fifo", 7 0, L_0x5ce4d1226490;  1 drivers
v0x5ce4d12033c0_0 .net "_m_axis_spm_write_req_fifo_almost_empty", 0 0, L_0x5ce4d1225bc0;  1 drivers
v0x5ce4d1203460_0 .net "_m_axis_spm_write_req_fifo_almost_full", 0 0, L_0x5ce4d12259a0;  1 drivers
L_0x1171e2956720 .functor BUFT 1, C4<0>, C4<0>, C4<0>, C4<0>;
v0x5ce4d1203500_0 .net "_m_axis_spm_write_req_fifo_deq", 0 0, L_0x1171e2956720;  1 drivers
v0x5ce4d12035a0_0 .net "_m_axis_spm_write_req_fifo_empty", 0 0, L_0x5ce4d1225ab0;  1 drivers
L_0x1171e2956690 .functor BUFT 1, C4<0>, C4<0>, C4<0>, C4<0>;
v0x5ce4d1203640_0 .net "_m_axis_spm_write_req_fifo_enq", 0 0, L_0x1171e2956690;  1 drivers
v0x5ce4d12036e0_0 .net "_m_axis_spm_write_req_fifo_full", 0 0, L_0x5ce4d1225890;  1 drivers
v0x5ce4d1203780_0 .net "_m_axis_spm_write_req_fifo_rdata", 104 0, L_0x5ce4d1225fd0;  1 drivers
L_0x1171e29566d8 .functor BUFT 1, C4<xxxxxxxxxxxxxxxxxxxxxxxxxxxxxxxxxxxxxxxxxxxxxxxxxxxxxxxxxxxxxxxxxxxxxxxxxxxxxxxxxxxxxxxxxxxxxxxxxxxxxxxxx>, C4<0>, C4<0>, C4<0>;
v0x5ce4d1203820_0 .net "_m_axis_spm_write_req_fifo_wdata", 104 0, L_0x1171e29566d8;  1 drivers
v0x5ce4d12038c0_0 .var "_m_axis_spm_write_size_buf", 32 0;
v0x5ce4d1203960_0 .net "_m_axis_spm_write_size_fifo", 32 0, L_0x5ce4d1226760;  1 drivers
v0x5ce4d1203a00_0 .net "_maxi_spm_has_outstanding_write", 0 0, L_0x5ce4d10100b0;  1 drivers
v0x5ce4d1203aa0_0 .var "_maxi_spm_outstanding_wcount", 2 0;
v0x5ce4d1203b40_0 .var "_maxi_spm_raddr_cond_0_1", 0 0;
v0x5ce4d1203be0_0 .var "_maxi_spm_raddr_cond_1_1", 0 0;
v0x5ce4d1203c80_0 .var "_maxi_spm_raddr_cond_2_1", 0 0;
v0x5ce4d1203d20_0 .net "_maxi_spm_rdata_sb_0", 63 0, L_0x5ce4d0b229a0;  1 drivers
v0x5ce4d1203dc0_0 .net "_maxi_spm_rready_sb_0", 0 0, L_0x5ce4d123db00;  1 drivers
v0x5ce4d1203e60_0 .net "_maxi_spm_rvalid_sb_0", 0 0, L_0x5ce4d10552d0;  1 drivers
v0x5ce4d1203f00_0 .var "_maxi_spm_waddr_cond_0_1", 0 0;
v0x5ce4d1203fa0_0 .var "_maxi_spm_waddr_cond_10_1", 0 0;
v0x5ce4d1204040_0 .var "_maxi_spm_waddr_cond_11_1", 0 0;
v0x5ce4d12040e0_0 .var "_maxi_spm_waddr_cond_1_1", 0 0;
v0x5ce4d1204180_0 .var "_maxi_spm_waddr_cond_2_1", 0 0;
v0x5ce4d1204220_0 .var "_maxi_spm_waddr_cond_3_1", 0 0;
v0x5ce4d1204ad0_0 .var "_maxi_spm_waddr_cond_4_1", 0 0;
v0x5ce4d1204b70_0 .var "_maxi_spm_waddr_cond_5_1", 0 0;
v0x5ce4d1204c10_0 .var "_maxi_spm_waddr_cond_6_1", 0 0;
v0x5ce4d1204cb0_0 .var "_maxi_spm_waddr_cond_7_1", 0 0;
v0x5ce4d1204d50_0 .var "_maxi_spm_waddr_cond_8_1", 0 0;
v0x5ce4d1204df0_0 .var "_maxi_spm_waddr_cond_9_1", 0 0;
v0x5ce4d1204e90_0 .var "_maxi_spm_wdata_cond_0_1", 0 0;
v0x5ce4d1204f30_0 .var "_maxi_spm_wdata_cond_10_1", 0 0;
v0x5ce4d1204fd0_0 .var "_maxi_spm_wdata_cond_11_1", 0 0;
v0x5ce4d1205070_0 .var "_maxi_spm_wdata_cond_1_1", 0 0;
v0x5ce4d1205110_0 .var "_maxi_spm_wdata_cond_2_1", 0 0;
v0x5ce4d12051b0_0 .var "_maxi_spm_wdata_cond_3_1", 0 0;
v0x5ce4d1205250_0 .var "_maxi_spm_wdata_cond_4_1", 0 0;
v0x5ce4d12052f0_0 .var "_maxi_spm_wdata_cond_5_1", 0 0;
v0x5ce4d1205390_0 .var "_maxi_spm_wdata_cond_6_1", 0 0;
v0x5ce4d1205430_0 .var "_maxi_spm_wdata_cond_7_1", 0 0;
v0x5ce4d12054d0_0 .var "_maxi_spm_wdata_cond_8_1", 0 0;
v0x5ce4d1205570_0 .var "_maxi_spm_wdata_cond_9_1", 0 0;
v0x5ce4d1205610_0 .var "_maxi_spm_wdata_sb_0", 63 0;
v0x5ce4d12056b0_0 .net "_maxi_spm_wready_sb_0", 0 0, L_0x5ce4d0f70350;  1 drivers
v0x5ce4d1205750_0 .var "_maxi_spm_wstrb_sb_0", 7 0;
v0x5ce4d12057f0_0 .var "_maxi_spm_wvalid_sb_0", 0 0;
v0x5ce4d1205890 .array "_memory_mem", 1048575 0, 7 0;
v0x5ce4d1205930_0 .var "_memory_raddr_fsm", 31 0;
v0x5ce4d12059d0_0 .var "_memory_rdata_fsm", 31 0;
v0x5ce4d1205a70_0 .net "_memory_rreq_fifo_almost_empty", 0 0, L_0x5ce4d122c4e0;  1 drivers
v0x5ce4d1205b10_0 .net "_memory_rreq_fifo_almost_full", 0 0, L_0x5ce4d122c2c0;  1 drivers
v0x5ce4d1205bb0_0 .net "_memory_rreq_fifo_deq", 0 0, L_0x5ce4d1237830;  1 drivers
v0x5ce4d1205c50_0 .net "_memory_rreq_fifo_empty", 0 0, L_0x5ce4d122c3d0;  1 drivers
v0x5ce4d1205cf0_0 .net "_memory_rreq_fifo_enq", 0 0, L_0x5ce4d12362a0;  1 drivers
v0x5ce4d1205d90_0 .net "_memory_rreq_fifo_full", 0 0, L_0x5ce4d122c1b0;  1 drivers
v0x5ce4d1205e30_0 .net "_memory_rreq_fifo_rdata", 40 0, L_0x5ce4d122c8f0;  1 drivers
v0x5ce4d1205ed0_0 .net "_memory_rreq_fifo_wdata", 40 0, L_0x5ce4d1235000;  1 drivers
v0x5ce4d1205f70_0 .var "_memory_waddr_fsm", 31 0;
v0x5ce4d1206010_0 .net "_memory_wdata_fifo_almost_empty", 0 0, L_0x5ce4d122e010;  1 drivers
v0x5ce4d12060b0_0 .net "_memory_wdata_fifo_almost_full", 0 0, L_0x5ce4d122ddf0;  1 drivers
v0x5ce4d1206150_0 .net "_memory_wdata_fifo_deq", 0 0, L_0x5ce4d1233fb0;  1 drivers
v0x5ce4d12061f0_0 .net "_memory_wdata_fifo_empty", 0 0, L_0x5ce4d122df00;  1 drivers
v0x5ce4d1206290_0 .net "_memory_wdata_fifo_enq", 0 0, L_0x5ce4d122f860;  1 drivers
v0x5ce4d1206330_0 .net "_memory_wdata_fifo_full", 0 0, L_0x5ce4d122dce0;  1 drivers
v0x5ce4d12063d0_0 .net "_memory_wdata_fifo_rdata", 72 0, L_0x5ce4d122e420;  1 drivers
v0x5ce4d1206470_0 .net "_memory_wdata_fifo_wdata", 72 0, L_0x5ce4d122ee20;  1 drivers
v0x5ce4d1206510_0 .var "_memory_wdata_fsm", 31 0;
v0x5ce4d12065b0_0 .net "_memory_wreq_fifo_almost_empty", 0 0, L_0x5ce4d122a9b0;  1 drivers
v0x5ce4d1206650_0 .net "_memory_wreq_fifo_almost_full", 0 0, L_0x5ce4d122a790;  1 drivers
v0x5ce4d12066f0_0 .net "_memory_wreq_fifo_deq", 0 0, L_0x5ce4d12328f0;  1 drivers
v0x5ce4d1206790_0 .net "_memory_wreq_fifo_empty", 0 0, L_0x5ce4d122a8a0;  1 drivers
v0x5ce4d1206830_0 .net "_memory_wreq_fifo_enq", 0 0, L_0x5ce4d1231810;  1 drivers
v0x5ce4d12068d0_0 .net "_memory_wreq_fifo_full", 0 0, L_0x5ce4d122a650;  1 drivers
v0x5ce4d1206970_0 .net "_memory_wreq_fifo_rdata", 40 0, L_0x5ce4d122adc0;  1 drivers
v0x5ce4d1206a10_0 .net "_memory_wreq_fifo_wdata", 40 0, L_0x5ce4d1230590;  1 drivers
v0x5ce4d1206ab0_0 .var "_read_addr", 31 0;
v0x5ce4d1206b50_0 .var "_read_count", 32 0;
v0x5ce4d1206bf0_0 .var "_s_axis_spm_read_data_busy", 0 0;
v0x5ce4d1206c90_0 .net "_s_axis_spm_read_data_idle", 0 0, L_0x5ce4d1224390;  1 drivers
v0x5ce4d1206d30_0 .net "_s_axis_spm_read_idle", 0 0, L_0x5ce4d1224450;  1 drivers
v0x5ce4d1206dd0_0 .var "_s_axis_spm_read_local_addr_buf", 31 0;
v0x5ce4d1206e70_0 .net "_s_axis_spm_read_local_addr_fifo", 31 0, L_0x5ce4d1223fe0;  1 drivers
v0x5ce4d1206f10_0 .var "_s_axis_spm_read_local_size_buf", 32 0;
v0x5ce4d1206fb0_0 .net "_s_axis_spm_read_local_size_fifo", 32 0, L_0x5ce4d1224210;  1 drivers
v0x5ce4d1207050_0 .var "_s_axis_spm_read_local_stride_buf", 31 0;
v0x5ce4d12070f0_0 .net "_s_axis_spm_read_local_stride_fifo", 31 0, L_0x5ce4d1224150;  1 drivers
v0x5ce4d1207190_0 .var "_s_axis_spm_read_op_sel_buf", 7 0;
v0x5ce4d1207230_0 .net "_s_axis_spm_read_op_sel_fifo", 7 0, L_0x5ce4d1223db0;  1 drivers
v0x5ce4d12072d0_0 .net "_s_axis_spm_read_req_fifo_almost_empty", 0 0, L_0x5ce4d1223750;  1 drivers
v0x5ce4d1207370_0 .net "_s_axis_spm_read_req_fifo_almost_full", 0 0, L_0x5ce4d1223530;  1 drivers
L_0x1171e29562a0 .functor BUFT 1, C4<0>, C4<0>, C4<0>, C4<0>;
v0x5ce4d1207410_0 .net "_s_axis_spm_read_req_fifo_deq", 0 0, L_0x1171e29562a0;  1 drivers
v0x5ce4d12074b0_0 .net "_s_axis_spm_read_req_fifo_empty", 0 0, L_0x5ce4d1223640;  1 drivers
L_0x1171e2956210 .functor BUFT 1, C4<0>, C4<0>, C4<0>, C4<0>;
v0x5ce4d1207550_0 .net "_s_axis_spm_read_req_fifo_enq", 0 0, L_0x1171e2956210;  1 drivers
v0x5ce4d12075f0_0 .net "_s_axis_spm_read_req_fifo_full", 0 0, L_0x5ce4d1223420;  1 drivers
v0x5ce4d1207690_0 .net "_s_axis_spm_read_req_fifo_rdata", 104 0, L_0x5ce4d1223b60;  1 drivers
L_0x1171e2956258 .functor BUFT 1, C4<xxxxxxxxxxxxxxxxxxxxxxxxxxxxxxxxxxxxxxxxxxxxxxxxxxxxxxxxxxxxxxxxxxxxxxxxxxxxxxxxxxxxxxxxxxxxxxxxxxxxxxxxx>, C4<0>, C4<0>, C4<0>;
v0x5ce4d1207730_0 .net "_s_axis_spm_read_req_fifo_wdata", 104 0, L_0x1171e2956258;  1 drivers
v0x5ce4d12077d0_0 .var "_sb_maxi_spm_readdata_data_18", 63 0;
v0x5ce4d1207870_0 .net "_sb_maxi_spm_readdata_m_ready_17", 0 0, L_0x5ce4d106e500;  1 drivers
v0x5ce4d1207910_0 .net "_sb_maxi_spm_readdata_m_value_25", 63 0, v0x5ce4d12077d0_0;  1 drivers
v0x5ce4d12079b0_0 .net "_sb_maxi_spm_readdata_next_data_23", 63 0, L_0x5ce4d12124c0;  1 drivers
v0x5ce4d1207a50_0 .net "_sb_maxi_spm_readdata_next_valid_24", 0 0, L_0x5ce4d0f902b0;  1 drivers
v0x5ce4d1207af0_0 .net "_sb_maxi_spm_readdata_ready_20", 0 0, L_0x5ce4d1212420;  1 drivers
v0x5ce4d1207b90_0 .net "_sb_maxi_spm_readdata_s_data_15", 63 0, L_0x5ce4d1212380;  1 drivers
v0x5ce4d1207c30_0 .net "_sb_maxi_spm_readdata_s_valid_16", 0 0, L_0x5ce4d107a330;  1 drivers
v0x5ce4d1207cd0_0 .net "_sb_maxi_spm_readdata_s_value_14", 63 0, L_0x5ce4d107c020;  1 drivers
v0x5ce4d1207d70_0 .var "_sb_maxi_spm_readdata_tmp_data_21", 63 0;
v0x5ce4d1207e10_0 .var "_sb_maxi_spm_readdata_tmp_valid_22", 0 0;
v0x5ce4d1207eb0_0 .var "_sb_maxi_spm_readdata_valid_19", 0 0;
v0x5ce4d1207f50_0 .var "_sb_maxi_spm_writedata_data_5", 71 0;
v0x5ce4d1207ff0_0 .net "_sb_maxi_spm_writedata_m_ready_4", 0 0, L_0x5ce4d0f3a790;  1 drivers
v0x5ce4d1208090_0 .net "_sb_maxi_spm_writedata_m_value_12", 7 0, L_0x5ce4d1212240;  1 drivers
v0x5ce4d1208130_0 .net "_sb_maxi_spm_writedata_m_value_13", 63 0, L_0x5ce4d12122e0;  1 drivers
v0x5ce4d12081d0_0 .net "_sb_maxi_spm_writedata_next_data_10", 71 0, L_0x5ce4d12121a0;  1 drivers
v0x5ce4d1208270_0 .net "_sb_maxi_spm_writedata_next_valid_11", 0 0, L_0x5ce4d0f5bef0;  1 drivers
v0x5ce4d1208310_0 .net "_sb_maxi_spm_writedata_ready_7", 0 0, L_0x5ce4d1212100;  1 drivers
v0x5ce4d12083b0_0 .net "_sb_maxi_spm_writedata_s_data_2", 71 0, L_0x5ce4d1212060;  1 drivers
v0x5ce4d1208450_0 .net "_sb_maxi_spm_writedata_s_valid_3", 0 0, v0x5ce4d12057f0_0;  1 drivers
v0x5ce4d12084f0_0 .net "_sb_maxi_spm_writedata_s_value_0", 7 0, v0x5ce4d1205750_0;  1 drivers
v0x5ce4d1208590_0 .net "_sb_maxi_spm_writedata_s_value_1", 63 0, v0x5ce4d1205610_0;  1 drivers
v0x5ce4d1208630_0 .var "_sb_maxi_spm_writedata_tmp_data_8", 71 0;
v0x5ce4d12086d0_0 .var "_sb_maxi_spm_writedata_tmp_valid_9", 0 0;
v0x5ce4d1208770_0 .var "_sb_maxi_spm_writedata_valid_6", 0 0;
v0x5ce4d1208810_0 .var "_sleep_interval_count", 32 0;
v0x5ce4d12088b0_0 .var/s "_th_ctrl_i_0", 31 0;
v0x5ce4d1208950_0 .net "_tmp_34", 31 0, L_0x5ce4d1226c40;  1 drivers
v0x5ce4d12089f0_0 .net "_tmp_35", 3 0, L_0x5ce4d1226cb0;  1 drivers
v0x5ce4d1208a90_0 .net "_tmp_36", 2 0, L_0x5ce4d1226e80;  1 drivers
v0x5ce4d1208b30_0 .net "_tmp_37", 0 0, L_0x5ce4d1226f40;  1 drivers
v0x5ce4d1208bd0_0 .net "_tmp_38", 63 0, L_0x5ce4d12271e0;  1 drivers
v0x5ce4d1208c70_0 .net "_tmp_39", 7 0, L_0x5ce4d1227000;  1 drivers
v0x5ce4d1208d10_0 .net "_tmp_40", 0 0, L_0x5ce4d12273d0;  1 drivers
v0x5ce4d1208db0_0 .net "_tmp_41", 0 0, L_0x5ce4d1227960;  1 drivers
v0x5ce4d1208e50_0 .net "_tmp_42", 31 0, L_0x5ce4d1227b80;  1 drivers
v0x5ce4d1208ef0_0 .net "_tmp_43", 3 0, L_0x5ce4d1227bf0;  1 drivers
v0x5ce4d1208f90_0 .net "_tmp_44", 2 0, L_0x5ce4d1227e20;  1 drivers
v0x5ce4d1209030_0 .net "_tmp_45", 0 0, L_0x5ce4d1227ee0;  1 drivers
v0x5ce4d12090d0_0 .net "_tmp_46", 0 0, L_0x5ce4d12287a0;  1 drivers
v0x5ce4d1209170_0 .net "_tmp_47", 0 0, L_0x5ce4d1228b90;  1 drivers
v0x5ce4d1209210_0 .net "_tmp_48", 127 0, L_0x5ce4d1228e80;  1 drivers
v0x5ce4d12092b0_0 .net "_tmp_49", 0 0, L_0x5ce4d12290c0;  1 drivers
v0x5ce4d1209350_0 .net "_tmp_50", 0 0, L_0x5ce4d12293d0;  1 drivers
v0x5ce4d12093f0_0 .net "_tmp_57", 0 0, L_0x5ce4d122fa40;  1 drivers
v0x5ce4d1209490_0 .net "_tmp_62", 0 0, L_0x5ce4d12319f0;  1 drivers
v0x5ce4d1209530_0 .net "_tmp_74", 0 0, L_0x5ce4d1236680;  1 drivers
v0x5ce4d12095d0_0 .net "_tmp_77", 0 0, L_0x5ce4d1239310;  1 drivers
v0x5ce4d1209670_0 .net "_tmp_78", 0 0, L_0x5ce4d123a1b0;  1 drivers
L_0x1171e2957de8 .functor BUFT 1, C4<0000>, C4<0>, C4<0>, C4<0>;
v0x5ce4d1209710_0 .net "_tmp_79", 3 0, L_0x1171e2957de8;  1 drivers
v0x5ce4d12097b0_0 .net "_tmp_80", 1 0, L_0x5ce4d123a220;  1 drivers
v0x5ce4d1209850_0 .net "_tmp_81", 0 0, L_0x5ce4d123a640;  1 drivers
v0x5ce4d12098f0_0 .net "_tmp_82", 0 0, L_0x5ce4d123c560;  1 drivers
L_0x1171e2957e30 .functor BUFT 1, C4<0000>, C4<0>, C4<0>, C4<0>;
v0x5ce4d1209990_0 .net "_tmp_83", 3 0, L_0x1171e2957e30;  1 drivers
v0x5ce4d1209a30_0 .net "_tmp_84", 63 0, L_0x5ce4d123c660;  1 drivers
v0x5ce4d12042c0_0 .net "_tmp_85", 1 0, L_0x5ce4d123caa0;  1 drivers
v0x5ce4d1204380_0 .net "_tmp_86", 0 0, L_0x5ce4d123cb10;  1 drivers
v0x5ce4d1204440_0 .net "_tmp_87", 0 0, L_0x5ce4d123cf60;  1 drivers
v0x5ce4d1204500_0 .var "_write_addr", 31 0;
v0x5ce4d12045e0_0 .var "_write_count", 32 0;
v0x5ce4d12046c0_0 .net "axi_m_dram_araddr", 31 0, v0x5ce4d11f2b10_0;  1 drivers
v0x5ce4d12047b0_0 .net "axi_m_dram_arburst", 1 0, L_0x1171e29591e0;  1 drivers
v0x5ce4d1204880_0 .net "axi_m_dram_arcache", 3 0, L_0x1171e2959270;  1 drivers
v0x5ce4d1204950_0 .net "axi_m_dram_arid", 3 0, v0x5ce4d11f2cf0_0;  1 drivers
v0x5ce4d1204a20_0 .net "axi_m_dram_arlen", 7 0, v0x5ce4d11f2d90_0;  1 drivers
v0x5ce4d120aae0_0 .net "axi_m_dram_arlock", 0 0, L_0x1171e2959228;  1 drivers
v0x5ce4d120ab80_0 .net "axi_m_dram_arprot", 2 0, L_0x1171e29592b8;  1 drivers
v0x5ce4d120ac20_0 .net "axi_m_dram_arqos", 3 0, L_0x1171e2959300;  1 drivers
v0x5ce4d120acc0_0 .var "axi_m_dram_arready", 0 0;
v0x5ce4d120ad60_0 .net "axi_m_dram_arsize", 2 0, L_0x1171e2959198;  1 drivers
v0x5ce4d120ae00_0 .net "axi_m_dram_aruser", 1 0, L_0x1171e2959348;  1 drivers
v0x5ce4d120aea0_0 .net "axi_m_dram_arvalid", 0 0, v0x5ce4d11f31f0_0;  1 drivers
v0x5ce4d120af40_0 .net "axi_m_dram_awaddr", 31 0, v0x5ce4d11f3290_0;  1 drivers
v0x5ce4d120afe0_0 .net "axi_m_dram_awburst", 1 0, L_0x1171e2958fa0;  1 drivers
v0x5ce4d120b080_0 .net "axi_m_dram_awcache", 3 0, L_0x1171e2959030;  1 drivers
v0x5ce4d120b120_0 .net "axi_m_dram_awid", 3 0, v0x5ce4d11de0e0_0;  1 drivers
v0x5ce4d120b1c0_0 .net "axi_m_dram_awlen", 7 0, v0x5ce4d11de1c0_0;  1 drivers
v0x5ce4d120b260_0 .net "axi_m_dram_awlock", 0 0, L_0x1171e2958fe8;  1 drivers
v0x5ce4d120b300_0 .net "axi_m_dram_awprot", 2 0, L_0x1171e2959078;  1 drivers
v0x5ce4d120b3a0_0 .net "axi_m_dram_awqos", 3 0, L_0x1171e29590c0;  1 drivers
v0x5ce4d120b440_0 .var "axi_m_dram_awready", 0 0;
v0x5ce4d120b4e0_0 .net "axi_m_dram_awsize", 2 0, L_0x1171e2958f58;  1 drivers
v0x5ce4d120b580_0 .net "axi_m_dram_awuser", 1 0, L_0x1171e2959108;  1 drivers
v0x5ce4d120b620_0 .net "axi_m_dram_awvalid", 0 0, v0x5ce4d11de7c0_0;  1 drivers
v0x5ce4d120b6c0_0 .var "axi_m_dram_bid", 3 0;
v0x5ce4d120b760_0 .net "axi_m_dram_bready", 0 0, L_0x1171e2959150;  1 drivers
v0x5ce4d120b800_0 .var "axi_m_dram_bresp", 1 0;
v0x5ce4d120b8a0_0 .var "axi_m_dram_bvalid", 0 0;
v0x5ce4d120b940_0 .var "axi_m_dram_rdata", 63 0;
v0x5ce4d120b9e0_0 .var "axi_m_dram_rid", 3 0;
v0x5ce4d120ba80_0 .var "axi_m_dram_rlast", 0 0;
v0x5ce4d120bb20_0 .net "axi_m_dram_rready", 0 0, L_0x5ce4d124a490;  1 drivers
v0x5ce4d120bbc0_0 .var "axi_m_dram_rresp", 1 0;
v0x5ce4d120bc60_0 .var "axi_m_dram_rvalid", 0 0;
v0x5ce4d120bd00_0 .net "axi_m_dram_wdata", 63 0, L_0x5ce4d1248e70;  1 drivers
v0x5ce4d120bda0_0 .net "axi_m_dram_wlast", 0 0, L_0x5ce4d1249080;  1 drivers
v0x5ce4d120be40_0 .var "axi_m_dram_wready", 0 0;
v0x5ce4d120bee0_0 .net "axi_m_dram_wstrb", 7 0, L_0x5ce4d1248fc0;  1 drivers
v0x5ce4d120bf80_0 .net "axi_m_dram_wvalid", 0 0, v0x5ce4d11f2250_0;  1 drivers
v0x5ce4d120c020_0 .var "axi_s_ctrl_spm_araddr", 31 0;
v0x5ce4d120c0c0_0 .var "axi_s_ctrl_spm_arcache", 3 0;
v0x5ce4d120c160_0 .var "axi_s_ctrl_spm_arprot", 2 0;
v0x5ce4d120c200_0 .net "axi_s_ctrl_spm_arready", 0 0, L_0x5ce4d123edc0;  1 drivers
v0x5ce4d120c2a0_0 .var "axi_s_ctrl_spm_arvalid", 0 0;
v0x5ce4d120c340_0 .var "axi_s_ctrl_spm_awaddr", 31 0;
v0x5ce4d120c3e0_0 .var "axi_s_ctrl_spm_awcache", 3 0;
v0x5ce4d120c480_0 .var "axi_s_ctrl_spm_awprot", 2 0;
v0x5ce4d120c520_0 .net "axi_s_ctrl_spm_awready", 0 0, L_0x5ce4d123e570;  1 drivers
v0x5ce4d120c5c0_0 .var "axi_s_ctrl_spm_awvalid", 0 0;
v0x5ce4d120c660_0 .var "axi_s_ctrl_spm_bready", 0 0;
v0x5ce4d120c700_0 .net "axi_s_ctrl_spm_bresp", 1 0, L_0x1171e2957f50;  1 drivers
v0x5ce4d120c7a0_0 .net "axi_s_ctrl_spm_bvalid", 0 0, v0x5ce4d11dfe80_0;  1 drivers
v0x5ce4d120c840_0 .net "axi_s_ctrl_spm_rdata", 63 0, v0x5ce4d11dff40_0;  1 drivers
v0x5ce4d120c8e0_0 .var "axi_s_ctrl_spm_rready", 0 0;
v0x5ce4d120c980_0 .net "axi_s_ctrl_spm_rresp", 1 0, L_0x1171e2957f98;  1 drivers
v0x5ce4d120ca20_0 .net "axi_s_ctrl_spm_rvalid", 0 0, v0x5ce4d11f7520_0;  1 drivers
v0x5ce4d120cac0_0 .var "axi_s_ctrl_spm_wdata", 63 0;
v0x5ce4d120cb60_0 .net "axi_s_ctrl_spm_wready", 0 0, L_0x5ce4d1247920;  1 drivers
v0x5ce4d120cc00_0 .var "axi_s_ctrl_spm_wstrb", 7 0;
v0x5ce4d120cca0_0 .var "axi_s_ctrl_spm_wvalid", 0 0;
v0x5ce4d120cd40_0 .var/s "axim_rdata_89", 63 0;
v0x5ce4d120cde0_0 .var/s "axim_rdata_90", 63 0;
v0x5ce4d120ce80_0 .var/s "axim_rdata_91", 63 0;
v0x5ce4d120cf20_0 .var "axis_in_axim_spm_tdata", 127 0;
v0x5ce4d120cfc0_0 .var "axis_in_axim_spm_tlast", 0 0;
v0x5ce4d120d060_0 .net "axis_in_axim_spm_tready", 0 0, L_0x5ce4d1276bf0;  1 drivers
v0x5ce4d120d100_0 .var "axis_in_axim_spm_tvalid", 0 0;
v0x5ce4d120d1a0_0 .var "axis_in_xored_spm_tdata", 127 0;
v0x5ce4d120d240_0 .var "axis_in_xored_spm_tlast", 0 0;
v0x5ce4d120d2e0_0 .net "axis_in_xored_spm_tready", 0 0, L_0x5ce4d127dd30;  1 drivers
v0x5ce4d120d380_0 .var "axis_in_xored_spm_tvalid", 0 0;
v0x5ce4d120d420_0 .net "axis_out_axim_spm_tdata", 127 0, v0x5ce4d11f7de0_0;  1 drivers
v0x5ce4d120d4c0_0 .net "axis_out_axim_spm_tlast", 0 0, v0x5ce4d11f7e80_0;  1 drivers
v0x5ce4d120d560_0 .var "axis_out_axim_spm_tready", 0 0;
v0x5ce4d120d600_0 .net "axis_out_axim_spm_tvalid", 0 0, v0x5ce4d11f7fc0_0;  1 drivers
v0x5ce4d120d6a0_0 .net "axis_out_mac_spm_tdata", 127 0, v0x5ce4d11f8060_0;  1 drivers
v0x5ce4d120d740_0 .net "axis_out_mac_spm_tlast", 0 0, v0x5ce4d11f8100_0;  1 drivers
v0x5ce4d120d7e0_0 .var "axis_out_mac_spm_tready", 0 0;
v0x5ce4d120d880_0 .net "axis_out_mac_spm_tvalid", 0 0, v0x5ce4d11f8240_0;  1 drivers
v0x5ce4d120d920_0 .net "axis_out_xored_spm_tdata", 127 0, v0x5ce4d11f82e0_0;  1 drivers
v0x5ce4d120d9c0_0 .net "axis_out_xored_spm_tlast", 0 0, v0x5ce4d11f8380_0;  1 drivers
v0x5ce4d120da60_0 .var "axis_out_xored_spm_tready", 0 0;
v0x5ce4d120db00_0 .net "axis_out_xored_spm_tvalid", 0 0, v0x5ce4d11f84c0_0;  1 drivers
v0x5ce4d120dba0_0 .var "complete", 0 0;
v0x5ce4d120dc40_0 .var "count__m_axis_spm_write_req_fifo", 3 0;
v0x5ce4d120dce0_0 .var "count__memory_rreq_fifo", 3 0;
v0x5ce4d120dd80_0 .var "count__memory_wdata_fifo", 3 0;
v0x5ce4d120de20_0 .var "count__memory_wreq_fifo", 3 0;
v0x5ce4d120dec0_0 .var "count__s_axis_spm_read_req_fifo", 3 0;
v0x5ce4d120df60_0 .var "fsm", 31 0;
v0x5ce4d120e000_0 .var "m_axis_spm_tdata", 127 0;
v0x5ce4d120e0a0_0 .var "m_axis_spm_tlast", 0 0;
v0x5ce4d120e140_0 .net "m_axis_spm_tready", 0 0, L_0x5ce4d1229130;  1 drivers
v0x5ce4d120e1e0_0 .var "m_axis_spm_tvalid", 0 0;
v0x5ce4d120e280_0 .var "maxi_spm_araddr", 31 0;
v0x5ce4d120e320_0 .net "maxi_spm_arcache", 3 0, L_0x1171e29560f0;  1 drivers
v0x5ce4d120e3c0_0 .net "maxi_spm_arprot", 2 0, L_0x1171e2956138;  1 drivers
v0x5ce4d120e460_0 .net "maxi_spm_arready", 0 0, L_0x5ce4d12280d0;  1 drivers
v0x5ce4d120e500_0 .var "maxi_spm_arvalid", 0 0;
v0x5ce4d120e5a0_0 .var "maxi_spm_awaddr", 31 0;
v0x5ce4d120e640_0 .net "maxi_spm_awcache", 3 0, L_0x1171e2956018;  1 drivers
v0x5ce4d120e6e0_0 .net "maxi_spm_awprot", 2 0, L_0x1171e2956060;  1 drivers
v0x5ce4d120e780_0 .net "maxi_spm_awready", 0 0, L_0x5ce4d1227120;  1 drivers
v0x5ce4d120e820_0 .var "maxi_spm_awvalid", 0 0;
v0x5ce4d120e8c0_0 .net "maxi_spm_bready", 0 0, L_0x1171e29560a8;  1 drivers
v0x5ce4d120e960_0 .net "maxi_spm_bresp", 1 0, L_0x5ce4d1227690;  1 drivers
v0x5ce4d120ea00_0 .net "maxi_spm_bvalid", 0 0, L_0x5ce4d12278a0;  1 drivers
v0x5ce4d120eaa0_0 .net "maxi_spm_rdata", 63 0, L_0x5ce4d1228190;  1 drivers
v0x5ce4d120eb40_0 .net "maxi_spm_rready", 0 0, L_0x5ce4d0fbd2b0;  1 drivers
v0x5ce4d120ebe0_0 .net "maxi_spm_rresp", 1 0, L_0x5ce4d1228430;  1 drivers
v0x5ce4d120ec80_0 .net "maxi_spm_rvalid", 0 0, L_0x5ce4d12284f0;  1 drivers
v0x5ce4d120ed20_0 .net "maxi_spm_wdata", 63 0, L_0x5ce4d0f66120;  1 drivers
v0x5ce4d120edc0_0 .net "maxi_spm_wready", 0 0, L_0x5ce4d1227580;  1 drivers
v0x5ce4d120ee60_0 .net "maxi_spm_wstrb", 7 0, L_0x5ce4d1099de0;  1 drivers
v0x5ce4d120ef00_0 .net "maxi_spm_wvalid", 0 0, v0x5ce4d1208770_0;  1 drivers
v0x5ce4d120efa0_0 .net "memory_araddr", 31 0, L_0x5ce4d123aae0;  1 drivers
v0x5ce4d120f040_0 .net "memory_arburst", 1 0, L_0x5ce4d123b140;  1 drivers
v0x5ce4d120f0e0_0 .net "memory_arcache", 3 0, L_0x5ce4d123b650;  1 drivers
v0x5ce4d120f180_0 .net "memory_arlen", 7 0, L_0x5ce4d123abf0;  1 drivers
v0x5ce4d120f220_0 .net "memory_arlock", 0 0, L_0x5ce4d123b590;  1 drivers
v0x5ce4d120f2c0_0 .net "memory_arprot", 2 0, L_0x5ce4d123bab0;  1 drivers
v0x5ce4d120f360_0 .net "memory_arqos", 3 0, L_0x5ce4d123bb70;  1 drivers
v0x5ce4d120f400_0 .var "memory_arready", 0 0;
v0x5ce4d120f4a0_0 .net "memory_arsize", 2 0, L_0x5ce4d123b080;  1 drivers
v0x5ce4d120f540_0 .net "memory_aruser", 1 0, L_0x5ce4d123bfe0;  1 drivers
v0x5ce4d120f5e0_0 .net "memory_arvalid", 0 0, L_0x5ce4d123c0a0;  1 drivers
v0x5ce4d120f680_0 .net "memory_awaddr", 31 0, L_0x5ce4d1237bb0;  1 drivers
v0x5ce4d120f720_0 .net "memory_awburst", 1 0, L_0x5ce4d1238460;  1 drivers
v0x5ce4d120f7c0_0 .net "memory_awcache", 3 0, L_0x5ce4d12388e0;  1 drivers
v0x5ce4d120f860_0 .net "memory_awlen", 7 0, L_0x5ce4d1237fa0;  1 drivers
v0x5ce4d120f900_0 .net "memory_awlock", 0 0, L_0x5ce4d1238520;  1 drivers
v0x5ce4d120f9a0_0 .net "memory_awprot", 2 0, L_0x5ce4d12389a0;  1 drivers
v0x5ce4d120fa40_0 .net "memory_awqos", 3 0, L_0x5ce4d1238d70;  1 drivers
v0x5ce4d120fae0_0 .var "memory_awready", 0 0;
v0x5ce4d120fb80_0 .net "memory_awsize", 2 0, L_0x5ce4d12380b0;  1 drivers
v0x5ce4d120fc20_0 .net "memory_awuser", 1 0, L_0x5ce4d1238e30;  1 drivers
v0x5ce4d120fcc0_0 .net "memory_awvalid", 0 0, L_0x5ce4d1239210;  1 drivers
v0x5ce4d120fd60_0 .net "memory_bready", 0 0, L_0x5ce4d123a6b0;  1 drivers
v0x5ce4d120fe00_0 .net "memory_bresp", 1 0, L_0x1171e2956b10;  1 drivers
v0x5ce4d120fea0_0 .var "memory_bvalid", 0 0;
v0x5ce4d120ff40_0 .var "memory_rdata", 63 0;
v0x5ce4d120ffe0_0 .var "memory_rlast", 0 0;
v0x5ce4d1210080_0 .net "memory_rready", 0 0, L_0x5ce4d123cfd0;  1 drivers
v0x5ce4d1210120_0 .net "memory_rresp", 1 0, L_0x1171e2956b58;  1 drivers
v0x5ce4d12101c0_0 .var "memory_rvalid", 0 0;
v0x5ce4d1210260_0 .net "memory_wdata", 63 0, L_0x5ce4d1239740;  1 drivers
v0x5ce4d1210300_0 .net "memory_wlast", 0 0, L_0x5ce4d1239c50;  1 drivers
v0x5ce4d12103a0_0 .net "memory_wready", 0 0, L_0x5ce4d122e530;  1 drivers
v0x5ce4d1210440_0 .net "memory_wstrb", 7 0, L_0x5ce4d1239800;  1 drivers
v0x5ce4d12104e0_0 .net "memory_wvalid", 0 0, L_0x5ce4d1239d60;  1 drivers
v0x5ce4d1210580_0 .net "pack_read_req_global_addr_70", 31 0, L_0x5ce4d12340f0;  1 drivers
v0x5ce4d1210620_0 .net "pack_read_req_packed_72", 40 0, L_0x5ce4d1234850;  1 drivers
v0x5ce4d12106c0_0 .net "pack_read_req_size_71", 8 0, L_0x5ce4d12346a0;  1 drivers
v0x5ce4d1210760_0 .net "pack_write_data_packed_55", 72 0, L_0x5ce4d122eb10;  1 drivers
v0x5ce4d1210800_0 .net "pack_write_data_wdata_52", 63 0, L_0x5ce4d122e5d0;  1 drivers
v0x5ce4d12108a0_0 .net "pack_write_data_wdata_65", 63 0, L_0x5ce4d1232a30;  1 drivers
v0x5ce4d1210940_0 .net "pack_write_data_wlast_54", 0 0, L_0x5ce4d122e8a0;  1 drivers
v0x5ce4d12109e0_0 .net "pack_write_data_wlast_67", 0 0, L_0x5ce4d1232d70;  1 drivers
v0x5ce4d1210a80_0 .net "pack_write_data_wstrb_53", 7 0, L_0x5ce4d122e830;  1 drivers
v0x5ce4d1210b20_0 .net "pack_write_data_wstrb_66", 7 0, L_0x5ce4d1232c40;  1 drivers
v0x5ce4d1210bc0_0 .net "pack_write_req_global_addr_58", 31 0, L_0x5ce4d122fbc0;  1 drivers
v0x5ce4d1210c60_0 .net "pack_write_req_packed_60", 40 0, L_0x5ce4d122fae0;  1 drivers
v0x5ce4d1210d00_0 .net "pack_write_req_size_59", 8 0, L_0x5ce4d122fd20;  1 drivers
v0x5ce4d1210da0_0 .var "ram_spm_1_addr", 8 0;
v0x5ce4d1210e40_0 .var "ram_spm_1_enable", 0 0;
v0x5ce4d1210ee0_0 .net "ram_spm_1_rdata", 63 0, L_0x5ce4d1261590;  1 drivers
v0x5ce4d1210f80_0 .var "ram_spm_1_wdata", 63 0;
v0x5ce4d1211020_0 .var "ram_spm_1_wenable", 0 0;
v0x5ce4d12110c0_0 .var/s "rdata_92", 31 0;
v0x5ce4d1211160_0 .var/s "rdata_93", 31 0;
v0x5ce4d1211200_0 .var/s "rdata_94", 31 0;
v0x5ce4d12112a0_0 .var/s "rdata_95", 31 0;
v0x5ce4d1211340_0 .var "read_data_51", 127 0;
v0x5ce4d12113e0_0 .net "s_axis_spm_tdata", 127 0, L_0x5ce4d1228860;  1 drivers
v0x5ce4d1211480_0 .net "s_axis_spm_tlast", 0 0, L_0x5ce4d1228dc0;  1 drivers
v0x5ce4d1211520_0 .net "s_axis_spm_tready", 0 0, o0x1171e29b9478;  0 drivers
v0x5ce4d12115c0_0 .net "s_axis_spm_tvalid", 0 0, L_0x5ce4d1228ad0;  1 drivers
v0x5ce4d1211660_0 .var "th_ctrl", 31 0;
v0x5ce4d1211700_0 .net "unpack_read_req_global_addr_75", 31 0, L_0x5ce4d12367b0;  1 drivers
v0x5ce4d12117a0_0 .net "unpack_read_req_local_addr_27", 31 0, L_0x5ce4d1223d10;  1 drivers
v0x5ce4d1211840_0 .net "unpack_read_req_local_size_29", 32 0, L_0x5ce4d1223ec0;  1 drivers
v0x5ce4d12118e0_0 .net "unpack_read_req_local_stride_28", 31 0, L_0x5ce4d1223e20;  1 drivers
v0x5ce4d1211980_0 .net "unpack_read_req_op_sel_26", 7 0, L_0x5ce4d1223c70;  1 drivers
v0x5ce4d1211a20_0 .net "unpack_read_req_size_76", 8 0, L_0x5ce4d1236a60;  1 drivers
v0x5ce4d1211ac0_0 .net "unpack_write_req_global_addr_63", 31 0, L_0x5ce4d1231380;  1 drivers
v0x5ce4d1211b60_0 .net "unpack_write_req_local_addr_31", 31 0, L_0x5ce4d1226210;  1 drivers
v0x5ce4d1211c00_0 .net "unpack_write_req_local_size_33", 32 0, L_0x5ce4d12263f0;  1 drivers
v0x5ce4d1211ca0_0 .net "unpack_write_req_local_stride_32", 31 0, L_0x5ce4d12262b0;  1 drivers
v0x5ce4d1211d40_0 .net "unpack_write_req_op_sel_30", 7 0, L_0x5ce4d12260e0;  1 drivers
v0x5ce4d1211de0_0 .net "unpack_write_req_size_64", 8 0, L_0x5ce4d1231c50;  1 drivers
v0x5ce4d1211e80_0 .var "write_data_88", 127 0;
v0x5ce4d1211f20_0 .net "write_data_wready_69", 0 0, L_0x5ce4d12333a0;  1 drivers
v0x5ce4d1211fc0_0 .net "write_data_wvalid_68", 0 0, L_0x5ce4d1232f90;  1 drivers
E_0x5ce4d0e58b80 .event anyedge, v0x5ce4d1204440_0;
E_0x5ce4d0e5aff0 .event anyedge, v0x5ce4d1204380_0;
E_0x5ce4d0e593b0 .event anyedge, v0x5ce4d12042c0_0;
E_0x5ce4d0b0e6c0 .event anyedge, v0x5ce4d1209a30_0;
E_0x5ce4d11d4b70 .event anyedge, v0x5ce4d1209990_0;
E_0x5ce4d11d52b0 .event anyedge, v0x5ce4d12098f0_0;
E_0x5ce4d0fdde70 .event anyedge, v0x5ce4d1209850_0;
E_0x5ce4d0febe50 .event anyedge, v0x5ce4d12097b0_0;
E_0x5ce4d0f3ab70 .event anyedge, v0x5ce4d1209710_0;
E_0x5ce4d0ff8ac0 .event anyedge, v0x5ce4d1209670_0;
E_0x5ce4d1005730 .event anyedge, v0x5ce4d12095d0_0;
E_0x5ce4d10123a0 .event anyedge, v0x5ce4d1209350_0;
E_0x5ce4d101f010 .event anyedge, v0x5ce4d12092b0_0;
E_0x5ce4d0f48610 .event anyedge, v0x5ce4d1209210_0;
E_0x5ce4d0fcfe30 .event anyedge, v0x5ce4d1209170_0;
E_0x5ce4d0b87610 .event anyedge, v0x5ce4d12090d0_0;
E_0x5ce4d0b89960 .event anyedge, v0x5ce4d1209030_0;
E_0x5ce4d0b8a520 .event anyedge, v0x5ce4d1208f90_0;
E_0x5ce4d0b8b190 .event anyedge, v0x5ce4d1208ef0_0;
E_0x5ce4d0b8bdb0 .event anyedge, v0x5ce4d1208e50_0;
E_0x5ce4d0b8c790 .event anyedge, v0x5ce4d1208db0_0;
E_0x5ce4d0b8d170 .event anyedge, v0x5ce4d1208d10_0;
E_0x5ce4d0b86c30 .event anyedge, v0x5ce4d1208c70_0;
E_0x5ce4d0b5eae0 .event anyedge, v0x5ce4d1208bd0_0;
E_0x5ce4d0b5f960 .event anyedge, v0x5ce4d1208b30_0;
E_0x5ce4d0b60340 .event anyedge, v0x5ce4d1208a90_0;
E_0x5ce4d0b60f70 .event anyedge, v0x5ce4d12089f0_0;
E_0x5ce4d0b84150 .event anyedge, v0x5ce4d1208950_0;
L_0x5ce4d1212060 .concat [ 64 8 0 0], v0x5ce4d1205610_0, v0x5ce4d1205750_0;
L_0x5ce4d1212100 .reduce/nor v0x5ce4d12086d0_0;
L_0x5ce4d12121a0 .functor MUXZ 72, L_0x5ce4d1212060, v0x5ce4d1208630_0, v0x5ce4d12086d0_0, C4<>;
L_0x5ce4d1212240 .part v0x5ce4d1207f50_0, 64, 8;
L_0x5ce4d12122e0 .part v0x5ce4d1207f50_0, 0, 64;
L_0x5ce4d1212380 .concat [ 64 0 0 0], L_0x5ce4d107c020;
L_0x5ce4d1212420 .reduce/nor v0x5ce4d1207e10_0;
L_0x5ce4d12124c0 .functor MUXZ 64, L_0x5ce4d1212380, v0x5ce4d1207d70_0, v0x5ce4d1207e10_0, C4<>;
L_0x5ce4d1212560 .concat [ 3 29 0 0], v0x5ce4d1203aa0_0, L_0x1171e2956180;
L_0x5ce4d1222610 .cmp/gt 32, L_0x5ce4d1212560, L_0x1171e29561c8;
L_0x5ce4d1223c70 .part L_0x5ce4d1223b60, 97, 8;
L_0x5ce4d1223d10 .part L_0x5ce4d1223b60, 65, 32;
L_0x5ce4d1223e20 .part L_0x5ce4d1223b60, 33, 32;
L_0x5ce4d1223ec0 .part L_0x5ce4d1223b60, 0, 33;
L_0x5ce4d12226b0 .reduce/nor v0x5ce4d1206bf0_0;
L_0x5ce4d12260e0 .part L_0x5ce4d1225fd0, 97, 8;
L_0x5ce4d1226210 .part L_0x5ce4d1225fd0, 65, 32;
L_0x5ce4d12262b0 .part L_0x5ce4d1225fd0, 33, 32;
L_0x5ce4d12263f0 .part L_0x5ce4d1225fd0, 0, 33;
L_0x5ce4d12265c0 .reduce/nor v0x5ce4d1202e20_0;
L_0x5ce4d122e530 .reduce/nor L_0x5ce4d122ddf0;
L_0x5ce4d122eb10 .concat [ 64 8 1 0], L_0x5ce4d122e5d0, L_0x5ce4d122e830, L_0x5ce4d122e8a0;
L_0x5ce4d122ee20 .functor MUXZ 73, L_0x1171e2957698, L_0x5ce4d122eb10, L_0x5ce4d122ed60, C4<>;
L_0x5ce4d122f3d0 .reduce/nor L_0x5ce4d122ddf0;
L_0x5ce4d122f860 .functor MUXZ 1, L_0x1171e29576e0, L_0x5ce4d122f5d0, L_0x5ce4d122f000, C4<>;
L_0x5ce4d122fa40 .reduce/nor L_0x5ce4d122ddf0;
L_0x5ce4d122fc30 .concat [ 8 1 0 0], L_0x5ce4d1237fa0, L_0x1171e2957728;
L_0x5ce4d122fd20 .arith/sum 9, L_0x5ce4d122fc30, L_0x1171e2957770;
L_0x5ce4d122fae0 .concat [ 9 32 0 0], L_0x5ce4d122fd20, L_0x5ce4d122fbc0;
L_0x5ce4d1230060 .cmp/eq 32, v0x5ce4d1205f70_0, L_0x1171e29577b8;
L_0x5ce4d1230590 .functor MUXZ 41, L_0x1171e2957800, L_0x5ce4d122fae0, L_0x5ce4d12304d0, C4<>;
L_0x5ce4d1230770 .cmp/eq 32, v0x5ce4d1205f70_0, L_0x1171e2957848;
L_0x5ce4d1230e20 .cmp/eq 32, v0x5ce4d1205f70_0, L_0x1171e2957890;
L_0x5ce4d12312e0 .reduce/nor L_0x5ce4d122a790;
L_0x5ce4d1231810 .functor MUXZ 1, L_0x1171e29578d8, L_0x5ce4d12314a0, L_0x5ce4d1230d10, C4<>;
L_0x5ce4d12319f0 .reduce/nor L_0x5ce4d122a790;
L_0x5ce4d1231380 .part L_0x5ce4d122adc0, 9, 32;
L_0x5ce4d1231c50 .part L_0x5ce4d122adc0, 0, 9;
L_0x5ce4d1231ec0 .cmp/eq 32, v0x5ce4d1206510_0, L_0x1171e2957920;
L_0x5ce4d1231f60 .reduce/nor L_0x5ce4d122a8a0;
L_0x5ce4d12321a0 .reduce/nor L_0x5ce4d122a8a0;
L_0x5ce4d1232600 .functor MUXZ 2, L_0x1171e29579b0, L_0x1171e2957968, L_0x5ce4d12322d0, C4<>;
L_0x5ce4d12328f0 .part L_0x5ce4d1232600, 0, 1;
L_0x5ce4d1232a30 .part L_0x5ce4d122e420, 0, 64;
L_0x5ce4d1232c40 .part L_0x5ce4d122e420, 64, 8;
L_0x5ce4d1232d70 .part L_0x5ce4d122e420, 72, 1;
L_0x5ce4d1232f90 .reduce/nor L_0x5ce4d122df00;
L_0x5ce4d1233030 .cmp/eq 32, v0x5ce4d1206510_0, L_0x1171e29579f8;
L_0x5ce4d12332b0 .cmp/ne 33, v0x5ce4d1208810_0, L_0x1171e2957a40;
L_0x5ce4d12334b0 .reduce/nor L_0x5ce4d122df00;
L_0x5ce4d1233ac0 .reduce/nor L_0x5ce4d122df00;
L_0x5ce4d1233c70 .functor MUXZ 2, L_0x1171e2957ad0, L_0x1171e2957a88, L_0x5ce4d1233b60, C4<>;
L_0x5ce4d1233fb0 .part L_0x5ce4d1233c70, 0, 1;
L_0x5ce4d12343f0 .concat [ 8 1 0 0], L_0x5ce4d123abf0, L_0x1171e2957b18;
L_0x5ce4d12346a0 .arith/sum 9, L_0x5ce4d12343f0, L_0x1171e2957b60;
L_0x5ce4d1234850 .concat [ 9 32 0 0], L_0x5ce4d12346a0, L_0x5ce4d12340f0;
L_0x5ce4d1234b60 .cmp/eq 32, v0x5ce4d1205930_0, L_0x1171e2957ba8;
L_0x5ce4d1235000 .functor MUXZ 41, L_0x1171e2957bf0, L_0x5ce4d1234850, L_0x5ce4d1234ca0, C4<>;
L_0x5ce4d12353c0 .cmp/eq 32, v0x5ce4d1205930_0, L_0x1171e2957c38;
L_0x5ce4d12359d0 .cmp/eq 32, v0x5ce4d1205930_0, L_0x1171e2957c80;
L_0x5ce4d12360f0 .reduce/nor L_0x5ce4d122c2c0;
L_0x5ce4d12362a0 .functor MUXZ 1, L_0x1171e2957cc8, L_0x5ce4d1236190, L_0x5ce4d1235610, C4<>;
L_0x5ce4d1236680 .reduce/nor L_0x5ce4d122c2c0;
L_0x5ce4d12367b0 .part L_0x5ce4d122c8f0, 9, 32;
L_0x5ce4d1236a60 .part L_0x5ce4d122c8f0, 0, 9;
L_0x5ce4d1236b90 .cmp/eq 32, v0x5ce4d12059d0_0, L_0x1171e2957d10;
L_0x5ce4d1236e50 .reduce/nor L_0x5ce4d122c3d0;
L_0x5ce4d1237280 .reduce/nor L_0x5ce4d122c3d0;
L_0x5ce4d12376a0 .functor MUXZ 2, L_0x1171e2957da0, L_0x1171e2957d58, L_0x5ce4d12375e0, C4<>;
L_0x5ce4d1237830 .part L_0x5ce4d12376a0, 0, 1;
L_0x5ce4d123d480 .cmp/eq 32, v0x5ce4d1211660_0, L_0x1171e2957e78;
L_0x5ce4d123d570 .cmp/eq 32, v0x5ce4d1211660_0, L_0x1171e2957ec0;
L_0x5ce4d123da10 .cmp/eq 32, v0x5ce4d1211660_0, L_0x1171e2957f08;
S_0x5ce4d0f3c8c0 .scope module, "inst__m_axis_spm_write_req_fifo" "_m_axis_spm_write_req_fifo" 2 256, 2 2524 0, S_0x5ce4d0f8f690;
 .timescale 0 0;
    .port_info 0 /INPUT 1 "CLK";
    .port_info 1 /INPUT 1 "RST";
    .port_info 2 /INPUT 1 "_m_axis_spm_write_req_fifo_enq";
    .port_info 3 /INPUT 105 "_m_axis_spm_write_req_fifo_wdata";
    .port_info 4 /OUTPUT 1 "_m_axis_spm_write_req_fifo_full";
    .port_info 5 /OUTPUT 1 "_m_axis_spm_write_req_fifo_almost_full";
    .port_info 6 /INPUT 1 "_m_axis_spm_write_req_fifo_deq";
    .port_info 7 /OUTPUT 105 "_m_axis_spm_write_req_fifo_rdata";
    .port_info 8 /OUTPUT 1 "_m_axis_spm_write_req_fifo_empty";
    .port_info 9 /OUTPUT 1 "_m_axis_spm_write_req_fifo_almost_empty";
L_0x1171e2956840 .functor BUFT 1, C4<00000000000000000000000000000111>, C4<0>, C4<0>, C4<0>;
L_0x5ce4d1224a90 .functor AND 32, L_0x5ce4d12249f0, L_0x1171e2956840, C4<11111111111111111111111111111111>, C4<11111111111111111111111111111111>;
L_0x1171e2956918 .functor BUFT 1, C4<00000000000000000000000000000111>, C4<0>, C4<0>, C4<0>;
L_0x5ce4d1224f10 .functor AND 32, L_0x5ce4d1224e70, L_0x1171e2956918, C4<11111111111111111111111111111111>, C4<11111111111111111111111111111111>;
L_0x1171e2956a38 .functor BUFT 1, C4<00000000000000000000000000000111>, C4<0>, C4<0>, C4<0>;
L_0x5ce4d12254e0 .functor AND 32, L_0x5ce4d1225440, L_0x1171e2956a38, C4<11111111111111111111111111111111>, C4<11111111111111111111111111111111>;
L_0x5ce4d1225890 .functor BUFZ 1, L_0x5ce4d1225200, C4<0>, C4<0>, C4<0>;
L_0x5ce4d12259a0 .functor OR 1, L_0x5ce4d1225750, L_0x5ce4d1225200, C4<0>, C4<0>;
L_0x5ce4d1225ab0 .functor BUFZ 1, L_0x5ce4d12246d0, C4<0>, C4<0>, C4<0>;
L_0x5ce4d1225bc0 .functor OR 1, L_0x5ce4d1224c40, L_0x5ce4d12246d0, C4<0>, C4<0>;
L_0x5ce4d12256e0 .functor BUFZ 105, L_0x5ce4d1225cd0, C4<000000000000000000000000000000000000000000000000000000000000000000000000000000000000000000000000000000000>, C4<000000000000000000000000000000000000000000000000000000000000000000000000000000000000000000000000000000000>, C4<000000000000000000000000000000000000000000000000000000000000000000000000000000000000000000000000000000000>;
L_0x5ce4d1225fd0 .functor BUFZ 105, L_0x5ce4d12256e0, C4<000000000000000000000000000000000000000000000000000000000000000000000000000000000000000000000000000000000>, C4<000000000000000000000000000000000000000000000000000000000000000000000000000000000000000000000000000000000>, C4<000000000000000000000000000000000000000000000000000000000000000000000000000000000000000000000000000000000>;
v0x5ce4d10054f0_0 .net "CLK", 0 0, v0x5ce4d11ff220_0;  1 drivers
v0x5ce4d0fddc30_0 .net "RST", 0 0, v0x5ce4d11ff2c0_0;  1 drivers
L_0x1171e29567f8 .functor BUFT 1, C4<00000000000000000000000000000001>, C4<0>, C4<0>, C4<0>;
v0x5ce4d0fcfbf0_0 .net/2u *"_ivl_10", 31 0, L_0x1171e29567f8;  1 drivers
v0x5ce4d0f3a930_0 .net *"_ivl_12", 31 0, L_0x5ce4d12249f0;  1 drivers
v0x5ce4d0f5c090_0 .net/2u *"_ivl_14", 31 0, L_0x1171e2956840;  1 drivers
v0x5ce4d0f704f0_0 .net *"_ivl_16", 31 0, L_0x5ce4d1224a90;  1 drivers
v0x5ce4d0f662c0_0 .net *"_ivl_2", 31 0, L_0x5ce4d1224770;  1 drivers
v0x5ce4d0febc10_0 .net *"_ivl_20", 31 0, L_0x5ce4d1224d80;  1 drivers
L_0x1171e2956888 .functor BUFT 1, C4<00000000000000000000000000000>, C4<0>, C4<0>, C4<0>;
v0x5ce4d114fb80_0 .net *"_ivl_23", 28 0, L_0x1171e2956888;  1 drivers
L_0x1171e29568d0 .functor BUFT 1, C4<00000000000000000000000000000001>, C4<0>, C4<0>, C4<0>;
v0x5ce4d11555c0_0 .net/2u *"_ivl_24", 31 0, L_0x1171e29568d0;  1 drivers
v0x5ce4d115d070_0 .net *"_ivl_26", 31 0, L_0x5ce4d1224e70;  1 drivers
v0x5ce4d1162ab0_0 .net/2u *"_ivl_28", 31 0, L_0x1171e2956918;  1 drivers
v0x5ce4d1022b30_0 .net *"_ivl_30", 31 0, L_0x5ce4d1224f10;  1 drivers
v0x5ce4d1023460_0 .net *"_ivl_32", 31 0, L_0x5ce4d12250c0;  1 drivers
L_0x1171e2956960 .functor BUFT 1, C4<00000000000000000000000000000>, C4<0>, C4<0>, C4<0>;
v0x5ce4d1012160_0 .net *"_ivl_35", 28 0, L_0x1171e2956960;  1 drivers
v0x5ce4d11480d0_0 .net *"_ivl_38", 31 0, L_0x5ce4d1225340;  1 drivers
L_0x1171e29569a8 .functor BUFT 1, C4<00000000000000000000000000000>, C4<0>, C4<0>, C4<0>;
v0x5ce4d1115a10_0 .net *"_ivl_41", 28 0, L_0x1171e29569a8;  1 drivers
L_0x1171e29569f0 .functor BUFT 1, C4<00000000000000000000000000000010>, C4<0>, C4<0>, C4<0>;
v0x5ce4d1118ff0_0 .net/2u *"_ivl_42", 31 0, L_0x1171e29569f0;  1 drivers
v0x5ce4d111bc50_0 .net *"_ivl_44", 31 0, L_0x5ce4d1225440;  1 drivers
v0x5ce4d1120560_0 .net/2u *"_ivl_46", 31 0, L_0x1171e2956a38;  1 drivers
v0x5ce4d1123b40_0 .net *"_ivl_48", 31 0, L_0x5ce4d12254e0;  1 drivers
L_0x1171e2956768 .functor BUFT 1, C4<00000000000000000000000000000>, C4<0>, C4<0>, C4<0>;
v0x5ce4d11267a0_0 .net *"_ivl_5", 28 0, L_0x1171e2956768;  1 drivers
v0x5ce4d112b0b0_0 .net *"_ivl_50", 31 0, L_0x5ce4d1225640;  1 drivers
L_0x1171e2956a80 .functor BUFT 1, C4<00000000000000000000000000000>, C4<0>, C4<0>, C4<0>;
v0x5ce4d1112db0_0 .net *"_ivl_53", 28 0, L_0x1171e2956a80;  1 drivers
v0x5ce4d11cfdd0_0 .net *"_ivl_6", 31 0, L_0x5ce4d12248b0;  1 drivers
v0x5ce4d11d56a0_0 .net *"_ivl_64", 104 0, L_0x5ce4d1225cd0;  1 drivers
v0x5ce4d10f0740_0 .net *"_ivl_66", 4 0, L_0x5ce4d1225df0;  1 drivers
L_0x1171e2956ac8 .functor BUFT 1, C4<00>, C4<0>, C4<0>, C4<0>;
v0x5ce4d10f50c0_0 .net *"_ivl_69", 1 0, L_0x1171e2956ac8;  1 drivers
L_0x1171e29567b0 .functor BUFT 1, C4<00000000000000000000000000000>, C4<0>, C4<0>, C4<0>;
v0x5ce4d10f70a0_0 .net *"_ivl_9", 28 0, L_0x1171e29567b0;  1 drivers
v0x5ce4d10f9ee0_0 .net "_m_axis_spm_write_req_fifo_almost_empty", 0 0, L_0x5ce4d1225bc0;  alias, 1 drivers
v0x5ce4d110e1e0_0 .net "_m_axis_spm_write_req_fifo_almost_full", 0 0, L_0x5ce4d12259a0;  alias, 1 drivers
v0x5ce4d11b1a80_0 .net "_m_axis_spm_write_req_fifo_deq", 0 0, L_0x1171e2956720;  alias, 1 drivers
v0x5ce4d1192060_0 .net "_m_axis_spm_write_req_fifo_empty", 0 0, L_0x5ce4d1225ab0;  alias, 1 drivers
v0x5ce4d1197010_0 .net "_m_axis_spm_write_req_fifo_enq", 0 0, L_0x1171e2956690;  alias, 1 drivers
v0x5ce4d1197ce0_0 .net "_m_axis_spm_write_req_fifo_full", 0 0, L_0x5ce4d1225890;  alias, 1 drivers
v0x5ce4d119e980_0 .net "_m_axis_spm_write_req_fifo_rdata", 104 0, L_0x5ce4d1225fd0;  alias, 1 drivers
v0x5ce4d11a1c10_0 .net "_m_axis_spm_write_req_fifo_wdata", 104 0, L_0x1171e29566d8;  alias, 1 drivers
v0x5ce4d11af740_0 .var "head", 2 0;
v0x5ce4d11b08e0_0 .net "is_almost_empty", 0 0, L_0x5ce4d1224c40;  1 drivers
v0x5ce4d118de80_0 .net "is_almost_full", 0 0, L_0x5ce4d1225750;  1 drivers
v0x5ce4d0cdc880_0 .net "is_empty", 0 0, L_0x5ce4d12246d0;  1 drivers
v0x5ce4d0cd17b0_0 .net "is_full", 0 0, L_0x5ce4d1225200;  1 drivers
v0x5ce4d0b70e90 .array "mem", 7 0, 104 0;
v0x5ce4d0b4ae80_0 .net "rdata", 104 0, L_0x5ce4d12256e0;  1 drivers
v0x5ce4d0b74a70_0 .var "tail", 2 0;
E_0x5ce4d0b85470 .event posedge, v0x5ce4d10054f0_0;
L_0x5ce4d12246d0 .cmp/eq 3, v0x5ce4d11af740_0, v0x5ce4d0b74a70_0;
L_0x5ce4d1224770 .concat [ 3 29 0 0], v0x5ce4d11af740_0, L_0x1171e2956768;
L_0x5ce4d12248b0 .concat [ 3 29 0 0], v0x5ce4d0b74a70_0, L_0x1171e29567b0;
L_0x5ce4d12249f0 .arith/sum 32, L_0x5ce4d12248b0, L_0x1171e29567f8;
L_0x5ce4d1224c40 .cmp/eq 32, L_0x5ce4d1224770, L_0x5ce4d1224a90;
L_0x5ce4d1224d80 .concat [ 3 29 0 0], v0x5ce4d11af740_0, L_0x1171e2956888;
L_0x5ce4d1224e70 .arith/sum 32, L_0x5ce4d1224d80, L_0x1171e29568d0;
L_0x5ce4d12250c0 .concat [ 3 29 0 0], v0x5ce4d0b74a70_0, L_0x1171e2956960;
L_0x5ce4d1225200 .cmp/eq 32, L_0x5ce4d1224f10, L_0x5ce4d12250c0;
L_0x5ce4d1225340 .concat [ 3 29 0 0], v0x5ce4d11af740_0, L_0x1171e29569a8;
L_0x5ce4d1225440 .arith/sum 32, L_0x5ce4d1225340, L_0x1171e29569f0;
L_0x5ce4d1225640 .concat [ 3 29 0 0], v0x5ce4d0b74a70_0, L_0x1171e2956a80;
L_0x5ce4d1225750 .cmp/eq 32, L_0x5ce4d12254e0, L_0x5ce4d1225640;
L_0x5ce4d1225cd0 .array/port v0x5ce4d0b70e90, L_0x5ce4d1225df0;
L_0x5ce4d1225df0 .concat [ 3 2 0 0], v0x5ce4d0b74a70_0, L_0x1171e2956ac8;
S_0x5ce4d0f3c540 .scope module, "inst__memory_rreq_fifo" "_memory_rreq_fifo" 2 508, 2 2630 0, S_0x5ce4d0f8f690;
 .timescale 0 0;
    .port_info 0 /INPUT 1 "CLK";
    .port_info 1 /INPUT 1 "RST";
    .port_info 2 /INPUT 1 "_memory_rreq_fifo_enq";
    .port_info 3 /INPUT 41 "_memory_rreq_fifo_wdata";
    .port_info 4 /OUTPUT 1 "_memory_rreq_fifo_full";
    .port_info 5 /OUTPUT 1 "_memory_rreq_fifo_almost_full";
    .port_info 6 /INPUT 1 "_memory_rreq_fifo_deq";
    .port_info 7 /OUTPUT 41 "_memory_rreq_fifo_rdata";
    .port_info 8 /OUTPUT 1 "_memory_rreq_fifo_empty";
    .port_info 9 /OUTPUT 1 "_memory_rreq_fifo_almost_empty";
L_0x1171e2957020 .functor BUFT 1, C4<00000000000000000000000000000111>, C4<0>, C4<0>, C4<0>;
L_0x5ce4d122b290 .functor AND 32, L_0x5ce4d122b1f0, L_0x1171e2957020, C4<11111111111111111111111111111111>, C4<11111111111111111111111111111111>;
L_0x1171e29570f8 .functor BUFT 1, C4<00000000000000000000000000000111>, C4<0>, C4<0>, C4<0>;
L_0x5ce4d122b710 .functor AND 32, L_0x5ce4d122b670, L_0x1171e29570f8, C4<11111111111111111111111111111111>, C4<11111111111111111111111111111111>;
L_0x1171e2957218 .functor BUFT 1, C4<00000000000000000000000000000111>, C4<0>, C4<0>, C4<0>;
L_0x5ce4d122bd70 .functor AND 32, L_0x5ce4d122bcd0, L_0x1171e2957218, C4<11111111111111111111111111111111>, C4<11111111111111111111111111111111>;
L_0x5ce4d122c1b0 .functor BUFZ 1, L_0x5ce4d122ba00, C4<0>, C4<0>, C4<0>;
L_0x5ce4d122c2c0 .functor OR 1, L_0x5ce4d122c070, L_0x5ce4d122ba00, C4<0>, C4<0>;
L_0x5ce4d122c3d0 .functor BUFZ 1, L_0x5ce4d122aed0, C4<0>, C4<0>, C4<0>;
L_0x5ce4d122c4e0 .functor OR 1, L_0x5ce4d122b440, L_0x5ce4d122aed0, C4<0>, C4<0>;
L_0x5ce4d122c000 .functor BUFZ 41, L_0x5ce4d122c5f0, C4<00000000000000000000000000000000000000000>, C4<00000000000000000000000000000000000000000>, C4<00000000000000000000000000000000000000000>;
L_0x5ce4d122c8f0 .functor BUFZ 41, L_0x5ce4d122c000, C4<00000000000000000000000000000000000000000>, C4<00000000000000000000000000000000000000000>, C4<00000000000000000000000000000000000000000>;
v0x5ce4d0b53580_0 .net "CLK", 0 0, v0x5ce4d11ff220_0;  alias, 1 drivers
v0x5ce4d1182090_0 .net "RST", 0 0, v0x5ce4d11ff2c0_0;  alias, 1 drivers
L_0x1171e2956fd8 .functor BUFT 1, C4<00000000000000000000000000000001>, C4<0>, C4<0>, C4<0>;
v0x5ce4d0cba240_0 .net/2u *"_ivl_10", 31 0, L_0x1171e2956fd8;  1 drivers
v0x5ce4d0e91a10_0 .net *"_ivl_12", 31 0, L_0x5ce4d122b1f0;  1 drivers
v0x5ce4d0e91380_0 .net/2u *"_ivl_14", 31 0, L_0x1171e2957020;  1 drivers
v0x5ce4d0cfa8e0_0 .net *"_ivl_16", 31 0, L_0x5ce4d122b290;  1 drivers
v0x5ce4d0ce4560_0 .net *"_ivl_2", 31 0, L_0x5ce4d122af70;  1 drivers
v0x5ce4d0cebbe0_0 .net *"_ivl_20", 31 0, L_0x5ce4d122b580;  1 drivers
L_0x1171e2957068 .functor BUFT 1, C4<00000000000000000000000000000>, C4<0>, C4<0>, C4<0>;
v0x5ce4d0d01f60_0 .net *"_ivl_23", 28 0, L_0x1171e2957068;  1 drivers
L_0x1171e29570b0 .functor BUFT 1, C4<00000000000000000000000000000001>, C4<0>, C4<0>, C4<0>;
v0x5ce4d0cf3260_0 .net/2u *"_ivl_24", 31 0, L_0x1171e29570b0;  1 drivers
v0x5ce4d0c71cd0_0 .net *"_ivl_26", 31 0, L_0x5ce4d122b670;  1 drivers
v0x5ce4d0e810f0_0 .net/2u *"_ivl_28", 31 0, L_0x1171e29570f8;  1 drivers
v0x5ce4d0c79c50_0 .net *"_ivl_30", 31 0, L_0x5ce4d122b710;  1 drivers
v0x5ce4d0c89b40_0 .net *"_ivl_32", 31 0, L_0x5ce4d122b8c0;  1 drivers
L_0x1171e2957140 .functor BUFT 1, C4<00000000000000000000000000000>, C4<0>, C4<0>, C4<0>;
v0x5ce4d0c8b780_0 .net *"_ivl_35", 28 0, L_0x1171e2957140;  1 drivers
v0x5ce4d0c91ac0_0 .net *"_ivl_38", 31 0, L_0x5ce4d122bb40;  1 drivers
L_0x1171e2957188 .functor BUFT 1, C4<00000000000000000000000000000>, C4<0>, C4<0>, C4<0>;
v0x5ce4d0c81bc0_0 .net *"_ivl_41", 28 0, L_0x1171e2957188;  1 drivers
L_0x1171e29571d0 .functor BUFT 1, C4<00000000000000000000000000000010>, C4<0>, C4<0>, C4<0>;
v0x5ce4d0c83800_0 .net/2u *"_ivl_42", 31 0, L_0x1171e29571d0;  1 drivers
v0x5ce4d0e69270_0 .net *"_ivl_44", 31 0, L_0x5ce4d122bcd0;  1 drivers
v0x5ce4d0ff8880_0 .net/2u *"_ivl_46", 31 0, L_0x1171e2957218;  1 drivers
v0x5ce4d0e612f0_0 .net *"_ivl_48", 31 0, L_0x5ce4d122bd70;  1 drivers
L_0x1171e2956f48 .functor BUFT 1, C4<00000000000000000000000000000>, C4<0>, C4<0>, C4<0>;
v0x5ce4d0e79170_0 .net *"_ivl_5", 28 0, L_0x1171e2956f48;  1 drivers
v0x5ce4d0e89070_0 .net *"_ivl_50", 31 0, L_0x5ce4d122bed0;  1 drivers
L_0x1171e2957260 .functor BUFT 1, C4<00000000000000000000000000000>, C4<0>, C4<0>, C4<0>;
v0x5ce4d0e711f0_0 .net *"_ivl_53", 28 0, L_0x1171e2957260;  1 drivers
v0x5ce4d11934e0_0 .net *"_ivl_6", 31 0, L_0x5ce4d122b0b0;  1 drivers
v0x5ce4d11946c0_0 .net *"_ivl_64", 40 0, L_0x5ce4d122c5f0;  1 drivers
v0x5ce4d1195680_0 .net *"_ivl_66", 4 0, L_0x5ce4d122c710;  1 drivers
L_0x1171e29572a8 .functor BUFT 1, C4<00>, C4<0>, C4<0>, C4<0>;
v0x5ce4d1198c90_0 .net *"_ivl_69", 1 0, L_0x1171e29572a8;  1 drivers
L_0x1171e2956f90 .functor BUFT 1, C4<00000000000000000000000000000>, C4<0>, C4<0>, C4<0>;
v0x5ce4d11a4540_0 .net *"_ivl_9", 28 0, L_0x1171e2956f90;  1 drivers
v0x5ce4d11a5d00_0 .net "_memory_rreq_fifo_almost_empty", 0 0, L_0x5ce4d122c4e0;  alias, 1 drivers
v0x5ce4d11b2c20_0 .net "_memory_rreq_fifo_almost_full", 0 0, L_0x5ce4d122c2c0;  alias, 1 drivers
v0x5ce4d10dd010_0 .net "_memory_rreq_fifo_deq", 0 0, L_0x5ce4d1237830;  alias, 1 drivers
v0x5ce4d10f2920_0 .net "_memory_rreq_fifo_empty", 0 0, L_0x5ce4d122c3d0;  alias, 1 drivers
v0x5ce4d10f8690_0 .net "_memory_rreq_fifo_enq", 0 0, L_0x5ce4d12362a0;  alias, 1 drivers
v0x5ce4d10fb360_0 .net "_memory_rreq_fifo_full", 0 0, L_0x5ce4d122c1b0;  alias, 1 drivers
v0x5ce4d110f3a0_0 .net "_memory_rreq_fifo_rdata", 40 0, L_0x5ce4d122c8f0;  alias, 1 drivers
v0x5ce4d1110780_0 .net "_memory_rreq_fifo_wdata", 40 0, L_0x5ce4d1235000;  alias, 1 drivers
v0x5ce4d1116bd0_0 .var "head", 2 0;
v0x5ce4d111ce10_0 .net "is_almost_empty", 0 0, L_0x5ce4d122b440;  1 drivers
v0x5ce4d1121720_0 .net "is_almost_full", 0 0, L_0x5ce4d122c070;  1 drivers
v0x5ce4d1127960_0 .net "is_empty", 0 0, L_0x5ce4d122aed0;  1 drivers
v0x5ce4d112c270_0 .net "is_full", 0 0, L_0x5ce4d122ba00;  1 drivers
v0x5ce4d112ce60 .array "mem", 7 0, 40 0;
v0x5ce4d1138090_0 .net "rdata", 40 0, L_0x5ce4d122c000;  1 drivers
v0x5ce4d1139a50_0 .var "tail", 2 0;
L_0x5ce4d122aed0 .cmp/eq 3, v0x5ce4d1116bd0_0, v0x5ce4d1139a50_0;
L_0x5ce4d122af70 .concat [ 3 29 0 0], v0x5ce4d1116bd0_0, L_0x1171e2956f48;
L_0x5ce4d122b0b0 .concat [ 3 29 0 0], v0x5ce4d1139a50_0, L_0x1171e2956f90;
L_0x5ce4d122b1f0 .arith/sum 32, L_0x5ce4d122b0b0, L_0x1171e2956fd8;
L_0x5ce4d122b440 .cmp/eq 32, L_0x5ce4d122af70, L_0x5ce4d122b290;
L_0x5ce4d122b580 .concat [ 3 29 0 0], v0x5ce4d1116bd0_0, L_0x1171e2957068;
L_0x5ce4d122b670 .arith/sum 32, L_0x5ce4d122b580, L_0x1171e29570b0;
L_0x5ce4d122b8c0 .concat [ 3 29 0 0], v0x5ce4d1139a50_0, L_0x1171e2957140;
L_0x5ce4d122ba00 .cmp/eq 32, L_0x5ce4d122b710, L_0x5ce4d122b8c0;
L_0x5ce4d122bb40 .concat [ 3 29 0 0], v0x5ce4d1116bd0_0, L_0x1171e2957188;
L_0x5ce4d122bcd0 .arith/sum 32, L_0x5ce4d122bb40, L_0x1171e29571d0;
L_0x5ce4d122bed0 .concat [ 3 29 0 0], v0x5ce4d1139a50_0, L_0x1171e2957260;
L_0x5ce4d122c070 .cmp/eq 32, L_0x5ce4d122bd70, L_0x5ce4d122bed0;
L_0x5ce4d122c5f0 .array/port v0x5ce4d112ce60, L_0x5ce4d122c710;
L_0x5ce4d122c710 .concat [ 3 2 0 0], v0x5ce4d1139a50_0, L_0x1171e29572a8;
S_0x5ce4d0f3c250 .scope module, "inst__memory_wdata_fifo" "_memory_wdata_fifo" 2 533, 2 2683 0, S_0x5ce4d0f8f690;
 .timescale 0 0;
    .port_info 0 /INPUT 1 "CLK";
    .port_info 1 /INPUT 1 "RST";
    .port_info 2 /INPUT 1 "_memory_wdata_fifo_enq";
    .port_info 3 /INPUT 73 "_memory_wdata_fifo_wdata";
    .port_info 4 /OUTPUT 1 "_memory_wdata_fifo_full";
    .port_info 5 /OUTPUT 1 "_memory_wdata_fifo_almost_full";
    .port_info 6 /INPUT 1 "_memory_wdata_fifo_deq";
    .port_info 7 /OUTPUT 73 "_memory_wdata_fifo_rdata";
    .port_info 8 /OUTPUT 1 "_memory_wdata_fifo_empty";
    .port_info 9 /OUTPUT 1 "_memory_wdata_fifo_almost_empty";
L_0x1171e29573c8 .functor BUFT 1, C4<00000000000000000000000000000111>, C4<0>, C4<0>, C4<0>;
L_0x5ce4d122cdc0 .functor AND 32, L_0x5ce4d122cd20, L_0x1171e29573c8, C4<11111111111111111111111111111111>, C4<11111111111111111111111111111111>;
L_0x1171e29574a0 .functor BUFT 1, C4<00000000000000000000000000000111>, C4<0>, C4<0>, C4<0>;
L_0x5ce4d122d240 .functor AND 32, L_0x5ce4d122d1a0, L_0x1171e29574a0, C4<11111111111111111111111111111111>, C4<11111111111111111111111111111111>;
L_0x1171e29575c0 .functor BUFT 1, C4<00000000000000000000000000000111>, C4<0>, C4<0>, C4<0>;
L_0x5ce4d122d8a0 .functor AND 32, L_0x5ce4d122d800, L_0x1171e29575c0, C4<11111111111111111111111111111111>, C4<11111111111111111111111111111111>;
L_0x5ce4d122dce0 .functor BUFZ 1, L_0x5ce4d122d530, C4<0>, C4<0>, C4<0>;
L_0x5ce4d122ddf0 .functor OR 1, L_0x5ce4d122dba0, L_0x5ce4d122d530, C4<0>, C4<0>;
L_0x5ce4d122df00 .functor BUFZ 1, L_0x5ce4d122ca00, C4<0>, C4<0>, C4<0>;
L_0x5ce4d122e010 .functor OR 1, L_0x5ce4d122cf70, L_0x5ce4d122ca00, C4<0>, C4<0>;
L_0x5ce4d122db30 .functor BUFZ 73, L_0x5ce4d122e120, C4<0000000000000000000000000000000000000000000000000000000000000000000000000>, C4<0000000000000000000000000000000000000000000000000000000000000000000000000>, C4<0000000000000000000000000000000000000000000000000000000000000000000000000>;
L_0x5ce4d122e420 .functor BUFZ 73, L_0x5ce4d122db30, C4<0000000000000000000000000000000000000000000000000000000000000000000000000>, C4<0000000000000000000000000000000000000000000000000000000000000000000000000>, C4<0000000000000000000000000000000000000000000000000000000000000000000000000>;
v0x5ce4d113af60_0 .net "CLK", 0 0, v0x5ce4d11ff220_0;  alias, 1 drivers
v0x5ce4d113dbf0_0 .net "RST", 0 0, v0x5ce4d11ff2c0_0;  alias, 1 drivers
L_0x1171e2957380 .functor BUFT 1, C4<00000000000000000000000000000001>, C4<0>, C4<0>, C4<0>;
v0x5ce4d1140200_0 .net/2u *"_ivl_10", 31 0, L_0x1171e2957380;  1 drivers
v0x5ce4d1141af0_0 .net *"_ivl_12", 31 0, L_0x5ce4d122cd20;  1 drivers
v0x5ce4d11452b0_0 .net/2u *"_ivl_14", 31 0, L_0x1171e29573c8;  1 drivers
v0x5ce4d114b970_0 .net *"_ivl_16", 31 0, L_0x5ce4d122cdc0;  1 drivers
v0x5ce4d11527e0_0 .net *"_ivl_2", 31 0, L_0x5ce4d122caa0;  1 drivers
v0x5ce4d1158e60_0 .net *"_ivl_20", 31 0, L_0x5ce4d122d0b0;  1 drivers
L_0x1171e2957410 .functor BUFT 1, C4<00000000000000000000000000000>, C4<0>, C4<0>, C4<0>;
v0x5ce4d115fcd0_0 .net *"_ivl_23", 28 0, L_0x1171e2957410;  1 drivers
L_0x1171e2957458 .functor BUFT 1, C4<00000000000000000000000000000001>, C4<0>, C4<0>, C4<0>;
v0x5ce4d1166350_0 .net/2u *"_ivl_24", 31 0, L_0x1171e2957458;  1 drivers
v0x5ce4d0f87160_0 .net *"_ivl_26", 31 0, L_0x5ce4d122d1a0;  1 drivers
v0x5ce4d0f87640_0 .net/2u *"_ivl_28", 31 0, L_0x1171e29574a0;  1 drivers
v0x5ce4d0f8dfc0_0 .net *"_ivl_30", 31 0, L_0x5ce4d122d240;  1 drivers
v0x5ce4d0f90550_0 .net *"_ivl_32", 31 0, L_0x5ce4d122d3f0;  1 drivers
L_0x1171e29574e8 .functor BUFT 1, C4<00000000000000000000000000000>, C4<0>, C4<0>, C4<0>;
v0x5ce4d0f91640_0 .net *"_ivl_35", 28 0, L_0x1171e29574e8;  1 drivers
v0x5ce4d0f2b1e0_0 .net *"_ivl_38", 31 0, L_0x5ce4d122d670;  1 drivers
L_0x1171e2957530 .functor BUFT 1, C4<00000000000000000000000000000>, C4<0>, C4<0>, C4<0>;
v0x5ce4d0f27c60_0 .net *"_ivl_41", 28 0, L_0x1171e2957530;  1 drivers
L_0x1171e2957578 .functor BUFT 1, C4<00000000000000000000000000000010>, C4<0>, C4<0>, C4<0>;
v0x5ce4d0f51d80_0 .net/2u *"_ivl_42", 31 0, L_0x1171e2957578;  1 drivers
v0x5ce4d0f519e0_0 .net *"_ivl_44", 31 0, L_0x5ce4d122d800;  1 drivers
v0x5ce4d0f278c0_0 .net/2u *"_ivl_46", 31 0, L_0x1171e29575c0;  1 drivers
v0x5ce4d0fc0d00_0 .net *"_ivl_48", 31 0, L_0x5ce4d122d8a0;  1 drivers
L_0x1171e29572f0 .functor BUFT 1, C4<00000000000000000000000000000>, C4<0>, C4<0>, C4<0>;
v0x5ce4d0fc0960_0 .net *"_ivl_5", 28 0, L_0x1171e29572f0;  1 drivers
v0x5ce4d0fc05c0_0 .net *"_ivl_50", 31 0, L_0x5ce4d122da00;  1 drivers
L_0x1171e2957608 .functor BUFT 1, C4<00000000000000000000000000000>, C4<0>, C4<0>, C4<0>;
v0x5ce4d0fc0220_0 .net *"_ivl_53", 28 0, L_0x1171e2957608;  1 drivers
v0x5ce4d0fbf3a0_0 .net *"_ivl_6", 31 0, L_0x5ce4d122cbe0;  1 drivers
v0x5ce4d0fbabe0_0 .net *"_ivl_64", 72 0, L_0x5ce4d122e120;  1 drivers
v0x5ce4d0fba840_0 .net *"_ivl_66", 4 0, L_0x5ce4d122e240;  1 drivers
L_0x1171e2957650 .functor BUFT 1, C4<00>, C4<0>, C4<0>, C4<0>;
v0x5ce4d0fba4a0_0 .net *"_ivl_69", 1 0, L_0x1171e2957650;  1 drivers
L_0x1171e2957338 .functor BUFT 1, C4<00000000000000000000000000000>, C4<0>, C4<0>, C4<0>;
v0x5ce4d0fba100_0 .net *"_ivl_9", 28 0, L_0x1171e2957338;  1 drivers
v0x5ce4d0f95480_0 .net "_memory_wdata_fifo_almost_empty", 0 0, L_0x5ce4d122e010;  alias, 1 drivers
v0x5ce4d0f950e0_0 .net "_memory_wdata_fifo_almost_full", 0 0, L_0x5ce4d122ddf0;  alias, 1 drivers
v0x5ce4d1008270_0 .net "_memory_wdata_fifo_deq", 0 0, L_0x5ce4d1233fb0;  alias, 1 drivers
v0x5ce4d0fe1d20_0 .net "_memory_wdata_fifo_empty", 0 0, L_0x5ce4d122df00;  alias, 1 drivers
v0x5ce4d0fe1dc0_0 .net "_memory_wdata_fifo_enq", 0 0, L_0x5ce4d122f860;  alias, 1 drivers
v0x5ce4d0e762c0_0 .net "_memory_wdata_fifo_full", 0 0, L_0x5ce4d122dce0;  alias, 1 drivers
v0x5ce4d0e76380_0 .net "_memory_wdata_fifo_rdata", 72 0, L_0x5ce4d122e420;  alias, 1 drivers
v0x5ce4d0fee990_0 .net "_memory_wdata_fifo_wdata", 72 0, L_0x5ce4d122ee20;  alias, 1 drivers
v0x5ce4d1014ee0_0 .var "head", 2 0;
v0x5ce4d0ffb600_0 .net "is_almost_empty", 0 0, L_0x5ce4d122cf70;  1 drivers
v0x5ce4d0fd3d40_0 .net "is_almost_full", 0 0, L_0x5ce4d122dba0;  1 drivers
v0x5ce4d0fc5d00_0 .net "is_empty", 0 0, L_0x5ce4d122ca00;  1 drivers
v0x5ce4d0f30a40_0 .net "is_full", 0 0, L_0x5ce4d122d530;  1 drivers
v0x5ce4d0f521a0 .array "mem", 7 0, 72 0;
v0x5ce4d0f3b060_0 .net "rdata", 72 0, L_0x5ce4d122db30;  1 drivers
v0x5ce4d0f3b450_0 .var "tail", 2 0;
L_0x5ce4d122ca00 .cmp/eq 3, v0x5ce4d1014ee0_0, v0x5ce4d0f3b450_0;
L_0x5ce4d122caa0 .concat [ 3 29 0 0], v0x5ce4d1014ee0_0, L_0x1171e29572f0;
L_0x5ce4d122cbe0 .concat [ 3 29 0 0], v0x5ce4d0f3b450_0, L_0x1171e2957338;
L_0x5ce4d122cd20 .arith/sum 32, L_0x5ce4d122cbe0, L_0x1171e2957380;
L_0x5ce4d122cf70 .cmp/eq 32, L_0x5ce4d122caa0, L_0x5ce4d122cdc0;
L_0x5ce4d122d0b0 .concat [ 3 29 0 0], v0x5ce4d1014ee0_0, L_0x1171e2957410;
L_0x5ce4d122d1a0 .arith/sum 32, L_0x5ce4d122d0b0, L_0x1171e2957458;
L_0x5ce4d122d3f0 .concat [ 3 29 0 0], v0x5ce4d0f3b450_0, L_0x1171e29574e8;
L_0x5ce4d122d530 .cmp/eq 32, L_0x5ce4d122d240, L_0x5ce4d122d3f0;
L_0x5ce4d122d670 .concat [ 3 29 0 0], v0x5ce4d1014ee0_0, L_0x1171e2957530;
L_0x5ce4d122d800 .arith/sum 32, L_0x5ce4d122d670, L_0x1171e2957578;
L_0x5ce4d122da00 .concat [ 3 29 0 0], v0x5ce4d0f3b450_0, L_0x1171e2957608;
L_0x5ce4d122dba0 .cmp/eq 32, L_0x5ce4d122d8a0, L_0x5ce4d122da00;
L_0x5ce4d122e120 .array/port v0x5ce4d0f521a0, L_0x5ce4d122e240;
L_0x5ce4d122e240 .concat [ 3 2 0 0], v0x5ce4d0f3b450_0, L_0x1171e2957650;
S_0x5ce4d0f3bf60 .scope module, "inst__memory_wreq_fifo" "_memory_wreq_fifo" 2 483, 2 2577 0, S_0x5ce4d0f8f690;
 .timescale 0 0;
    .port_info 0 /INPUT 1 "CLK";
    .port_info 1 /INPUT 1 "RST";
    .port_info 2 /INPUT 1 "_memory_wreq_fifo_enq";
    .port_info 3 /INPUT 41 "_memory_wreq_fifo_wdata";
    .port_info 4 /OUTPUT 1 "_memory_wreq_fifo_full";
    .port_info 5 /OUTPUT 1 "_memory_wreq_fifo_almost_full";
    .port_info 6 /INPUT 1 "_memory_wreq_fifo_deq";
    .port_info 7 /OUTPUT 41 "_memory_wreq_fifo_rdata";
    .port_info 8 /OUTPUT 1 "_memory_wreq_fifo_empty";
    .port_info 9 /OUTPUT 1 "_memory_wreq_fifo_almost_empty";
L_0x1171e2956c78 .functor BUFT 1, C4<00000000000000000000000000000111>, C4<0>, C4<0>, C4<0>;
L_0x5ce4d1229760 .functor AND 32, L_0x5ce4d12296c0, L_0x1171e2956c78, C4<11111111111111111111111111111111>, C4<11111111111111111111111111111111>;
L_0x1171e2956d50 .functor BUFT 1, C4<00000000000000000000000000000111>, C4<0>, C4<0>, C4<0>;
L_0x5ce4d1229ca0 .functor AND 32, L_0x5ce4d1229c00, L_0x1171e2956d50, C4<11111111111111111111111111111111>, C4<11111111111111111111111111111111>;
L_0x1171e2956e70 .functor BUFT 1, C4<00000000000000000000000000000111>, C4<0>, C4<0>, C4<0>;
L_0x5ce4d122a270 .functor AND 32, L_0x5ce4d122a1d0, L_0x1171e2956e70, C4<11111111111111111111111111111111>, C4<11111111111111111111111111111111>;
L_0x5ce4d122a650 .functor BUFZ 1, L_0x5ce4d1229f90, C4<0>, C4<0>, C4<0>;
L_0x5ce4d122a790 .functor OR 1, L_0x5ce4d122a510, L_0x5ce4d1229f90, C4<0>, C4<0>;
L_0x5ce4d122a8a0 .functor BUFZ 1, L_0x5ce4d1226350, C4<0>, C4<0>, C4<0>;
L_0x5ce4d122a9b0 .functor OR 1, L_0x5ce4d12299d0, L_0x5ce4d1226350, C4<0>, C4<0>;
L_0x5ce4d122a4a0 .functor BUFZ 41, L_0x5ce4d122aac0, C4<00000000000000000000000000000000000000000>, C4<00000000000000000000000000000000000000000>, C4<00000000000000000000000000000000000000000>;
L_0x5ce4d122adc0 .functor BUFZ 41, L_0x5ce4d122a4a0, C4<00000000000000000000000000000000000000000>, C4<00000000000000000000000000000000000000000>, C4<00000000000000000000000000000000000000000>;
v0x5ce4d0f70940_0 .net "CLK", 0 0, v0x5ce4d11ff220_0;  alias, 1 drivers
v0x5ce4d0f709e0_0 .net "RST", 0 0, v0x5ce4d11ff2c0_0;  alias, 1 drivers
L_0x1171e2956c30 .functor BUFT 1, C4<00000000000000000000000000000001>, C4<0>, C4<0>, C4<0>;
v0x5ce4d0f48e30_0 .net/2u *"_ivl_10", 31 0, L_0x1171e2956c30;  1 drivers
v0x5ce4d0f48ed0_0 .net *"_ivl_12", 31 0, L_0x5ce4d12296c0;  1 drivers
v0x5ce4d0f48a40_0 .net/2u *"_ivl_14", 31 0, L_0x1171e2956c78;  1 drivers
v0x5ce4d101f8c0_0 .net *"_ivl_16", 31 0, L_0x5ce4d1229760;  1 drivers
v0x5ce4d101f4d0_0 .net *"_ivl_2", 31 0, L_0x5ce4d1229440;  1 drivers
v0x5ce4d1012c50_0 .net *"_ivl_20", 31 0, L_0x5ce4d1229b10;  1 drivers
L_0x1171e2956cc0 .functor BUFT 1, C4<00000000000000000000000000000>, C4<0>, C4<0>, C4<0>;
v0x5ce4d1012860_0 .net *"_ivl_23", 28 0, L_0x1171e2956cc0;  1 drivers
L_0x1171e2956d08 .functor BUFT 1, C4<00000000000000000000000000000001>, C4<0>, C4<0>, C4<0>;
v0x5ce4d1005fe0_0 .net/2u *"_ivl_24", 31 0, L_0x1171e2956d08;  1 drivers
v0x5ce4d1005bf0_0 .net *"_ivl_26", 31 0, L_0x5ce4d1229c00;  1 drivers
v0x5ce4d0ff9370_0 .net/2u *"_ivl_28", 31 0, L_0x1171e2956d50;  1 drivers
v0x5ce4d0ff8f80_0 .net *"_ivl_30", 31 0, L_0x5ce4d1229ca0;  1 drivers
v0x5ce4d0fec700_0 .net *"_ivl_32", 31 0, L_0x5ce4d1229e50;  1 drivers
L_0x1171e2956d98 .functor BUFT 1, C4<00000000000000000000000000000>, C4<0>, C4<0>, C4<0>;
v0x5ce4d0fec310_0 .net *"_ivl_35", 28 0, L_0x1171e2956d98;  1 drivers
v0x5ce4d0fde720_0 .net *"_ivl_38", 31 0, L_0x5ce4d122a0d0;  1 drivers
L_0x1171e2956de0 .functor BUFT 1, C4<00000000000000000000000000000>, C4<0>, C4<0>, C4<0>;
v0x5ce4d0fde330_0 .net *"_ivl_41", 28 0, L_0x1171e2956de0;  1 drivers
L_0x1171e2956e28 .functor BUFT 1, C4<00000000000000000000000000000010>, C4<0>, C4<0>, C4<0>;
v0x5ce4d0fd0740_0 .net/2u *"_ivl_42", 31 0, L_0x1171e2956e28;  1 drivers
v0x5ce4d0fd0350_0 .net *"_ivl_44", 31 0, L_0x5ce4d122a1d0;  1 drivers
v0x5ce4d0f2bde0_0 .net/2u *"_ivl_46", 31 0, L_0x1171e2956e70;  1 drivers
v0x5ce4d0f88110_0 .net *"_ivl_48", 31 0, L_0x5ce4d122a270;  1 drivers
L_0x1171e2956ba0 .functor BUFT 1, C4<00000000000000000000000000000>, C4<0>, C4<0>, C4<0>;
v0x5ce4d0f2c110_0 .net *"_ivl_5", 28 0, L_0x1171e2956ba0;  1 drivers
v0x5ce4d0f2d0a0_0 .net *"_ivl_50", 31 0, L_0x5ce4d122a400;  1 drivers
L_0x1171e2956eb8 .functor BUFT 1, C4<00000000000000000000000000000>, C4<0>, C4<0>, C4<0>;
v0x5ce4d0f30220_0 .net *"_ivl_53", 28 0, L_0x1171e2956eb8;  1 drivers
v0x5ce4d0f2fb40_0 .net *"_ivl_6", 31 0, L_0x5ce4d1229580;  1 drivers
v0x5ce4d0f28560_0 .net *"_ivl_64", 40 0, L_0x5ce4d122aac0;  1 drivers
v0x5ce4d0f305a0_0 .net *"_ivl_66", 4 0, L_0x5ce4d122abe0;  1 drivers
L_0x1171e2956f00 .functor BUFT 1, C4<00>, C4<0>, C4<0>, C4<0>;
v0x5ce4d0f3d640_0 .net *"_ivl_69", 1 0, L_0x1171e2956f00;  1 drivers
L_0x1171e2956be8 .functor BUFT 1, C4<00000000000000000000000000000>, C4<0>, C4<0>, C4<0>;
v0x5ce4d0f82a50_0 .net *"_ivl_9", 28 0, L_0x1171e2956be8;  1 drivers
v0x5ce4d0f7add0_0 .net "_memory_wreq_fifo_almost_empty", 0 0, L_0x5ce4d122a9b0;  alias, 1 drivers
v0x5ce4d0f7ae90_0 .net "_memory_wreq_fifo_almost_full", 0 0, L_0x5ce4d122a790;  alias, 1 drivers
v0x5ce4d0f75710_0 .net "_memory_wreq_fifo_deq", 0 0, L_0x5ce4d12328f0;  alias, 1 drivers
v0x5ce4d0f757b0_0 .net "_memory_wreq_fifo_empty", 0 0, L_0x5ce4d122a8a0;  alias, 1 drivers
v0x5ce4d0e86180_0 .net "_memory_wreq_fifo_enq", 0 0, L_0x5ce4d1231810;  alias, 1 drivers
v0x5ce4d0e86240_0 .net "_memory_wreq_fifo_full", 0 0, L_0x5ce4d122a650;  alias, 1 drivers
v0x5ce4d0e86300_0 .net "_memory_wreq_fifo_rdata", 40 0, L_0x5ce4d122adc0;  alias, 1 drivers
v0x5ce4d0f71780_0 .net "_memory_wreq_fifo_wdata", 40 0, L_0x5ce4d1230590;  alias, 1 drivers
v0x5ce4d0f29300_0 .var "head", 2 0;
v0x5ce4d0f3e0a0_0 .net "is_almost_empty", 0 0, L_0x5ce4d12299d0;  1 drivers
v0x5ce4d0f3e160_0 .net "is_almost_full", 0 0, L_0x5ce4d122a510;  1 drivers
v0x5ce4d0f3dd20_0 .net "is_empty", 0 0, L_0x5ce4d1226350;  1 drivers
v0x5ce4d0f3dde0_0 .net "is_full", 0 0, L_0x5ce4d1229f90;  1 drivers
v0x5ce4d0f10750 .array "mem", 7 0, 40 0;
v0x5ce4d0f107f0_0 .net "rdata", 40 0, L_0x5ce4d122a4a0;  1 drivers
v0x5ce4d0f10560_0 .var "tail", 2 0;
L_0x5ce4d1226350 .cmp/eq 3, v0x5ce4d0f29300_0, v0x5ce4d0f10560_0;
L_0x5ce4d1229440 .concat [ 3 29 0 0], v0x5ce4d0f29300_0, L_0x1171e2956ba0;
L_0x5ce4d1229580 .concat [ 3 29 0 0], v0x5ce4d0f10560_0, L_0x1171e2956be8;
L_0x5ce4d12296c0 .arith/sum 32, L_0x5ce4d1229580, L_0x1171e2956c30;
L_0x5ce4d12299d0 .cmp/eq 32, L_0x5ce4d1229440, L_0x5ce4d1229760;
L_0x5ce4d1229b10 .concat [ 3 29 0 0], v0x5ce4d0f29300_0, L_0x1171e2956cc0;
L_0x5ce4d1229c00 .arith/sum 32, L_0x5ce4d1229b10, L_0x1171e2956d08;
L_0x5ce4d1229e50 .concat [ 3 29 0 0], v0x5ce4d0f10560_0, L_0x1171e2956d98;
L_0x5ce4d1229f90 .cmp/eq 32, L_0x5ce4d1229ca0, L_0x5ce4d1229e50;
L_0x5ce4d122a0d0 .concat [ 3 29 0 0], v0x5ce4d0f29300_0, L_0x1171e2956de0;
L_0x5ce4d122a1d0 .arith/sum 32, L_0x5ce4d122a0d0, L_0x1171e2956e28;
L_0x5ce4d122a400 .concat [ 3 29 0 0], v0x5ce4d0f10560_0, L_0x1171e2956eb8;
L_0x5ce4d122a510 .cmp/eq 32, L_0x5ce4d122a270, L_0x5ce4d122a400;
L_0x5ce4d122aac0 .array/port v0x5ce4d0f10750, L_0x5ce4d122abe0;
L_0x5ce4d122abe0 .concat [ 3 2 0 0], v0x5ce4d0f10560_0, L_0x1171e2956f00;
S_0x5ce4d0f8ebe0 .scope module, "inst__s_axis_spm_read_req_fifo" "_s_axis_spm_read_req_fifo" 2 199, 2 2471 0, S_0x5ce4d0f8f690;
 .timescale 0 0;
    .port_info 0 /INPUT 1 "CLK";
    .port_info 1 /INPUT 1 "RST";
    .port_info 2 /INPUT 1 "_s_axis_spm_read_req_fifo_enq";
    .port_info 3 /INPUT 105 "_s_axis_spm_read_req_fifo_wdata";
    .port_info 4 /OUTPUT 1 "_s_axis_spm_read_req_fifo_full";
    .port_info 5 /OUTPUT 1 "_s_axis_spm_read_req_fifo_almost_full";
    .port_info 6 /INPUT 1 "_s_axis_spm_read_req_fifo_deq";
    .port_info 7 /OUTPUT 105 "_s_axis_spm_read_req_fifo_rdata";
    .port_info 8 /OUTPUT 1 "_s_axis_spm_read_req_fifo_empty";
    .port_info 9 /OUTPUT 1 "_s_axis_spm_read_req_fifo_almost_empty";
L_0x1171e29563c0 .functor BUFT 1, C4<00000000000000000000000000000111>, C4<0>, C4<0>, C4<0>;
L_0x5ce4d1002cc0 .functor AND 32, L_0x5ce4d1222930, L_0x1171e29563c0, C4<11111111111111111111111111111111>, C4<11111111111111111111111111111111>;
L_0x1171e2956498 .functor BUFT 1, C4<00000000000000000000000000000111>, C4<0>, C4<0>, C4<0>;
L_0x5ce4d0f49d30 .functor AND 32, L_0x5ce4d1222b10, L_0x1171e2956498, C4<11111111111111111111111111111111>, C4<11111111111111111111111111111111>;
L_0x1171e29565b8 .functor BUFT 1, C4<00000000000000000000000000000111>, C4<0>, C4<0>, C4<0>;
L_0x5ce4d1223070 .functor AND 32, L_0x5ce4d1222fd0, L_0x1171e29565b8, C4<11111111111111111111111111111111>, C4<11111111111111111111111111111111>;
L_0x5ce4d1223420 .functor BUFZ 1, L_0x5ce4d1222d90, C4<0>, C4<0>, C4<0>;
L_0x5ce4d1223530 .functor OR 1, L_0x5ce4d12232e0, L_0x5ce4d1222d90, C4<0>, C4<0>;
L_0x5ce4d1223640 .functor BUFZ 1, L_0x5ce4d1222750, C4<0>, C4<0>, C4<0>;
L_0x5ce4d1223750 .functor OR 1, L_0x5ce4d12229d0, L_0x5ce4d1222750, C4<0>, C4<0>;
L_0x5ce4d1223270 .functor BUFZ 105, L_0x5ce4d1223860, C4<000000000000000000000000000000000000000000000000000000000000000000000000000000000000000000000000000000000>, C4<000000000000000000000000000000000000000000000000000000000000000000000000000000000000000000000000000000000>, C4<000000000000000000000000000000000000000000000000000000000000000000000000000000000000000000000000000000000>;
L_0x5ce4d1223b60 .functor BUFZ 105, L_0x5ce4d1223270, C4<000000000000000000000000000000000000000000000000000000000000000000000000000000000000000000000000000000000>, C4<000000000000000000000000000000000000000000000000000000000000000000000000000000000000000000000000000000000>, C4<000000000000000000000000000000000000000000000000000000000000000000000000000000000000000000000000000000000>;
v0x5ce4d1046190_0 .net "CLK", 0 0, v0x5ce4d11ff220_0;  alias, 1 drivers
v0x5ce4d1046250_0 .net "RST", 0 0, v0x5ce4d11ff2c0_0;  alias, 1 drivers
L_0x1171e2956378 .functor BUFT 1, C4<00000000000000000000000000000001>, C4<0>, C4<0>, C4<0>;
v0x5ce4d103bfd0_0 .net/2u *"_ivl_10", 31 0, L_0x1171e2956378;  1 drivers
v0x5ce4d103c070_0 .net *"_ivl_12", 31 0, L_0x5ce4d1222930;  1 drivers
v0x5ce4d1026710_0 .net/2u *"_ivl_14", 31 0, L_0x1171e29563c0;  1 drivers
v0x5ce4d0fc28a0_0 .net *"_ivl_16", 31 0, L_0x5ce4d1002cc0;  1 drivers
v0x5ce4d0fc18f0_0 .net *"_ivl_2", 31 0, L_0x5ce4d12227f0;  1 drivers
v0x5ce4d0fbfe60_0 .net *"_ivl_20", 31 0, L_0x5ce4d1222a70;  1 drivers
L_0x1171e2956408 .functor BUFT 1, C4<00000000000000000000000000000>, C4<0>, C4<0>, C4<0>;
v0x5ce4d0fbfac0_0 .net *"_ivl_23", 28 0, L_0x1171e2956408;  1 drivers
L_0x1171e2956450 .functor BUFT 1, C4<00000000000000000000000000000001>, C4<0>, C4<0>, C4<0>;
v0x5ce4d0fbf720_0 .net/2u *"_ivl_24", 31 0, L_0x1171e2956450;  1 drivers
v0x5ce4d0fbcc60_0 .net *"_ivl_26", 31 0, L_0x5ce4d1222b10;  1 drivers
v0x5ce4d0fbbc60_0 .net/2u *"_ivl_28", 31 0, L_0x1171e2956498;  1 drivers
v0x5ce4d0fb9d40_0 .net *"_ivl_30", 31 0, L_0x5ce4d0f49d30;  1 drivers
v0x5ce4d0fb99a0_0 .net *"_ivl_32", 31 0, L_0x5ce4d1222c50;  1 drivers
L_0x1171e29564e0 .functor BUFT 1, C4<00000000000000000000000000000>, C4<0>, C4<0>, C4<0>;
v0x5ce4d0fb9600_0 .net *"_ivl_35", 28 0, L_0x1171e29564e0;  1 drivers
v0x5ce4d10af8b0_0 .net *"_ivl_38", 31 0, L_0x5ce4d1222ed0;  1 drivers
L_0x1171e2956528 .functor BUFT 1, C4<00000000000000000000000000000>, C4<0>, C4<0>, C4<0>;
v0x5ce4d10af360_0 .net *"_ivl_41", 28 0, L_0x1171e2956528;  1 drivers
L_0x1171e2956570 .functor BUFT 1, C4<00000000000000000000000000000010>, C4<0>, C4<0>, C4<0>;
v0x5ce4d10aeee0_0 .net/2u *"_ivl_42", 31 0, L_0x1171e2956570;  1 drivers
v0x5ce4d10adbc0_0 .net *"_ivl_44", 31 0, L_0x5ce4d1222fd0;  1 drivers
v0x5ce4d1099d00_0 .net/2u *"_ivl_46", 31 0, L_0x1171e29565b8;  1 drivers
v0x5ce4d10997b0_0 .net *"_ivl_48", 31 0, L_0x5ce4d1223070;  1 drivers
L_0x1171e29562e8 .functor BUFT 1, C4<00000000000000000000000000000>, C4<0>, C4<0>, C4<0>;
v0x5ce4d1099330_0 .net *"_ivl_5", 28 0, L_0x1171e29562e8;  1 drivers
v0x5ce4d1088000_0 .net *"_ivl_50", 31 0, L_0x5ce4d12231d0;  1 drivers
L_0x1171e2956600 .functor BUFT 1, C4<00000000000000000000000000000>, C4<0>, C4<0>, C4<0>;
v0x5ce4d107bf40_0 .net *"_ivl_53", 28 0, L_0x1171e2956600;  1 drivers
v0x5ce4d107b9f0_0 .net *"_ivl_6", 31 0, L_0x5ce4d1222890;  1 drivers
v0x5ce4d107b570_0 .net *"_ivl_64", 104 0, L_0x5ce4d1223860;  1 drivers
v0x5ce4d107a250_0 .net *"_ivl_66", 4 0, L_0x5ce4d1223980;  1 drivers
L_0x1171e2956648 .functor BUFT 1, C4<00>, C4<0>, C4<0>, C4<0>;
v0x5ce4d106e420_0 .net *"_ivl_69", 1 0, L_0x1171e2956648;  1 drivers
L_0x1171e2956330 .functor BUFT 1, C4<00000000000000000000000000000>, C4<0>, C4<0>, C4<0>;
v0x5ce4d106ded0_0 .net *"_ivl_9", 28 0, L_0x1171e2956330;  1 drivers
v0x5ce4d106da50_0 .net "_s_axis_spm_read_req_fifo_almost_empty", 0 0, L_0x5ce4d1223750;  alias, 1 drivers
v0x5ce4d106db10_0 .net "_s_axis_spm_read_req_fifo_almost_full", 0 0, L_0x5ce4d1223530;  alias, 1 drivers
v0x5ce4d106c730_0 .net "_s_axis_spm_read_req_fifo_deq", 0 0, L_0x1171e29562a0;  alias, 1 drivers
v0x5ce4d106c7f0_0 .net "_s_axis_spm_read_req_fifo_empty", 0 0, L_0x5ce4d1223640;  alias, 1 drivers
v0x5ce4d0e6e320_0 .net "_s_axis_spm_read_req_fifo_enq", 0 0, L_0x1171e2956210;  alias, 1 drivers
v0x5ce4d0e6e3e0_0 .net "_s_axis_spm_read_req_fifo_full", 0 0, L_0x5ce4d1223420;  alias, 1 drivers
v0x5ce4d0e6e4a0_0 .net "_s_axis_spm_read_req_fifo_rdata", 104 0, L_0x5ce4d1223b60;  alias, 1 drivers
v0x5ce4d1060610_0 .net "_s_axis_spm_read_req_fifo_wdata", 104 0, L_0x1171e2956258;  alias, 1 drivers
v0x5ce4d10606d0_0 .var "head", 2 0;
v0x5ce4d10600c0_0 .net "is_almost_empty", 0 0, L_0x5ce4d12229d0;  1 drivers
v0x5ce4d1060160_0 .net "is_almost_full", 0 0, L_0x5ce4d12232e0;  1 drivers
v0x5ce4d105fc40_0 .net "is_empty", 0 0, L_0x5ce4d1222750;  1 drivers
v0x5ce4d105fd00_0 .net "is_full", 0 0, L_0x5ce4d1222d90;  1 drivers
v0x5ce4d105e8c0 .array "mem", 7 0, 104 0;
v0x5ce4d105e980_0 .net "rdata", 104 0, L_0x5ce4d1223270;  1 drivers
v0x5ce4d0f2d610_0 .var "tail", 2 0;
L_0x5ce4d1222750 .cmp/eq 3, v0x5ce4d10606d0_0, v0x5ce4d0f2d610_0;
L_0x5ce4d12227f0 .concat [ 3 29 0 0], v0x5ce4d10606d0_0, L_0x1171e29562e8;
L_0x5ce4d1222890 .concat [ 3 29 0 0], v0x5ce4d0f2d610_0, L_0x1171e2956330;
L_0x5ce4d1222930 .arith/sum 32, L_0x5ce4d1222890, L_0x1171e2956378;
L_0x5ce4d12229d0 .cmp/eq 32, L_0x5ce4d12227f0, L_0x5ce4d1002cc0;
L_0x5ce4d1222a70 .concat [ 3 29 0 0], v0x5ce4d10606d0_0, L_0x1171e2956408;
L_0x5ce4d1222b10 .arith/sum 32, L_0x5ce4d1222a70, L_0x1171e2956450;
L_0x5ce4d1222c50 .concat [ 3 29 0 0], v0x5ce4d0f2d610_0, L_0x1171e29564e0;
L_0x5ce4d1222d90 .cmp/eq 32, L_0x5ce4d0f49d30, L_0x5ce4d1222c50;
L_0x5ce4d1222ed0 .concat [ 3 29 0 0], v0x5ce4d10606d0_0, L_0x1171e2956528;
L_0x5ce4d1222fd0 .arith/sum 32, L_0x5ce4d1222ed0, L_0x1171e2956570;
L_0x5ce4d12231d0 .concat [ 3 29 0 0], v0x5ce4d0f2d610_0, L_0x1171e2956600;
L_0x5ce4d12232e0 .cmp/eq 32, L_0x5ce4d1223070, L_0x5ce4d12231d0;
L_0x5ce4d1223860 .array/port v0x5ce4d105e8c0, L_0x5ce4d1223980;
L_0x5ce4d1223980 .concat [ 3 2 0 0], v0x5ce4d0f2d610_0, L_0x1171e2956648;
S_0x5ce4d0f8ef90 .scope module, "uut" "spm" 2 770, 2 2736 0, S_0x5ce4d0f8f690;
 .timescale 0 0;
    .port_info 0 /INPUT 1 "CLK";
    .port_info 1 /INPUT 1 "RST";
    .port_info 2 /INPUT 32 "axi_s_ctrl_spm_awaddr";
    .port_info 3 /INPUT 4 "axi_s_ctrl_spm_awcache";
    .port_info 4 /INPUT 3 "axi_s_ctrl_spm_awprot";
    .port_info 5 /INPUT 1 "axi_s_ctrl_spm_awvalid";
    .port_info 6 /OUTPUT 1 "axi_s_ctrl_spm_awready";
    .port_info 7 /INPUT 64 "axi_s_ctrl_spm_wdata";
    .port_info 8 /INPUT 8 "axi_s_ctrl_spm_wstrb";
    .port_info 9 /INPUT 1 "axi_s_ctrl_spm_wvalid";
    .port_info 10 /OUTPUT 1 "axi_s_ctrl_spm_wready";
    .port_info 11 /OUTPUT 2 "axi_s_ctrl_spm_bresp";
    .port_info 12 /OUTPUT 1 "axi_s_ctrl_spm_bvalid";
    .port_info 13 /INPUT 1 "axi_s_ctrl_spm_bready";
    .port_info 14 /INPUT 32 "axi_s_ctrl_spm_araddr";
    .port_info 15 /INPUT 4 "axi_s_ctrl_spm_arcache";
    .port_info 16 /INPUT 3 "axi_s_ctrl_spm_arprot";
    .port_info 17 /INPUT 1 "axi_s_ctrl_spm_arvalid";
    .port_info 18 /OUTPUT 1 "axi_s_ctrl_spm_arready";
    .port_info 19 /OUTPUT 64 "axi_s_ctrl_spm_rdata";
    .port_info 20 /OUTPUT 2 "axi_s_ctrl_spm_rresp";
    .port_info 21 /OUTPUT 1 "axi_s_ctrl_spm_rvalid";
    .port_info 22 /INPUT 1 "axi_s_ctrl_spm_rready";
    .port_info 23 /OUTPUT 4 "axi_m_dram_awid";
    .port_info 24 /OUTPUT 32 "axi_m_dram_awaddr";
    .port_info 25 /OUTPUT 8 "axi_m_dram_awlen";
    .port_info 26 /OUTPUT 3 "axi_m_dram_awsize";
    .port_info 27 /OUTPUT 2 "axi_m_dram_awburst";
    .port_info 28 /OUTPUT 1 "axi_m_dram_awlock";
    .port_info 29 /OUTPUT 4 "axi_m_dram_awcache";
    .port_info 30 /OUTPUT 3 "axi_m_dram_awprot";
    .port_info 31 /OUTPUT 4 "axi_m_dram_awqos";
    .port_info 32 /OUTPUT 2 "axi_m_dram_awuser";
    .port_info 33 /OUTPUT 1 "axi_m_dram_awvalid";
    .port_info 34 /INPUT 1 "axi_m_dram_awready";
    .port_info 35 /OUTPUT 64 "axi_m_dram_wdata";
    .port_info 36 /OUTPUT 8 "axi_m_dram_wstrb";
    .port_info 37 /OUTPUT 1 "axi_m_dram_wlast";
    .port_info 38 /OUTPUT 1 "axi_m_dram_wvalid";
    .port_info 39 /INPUT 1 "axi_m_dram_wready";
    .port_info 40 /INPUT 4 "axi_m_dram_bid";
    .port_info 41 /INPUT 2 "axi_m_dram_bresp";
    .port_info 42 /INPUT 1 "axi_m_dram_bvalid";
    .port_info 43 /OUTPUT 1 "axi_m_dram_bready";
    .port_info 44 /OUTPUT 4 "axi_m_dram_arid";
    .port_info 45 /OUTPUT 32 "axi_m_dram_araddr";
    .port_info 46 /OUTPUT 8 "axi_m_dram_arlen";
    .port_info 47 /OUTPUT 3 "axi_m_dram_arsize";
    .port_info 48 /OUTPUT 2 "axi_m_dram_arburst";
    .port_info 49 /OUTPUT 1 "axi_m_dram_arlock";
    .port_info 50 /OUTPUT 4 "axi_m_dram_arcache";
    .port_info 51 /OUTPUT 3 "axi_m_dram_arprot";
    .port_info 52 /OUTPUT 4 "axi_m_dram_arqos";
    .port_info 53 /OUTPUT 2 "axi_m_dram_aruser";
    .port_info 54 /OUTPUT 1 "axi_m_dram_arvalid";
    .port_info 55 /INPUT 1 "axi_m_dram_arready";
    .port_info 56 /INPUT 4 "axi_m_dram_rid";
    .port_info 57 /INPUT 64 "axi_m_dram_rdata";
    .port_info 58 /INPUT 2 "axi_m_dram_rresp";
    .port_info 59 /INPUT 1 "axi_m_dram_rlast";
    .port_info 60 /INPUT 1 "axi_m_dram_rvalid";
    .port_info 61 /OUTPUT 1 "axi_m_dram_rready";
    .port_info 62 /OUTPUT 128 "axis_out_mac_spm_tdata";
    .port_info 63 /OUTPUT 1 "axis_out_mac_spm_tvalid";
    .port_info 64 /INPUT 1 "axis_out_mac_spm_tready";
    .port_info 65 /OUTPUT 1 "axis_out_mac_spm_tlast";
    .port_info 66 /OUTPUT 128 "axis_out_axim_spm_tdata";
    .port_info 67 /OUTPUT 1 "axis_out_axim_spm_tvalid";
    .port_info 68 /INPUT 1 "axis_out_axim_spm_tready";
    .port_info 69 /OUTPUT 1 "axis_out_axim_spm_tlast";
    .port_info 70 /INPUT 128 "axis_in_axim_spm_tdata";
    .port_info 71 /INPUT 1 "axis_in_axim_spm_tvalid";
    .port_info 72 /OUTPUT 1 "axis_in_axim_spm_tready";
    .port_info 73 /INPUT 1 "axis_in_axim_spm_tlast";
    .port_info 74 /OUTPUT 128 "axis_out_xored_spm_tdata";
    .port_info 75 /OUTPUT 1 "axis_out_xored_spm_tvalid";
    .port_info 76 /INPUT 1 "axis_out_xored_spm_tready";
    .port_info 77 /OUTPUT 1 "axis_out_xored_spm_tlast";
    .port_info 78 /INPUT 128 "axis_in_xored_spm_tdata";
    .port_info 79 /INPUT 1 "axis_in_xored_spm_tvalid";
    .port_info 80 /OUTPUT 1 "axis_in_xored_spm_tready";
    .port_info 81 /INPUT 1 "axis_in_xored_spm_tlast";
    .port_info 82 /INPUT 9 "ram_spm_1_addr";
    .port_info 83 /OUTPUT 64 "ram_spm_1_rdata";
    .port_info 84 /INPUT 64 "ram_spm_1_wdata";
    .port_info 85 /INPUT 1 "ram_spm_1_wenable";
    .port_info 86 /INPUT 1 "ram_spm_1_enable";
P_0x5ce4d11d8000 .param/l "_axi_m_dram_read_data_fsm_1" 1 2 4871, +C4<00000000000000000000000000000001>;
P_0x5ce4d11d8040 .param/l "_axi_m_dram_read_data_fsm_2" 1 2 4872, +C4<00000000000000000000000000000010>;
P_0x5ce4d11d8080 .param/l "_axi_m_dram_read_data_fsm_init" 1 2 3443, +C4<00000000000000000000000000000000>;
P_0x5ce4d11d80c0 .param/l "_axi_m_dram_read_req_fsm_1" 1 2 4843, +C4<00000000000000000000000000000001>;
P_0x5ce4d11d8100 .param/l "_axi_m_dram_read_req_fsm_init" 1 2 3396, +C4<00000000000000000000000000000000>;
P_0x5ce4d11d8140 .param/l "_axi_m_dram_write_data_fsm_1" 1 2 4970, +C4<00000000000000000000000000000001>;
P_0x5ce4d11d8180 .param/l "_axi_m_dram_write_data_fsm_2" 1 2 4971, +C4<00000000000000000000000000000010>;
P_0x5ce4d11d81c0 .param/l "_axi_m_dram_write_data_fsm_init" 1 2 3522, +C4<00000000000000000000000000000000>;
P_0x5ce4d11d8200 .param/l "_axi_m_dram_write_req_fsm_1" 1 2 4942, +C4<00000000000000000000000000000001>;
P_0x5ce4d11d8240 .param/l "_axi_m_dram_write_req_fsm_init" 1 2 3457, +C4<00000000000000000000000000000000>;
P_0x5ce4d11d8280 .param/l "_axi_s_ctrl_spm_mask" 1 2 2851, C4<111>;
P_0x5ce4d11d82c0 .param/l "_axi_s_ctrl_spm_maskwidth" 1 2 2850, +C4<00000000000000000000000000000011>;
P_0x5ce4d11d8300 .param/l "_axi_s_ctrl_spm_register_fsm_1" 1 2 3941, +C4<00000000000000000000000000000001>;
P_0x5ce4d11d8340 .param/l "_axi_s_ctrl_spm_register_fsm_2" 1 2 3942, +C4<00000000000000000000000000000010>;
P_0x5ce4d11d8380 .param/l "_axi_s_ctrl_spm_register_fsm_3" 1 2 3943, +C4<00000000000000000000000000000011>;
P_0x5ce4d11d83c0 .param/l "_axi_s_ctrl_spm_register_fsm_4" 1 2 3944, +C4<00000000000000000000000000000100>;
P_0x5ce4d11d8400 .param/l "_axi_s_ctrl_spm_register_fsm_init" 1 2 2854, +C4<00000000000000000000000000000000>;
P_0x5ce4d11d8440 .param/l "_axi_s_ctrl_spm_shift" 1 2 2852, +C4<00000000000000000000000000000011>;
P_0x5ce4d11d8480 .param/l "_axis_in_axim_spm_read_data_wide_fsm_1" 1 2 5130, +C4<00000000000000000000000000000001>;
P_0x5ce4d11d84c0 .param/l "_axis_in_axim_spm_read_data_wide_fsm_2" 1 2 5131, +C4<00000000000000000000000000000010>;
P_0x5ce4d11d8500 .param/l "_axis_in_axim_spm_read_data_wide_fsm_init" 1 2 3591, +C4<00000000000000000000000000000000>;
P_0x5ce4d11d8540 .param/l "_axis_in_xored_spm_read_data_wide_fsm_1" 1 2 5310, +C4<00000000000000000000000000000001>;
P_0x5ce4d11d8580 .param/l "_axis_in_xored_spm_read_data_wide_fsm_2" 1 2 5311, +C4<00000000000000000000000000000010>;
P_0x5ce4d11d85c0 .param/l "_axis_in_xored_spm_read_data_wide_fsm_init" 1 2 3655, +C4<00000000000000000000000000000000>;
P_0x5ce4d11d8600 .param/l "_axis_out_axim_spm_write_data_wide_fsm_1" 1 2 5225, +C4<00000000000000000000000000000001>;
P_0x5ce4d11d8640 .param/l "_axis_out_axim_spm_write_data_wide_fsm_2" 1 2 5226, +C4<00000000000000000000000000000010>;
P_0x5ce4d11d8680 .param/l "_axis_out_axim_spm_write_data_wide_fsm_init" 1 2 3620, +C4<00000000000000000000000000000000>;
P_0x5ce4d11d86c0 .param/l "_axis_out_mac_spm_write_data_wide_fsm_1" 1 2 5045, +C4<00000000000000000000000000000001>;
P_0x5ce4d11d8700 .param/l "_axis_out_mac_spm_write_data_wide_fsm_2" 1 2 5046, +C4<00000000000000000000000000000010>;
P_0x5ce4d11d8740 .param/l "_axis_out_mac_spm_write_data_wide_fsm_init" 1 2 3556, +C4<00000000000000000000000000000000>;
P_0x5ce4d11d8780 .param/l "_axis_out_xored_spm_write_data_wide_fsm_1" 1 2 5405, +C4<00000000000000000000000000000001>;
P_0x5ce4d11d87c0 .param/l "_axis_out_xored_spm_write_data_wide_fsm_2" 1 2 5406, +C4<00000000000000000000000000000010>;
P_0x5ce4d11d8800 .param/l "_axis_out_xored_spm_write_data_wide_fsm_init" 1 2 3690, +C4<00000000000000000000000000000000>;
P_0x5ce4d11d8840 .param/l "_tmp_111" 1 2 3472, +C4<00000000000000000000000000000001>;
P_0x5ce4d11d8880 .param/l "_tmp_131" 1 2 3516, +C4<00000000000000000000000000000001>;
P_0x5ce4d11d88c0 .param/l "_tmp_138" 1 2 3530, +C4<00000000000000000000000000000001>;
P_0x5ce4d11d8900 .param/l "_tmp_146" 1 2 3551, +C4<00000000000000000000000000000001>;
P_0x5ce4d11d8940 .param/l "_tmp_154" 1 2 3566, +C4<00000000000000000000000000000001>;
P_0x5ce4d11d8980 .param/l "_tmp_163" 1 2 3586, +C4<00000000000000000000000000000001>;
P_0x5ce4d11d89c0 .param/l "_tmp_177" 1 2 3615, +C4<00000000000000000000000000000001>;
P_0x5ce4d11d8a00 .param/l "_tmp_185" 1 2 3630, +C4<00000000000000000000000000000001>;
P_0x5ce4d11d8a40 .param/l "_tmp_194" 1 2 3650, +C4<00000000000000000000000000000001>;
P_0x5ce4d11d8a80 .param/l "_tmp_208" 1 2 3685, +C4<00000000000000000000000000000001>;
P_0x5ce4d11d8ac0 .param/l "_tmp_216" 1 2 3714, +C4<00000000000000000000000000000001>;
P_0x5ce4d11d8b00 .param/l "_tmp_85" 1 2 3413, +C4<00000000000000000000000000000001>;
P_0x5ce4d11d8b40 .param/l "read_burst_fsm_1_1" 1 2 4995, +C4<00000000000000000000000000000001>;
P_0x5ce4d11d8b80 .param/l "read_burst_fsm_1_init" 1 2 3524, +C4<00000000000000000000000000000000>;
P_0x5ce4d11d8bc0 .param/l "read_burst_fsm_2_1" 1 2 5080, +C4<00000000000000000000000000000001>;
P_0x5ce4d11d8c00 .param/l "read_burst_fsm_2_init" 1 2 3560, +C4<00000000000000000000000000000000>;
P_0x5ce4d11d8c40 .param/l "read_burst_fsm_4_1" 1 2 5260, +C4<00000000000000000000000000000001>;
P_0x5ce4d11d8c80 .param/l "read_burst_fsm_4_init" 1 2 3624, +C4<00000000000000000000000000000000>;
P_0x5ce4d11d8cc0 .param/l "read_burst_fsm_6_1" 1 2 5440, +C4<00000000000000000000000000000001>;
P_0x5ce4d11d8d00 .param/l "read_burst_fsm_6_init" 1 2 3694, +C4<00000000000000000000000000000000>;
P_0x5ce4d11d8d40 .param/l "spm_thread_1" 1 2 4611, +C4<00000000000000000000000000000001>;
P_0x5ce4d11d8d80 .param/l "spm_thread_10" 1 2 4620, +C4<00000000000000000000000000001010>;
P_0x5ce4d11d8dc0 .param/l "spm_thread_11" 1 2 4621, +C4<00000000000000000000000000001011>;
P_0x5ce4d11d8e00 .param/l "spm_thread_12" 1 2 4622, +C4<00000000000000000000000000001100>;
P_0x5ce4d11d8e40 .param/l "spm_thread_13" 1 2 4623, +C4<00000000000000000000000000001101>;
P_0x5ce4d11d8e80 .param/l "spm_thread_14" 1 2 4624, +C4<00000000000000000000000000001110>;
P_0x5ce4d11d8ec0 .param/l "spm_thread_15" 1 2 4625, +C4<00000000000000000000000000001111>;
P_0x5ce4d11d8f00 .param/l "spm_thread_16" 1 2 4626, +C4<00000000000000000000000000010000>;
P_0x5ce4d11d8f40 .param/l "spm_thread_17" 1 2 4627, +C4<00000000000000000000000000010001>;
P_0x5ce4d11d8f80 .param/l "spm_thread_18" 1 2 4628, +C4<00000000000000000000000000010010>;
P_0x5ce4d11d8fc0 .param/l "spm_thread_19" 1 2 4629, +C4<00000000000000000000000000010011>;
P_0x5ce4d11d9000 .param/l "spm_thread_2" 1 2 4612, +C4<00000000000000000000000000000010>;
P_0x5ce4d11d9040 .param/l "spm_thread_20" 1 2 4630, +C4<00000000000000000000000000010100>;
P_0x5ce4d11d9080 .param/l "spm_thread_21" 1 2 4631, +C4<00000000000000000000000000010101>;
P_0x5ce4d11d90c0 .param/l "spm_thread_22" 1 2 4632, +C4<00000000000000000000000000010110>;
P_0x5ce4d11d9100 .param/l "spm_thread_23" 1 2 4633, +C4<00000000000000000000000000010111>;
P_0x5ce4d11d9140 .param/l "spm_thread_24" 1 2 4634, +C4<00000000000000000000000000011000>;
P_0x5ce4d11d9180 .param/l "spm_thread_25" 1 2 4635, +C4<00000000000000000000000000011001>;
P_0x5ce4d11d91c0 .param/l "spm_thread_26" 1 2 4636, +C4<00000000000000000000000000011010>;
P_0x5ce4d11d9200 .param/l "spm_thread_27" 1 2 4637, +C4<00000000000000000000000000011011>;
P_0x5ce4d11d9240 .param/l "spm_thread_28" 1 2 4638, +C4<00000000000000000000000000011100>;
P_0x5ce4d11d9280 .param/l "spm_thread_29" 1 2 4639, +C4<00000000000000000000000000011101>;
P_0x5ce4d11d92c0 .param/l "spm_thread_3" 1 2 4613, +C4<00000000000000000000000000000011>;
P_0x5ce4d11d9300 .param/l "spm_thread_30" 1 2 4640, +C4<00000000000000000000000000011110>;
P_0x5ce4d11d9340 .param/l "spm_thread_31" 1 2 4641, +C4<00000000000000000000000000011111>;
P_0x5ce4d11d9380 .param/l "spm_thread_32" 1 2 4642, +C4<00000000000000000000000000100000>;
P_0x5ce4d11d93c0 .param/l "spm_thread_33" 1 2 4643, +C4<00000000000000000000000000100001>;
P_0x5ce4d11d9400 .param/l "spm_thread_34" 1 2 4644, +C4<00000000000000000000000000100010>;
P_0x5ce4d11d9440 .param/l "spm_thread_35" 1 2 4645, +C4<00000000000000000000000000100011>;
P_0x5ce4d11d9480 .param/l "spm_thread_36" 1 2 4646, +C4<00000000000000000000000000100100>;
P_0x5ce4d11d94c0 .param/l "spm_thread_37" 1 2 4647, +C4<00000000000000000000000000100101>;
P_0x5ce4d11d9500 .param/l "spm_thread_38" 1 2 4648, +C4<00000000000000000000000000100110>;
P_0x5ce4d11d9540 .param/l "spm_thread_4" 1 2 4614, +C4<00000000000000000000000000000100>;
P_0x5ce4d11d9580 .param/l "spm_thread_5" 1 2 4615, +C4<00000000000000000000000000000101>;
P_0x5ce4d11d95c0 .param/l "spm_thread_6" 1 2 4616, +C4<00000000000000000000000000000110>;
P_0x5ce4d11d9600 .param/l "spm_thread_7" 1 2 4617, +C4<00000000000000000000000000000111>;
P_0x5ce4d11d9640 .param/l "spm_thread_8" 1 2 4618, +C4<00000000000000000000000000001000>;
P_0x5ce4d11d9680 .param/l "spm_thread_9" 1 2 4619, +C4<00000000000000000000000000001001>;
P_0x5ce4d11d96c0 .param/l "spm_thread_init" 1 2 3390, +C4<00000000000000000000000000000000>;
P_0x5ce4d11d9700 .param/l "write_burst_fsm_0_1" 1 2 4896, +C4<00000000000000000000000000000001>;
P_0x5ce4d11d9740 .param/l "write_burst_fsm_0_init" 1 2 3446, +C4<00000000000000000000000000000000>;
P_0x5ce4d11d9780 .param/l "write_burst_fsm_3_1" 1 2 5179, +C4<00000000000000000000000000000001>;
P_0x5ce4d11d97c0 .param/l "write_burst_fsm_3_init" 1 2 3597, +C4<00000000000000000000000000000000>;
P_0x5ce4d11d9800 .param/l "write_burst_fsm_5_1" 1 2 5359, +C4<00000000000000000000000000000001>;
P_0x5ce4d11d9840 .param/l "write_burst_fsm_5_init" 1 2 3661, +C4<00000000000000000000000000000000>;
L_0x5ce4d123e240 .functor AND 1, L_0x5ce4d123e100, L_0x5ce4d123e1a0, C4<1>, C4<1>;
L_0x5ce4d123e3a0 .functor AND 1, L_0x5ce4d123e240, L_0x5ce4d123e300, C4<1>, C4<1>;
L_0x5ce4d123e4b0 .functor AND 1, L_0x5ce4d123e3a0, v0x5ce4d11fba80_0, C4<1>, C4<1>;
L_0x5ce4d123e570 .functor AND 1, L_0x5ce4d123e060, L_0x5ce4d123e4b0, C4<1>, C4<1>;
L_0x5ce4d123e9a0 .functor AND 1, L_0x5ce4d123e7c0, L_0x5ce4d123e8b0, C4<1>, C4<1>;
L_0x5ce4d123eab0 .functor AND 1, L_0x5ce4d123e9a0, v0x5ce4d11fb9e0_0, C4<1>, C4<1>;
L_0x5ce4d123ecb0 .functor AND 1, L_0x5ce4d123eab0, L_0x5ce4d123eb70, C4<1>, C4<1>;
L_0x5ce4d123edc0 .functor AND 1, L_0x5ce4d123e680, L_0x5ce4d123ecb0, C4<1>, C4<1>;
L_0x5ce4d1247f20 .functor BUFZ 1, v0x5ce4d0fbc590_0, C4<0>, C4<0>, C4<0>;
L_0x5ce4d1248000 .functor BUFZ 1, v0x5ce4d120be40_0, C4<0>, C4<0>, C4<0>;
L_0x5ce4d1248540 .functor OR 1, v0x5ce4d11f21b0_0, L_0x5ce4d1247f20, C4<0>, C4<0>;
L_0x5ce4d1247f90 .functor BUFZ 1, L_0x5ce4d12480c0, C4<0>, C4<0>, C4<0>;
L_0x5ce4d1248e70 .functor BUFZ 64, L_0x5ce4d1248ac0, C4<0000000000000000000000000000000000000000000000000000000000000000>, C4<0000000000000000000000000000000000000000000000000000000000000000>, C4<0000000000000000000000000000000000000000000000000000000000000000>;
L_0x5ce4d1248fc0 .functor BUFZ 8, L_0x5ce4d12489d0, C4<00000000>, C4<00000000>, C4<00000000>;
L_0x5ce4d1249080 .functor BUFZ 1, L_0x5ce4d1248680, C4<0>, C4<0>, C4<0>;
L_0x5ce4d1249250 .functor BUFZ 1, v0x5ce4d120ba80_0, C4<0>, C4<0>, C4<0>;
L_0x5ce4d12493c0 .functor BUFZ 64, v0x5ce4d120b940_0, C4<0000000000000000000000000000000000000000000000000000000000000000>, C4<0000000000000000000000000000000000000000000000000000000000000000>, C4<0000000000000000000000000000000000000000000000000000000000000000>;
L_0x5ce4d1249520 .functor BUFZ 1, v0x5ce4d120bc60_0, C4<0>, C4<0>, C4<0>;
L_0x5ce4d12496a0 .functor BUFZ 1, L_0x5ce4d12665e0, C4<0>, C4<0>, C4<0>;
L_0x5ce4d1249bc0 .functor OR 1, v0x5ce4d11f17b0_0, L_0x5ce4d1249520, C4<0>, C4<0>;
L_0x5ce4d124a1c0 .functor BUFZ 64, L_0x5ce4d124a0d0, C4<0000000000000000000000000000000000000000000000000000000000000000>, C4<0000000000000000000000000000000000000000000000000000000000000000>, C4<0000000000000000000000000000000000000000000000000000000000000000>;
L_0x5ce4d124a280 .functor BUFZ 1, L_0x5ce4d1249d50, C4<0>, C4<0>, C4<0>;
L_0x5ce4d124a490 .functor BUFZ 1, L_0x5ce4d1249710, C4<0>, C4<0>, C4<0>;
L_0x5ce4d124aac0 .functor OR 1, L_0x5ce4d124a980, v0x5ce4d11de7c0_0, C4<0>, C4<0>;
L_0x5ce4d124d240 .functor BUFZ 8, L_0x5ce4d124c5f0, C4<00000000>, C4<00000000>, C4<00000000>;
L_0x5ce4d124d3b0 .functor BUFZ 32, L_0x5ce4d124c990, C4<00000000000000000000000000000000>, C4<00000000000000000000000000000000>, C4<00000000000000000000000000000000>;
L_0x5ce4d124d470 .functor BUFZ 32, L_0x5ce4d124ca30, C4<00000000000000000000000000000000>, C4<00000000000000000000000000000000>, C4<00000000000000000000000000000000>;
L_0x5ce4d124d640 .functor BUFZ 33, L_0x5ce4d124cde0, C4<000000000000000000000000000000000>, C4<000000000000000000000000000000000>, C4<000000000000000000000000000000000>;
L_0x5ce4d124d700 .functor BUFZ 32, L_0x5ce4d124ce80, C4<00000000000000000000000000000000>, C4<00000000000000000000000000000000>, C4<00000000000000000000000000000000>;
L_0x5ce4d124dd50 .functor AND 1, L_0x5ce4d124d8e0, L_0x5ce4d124d980, C4<1>, C4<1>;
L_0x5ce4d124df00 .functor AND 1, L_0x5ce4d124bfc0, L_0x5ce4d124de60, C4<1>, C4<1>;
L_0x5ce4d124d7c0 .functor AND 1, L_0x5ce4d124dd50, L_0x5ce4d124df00, C4<1>, C4<1>;
L_0x5ce4d1250a20 .functor BUFZ 8, L_0x5ce4d124fc80, C4<00000000>, C4<00000000>, C4<00000000>;
L_0x5ce4d1250bd0 .functor BUFZ 32, L_0x5ce4d1250060, C4<00000000000000000000000000000000>, C4<00000000000000000000000000000000>, C4<00000000000000000000000000000000>;
L_0x5ce4d1250c90 .functor BUFZ 32, L_0x5ce4d1250190, C4<00000000000000000000000000000000>, C4<00000000000000000000000000000000>, C4<00000000000000000000000000000000>;
L_0x5ce4d1250ea0 .functor BUFZ 33, L_0x5ce4d1250580, C4<000000000000000000000000000000000>, C4<000000000000000000000000000000000>, C4<000000000000000000000000000000000>;
L_0x5ce4d1250f60 .functor BUFZ 32, L_0x5ce4d1250620, C4<00000000000000000000000000000000>, C4<00000000000000000000000000000000>, C4<00000000000000000000000000000000>;
L_0x5ce4d1251630 .functor AND 1, L_0x5ce4d1251180, L_0x5ce4d1251220, C4<1>, C4<1>;
L_0x5ce4d12517e0 .functor AND 1, L_0x5ce4d124f650, L_0x5ce4d1251740, C4<1>, C4<1>;
L_0x5ce4d1251a10 .functor AND 1, L_0x5ce4d1251630, L_0x5ce4d12517e0, C4<1>, C4<1>;
L_0x5ce4d1254070 .functor BUFZ 8, L_0x5ce4d1253650, C4<00000000>, C4<00000000>, C4<00000000>;
L_0x5ce4d1254260 .functor BUFZ 32, L_0x5ce4d1253a70, C4<00000000000000000000000000000000>, C4<00000000000000000000000000000000>, C4<00000000000000000000000000000000>;
L_0x5ce4d1254320 .functor BUFZ 32, L_0x5ce4d1253ba0, C4<00000000000000000000000000000000>, C4<00000000000000000000000000000000>, C4<00000000000000000000000000000000>;
L_0x5ce4d1254570 .functor BUFZ 33, L_0x5ce4d1253fd0, C4<000000000000000000000000000000000>, C4<000000000000000000000000000000000>, C4<000000000000000000000000000000000>;
L_0x5ce4d1254a70 .functor AND 1, L_0x5ce4d1253020, L_0x5ce4d1254630, C4<1>, C4<1>;
L_0x5ce4d1254cd0 .functor BUFZ 1, L_0x5ce4d1254a70, C4<0>, C4<0>, C4<0>;
L_0x5ce4d1257340 .functor BUFZ 8, L_0x5ce4d12568c0, C4<00000000>, C4<00000000>, C4<00000000>;
L_0x5ce4d1254b30 .functor BUFZ 32, L_0x5ce4d1256960, C4<00000000000000000000000000000000>, C4<00000000000000000000000000000000>, C4<00000000000000000000000000000000>;
L_0x5ce4d1254bf0 .functor BUFZ 32, L_0x5ce4d1256e40, C4<00000000000000000000000000000000>, C4<00000000000000000000000000000000>, C4<00000000000000000000000000000000>;
L_0x5ce4d1257570 .functor BUFZ 33, L_0x5ce4d1256ee0, C4<000000000000000000000000000000000>, C4<000000000000000000000000000000000>, C4<000000000000000000000000000000000>;
L_0x5ce4d12576d0 .functor AND 1, L_0x5ce4d1256290, L_0x5ce4d1257630, C4<1>, C4<1>;
L_0x5ce4d1257960 .functor BUFZ 1, L_0x5ce4d12576d0, C4<0>, C4<0>, C4<0>;
L_0x5ce4d1259fb0 .functor BUFZ 8, L_0x5ce4d12594f0, C4<00000000>, C4<00000000>, C4<00000000>;
L_0x5ce4d125a200 .functor BUFZ 32, L_0x5ce4d1259960, C4<00000000000000000000000000000000>, C4<00000000000000000000000000000000>, C4<00000000000000000000000000000000>;
L_0x5ce4d125a2c0 .functor BUFZ 32, L_0x5ce4d1259a90, C4<00000000000000000000000000000000>, C4<00000000000000000000000000000000>, C4<00000000000000000000000000000000>;
L_0x5ce4d125a570 .functor BUFZ 33, L_0x5ce4d1259f10, C4<000000000000000000000000000000000>, C4<000000000000000000000000000000000>, C4<000000000000000000000000000000000>;
L_0x5ce4d125aac0 .functor AND 1, L_0x5ce4d1258ec0, L_0x5ce4d125a630, C4<1>, C4<1>;
L_0x5ce4d125ad80 .functor BUFZ 1, L_0x5ce4d125aac0, C4<0>, C4<0>, C4<0>;
L_0x5ce4d125dc40 .functor BUFZ 8, L_0x5ce4d125d120, C4<00000000>, C4<00000000>, C4<00000000>;
L_0x5ce4d125dec0 .functor BUFZ 32, L_0x5ce4d125d1c0, C4<00000000000000000000000000000000>, C4<00000000000000000000000000000000>, C4<00000000000000000000000000000000>;
L_0x5ce4d125df30 .functor BUFZ 32, L_0x5ce4d125d6f0, C4<00000000000000000000000000000000>, C4<00000000000000000000000000000000>, C4<00000000000000000000000000000000>;
L_0x5ce4d125e210 .functor BUFZ 33, L_0x5ce4d125d790, C4<000000000000000000000000000000000>, C4<000000000000000000000000000000000>, C4<000000000000000000000000000000000>;
L_0x5ce4d125e370 .functor AND 1, L_0x5ce4d125cb00, L_0x5ce4d125e2d0, C4<1>, C4<1>;
L_0x5ce4d125e660 .functor BUFZ 1, L_0x5ce4d125e370, C4<0>, C4<0>, C4<0>;
L_0x5ce4d1260390 .functor BUFZ 8, L_0x5ce4d1260250, C4<00000000>, C4<00000000>, C4<00000000>;
L_0x5ce4d1260640 .functor BUFZ 32, L_0x5ce4d1260710, C4<00000000000000000000000000000000>, C4<00000000000000000000000000000000>, C4<00000000000000000000000000000000>;
L_0x5ce4d1260d10 .functor BUFZ 32, L_0x5ce4d1260840, C4<00000000000000000000000000000000>, C4<00000000000000000000000000000000>, C4<00000000000000000000000000000000>;
L_0x5ce4d1260fd0 .functor BUFZ 33, L_0x5ce4d12602f0, C4<000000000000000000000000000000000>, C4<000000000000000000000000000000000>, C4<000000000000000000000000000000000>;
L_0x5ce4d12608e0 .functor AND 1, L_0x5ce4d125fc20, L_0x5ce4d1261040, C4<1>, C4<1>;
L_0x5ce4d1260c00 .functor BUFZ 1, L_0x5ce4d12608e0, C4<0>, C4<0>, C4<0>;
L_0x5ce4d12618d0 .functor AND 1, L_0x5ce4d12617e0, v0x5ce4d0fd2000_0, C4<1>, C4<1>;
L_0x5ce4d1261a80 .functor AND 1, L_0x5ce4d12618d0, L_0x5ce4d12619e0, C4<1>, C4<1>;
L_0x5ce4d1262740 .functor AND 1, L_0x5ce4d1263040, v0x5ce4d0fd2000_0, C4<1>, C4<1>;
L_0x5ce4d12628a0 .functor AND 1, L_0x5ce4d1262740, L_0x5ce4d1262800, C4<1>, C4<1>;
L_0x5ce4d1262a50 .functor AND 1, L_0x5ce4d1262960, v0x5ce4d0fd2000_0, C4<1>, C4<1>;
L_0x5ce4d1263220 .functor AND 1, L_0x5ce4d1262a50, L_0x5ce4d1263180, C4<1>, C4<1>;
L_0x5ce4d12635a0 .functor AND 1, L_0x5ce4d1263220, L_0x5ce4d1263d60, C4<1>, C4<1>;
L_0x5ce4d1265840 .functor AND 1, L_0x5ce4d1265c90, L_0x5ce4d1265710, C4<1>, C4<1>;
L_0x5ce4d1265e70 .functor AND 1, L_0x5ce4d1265840, L_0x5ce4d1265d30, C4<1>, C4<1>;
L_0x5ce4d1265f80 .functor AND 1, L_0x5ce4d1265490, L_0x5ce4d1265e70, C4<1>, C4<1>;
L_0x5ce4d1266130 .functor AND 1, L_0x5ce4d1265f80, L_0x5ce4d1266090, C4<1>, C4<1>;
L_0x5ce4d1266dc0 .functor BUFZ 8, v0x5ce4d0fc1650_0, C4<00000000>, C4<00000000>, C4<00000000>;
L_0x5ce4d12678e0 .functor BUFZ 32, v0x5ce4d0fc3f70_0, C4<00000000000000000000000000000000>, C4<00000000000000000000000000000000>, C4<00000000000000000000000000000000>;
L_0x5ce4d1267950 .functor BUFZ 32, v0x5ce4d0fc1d80_0, C4<00000000000000000000000000000000>, C4<00000000000000000000000000000000>, C4<00000000000000000000000000000000>;
L_0x5ce4d1267a30 .functor BUFZ 32, v0x5ce4d0fc34c0_0, C4<00000000000000000000000000000000>, C4<00000000000000000000000000000000>, C4<00000000000000000000000000000000>;
L_0x5ce4d1269b20 .functor BUFZ 8, v0x5ce4d0fc1650_0, C4<00000000>, C4<00000000>, C4<00000000>;
L_0x5ce4d1269be0 .functor BUFZ 32, v0x5ce4d0fc3f70_0, C4<00000000000000000000000000000000>, C4<00000000000000000000000000000000>, C4<00000000000000000000000000000000>;
L_0x5ce4d1269fc0 .functor BUFZ 32, v0x5ce4d0fc1d80_0, C4<00000000000000000000000000000000>, C4<00000000000000000000000000000000>, C4<00000000000000000000000000000000>;
L_0x5ce4d126a420 .functor BUFZ 32, v0x5ce4d0fc34c0_0, C4<00000000000000000000000000000000>, C4<00000000000000000000000000000000>, C4<00000000000000000000000000000000>;
L_0x5ce4d1269590 .functor AND 1, L_0x5ce4d126a710, L_0x5ce4d1269460, C4<1>, C4<1>;
L_0x5ce4d126aee0 .functor OR 1, v0x5ce4d120b440_0, L_0x5ce4d1269990, C4<0>, C4<0>;
L_0x5ce4d126af50 .functor AND 1, L_0x5ce4d1269590, L_0x5ce4d126aee0, C4<1>, C4<1>;
L_0x5ce4d126a800 .functor AND 1, L_0x5ce4d126af50, L_0x5ce4d126b4f0, C4<1>, C4<1>;
L_0x5ce4d126aa50 .functor AND 1, L_0x5ce4d126a910, v0x5ce4d0fbd920_0, C4<1>, C4<1>;
L_0x5ce4d126b630 .functor AND 1, L_0x5ce4d126aa50, L_0x5ce4d126bd20, C4<1>, C4<1>;
L_0x5ce4d126bc40 .functor AND 1, L_0x5ce4d126bab0, L_0x5ce4d126bba0, C4<1>, C4<1>;
L_0x5ce4d126c580 .functor OR 1, v0x5ce4d120b440_0, L_0x5ce4d126c4e0, C4<0>, C4<0>;
L_0x5ce4d126c640 .functor AND 1, L_0x5ce4d126bc40, L_0x5ce4d126c580, C4<1>, C4<1>;
L_0x5ce4d126bf50 .functor AND 1, L_0x5ce4d126c640, L_0x5ce4d126be10, C4<1>, C4<1>;
L_0x5ce4d126c230 .functor AND 1, L_0x5ce4d126c060, L_0x5ce4d126c190, C4<1>, C4<1>;
L_0x5ce4d126c3e0 .functor OR 1, v0x5ce4d120b440_0, L_0x5ce4d126c340, C4<0>, C4<0>;
L_0x5ce4d126c7f0 .functor AND 1, L_0x5ce4d126c230, L_0x5ce4d126c3e0, C4<1>, C4<1>;
L_0x5ce4d126cec0 .functor AND 1, L_0x5ce4d126c7f0, L_0x5ce4d126cdd0, C4<1>, C4<1>;
L_0x5ce4d126db60 .functor AND 1, L_0x5ce4d126cec0, L_0x5ce4d126dac0, C4<1>, C4<1>;
L_0x5ce4d126d2c0 .functor AND 1, L_0x5ce4d126e020, v0x5ce4d0fbd920_0, C4<1>, C4<1>;
L_0x5ce4d126d420 .functor AND 1, L_0x5ce4d126d2c0, L_0x5ce4d126d380, C4<1>, C4<1>;
L_0x5ce4d126e890 .functor AND 1, L_0x5ce4d126d8f0, v0x5ce4d0fbd920_0, C4<1>, C4<1>;
L_0x5ce4d126e9f0 .functor AND 1, L_0x5ce4d126e890, L_0x5ce4d126e950, C4<1>, C4<1>;
L_0x5ce4d126e110 .functor AND 1, L_0x5ce4d126e9f0, L_0x5ce4d126ee80, C4<1>, C4<1>;
L_0x5ce4d126ef20 .functor OR 1, L_0x5ce4d1247f90, L_0x5ce4d126e7c0, C4<0>, C4<0>;
L_0x5ce4d126f500 .functor AND 1, L_0x5ce4d126ef20, L_0x5ce4d126f410, C4<1>, C4<1>;
L_0x5ce4d126f610 .functor OR 1, L_0x5ce4d126e720, L_0x5ce4d126f500, C4<0>, C4<0>;
L_0x5ce4d1270320 .functor AND 1, L_0x5ce4d126e630, L_0x5ce4d126f610, C4<1>, C4<1>;
L_0x5ce4d1270430 .functor BUFZ 64, v0x5ce4d10140c0_0, C4<0000000000000000000000000000000000000000000000000000000000000000>, C4<0000000000000000000000000000000000000000000000000000000000000000>, C4<0000000000000000000000000000000000000000000000000000000000000000>;
L_0x5ce4d126f940 .functor AND 1, L_0x5ce4d126f720, L_0x5ce4d126f850, C4<1>, C4<1>;
L_0x5ce4d126fa50 .functor AND 1, L_0x5ce4d12708a0, L_0x5ce4d126f940, C4<1>, C4<1>;
L_0x5ce4d126fc00 .functor AND 1, L_0x5ce4d126fa50, L_0x5ce4d126fb60, C4<1>, C4<1>;
L_0x5ce4d1270b20 .functor AND 1, L_0x5ce4d1270990, L_0x5ce4d1270a80, C4<1>, C4<1>;
L_0x5ce4d1271580 .functor AND 1, L_0x5ce4d1270b20, L_0x5ce4d1271d80, C4<1>, C4<1>;
L_0x5ce4d1271690 .functor AND 1, L_0x5ce4d126fd10, L_0x5ce4d1271580, C4<1>, C4<1>;
L_0x5ce4d1271c70 .functor AND 1, L_0x5ce4d1271690, L_0x5ce4d1271bd0, C4<1>, C4<1>;
L_0x5ce4d1272500 .functor AND 1, L_0x5ce4d1272370, L_0x5ce4d1272460, C4<1>, C4<1>;
L_0x5ce4d1271b00 .functor AND 1, L_0x5ce4d1271890, L_0x5ce4d12719d0, C4<1>, C4<1>;
L_0x5ce4d12728c0 .functor AND 1, L_0x5ce4d1272730, L_0x5ce4d1272820, C4<1>, C4<1>;
L_0x5ce4d1272ec0 .functor AND 1, L_0x5ce4d12728c0, L_0x5ce4d1272e20, C4<1>, C4<1>;
L_0x5ce4d12734c0 .functor AND 1, L_0x5ce4d1273c70, L_0x5ce4d1273390, C4<1>, C4<1>;
L_0x5ce4d12729d0 .functor AND 1, L_0x5ce4d12734c0, L_0x5ce4d1273b20, C4<1>, C4<1>;
L_0x5ce4d1272ae0 .functor AND 1, L_0x5ce4d1273250, L_0x5ce4d12729d0, C4<1>, C4<1>;
L_0x5ce4d1272c90 .functor AND 1, L_0x5ce4d1272ae0, L_0x5ce4d1272bf0, C4<1>, C4<1>;
L_0x5ce4d1273db0 .functor OR 1, v0x5ce4d120d7e0_0, L_0x5ce4d1273d10, C4<0>, C4<0>;
L_0x5ce4d1274570 .functor OR 1, L_0x5ce4d1273db0, L_0x5ce4d1274430, C4<0>, C4<0>;
L_0x5ce4d1274680 .functor OR 1, L_0x5ce4d1273940, L_0x5ce4d1274570, C4<0>, C4<0>;
L_0x5ce4d1272da0 .functor AND 1, L_0x5ce4d1273850, L_0x5ce4d1274680, C4<1>, C4<1>;
L_0x5ce4d1274830 .functor BUFZ 64, v0x5ce4d10140c0_0, C4<0000000000000000000000000000000000000000000000000000000000000000>, C4<0000000000000000000000000000000000000000000000000000000000000000>, C4<0000000000000000000000000000000000000000000000000000000000000000>;
L_0x5ce4d1274fb0 .functor AND 1, L_0x5ce4d1274de0, L_0x5ce4d1274f10, C4<1>, C4<1>;
L_0x5ce4d1274040 .functor AND 1, L_0x5ce4d12752a0, L_0x5ce4d1273f10, C4<1>, C4<1>;
L_0x5ce4d1274290 .functor AND 1, L_0x5ce4d1274100, L_0x5ce4d12741f0, C4<1>, C4<1>;
L_0x5ce4d1275480 .functor AND 1, L_0x5ce4d1274290, L_0x5ce4d12753e0, C4<1>, C4<1>;
L_0x5ce4d1275fe0 .functor AND 1, L_0x5ce4d1275dc0, L_0x5ce4d1275eb0, C4<1>, C4<1>;
L_0x5ce4d1276320 .functor AND 1, L_0x5ce4d1275fe0, L_0x5ce4d12761e0, C4<1>, C4<1>;
L_0x5ce4d1276430 .functor AND 1, L_0x5ce4d1275cd0, L_0x5ce4d1276320, C4<1>, C4<1>;
L_0x5ce4d1275590 .functor AND 1, L_0x5ce4d1276430, L_0x5ce4d1276540, C4<1>, C4<1>;
L_0x5ce4d12768b0 .functor AND 1, L_0x5ce4d1275970, L_0x5ce4d1276770, C4<1>, C4<1>;
L_0x5ce4d1276bf0 .functor AND 1, L_0x5ce4d12768b0, L_0x5ce4d1276ab0, C4<1>, C4<1>;
L_0x5ce4d12772a0 .functor AND 1, L_0x5ce4d1277110, L_0x5ce4d1277200, C4<1>, C4<1>;
L_0x5ce4d1277720 .functor AND 1, L_0x5ce4d1277590, L_0x5ce4d1277680, C4<1>, C4<1>;
L_0x5ce4d1277e70 .functor AND 1, L_0x5ce4d1277ce0, L_0x5ce4d1277dd0, C4<1>, C4<1>;
L_0x5ce4d1278020 .functor AND 1, L_0x5ce4d1277e70, L_0x5ce4d1277f80, C4<1>, C4<1>;
L_0x5ce4d1277b90 .functor AND 1, L_0x5ce4d1277970, L_0x5ce4d1277a60, C4<1>, C4<1>;
L_0x5ce4d1278590 .functor AND 1, L_0x5ce4d1277b90, L_0x5ce4d1278450, C4<1>, C4<1>;
L_0x5ce4d1277c50 .functor AND 1, L_0x5ce4d1277880, L_0x5ce4d1278590, C4<1>, C4<1>;
L_0x5ce4d1278d00 .functor AND 1, L_0x5ce4d1277c50, L_0x5ce4d1278c60, C4<1>, C4<1>;
L_0x5ce4d1279360 .functor OR 1, v0x5ce4d120d560_0, L_0x5ce4d1279270, C4<0>, C4<0>;
L_0x5ce4d12796a0 .functor OR 1, L_0x5ce4d1279360, L_0x5ce4d1279560, C4<0>, C4<0>;
L_0x5ce4d12786a0 .functor OR 1, L_0x5ce4d12791d0, L_0x5ce4d12796a0, C4<0>, C4<0>;
L_0x5ce4d12787b0 .functor AND 1, L_0x5ce4d12790e0, L_0x5ce4d12786a0, C4<1>, C4<1>;
L_0x5ce4d12788c0 .functor BUFZ 64, v0x5ce4d10140c0_0, C4<0000000000000000000000000000000000000000000000000000000000000000>, C4<0000000000000000000000000000000000000000000000000000000000000000>, C4<0000000000000000000000000000000000000000000000000000000000000000>;
L_0x5ce4d1278b50 .functor AND 1, L_0x5ce4d1279fd0, L_0x5ce4d127a0c0, C4<1>, C4<1>;
L_0x5ce4d1279b60 .functor AND 1, L_0x5ce4d1279940, L_0x5ce4d1279a30, C4<1>, C4<1>;
L_0x5ce4d127a2f0 .functor AND 1, L_0x5ce4d1279c20, L_0x5ce4d127a250, C4<1>, C4<1>;
L_0x5ce4d127aa10 .functor AND 1, L_0x5ce4d127a2f0, L_0x5ce4d127a970, C4<1>, C4<1>;
L_0x5ce4d127b0b0 .functor AND 1, L_0x5ce4d127ae90, L_0x5ce4d127af80, C4<1>, C4<1>;
L_0x5ce4d127a590 .functor AND 1, L_0x5ce4d127b0b0, L_0x5ce4d127a450, C4<1>, C4<1>;
L_0x5ce4d127a6a0 .functor AND 1, L_0x5ce4d127ada0, L_0x5ce4d127a590, C4<1>, C4<1>;
L_0x5ce4d127a850 .functor AND 1, L_0x5ce4d127a6a0, L_0x5ce4d127a7b0, C4<1>, C4<1>;
L_0x5ce4d127bbc0 .functor AND 1, L_0x5ce4d127bad0, v0x5ce4d0f5b090_0, C4<1>, C4<1>;
L_0x5ce4d127c2c0 .functor AND 1, L_0x5ce4d127b270, v0x5ce4d1004590_0, C4<1>, C4<1>;
L_0x5ce4d127b4f0 .functor AND 1, L_0x5ce4d127b400, v0x5ce4d11f1850_0, C4<1>, C4<1>;
L_0x5ce4d127c0e0 .functor AND 1, L_0x5ce4d127bfa0, v0x5ce4d0f5b090_0, C4<1>, C4<1>;
L_0x5ce4d127c470 .functor AND 1, L_0x5ce4d127c330, v0x5ce4d1004590_0, C4<1>, C4<1>;
L_0x5ce4d127cbe0 .functor AND 1, L_0x5ce4d127cb40, v0x5ce4d11f1850_0, C4<1>, C4<1>;
L_0x5ce4d127d470 .functor AND 1, L_0x5ce4d127d1a0, L_0x5ce4d127d3d0, C4<1>, C4<1>;
L_0x5ce4d127dd30 .functor AND 1, L_0x5ce4d127d470, L_0x5ce4d127dbf0, C4<1>, C4<1>;
L_0x5ce4d127c9e0 .functor AND 1, L_0x5ce4d127c850, L_0x5ce4d127c940, C4<1>, C4<1>;
L_0x5ce4d127d8e0 .functor AND 1, L_0x5ce4d127d6c0, L_0x5ce4d127d7b0, C4<1>, C4<1>;
L_0x5ce4d127da90 .functor AND 1, L_0x5ce4d127d9a0, L_0x5ce4d127e0f0, C4<1>, C4<1>;
L_0x5ce4d127e8c0 .functor AND 1, L_0x5ce4d127da90, L_0x5ce4d127e820, C4<1>, C4<1>;
L_0x5ce4d127ef60 .functor AND 1, L_0x5ce4d127ed40, L_0x5ce4d127ee30, C4<1>, C4<1>;
L_0x5ce4d127f2a0 .functor AND 1, L_0x5ce4d127ef60, L_0x5ce4d127f160, C4<1>, C4<1>;
L_0x5ce4d127f3b0 .functor AND 1, L_0x5ce4d127ec50, L_0x5ce4d127f2a0, C4<1>, C4<1>;
L_0x5ce4d127e2d0 .functor AND 1, L_0x5ce4d127f3b0, L_0x5ce4d127e230, C4<1>, C4<1>;
L_0x5ce4d127fc60 .functor OR 1, v0x5ce4d120da60_0, L_0x5ce4d127fb70, C4<0>, C4<0>;
L_0x5ce4d127f4c0 .functor OR 1, L_0x5ce4d127fc60, L_0x5ce4d1280480, C4<0>, C4<0>;
L_0x5ce4d127f5d0 .functor OR 1, L_0x5ce4d127fad0, L_0x5ce4d127f4c0, C4<0>, C4<0>;
L_0x5ce4d127f6e0 .functor AND 1, L_0x5ce4d127e6b0, L_0x5ce4d127f5d0, C4<1>, C4<1>;
L_0x5ce4d127f8e0 .functor AND 1, L_0x5ce4d127f7f0, v0x5ce4d0f5b090_0, C4<1>, C4<1>;
L_0x5ce4d127ff50 .functor OR 1, v0x5ce4d120d560_0, L_0x5ce4d127feb0, C4<0>, C4<0>;
L_0x5ce4d1280290 .functor OR 1, L_0x5ce4d127ff50, L_0x5ce4d1280150, C4<0>, C4<0>;
L_0x5ce4d1281260 .functor OR 1, L_0x5ce4d127fdc0, L_0x5ce4d1280290, C4<0>, C4<0>;
L_0x5ce4d1281370 .functor AND 1, L_0x5ce4d127f9a0, L_0x5ce4d1281260, C4<1>, C4<1>;
L_0x5ce4d1281570 .functor AND 1, L_0x5ce4d1281480, v0x5ce4d1004590_0, C4<1>, C4<1>;
L_0x5ce4d1281990 .functor OR 1, v0x5ce4d120d7e0_0, L_0x5ce4d1281860, C4<0>, C4<0>;
L_0x5ce4d1280800 .functor OR 1, L_0x5ce4d1281990, L_0x5ce4d12806c0, C4<0>, C4<0>;
L_0x5ce4d1280910 .functor OR 1, L_0x5ce4d1281770, L_0x5ce4d1280800, C4<0>, C4<0>;
L_0x5ce4d0c97710 .functor AND 1, L_0x5ce4d1281630, L_0x5ce4d1280910, C4<1>, C4<1>;
L_0x5ce4d1280da0 .functor OR 1, L_0x5ce4d1247f90, L_0x5ce4d1280d00, C4<0>, C4<0>;
L_0x5ce4d1280f50 .functor AND 1, L_0x5ce4d1280da0, L_0x5ce4d1280e60, C4<1>, C4<1>;
L_0x5ce4d1281060 .functor OR 1, L_0x5ce4d1280c10, L_0x5ce4d1280f50, C4<0>, C4<0>;
L_0x5ce4d1281170 .functor AND 1, L_0x5ce4d1280a70, L_0x5ce4d1281060, C4<1>, C4<1>;
L_0x5ce4d12821e0 .functor AND 1, L_0x5ce4d12820f0, v0x5ce4d11f1850_0, C4<1>, C4<1>;
L_0x5ce4d1282d50 .functor OR 1, v0x5ce4d120da60_0, L_0x5ce4d1282cb0, C4<0>, C4<0>;
L_0x5ce4d1283090 .functor OR 1, L_0x5ce4d1282d50, L_0x5ce4d1282f50, C4<0>, C4<0>;
L_0x5ce4d1283860 .functor OR 1, L_0x5ce4d1282bc0, L_0x5ce4d1283090, C4<0>, C4<0>;
L_0x5ce4d1282330 .functor AND 1, L_0x5ce4d12839c0, L_0x5ce4d1283860, C4<1>, C4<1>;
L_0x5ce4d1282570 .functor AND 1, L_0x5ce4d1282440, v0x5ce4d0f5b090_0, C4<1>, C4<1>;
L_0x5ce4d1282930 .functor OR 1, v0x5ce4d120d560_0, L_0x5ce4d1282800, C4<0>, C4<0>;
L_0x5ce4d1283410 .functor OR 1, L_0x5ce4d1282930, L_0x5ce4d12832d0, C4<0>, C4<0>;
L_0x5ce4d1283520 .functor OR 1, L_0x5ce4d1282760, L_0x5ce4d1283410, C4<0>, C4<0>;
L_0x5ce4d1283630 .functor AND 1, L_0x5ce4d12826c0, L_0x5ce4d1283520, C4<1>, C4<1>;
L_0x5ce4d1284280 .functor AND 1, L_0x5ce4d1283740, v0x5ce4d1004590_0, C4<1>, C4<1>;
L_0x5ce4d1284cb0 .functor OR 1, v0x5ce4d120d7e0_0, L_0x5ce4d1284c10, C4<0>, C4<0>;
L_0x5ce4d12837e0 .functor OR 1, L_0x5ce4d1284cb0, L_0x5ce4d1284e50, C4<0>, C4<0>;
L_0x5ce4d1283b00 .functor OR 1, L_0x5ce4d1284b70, L_0x5ce4d12837e0, C4<0>, C4<0>;
L_0x5ce4d1283c10 .functor AND 1, L_0x5ce4d1284ad0, L_0x5ce4d1283b00, C4<1>, C4<1>;
L_0x5ce4d1283fe0 .functor OR 1, L_0x5ce4d1247f90, L_0x5ce4d1283eb0, C4<0>, C4<0>;
L_0x5ce4d1284180 .functor AND 1, L_0x5ce4d1283fe0, L_0x5ce4d12840e0, C4<1>, C4<1>;
L_0x5ce4d12844b0 .functor OR 1, L_0x5ce4d1283e10, L_0x5ce4d1284180, C4<0>, C4<0>;
L_0x5ce4d12845c0 .functor AND 1, L_0x5ce4d1283d20, L_0x5ce4d12844b0, C4<1>, C4<1>;
L_0x5ce4d1284800 .functor AND 1, L_0x5ce4d12846d0, v0x5ce4d11f1850_0, C4<1>, C4<1>;
L_0x5ce4d1286340 .functor OR 1, v0x5ce4d120da60_0, L_0x5ce4d1286210, C4<0>, C4<0>;
L_0x5ce4d1285170 .functor OR 1, L_0x5ce4d1286340, L_0x5ce4d1285030, C4<0>, C4<0>;
L_0x5ce4d1285280 .functor OR 1, L_0x5ce4d1286170, L_0x5ce4d1285170, C4<0>, C4<0>;
L_0x5ce4d1284a50 .functor AND 1, L_0x5ce4d1286080, L_0x5ce4d1285280, C4<1>, C4<1>;
L_0x5ce4d1285390 .functor BUFZ 64, v0x5ce4d10140c0_0, C4<0000000000000000000000000000000000000000000000000000000000000000>, C4<0000000000000000000000000000000000000000000000000000000000000000>, C4<0000000000000000000000000000000000000000000000000000000000000000>;
v0x5ce4d1007f60_0 .net "CLK", 0 0, v0x5ce4d11ff220_0;  alias, 1 drivers
v0x5ce4d1008020_0 .net "RST", 0 0, v0x5ce4d11ff2c0_0;  alias, 1 drivers
v0x5ce4d1007450_0 .var "__tmp_112_1", 0 0;
v0x5ce4d1007510_0 .var "__tmp_132_1", 0 0;
v0x5ce4d10070d0_0 .var "__tmp_139_1", 0 0;
v0x5ce4d1007190_0 .var "__tmp_147_1", 0 0;
v0x5ce4d1006de0_0 .var "__tmp_155_1", 0 0;
v0x5ce4d1006ec0_0 .var "__tmp_164_1", 0 0;
v0x5ce4d1006af0_0 .var "__tmp_178_1", 0 0;
v0x5ce4d1006bb0_0 .var "__tmp_186_1", 0 0;
v0x5ce4d10063f0_0 .var "__tmp_195_1", 0 0;
v0x5ce4d10064d0_0 .var "__tmp_209_1", 0 0;
v0x5ce4d0ffb2f0_0 .var "__tmp_217_1", 0 0;
v0x5ce4d0ffb3b0_0 .var "__tmp_86_1", 0 0;
v0x5ce4d0ffa7e0_0 .net "_axi_m_dram_has_outstanding_write", 0 0, L_0x5ce4d124aac0;  1 drivers
v0x5ce4d0ffa8a0_0 .var "_axi_m_dram_outstanding_wcount", 2 0;
v0x5ce4d0ffa460_0 .var "_axi_m_dram_raddr_cond_0_1", 0 0;
v0x5ce4d0ffa500_0 .net "_axi_m_dram_rdata_sb_0", 63 0, L_0x5ce4d124a1c0;  1 drivers
v0x5ce4d0ff9e80_0 .var "_axi_m_dram_read_cont", 0 0;
v0x5ce4d0ff9f40_0 .var "_axi_m_dram_read_cur_global_size", 32 0;
v0x5ce4d0ff9780_0 .var "_axi_m_dram_read_data_busy", 0 0;
v0x5ce4d0ff9820_0 .var "_axi_m_dram_read_data_fsm", 31 0;
v0x5ce4d0fee680_0 .net "_axi_m_dram_read_data_idle", 0 0, L_0x5ce4d124df00;  1 drivers
v0x5ce4d0fee740_0 .var "_axi_m_dram_read_global_addr", 31 0;
v0x5ce4d0fedb70_0 .var "_axi_m_dram_read_global_size", 32 0;
v0x5ce4d0fedc50_0 .net "_axi_m_dram_read_idle", 0 0, L_0x5ce4d124d7c0;  1 drivers
v0x5ce4d0fed7f0_0 .var "_axi_m_dram_read_local_addr", 31 0;
v0x5ce4d0fed8b0_0 .var "_axi_m_dram_read_local_addr_buf", 31 0;
v0x5ce4d0fed500_0 .net "_axi_m_dram_read_local_addr_fifo", 31 0, L_0x5ce4d124d3b0;  1 drivers
v0x5ce4d0fed5e0_0 .var "_axi_m_dram_read_local_blocksize", 31 0;
v0x5ce4d0fed210_0 .var "_axi_m_dram_read_local_blocksize_buf", 31 0;
v0x5ce4d0fed2d0_0 .net "_axi_m_dram_read_local_blocksize_fifo", 31 0, L_0x5ce4d124d700;  1 drivers
v0x5ce4d0fecb10_0 .var "_axi_m_dram_read_local_size", 32 0;
v0x5ce4d0e8e140_0 .var "_axi_m_dram_read_local_size_buf", 32 0;
v0x5ce4d0e8e220_0 .net "_axi_m_dram_read_local_size_fifo", 32 0, L_0x5ce4d124d640;  1 drivers
v0x5ce4d0fecbb0_0 .var "_axi_m_dram_read_local_stride", 31 0;
v0x5ce4d0fe0360_0 .var "_axi_m_dram_read_local_stride_buf", 31 0;
v0x5ce4d0fe0440_0 .net "_axi_m_dram_read_local_stride_fifo", 31 0, L_0x5ce4d124d470;  1 drivers
v0x5ce4d0fdffe0_0 .var "_axi_m_dram_read_op_sel", 7 0;
v0x5ce4d0fe00a0_0 .var "_axi_m_dram_read_op_sel_buf", 7 0;
v0x5ce4d0fdfc60_0 .net "_axi_m_dram_read_op_sel_fifo", 7 0, L_0x5ce4d124d240;  1 drivers
v0x5ce4d0fdfd40_0 .var "_axi_m_dram_read_req_busy", 0 0;
v0x5ce4d0fdf970_0 .net "_axi_m_dram_read_req_fifo_almost_empty", 0 0, L_0x5ce4d124c0d0;  1 drivers
v0x5ce4d0fdfa10_0 .net "_axi_m_dram_read_req_fifo_almost_full", 0 0, L_0x5ce4d124beb0;  1 drivers
v0x5ce4d0fdf680_0 .net "_axi_m_dram_read_req_fifo_deq", 0 0, L_0x5ce4d12664a0;  1 drivers
v0x5ce4d0fdf720_0 .net "_axi_m_dram_read_req_fifo_empty", 0 0, L_0x5ce4d124bfc0;  1 drivers
v0x5ce4d0fdef80_0 .net "_axi_m_dram_read_req_fifo_enq", 0 0, L_0x5ce4d1263910;  1 drivers
v0x5ce4d0fdf020_0 .net "_axi_m_dram_read_req_fifo_full", 0 0, L_0x5ce4d124bd70;  1 drivers
v0x5ce4d0fdeb30_0 .net "_axi_m_dram_read_req_fifo_rdata", 136 0, L_0x5ce4d124c4e0;  1 drivers
v0x5ce4d0fdebd0_0 .net "_axi_m_dram_read_req_fifo_wdata", 136 0, L_0x5ce4d1262e60;  1 drivers
v0x5ce4d0fd2380_0 .var "_axi_m_dram_read_req_fsm", 31 0;
v0x5ce4d0fd2420_0 .net "_axi_m_dram_read_req_idle", 0 0, L_0x5ce4d124dd50;  1 drivers
v0x5ce4d0fd2000_0 .var "_axi_m_dram_read_start", 0 0;
v0x5ce4d0fd20a0_0 .net "_axi_m_dram_rlast_sb_0", 0 0, L_0x5ce4d124a280;  1 drivers
v0x5ce4d0fd1c80_0 .net "_axi_m_dram_rready_sb_0", 0 0, L_0x5ce4d12665e0;  1 drivers
v0x5ce4d0fd1d20_0 .net "_axi_m_dram_rvalid_sb_0", 0 0, v0x5ce4d11f1850_0;  1 drivers
v0x5ce4d0fd1990_0 .var "_axi_m_dram_waddr_cond_0_1", 0 0;
v0x5ce4d0fd1a50_0 .var "_axi_m_dram_wdata_cond_0_1", 0 0;
v0x5ce4d0fd16a0_0 .var "_axi_m_dram_wdata_sb_0", 63 0;
v0x5ce4d0fd1780_0 .var "_axi_m_dram_wlast_sb_0", 0 0;
v0x5ce4d0fd0fa0_0 .net "_axi_m_dram_wready_sb_0", 0 0, L_0x5ce4d1247f90;  1 drivers
v0x5ce4d0fd1060_0 .var "_axi_m_dram_write_cont", 0 0;
v0x5ce4d0fd0b50_0 .var "_axi_m_dram_write_cur_global_size", 32 0;
v0x5ce4d0fd0c30_0 .var "_axi_m_dram_write_data_busy", 0 0;
v0x5ce4d0fc4580_0 .var "_axi_m_dram_write_data_fsm", 31 0;
v0x5ce4d0fc4620_0 .net "_axi_m_dram_write_data_idle", 0 0, L_0x5ce4d12517e0;  1 drivers
v0x5ce4d0fc4200_0 .var "_axi_m_dram_write_global_addr", 31 0;
v0x5ce4d0fc42e0_0 .var "_axi_m_dram_write_global_size", 32 0;
v0x5ce4d0fc3eb0_0 .net "_axi_m_dram_write_idle", 0 0, L_0x5ce4d1251a10;  1 drivers
v0x5ce4d0fc3f70_0 .var "_axi_m_dram_write_local_addr", 31 0;
v0x5ce4d0fc3bc0_0 .var "_axi_m_dram_write_local_addr_buf", 31 0;
v0x5ce4d0fc3ca0_0 .net "_axi_m_dram_write_local_addr_fifo", 31 0, L_0x5ce4d1250bd0;  1 drivers
v0x5ce4d0fc34c0_0 .var "_axi_m_dram_write_local_blocksize", 31 0;
v0x5ce4d0fc35a0_0 .var "_axi_m_dram_write_local_blocksize_buf", 31 0;
v0x5ce4d0fc2130_0 .net "_axi_m_dram_write_local_blocksize_fifo", 31 0, L_0x5ce4d1250f60;  1 drivers
v0x5ce4d0fc2210_0 .var "_axi_m_dram_write_local_size", 32 0;
v0x5ce4d0fc1d80_0 .var "_axi_m_dram_write_local_stride", 31 0;
v0x5ce4d0fc1e60_0 .var "_axi_m_dram_write_local_stride_buf", 31 0;
v0x5ce4d0fc1570_0 .net "_axi_m_dram_write_local_stride_fifo", 31 0, L_0x5ce4d1250c90;  1 drivers
v0x5ce4d0fc1650_0 .var "_axi_m_dram_write_op_sel", 7 0;
v0x5ce4d0fc11c0_0 .var "_axi_m_dram_write_op_sel_buf", 7 0;
v0x5ce4d0fc12a0_0 .net "_axi_m_dram_write_op_sel_fifo", 7 0, L_0x5ce4d1250a20;  1 drivers
v0x5ce4d0fbf110_0 .var "_axi_m_dram_write_req_busy", 0 0;
v0x5ce4d0fbf1b0_0 .net "_axi_m_dram_write_req_fifo_almost_empty", 0 0, L_0x5ce4d124f760;  1 drivers
v0x5ce4d0fbed30_0 .net "_axi_m_dram_write_req_fifo_almost_full", 0 0, L_0x5ce4d124f540;  1 drivers
v0x5ce4d0fbee00_0 .net "_axi_m_dram_write_req_fifo_deq", 0 0, L_0x5ce4d1270f50;  1 drivers
v0x5ce4d0fbe9b0_0 .net "_axi_m_dram_write_req_fifo_empty", 0 0, L_0x5ce4d124f650;  1 drivers
v0x5ce4d0fbea80_0 .net "_axi_m_dram_write_req_fifo_enq", 0 0, L_0x5ce4d126e3b0;  1 drivers
v0x5ce4d0fbe6c0_0 .net "_axi_m_dram_write_req_fifo_full", 0 0, L_0x5ce4d124f400;  1 drivers
v0x5ce4d0fbe760_0 .net "_axi_m_dram_write_req_fifo_rdata", 136 0, L_0x5ce4d124fb70;  1 drivers
v0x5ce4d0fbe3d0_0 .net "_axi_m_dram_write_req_fifo_wdata", 136 0, L_0x5ce4d126b8d0;  1 drivers
v0x5ce4d0fbe4a0_0 .var "_axi_m_dram_write_req_fsm", 31 0;
v0x5ce4d0fbdcd0_0 .net "_axi_m_dram_write_req_idle", 0 0, L_0x5ce4d1251630;  1 drivers
v0x5ce4d0fbdd70_0 .var "_axi_m_dram_write_size_buf", 32 0;
v0x5ce4d0fbd880_0 .net "_axi_m_dram_write_size_fifo", 32 0, L_0x5ce4d1250ea0;  1 drivers
v0x5ce4d0fbd920_0 .var "_axi_m_dram_write_start", 0 0;
v0x5ce4d0fbc4f0_0 .var "_axi_m_dram_wstrb_sb_0", 7 0;
v0x5ce4d0fbc590_0 .var "_axi_m_dram_wvalid_sb_0", 0 0;
v0x5ce4d0fbc140_0 .var "_axi_s_ctrl_spm_flag_0", 0 0;
v0x5ce4d0fbc200_0 .var "_axi_s_ctrl_spm_flag_1", 0 0;
v0x5ce4d0fbb890_0 .var "_axi_s_ctrl_spm_flag_2", 0 0;
v0x5ce4d0fbb950_0 .var "_axi_s_ctrl_spm_flag_3", 0 0;
v0x5ce4d0fbb4b0_0 .var "_axi_s_ctrl_spm_flag_4", 0 0;
v0x5ce4d0fbb570_0 .var "_axi_s_ctrl_spm_flag_5", 0 0;
v0x5ce4d0fbb0d0_0 .var "_axi_s_ctrl_spm_flag_6", 0 0;
v0x5ce4d0fbb190_0 .var "_axi_s_ctrl_spm_rdata_cond_0_1", 0 0;
v0x5ce4d10dba80_0 .var/s "_axi_s_ctrl_spm_register_0", 63 0;
v0x5ce4d10dbb60_0 .var/s "_axi_s_ctrl_spm_register_1", 63 0;
v0x5ce4d1087d80_0 .var/s "_axi_s_ctrl_spm_register_2", 63 0;
v0x5ce4d1087e60_0 .var/s "_axi_s_ctrl_spm_register_3", 63 0;
v0x5ce4d106c4b0_0 .var/s "_axi_s_ctrl_spm_register_4", 63 0;
v0x5ce4d106c590_0 .var/s "_axi_s_ctrl_spm_register_5", 63 0;
v0x5ce4d1057d00_0 .var/s "_axi_s_ctrl_spm_register_6", 63 0;
v0x5ce4d1057de0_0 .var "_axi_s_ctrl_spm_register_fsm", 31 0;
v0x5ce4d1022040_0 .var/s "_axi_s_ctrl_spm_resetval_0", 63 0;
v0x5ce4d1022120_0 .var/s "_axi_s_ctrl_spm_resetval_1", 63 0;
v0x5ce4d1021c60_0 .var/s "_axi_s_ctrl_spm_resetval_2", 63 0;
v0x5ce4d1021d40_0 .var/s "_axi_s_ctrl_spm_resetval_3", 63 0;
v0x5ce4d1011160_0 .var/s "_axi_s_ctrl_spm_resetval_4", 63 0;
v0x5ce4d1011240_0 .var/s "_axi_s_ctrl_spm_resetval_5", 63 0;
v0x5ce4d100fbf0_0 .var/s "_axi_s_ctrl_spm_resetval_6", 63 0;
v0x5ce4d100fcd0_0 .var "_axis_in_axim_spm_read_data_busy", 0 0;
v0x5ce4d100f470_0 .net "_axis_in_axim_spm_read_data_idle", 0 0, L_0x5ce4d125aac0;  1 drivers
v0x5ce4d100f530_0 .var "_axis_in_axim_spm_read_data_wide_fsm", 31 0;
v0x5ce4d0feac10_0 .net "_axis_in_axim_spm_read_idle", 0 0, L_0x5ce4d125ad80;  1 drivers
v0x5ce4d0feacd0_0 .var "_axis_in_axim_spm_read_local_addr_buf", 31 0;
v0x5ce4d0fe96a0_0 .net "_axis_in_axim_spm_read_local_addr_fifo", 31 0, L_0x5ce4d125a200;  1 drivers
v0x5ce4d0fe9760_0 .var "_axis_in_axim_spm_read_local_size_buf", 32 0;
v0x5ce4d0fe8f20_0 .net "_axis_in_axim_spm_read_local_size_fifo", 32 0, L_0x5ce4d125a570;  1 drivers
v0x5ce4d0fe8fc0_0 .var "_axis_in_axim_spm_read_local_stride_buf", 31 0;
v0x5ce4d0ff7880_0 .net "_axis_in_axim_spm_read_local_stride_fifo", 31 0, L_0x5ce4d125a2c0;  1 drivers
v0x5ce4d0ff7960_0 .var "_axis_in_axim_spm_read_op_sel_buf", 7 0;
v0x5ce4d0ff6310_0 .net "_axis_in_axim_spm_read_op_sel_fifo", 7 0, L_0x5ce4d1259fb0;  1 drivers
v0x5ce4d0ff63f0_0 .net "_axis_in_axim_spm_read_req_fifo_almost_empty", 0 0, L_0x5ce4d1258fd0;  1 drivers
v0x5ce4d0ff5b90_0 .net "_axis_in_axim_spm_read_req_fifo_almost_full", 0 0, L_0x5ce4d1258db0;  1 drivers
v0x5ce4d0ff5c30_0 .net "_axis_in_axim_spm_read_req_fifo_deq", 0 0, L_0x5ce4d1275830;  1 drivers
v0x5ce4d101ddd0_0 .net "_axis_in_axim_spm_read_req_fifo_empty", 0 0, L_0x5ce4d1258ec0;  1 drivers
v0x5ce4d101dea0_0 .net "_axis_in_axim_spm_read_req_fifo_enq", 0 0, L_0x5ce4d1275a50;  1 drivers
v0x5ce4d101c860_0 .net "_axis_in_axim_spm_read_req_fifo_full", 0 0, L_0x5ce4d1258ca0;  1 drivers
v0x5ce4d101c930_0 .net "_axis_in_axim_spm_read_req_fifo_rdata", 104 0, L_0x5ce4d12593e0;  1 drivers
v0x5ce4d101c0e0_0 .net "_axis_in_axim_spm_read_req_fifo_wdata", 104 0, L_0x5ce4d12750c0;  1 drivers
v0x5ce4d101c1b0_0 .var "_axis_in_axim_spm_read_wide_count_167", 0 0;
v0x5ce4d10044f0_0 .var "_axis_in_axim_spm_read_wide_wdata_165", 127 0;
v0x5ce4d1004590_0 .var "_axis_in_axim_spm_read_wide_wvalid_166", 0 0;
v0x5ce4d1002f80_0 .var "_axis_in_xored_spm_read_data_busy", 0 0;
v0x5ce4d1003020_0 .net "_axis_in_xored_spm_read_data_idle", 0 0, L_0x5ce4d12608e0;  1 drivers
v0x5ce4d1002800_0 .var "_axis_in_xored_spm_read_data_wide_fsm", 31 0;
v0x5ce4d10028a0_0 .net "_axis_in_xored_spm_read_idle", 0 0, L_0x5ce4d1260c00;  1 drivers
v0x5ce4d0fdcc30_0 .var "_axis_in_xored_spm_read_local_addr_buf", 31 0;
v0x5ce4d0fdccf0_0 .net "_axis_in_xored_spm_read_local_addr_fifo", 31 0, L_0x5ce4d1260640;  1 drivers
v0x5ce4d0fdb6c0_0 .var "_axis_in_xored_spm_read_local_size_buf", 32 0;
v0x5ce4d0fdb7a0_0 .net "_axis_in_xored_spm_read_local_size_fifo", 32 0, L_0x5ce4d1260fd0;  1 drivers
v0x5ce4d0fdaf40_0 .var "_axis_in_xored_spm_read_local_stride_buf", 31 0;
v0x5ce4d0fdb020_0 .net "_axis_in_xored_spm_read_local_stride_fifo", 31 0, L_0x5ce4d1260d10;  1 drivers
v0x5ce4d0fcebf0_0 .var "_axis_in_xored_spm_read_op_sel_buf", 7 0;
v0x5ce4d0fcecd0_0 .net "_axis_in_xored_spm_read_op_sel_fifo", 7 0, L_0x5ce4d1260390;  1 drivers
v0x5ce4d0fcd680_0 .net "_axis_in_xored_spm_read_req_fifo_almost_empty", 0 0, L_0x5ce4d125fd30;  1 drivers
v0x5ce4d0fcd750_0 .net "_axis_in_xored_spm_read_req_fifo_almost_full", 0 0, L_0x5ce4d125fb10;  1 drivers
v0x5ce4d0fccf00_0 .net "_axis_in_xored_spm_read_req_fifo_deq", 0 0, L_0x5ce4d127b990;  1 drivers
v0x5ce4d0fccfa0_0 .net "_axis_in_xored_spm_read_req_fifo_empty", 0 0, L_0x5ce4d125fc20;  1 drivers
v0x5ce4d0f39930_0 .net "_axis_in_xored_spm_read_req_fifo_enq", 0 0, L_0x5ce4d127ab20;  1 drivers
v0x5ce4d0f39a00_0 .net "_axis_in_xored_spm_read_req_fifo_full", 0 0, L_0x5ce4d125fa00;  1 drivers
v0x5ce4d0f383c0_0 .net "_axis_in_xored_spm_read_req_fifo_rdata", 104 0, L_0x5ce4d1260140;  1 drivers
v0x5ce4d0f38490_0 .net "_axis_in_xored_spm_read_req_fifo_wdata", 104 0, L_0x5ce4d12797b0;  1 drivers
v0x5ce4d0f37c40_0 .var "_axis_in_xored_spm_read_wide_count_198", 0 0;
v0x5ce4d0f37ce0_0 .var "_axis_in_xored_spm_read_wide_wdata_196", 127 0;
v0x5ce4d0f5b090_0 .var "_axis_in_xored_spm_read_wide_wvalid_197", 0 0;
v0x5ce4d0f5b130_0 .var "_axis_out_axim_spm_cond_0_1", 0 0;
v0x5ce4d0f59b20_0 .var "_axis_out_axim_spm_write_data_busy", 0 0;
v0x5ce4d0f59bc0_0 .net "_axis_out_axim_spm_write_data_idle", 0 0, L_0x5ce4d12576d0;  1 drivers
v0x5ce4d0f593a0_0 .var "_axis_out_axim_spm_write_data_wide_fsm", 31 0;
v0x5ce4d0f59480_0 .net "_axis_out_axim_spm_write_idle", 0 0, L_0x5ce4d1257960;  1 drivers
v0x5ce4d0f6f4f0_0 .var "_axis_out_axim_spm_write_local_addr_buf", 31 0;
v0x5ce4d0f6f5d0_0 .net "_axis_out_axim_spm_write_local_addr_fifo", 31 0, L_0x5ce4d1254b30;  1 drivers
v0x5ce4d0f6df80_0 .var "_axis_out_axim_spm_write_local_stride_buf", 31 0;
v0x5ce4d0f6e060_0 .net "_axis_out_axim_spm_write_local_stride_fifo", 31 0, L_0x5ce4d1254bf0;  1 drivers
v0x5ce4d0f6d800_0 .var "_axis_out_axim_spm_write_op_sel_buf", 7 0;
v0x5ce4d0f6d8e0_0 .net "_axis_out_axim_spm_write_op_sel_fifo", 7 0, L_0x5ce4d1257340;  1 drivers
v0x5ce4d0f652c0_0 .net "_axis_out_axim_spm_write_req_fifo_almost_empty", 0 0, L_0x5ce4d12563a0;  1 drivers
v0x5ce4d0f65390_0 .net "_axis_out_axim_spm_write_req_fifo_almost_full", 0 0, L_0x5ce4d1256180;  1 drivers
v0x5ce4d0f63d50_0 .net "_axis_out_axim_spm_write_req_fifo_deq", 0 0, L_0x5ce4d1278fa0;  1 drivers
v0x5ce4d0f63df0_0 .net "_axis_out_axim_spm_write_req_fifo_empty", 0 0, L_0x5ce4d1256290;  1 drivers
v0x5ce4d0f635d0_0 .net "_axis_out_axim_spm_write_req_fifo_enq", 0 0, L_0x5ce4d1278130;  1 drivers
v0x5ce4d0f636a0_0 .net "_axis_out_axim_spm_write_req_fifo_full", 0 0, L_0x5ce4d1256040;  1 drivers
v0x5ce4d0f473d0_0 .net "_axis_out_axim_spm_write_req_fifo_rdata", 104 0, L_0x5ce4d12567b0;  1 drivers
v0x5ce4d0f474a0_0 .net "_axis_out_axim_spm_write_req_fifo_wdata", 104 0, L_0x5ce4d12773b0;  1 drivers
v0x5ce4d0f3bcf0_0 .var "_axis_out_axim_spm_write_size_buf", 32 0;
v0x5ce4d0f3bd90_0 .net "_axis_out_axim_spm_write_size_fifo", 32 0, L_0x5ce4d1257570;  1 drivers
v0x5ce4d0f8a390_0 .var "_axis_out_axim_spm_write_wide_count_179", 0 0;
v0x5ce4d0f8a430_0 .var "_axis_out_axim_spm_write_wide_wdata_188", 127 0;
v0x5ce4d0f87cd0_0 .var "_axis_out_mac_spm_cond_0_1", 0 0;
v0x5ce4d0f87d90_0 .var "_axis_out_mac_spm_write_data_busy", 0 0;
v0x5ce4d0f84300_0 .net "_axis_out_mac_spm_write_data_idle", 0 0, L_0x5ce4d1254a70;  1 drivers
v0x5ce4d0f843a0_0 .var "_axis_out_mac_spm_write_data_wide_fsm", 31 0;
v0x5ce4d0f82420_0 .net "_axis_out_mac_spm_write_idle", 0 0, L_0x5ce4d1254cd0;  1 drivers
v0x5ce4d0f824c0_0 .var "_axis_out_mac_spm_write_local_addr_buf", 31 0;
v0x5ce4d0f7d710_0 .net "_axis_out_mac_spm_write_local_addr_fifo", 31 0, L_0x5ce4d1254260;  1 drivers
v0x5ce4d0f7d7d0_0 .var "_axis_out_mac_spm_write_local_stride_buf", 31 0;
v0x5ce4d0f7a990_0 .net "_axis_out_mac_spm_write_local_stride_fifo", 31 0, L_0x5ce4d1254320;  1 drivers
v0x5ce4d0f7aa70_0 .var "_axis_out_mac_spm_write_op_sel_buf", 7 0;
v0x5ce4d0f79e20_0 .net "_axis_out_mac_spm_write_op_sel_fifo", 7 0, L_0x5ce4d1254070;  1 drivers
v0x5ce4d0f79f00_0 .net "_axis_out_mac_spm_write_req_fifo_almost_empty", 0 0, L_0x5ce4d1253130;  1 drivers
v0x5ce4d0f2a320_0 .net "_axis_out_mac_spm_write_req_fifo_almost_full", 0 0, L_0x5ce4d1252f10;  1 drivers
v0x5ce4d0f2a3f0_0 .net "_axis_out_mac_spm_write_req_fifo_deq", 0 0, L_0x5ce4d1273710;  1 drivers
v0x5ce4d0f76fc0_0 .net "_axis_out_mac_spm_write_req_fifo_empty", 0 0, L_0x5ce4d1253020;  1 drivers
v0x5ce4d0f77090_0 .net "_axis_out_mac_spm_write_req_fifo_enq", 0 0, L_0x5ce4d1272fd0;  1 drivers
v0x5ce4d0f750e0_0 .net "_axis_out_mac_spm_write_req_fifo_full", 0 0, L_0x5ce4d1252dd0;  1 drivers
v0x5ce4d0f75180_0 .net "_axis_out_mac_spm_write_req_fifo_rdata", 104 0, L_0x5ce4d1253540;  1 drivers
v0x5ce4d0f73b00_0 .net "_axis_out_mac_spm_write_req_fifo_wdata", 104 0, L_0x5ce4d1272610;  1 drivers
v0x5ce4d0f73ba0_0 .var "_axis_out_mac_spm_write_size_buf", 32 0;
v0x5ce4d0f724e0_0 .net "_axis_out_mac_spm_write_size_fifo", 32 0, L_0x5ce4d1254570;  1 drivers
v0x5ce4d0f72580_0 .var "_axis_out_mac_spm_write_wide_count_148", 0 0;
v0x5ce4d0f496d0_0 .var "_axis_out_mac_spm_write_wide_wdata_157", 127 0;
v0x5ce4d0f497b0_0 .var "_axis_out_xored_spm_cond_0_1", 0 0;
v0x5ce4d1054d10_0 .var "_axis_out_xored_spm_write_data_busy", 0 0;
v0x5ce4d1054dd0_0 .net "_axis_out_xored_spm_write_data_idle", 0 0, L_0x5ce4d125e370;  1 drivers
v0x5ce4d104b280_0 .var "_axis_out_xored_spm_write_data_wide_fsm", 31 0;
v0x5ce4d104b360_0 .net "_axis_out_xored_spm_write_idle", 0 0, L_0x5ce4d125e660;  1 drivers
v0x5ce4d1044520_0 .var "_axis_out_xored_spm_write_local_addr_buf", 31 0;
v0x5ce4d1044600_0 .net "_axis_out_xored_spm_write_local_addr_fifo", 31 0, L_0x5ce4d125dec0;  1 drivers
v0x5ce4d10439f0_0 .var "_axis_out_xored_spm_write_local_stride_buf", 31 0;
v0x5ce4d1043ab0_0 .net "_axis_out_xored_spm_write_local_stride_fifo", 31 0, L_0x5ce4d125df30;  1 drivers
v0x5ce4d1042ec0_0 .var "_axis_out_xored_spm_write_op_sel_buf", 7 0;
v0x5ce4d1042fa0_0 .net "_axis_out_xored_spm_write_op_sel_fifo", 7 0, L_0x5ce4d125dc40;  1 drivers
v0x5ce4d1042390_0 .net "_axis_out_xored_spm_write_req_fifo_almost_empty", 0 0, L_0x5ce4d125cc10;  1 drivers
v0x5ce4d1042460_0 .net "_axis_out_xored_spm_write_req_fifo_almost_full", 0 0, L_0x5ce4d125c9f0;  1 drivers
v0x5ce4d1041860_0 .net "_axis_out_xored_spm_write_req_fifo_deq", 0 0, L_0x5ce4d127e570;  1 drivers
v0x5ce4d1041930_0 .net "_axis_out_xored_spm_write_req_fifo_empty", 0 0, L_0x5ce4d125cb00;  1 drivers
v0x5ce4d1040d30_0 .net "_axis_out_xored_spm_write_req_fifo_enq", 0 0, L_0x5ce4d127e9d0;  1 drivers
v0x5ce4d1040dd0_0 .net "_axis_out_xored_spm_write_req_fifo_full", 0 0, L_0x5ce4d125c8e0;  1 drivers
v0x5ce4d1040200_0 .net "_axis_out_xored_spm_write_req_fifo_rdata", 104 0, L_0x5ce4d125d010;  1 drivers
v0x5ce4d10402a0_0 .net "_axis_out_xored_spm_write_req_fifo_wdata", 104 0, L_0x5ce4d127d530;  1 drivers
v0x5ce4d103f6d0_0 .var "_axis_out_xored_spm_write_size_buf", 32 0;
v0x5ce4d103f770_0 .net "_axis_out_xored_spm_write_size_fifo", 32 0, L_0x5ce4d125e210;  1 drivers
v0x5ce4d103eba0_0 .var "_axis_out_xored_spm_write_wide_count_210", 0 0;
v0x5ce4d103ec60_0 .var "_axis_out_xored_spm_write_wide_wdata_219", 127 0;
v0x5ce4d103e070_0 .net *"_ivl_100", 63 0, L_0x5ce4d1240b00;  1 drivers
L_0x1171e295bd30 .functor BUFT 1, C4<00000000000000000000000000000010>, C4<0>, C4<0>, C4<0>;
v0x5ce4d103e150_0 .net/2u *"_ivl_1004", 31 0, L_0x1171e295bd30;  1 drivers
v0x5ce4d103d540_0 .net *"_ivl_1006", 0 0, L_0x5ce4d12708a0;  1 drivers
v0x5ce4d103d600_0 .net *"_ivl_1009", 0 0, L_0x5ce4d126f720;  1 drivers
L_0x1171e295bd78 .functor BUFT 1, C4<000000000000000000000000000000000>, C4<0>, C4<0>, C4<0>;
v0x5ce4d103c9b0_0 .net/2u *"_ivl_1010", 32 0, L_0x1171e295bd78;  1 drivers
v0x5ce4d103ca70_0 .net *"_ivl_1012", 0 0, L_0x5ce4d126f850;  1 drivers
v0x5ce4d103a1e0_0 .net *"_ivl_1015", 0 0, L_0x5ce4d126f940;  1 drivers
v0x5ce4d103a280_0 .net *"_ivl_1017", 0 0, L_0x5ce4d126fa50;  1 drivers
v0x5ce4d1034080_0 .net *"_ivl_1019", 0 0, L_0x5ce4d126fb60;  1 drivers
v0x5ce4d1034140_0 .net *"_ivl_102", 63 0, L_0x5ce4d1240d10;  1 drivers
v0x5ce4d1033550_0 .net *"_ivl_1021", 0 0, L_0x5ce4d126fc00;  1 drivers
L_0x1171e295bdc0 .functor BUFT 1, C4<01>, C4<0>, C4<0>, C4<0>;
v0x5ce4d1033610_0 .net/2s *"_ivl_1022", 1 0, L_0x1171e295bdc0;  1 drivers
L_0x1171e295be08 .functor BUFT 1, C4<00000000000000000000000000000000>, C4<0>, C4<0>, C4<0>;
v0x5ce4d1032a20_0 .net/2u *"_ivl_1024", 31 0, L_0x1171e295be08;  1 drivers
v0x5ce4d1032b00_0 .net *"_ivl_1026", 0 0, L_0x5ce4d126fd10;  1 drivers
v0x5ce4d1031ef0_0 .net *"_ivl_1029", 0 0, L_0x5ce4d1270990;  1 drivers
v0x5ce4d1031fb0_0 .net *"_ivl_1031", 0 0, L_0x5ce4d1270a80;  1 drivers
v0x5ce4d10313c0_0 .net *"_ivl_1033", 0 0, L_0x5ce4d1270b20;  1 drivers
v0x5ce4d1031460_0 .net *"_ivl_1034", 31 0, L_0x5ce4d1271050;  1 drivers
L_0x1171e295be50 .functor BUFT 1, C4<000000000000000000000000>, C4<0>, C4<0>, C4<0>;
v0x5ce4d1030890_0 .net *"_ivl_1037", 23 0, L_0x1171e295be50;  1 drivers
L_0x1171e295be98 .functor BUFT 1, C4<00000000000000000000000000000001>, C4<0>, C4<0>, C4<0>;
v0x5ce4d1030950_0 .net/2u *"_ivl_1038", 31 0, L_0x1171e295be98;  1 drivers
v0x5ce4d102fd60_0 .net *"_ivl_104", 63 0, L_0x5ce4d1240e50;  1 drivers
v0x5ce4d102fe00_0 .net *"_ivl_1040", 0 0, L_0x5ce4d1271d80;  1 drivers
v0x5ce4d102f230_0 .net *"_ivl_1043", 0 0, L_0x5ce4d1271580;  1 drivers
v0x5ce4d102f2f0_0 .net *"_ivl_1045", 0 0, L_0x5ce4d1271690;  1 drivers
v0x5ce4d102e700_0 .net *"_ivl_1047", 0 0, L_0x5ce4d1271bd0;  1 drivers
v0x5ce4d102e7a0_0 .net *"_ivl_1049", 0 0, L_0x5ce4d1271c70;  1 drivers
L_0x1171e295bee0 .functor BUFT 1, C4<01>, C4<0>, C4<0>, C4<0>;
v0x5ce4d102dbd0_0 .net/2s *"_ivl_1050", 1 0, L_0x1171e295bee0;  1 drivers
L_0x1171e295bf28 .functor BUFT 1, C4<00>, C4<0>, C4<0>, C4<0>;
v0x5ce4d102dcb0_0 .net/2s *"_ivl_1052", 1 0, L_0x1171e295bf28;  1 drivers
v0x5ce4d102d0a0_0 .net *"_ivl_1054", 1 0, L_0x5ce4d1270c30;  1 drivers
v0x5ce4d102d160_0 .net *"_ivl_1056", 1 0, L_0x5ce4d1270dc0;  1 drivers
v0x5ce4d102c510_0 .net *"_ivl_106", 63 0, L_0x5ce4d1241070;  1 drivers
v0x5ce4d102c5f0_0 .net *"_ivl_1062", 63 0, L_0x5ce4d1271f60;  1 drivers
v0x5ce4d102bae0_0 .net *"_ivl_1064", 60 0, L_0x5ce4d1271ec0;  1 drivers
L_0x1171e295bfb8 .functor BUFT 1, C4<000>, C4<0>, C4<0>, C4<0>;
v0x5ce4d102bba0_0 .net *"_ivl_1066", 2 0, L_0x1171e295bfb8;  1 drivers
L_0x1171e295c090 .functor BUFT 1, C4<00000000000000000000000000010011>, C4<0>, C4<0>, C4<0>;
v0x5ce4d1028620_0 .net/2u *"_ivl_1076", 31 0, L_0x1171e295c090;  1 drivers
v0x5ce4d1028700_0 .net *"_ivl_1078", 0 0, L_0x5ce4d1272370;  1 drivers
v0x5ce4d1024920_0 .net *"_ivl_108", 63 0, L_0x5ce4d12411b0;  1 drivers
v0x5ce4d1024a00_0 .net *"_ivl_1081", 0 0, L_0x5ce4d1272460;  1 drivers
v0x5ce4d1020160_0 .net *"_ivl_1083", 0 0, L_0x5ce4d1272500;  1 drivers
L_0x1171e295c0d8 .functor BUFT 1, C4<xxxxxxxxxxxxxxxxxxxxxxxxxxxxxxxxxxxxxxxxxxxxxxxxxxxxxxxxxxxxxxxxxxxxxxxxxxxxxxxxxxxxxxxxxxxxxxxxxxxxxxxxx>, C4<0>, C4<0>, C4<0>;
v0x5ce4d1020220_0 .net *"_ivl_1084", 104 0, L_0x1171e295c0d8;  1 drivers
L_0x1171e295c120 .functor BUFT 1, C4<00000000000000000000000000010011>, C4<0>, C4<0>, C4<0>;
v0x5ce4d10134f0_0 .net/2u *"_ivl_1088", 31 0, L_0x1171e295c120;  1 drivers
v0x5ce4d10135d0_0 .net *"_ivl_1090", 0 0, L_0x5ce4d1271890;  1 drivers
v0x5ce4d1006880_0 .net *"_ivl_1093", 0 0, L_0x5ce4d12719d0;  1 drivers
v0x5ce4d1006940_0 .net *"_ivl_1095", 0 0, L_0x5ce4d1271b00;  1 drivers
L_0x1171e295c168 .functor BUFT 1, C4<00000000000000000000000000010011>, C4<0>, C4<0>, C4<0>;
v0x5ce4d0ff9c10_0 .net/2u *"_ivl_1096", 31 0, L_0x1171e295c168;  1 drivers
v0x5ce4d0ff9cd0_0 .net *"_ivl_1098", 0 0, L_0x5ce4d1272730;  1 drivers
v0x5ce4d0fecfa0_0 .net *"_ivl_11", 0 0, L_0x5ce4d123e1a0;  1 drivers
v0x5ce4d0fed040_0 .net *"_ivl_1101", 0 0, L_0x5ce4d1272820;  1 drivers
v0x5ce4d0fdf410_0 .net *"_ivl_1103", 0 0, L_0x5ce4d12728c0;  1 drivers
v0x5ce4d0fdf4d0_0 .net *"_ivl_1105", 0 0, L_0x5ce4d1272e20;  1 drivers
v0x5ce4d0fd1430_0 .net *"_ivl_1107", 0 0, L_0x5ce4d1272ec0;  1 drivers
L_0x1171e295c1b0 .functor BUFT 1, C4<0>, C4<0>, C4<0>, C4<0>;
v0x5ce4d0fd14d0_0 .net/2u *"_ivl_1108", 0 0, L_0x1171e295c1b0;  1 drivers
L_0x1171e295c1f8 .functor BUFT 1, C4<00000000000000000000000000000000>, C4<0>, C4<0>, C4<0>;
v0x5ce4d0fc3950_0 .net/2u *"_ivl_1114", 31 0, L_0x1171e295c1f8;  1 drivers
v0x5ce4d0fc3a10_0 .net *"_ivl_1116", 0 0, L_0x5ce4d1273250;  1 drivers
v0x5ce4d0fbe160_0 .net *"_ivl_1119", 0 0, L_0x5ce4d1273c70;  1 drivers
v0x5ce4d0fbe200_0 .net *"_ivl_112", 31 0, L_0x5ce4d1241480;  1 drivers
v0x5ce4d0fb88c0_0 .net *"_ivl_1121", 0 0, L_0x5ce4d1273390;  1 drivers
v0x5ce4d0fb8960_0 .net *"_ivl_1123", 0 0, L_0x5ce4d12734c0;  1 drivers
v0x5ce4d10d87e0_0 .net *"_ivl_1124", 31 0, L_0x5ce4d12739e0;  1 drivers
L_0x1171e295c240 .functor BUFT 1, C4<000000000000000000000000>, C4<0>, C4<0>, C4<0>;
v0x5ce4d10d88c0_0 .net *"_ivl_1127", 23 0, L_0x1171e295c240;  1 drivers
L_0x1171e295c288 .functor BUFT 1, C4<00000000000000000000000000000001>, C4<0>, C4<0>, C4<0>;
v0x5ce4d10c7b80_0 .net/2u *"_ivl_1128", 31 0, L_0x1171e295c288;  1 drivers
v0x5ce4d10c7c40_0 .net *"_ivl_1130", 0 0, L_0x5ce4d1273b20;  1 drivers
v0x5ce4d10b3ff0_0 .net *"_ivl_1133", 0 0, L_0x5ce4d12729d0;  1 drivers
v0x5ce4d10b4090_0 .net *"_ivl_1135", 0 0, L_0x5ce4d1272ae0;  1 drivers
v0x5ce4d10b1290_0 .net *"_ivl_1137", 0 0, L_0x5ce4d1272bf0;  1 drivers
v0x5ce4d10b1350_0 .net *"_ivl_1139", 0 0, L_0x5ce4d1272c90;  1 drivers
L_0x1171e295c2d0 .functor BUFT 1, C4<01>, C4<0>, C4<0>, C4<0>;
v0x5ce4d10aa780_0 .net/2s *"_ivl_1140", 1 0, L_0x1171e295c2d0;  1 drivers
L_0x1171e295c318 .functor BUFT 1, C4<00>, C4<0>, C4<0>, C4<0>;
v0x5ce4d10aa840_0 .net/2s *"_ivl_1142", 1 0, L_0x1171e295c318;  1 drivers
v0x5ce4d10a6870_0 .net *"_ivl_1144", 1 0, L_0x5ce4d1273580;  1 drivers
L_0x1171e295c360 .functor BUFT 1, C4<00000000000000000000000000000001>, C4<0>, C4<0>, C4<0>;
v0x5ce4d10a6950_0 .net/2u *"_ivl_1148", 31 0, L_0x1171e295c360;  1 drivers
L_0x1171e29584a8 .functor BUFT 1, C4<00000000000000000000000000000>, C4<0>, C4<0>, C4<0>;
v0x5ce4d109e440_0 .net *"_ivl_115", 28 0, L_0x1171e29584a8;  1 drivers
v0x5ce4d109e500_0 .net *"_ivl_1150", 0 0, L_0x5ce4d1273850;  1 drivers
v0x5ce4d109b6e0_0 .net *"_ivl_1153", 0 0, L_0x5ce4d1273940;  1 drivers
v0x5ce4d109b780_0 .net *"_ivl_1155", 0 0, L_0x5ce4d1273d10;  1 drivers
v0x5ce4d1080680_0 .net *"_ivl_1157", 0 0, L_0x5ce4d1273db0;  1 drivers
v0x5ce4d1080740_0 .net *"_ivl_1158", 31 0, L_0x5ce4d1274340;  1 drivers
L_0x1171e29584f0 .functor BUFT 1, C4<00000000000000000000000000000000>, C4<0>, C4<0>, C4<0>;
v0x5ce4d107d920_0 .net/2u *"_ivl_116", 31 0, L_0x1171e29584f0;  1 drivers
L_0x1171e295c3a8 .functor BUFT 1, C4<0000000000000000000000000000000>, C4<0>, C4<0>, C4<0>;
v0x5ce4d107da00_0 .net *"_ivl_1161", 30 0, L_0x1171e295c3a8;  1 drivers
L_0x1171e295c3f0 .functor BUFT 1, C4<00000000000000000000000000000000>, C4<0>, C4<0>, C4<0>;
v0x5ce4d1072b60_0 .net/2u *"_ivl_1162", 31 0, L_0x1171e295c3f0;  1 drivers
v0x5ce4d1072c20_0 .net *"_ivl_1164", 0 0, L_0x5ce4d1274430;  1 drivers
v0x5ce4d106fe00_0 .net *"_ivl_1167", 0 0, L_0x5ce4d1274570;  1 drivers
v0x5ce4d106fea0_0 .net *"_ivl_1169", 0 0, L_0x5ce4d1274680;  1 drivers
v0x5ce4d1064db0_0 .net *"_ivl_1176", 63 0, L_0x5ce4d12749d0;  1 drivers
v0x5ce4d1064e90_0 .net *"_ivl_1178", 60 0, L_0x5ce4d1274930;  1 drivers
v0x5ce4d0fa2d40_0 .net *"_ivl_118", 0 0, L_0x5ce4d1241670;  1 drivers
L_0x1171e295c480 .functor BUFT 1, C4<000>, C4<0>, C4<0>, C4<0>;
v0x5ce4d0fa2de0_0 .net *"_ivl_1180", 2 0, L_0x1171e295c480;  1 drivers
L_0x1171e295c558 .functor BUFT 1, C4<00000000000000000000000000011000>, C4<0>, C4<0>, C4<0>;
v0x5ce4d1062050_0 .net/2u *"_ivl_1190", 31 0, L_0x1171e295c558;  1 drivers
v0x5ce4d1062110_0 .net *"_ivl_1192", 0 0, L_0x5ce4d1274de0;  1 drivers
v0x5ce4d0f3cff0_0 .net *"_ivl_1195", 0 0, L_0x5ce4d1274f10;  1 drivers
v0x5ce4d0f3d090_0 .net *"_ivl_1197", 0 0, L_0x5ce4d1274fb0;  1 drivers
L_0x1171e295c5a0 .functor BUFT 1, C4<xxxxxxxxxxxxxxxxxxxxxxxxxxxxxxxxxxxxxxxxxxxxxxxxxxxxxxxxxxxxxxxxxxxxxxxxxxxxxxxxxxxxxxxxxxxxxxxxxxxxxxxxx>, C4<0>, C4<0>, C4<0>;
v0x5ce4d0f2f810_0 .net *"_ivl_1198", 104 0, L_0x1171e295c5a0;  1 drivers
v0x5ce4d0f2f8f0_0 .net *"_ivl_120", 3 0, L_0x5ce4d12417b0;  1 drivers
L_0x1171e295c5e8 .functor BUFT 1, C4<00000000000000000000000000011000>, C4<0>, C4<0>, C4<0>;
v0x5ce4d0f94b20_0 .net/2u *"_ivl_1202", 31 0, L_0x1171e295c5e8;  1 drivers
v0x5ce4d0f94be0_0 .net *"_ivl_1204", 0 0, L_0x5ce4d12752a0;  1 drivers
v0x5ce4d0f7f6b0_0 .net *"_ivl_1207", 0 0, L_0x5ce4d1273f10;  1 drivers
v0x5ce4d0f7f770_0 .net *"_ivl_1209", 0 0, L_0x5ce4d1274040;  1 drivers
L_0x1171e295c630 .functor BUFT 1, C4<00000000000000000000000000011000>, C4<0>, C4<0>, C4<0>;
v0x5ce4d0f4a9d0_0 .net/2u *"_ivl_1210", 31 0, L_0x1171e295c630;  1 drivers
v0x5ce4d0f4aab0_0 .net *"_ivl_1212", 0 0, L_0x5ce4d1274100;  1 drivers
v0x5ce4d1021460_0 .net *"_ivl_1215", 0 0, L_0x5ce4d12741f0;  1 drivers
v0x5ce4d1021520_0 .net *"_ivl_1217", 0 0, L_0x5ce4d1274290;  1 drivers
v0x5ce4d10147f0_0 .net *"_ivl_1219", 0 0, L_0x5ce4d12753e0;  1 drivers
v0x5ce4d10148b0_0 .net *"_ivl_1221", 0 0, L_0x5ce4d1275480;  1 drivers
L_0x1171e295c678 .functor BUFT 1, C4<0>, C4<0>, C4<0>, C4<0>;
v0x5ce4d1007b80_0 .net/2u *"_ivl_1222", 0 0, L_0x1171e295c678;  1 drivers
L_0x1171e295c6c0 .functor BUFT 1, C4<00000000000000000000000000000000>, C4<0>, C4<0>, C4<0>;
v0x5ce4d1007c60_0 .net/2u *"_ivl_1228", 31 0, L_0x1171e295c6c0;  1 drivers
L_0x1171e2958538 .functor BUFT 1, C4<000>, C4<0>, C4<0>, C4<0>;
v0x5ce4d0ffaf10_0 .net *"_ivl_123", 2 0, L_0x1171e2958538;  1 drivers
v0x5ce4d0ffaff0_0 .net *"_ivl_1230", 0 0, L_0x5ce4d1275cd0;  1 drivers
v0x5ce4d0fee2a0_0 .net *"_ivl_1233", 0 0, L_0x5ce4d1275dc0;  1 drivers
v0x5ce4d0fee360_0 .net *"_ivl_1235", 0 0, L_0x5ce4d1275eb0;  1 drivers
v0x5ce4d0fe15b0_0 .net *"_ivl_1237", 0 0, L_0x5ce4d1275fe0;  1 drivers
v0x5ce4d0fe1670_0 .net *"_ivl_1238", 31 0, L_0x5ce4d12760a0;  1 drivers
v0x5ce4d0fe0e20_0 .net *"_ivl_124", 31 0, L_0x5ce4d12419b0;  1 drivers
L_0x1171e295c708 .functor BUFT 1, C4<000000000000000000000000>, C4<0>, C4<0>, C4<0>;
v0x5ce4d0fe0f00_0 .net *"_ivl_1241", 23 0, L_0x1171e295c708;  1 drivers
L_0x1171e295c750 .functor BUFT 1, C4<00000000000000000000000000000001>, C4<0>, C4<0>, C4<0>;
v0x5ce4d0fd35d0_0 .net/2u *"_ivl_1242", 31 0, L_0x1171e295c750;  1 drivers
v0x5ce4d0fd36b0_0 .net *"_ivl_1244", 0 0, L_0x5ce4d12761e0;  1 drivers
v0x5ce4d0fd2e40_0 .net *"_ivl_1247", 0 0, L_0x5ce4d1276320;  1 drivers
v0x5ce4d0fd2f00_0 .net *"_ivl_1249", 0 0, L_0x5ce4d1276430;  1 drivers
v0x5ce4d0fc5930_0 .net *"_ivl_1251", 0 0, L_0x5ce4d1276540;  1 drivers
v0x5ce4d0fc59f0_0 .net *"_ivl_1253", 0 0, L_0x5ce4d1275590;  1 drivers
L_0x1171e295c798 .functor BUFT 1, C4<01>, C4<0>, C4<0>, C4<0>;
v0x5ce4d0f99990_0 .net/2s *"_ivl_1254", 1 0, L_0x1171e295c798;  1 drivers
L_0x1171e295c7e0 .functor BUFT 1, C4<00>, C4<0>, C4<0>, C4<0>;
v0x5ce4d0f99a70_0 .net/2s *"_ivl_1256", 1 0, L_0x1171e295c7e0;  1 drivers
v0x5ce4d0f97820_0 .net *"_ivl_1258", 1 0, L_0x5ce4d12756a0;  1 drivers
L_0x1171e295c828 .functor BUFT 1, C4<00000000000000000000000000000010>, C4<0>, C4<0>, C4<0>;
v0x5ce4d0f97900_0 .net/2u *"_ivl_1262", 31 0, L_0x1171e295c828;  1 drivers
v0x5ce4d10db6a0_0 .net *"_ivl_1264", 0 0, L_0x5ce4d1275970;  1 drivers
v0x5ce4d10db760_0 .net *"_ivl_1266", 31 0, L_0x5ce4d1276680;  1 drivers
L_0x1171e295c870 .functor BUFT 1, C4<000000000000000000000000>, C4<0>, C4<0>, C4<0>;
v0x5ce4d10ad8e0_0 .net *"_ivl_1269", 23 0, L_0x1171e295c870;  1 drivers
L_0x1171e2958580 .functor BUFT 1, C4<00000000000000000000000000000>, C4<0>, C4<0>, C4<0>;
v0x5ce4d10ad9c0_0 .net *"_ivl_127", 28 0, L_0x1171e2958580;  1 drivers
L_0x1171e295c8b8 .functor BUFT 1, C4<00000000000000000000000000000001>, C4<0>, C4<0>, C4<0>;
v0x5ce4d10879a0_0 .net/2u *"_ivl_1270", 31 0, L_0x1171e295c8b8;  1 drivers
v0x5ce4d1087a80_0 .net *"_ivl_1272", 0 0, L_0x5ce4d1276770;  1 drivers
v0x5ce4d1079f70_0 .net *"_ivl_1275", 0 0, L_0x5ce4d12768b0;  1 drivers
v0x5ce4d107a030_0 .net *"_ivl_1276", 31 0, L_0x5ce4d12769c0;  1 drivers
L_0x1171e295c900 .functor BUFT 1, C4<0000000000000000000000000000000>, C4<0>, C4<0>, C4<0>;
v0x5ce4d106c0d0_0 .net *"_ivl_1279", 30 0, L_0x1171e295c900;  1 drivers
L_0x1171e29585c8 .functor BUFT 1, C4<00000000000000000000000000000001>, C4<0>, C4<0>, C4<0>;
v0x5ce4d106c1b0_0 .net/2u *"_ivl_128", 31 0, L_0x1171e29585c8;  1 drivers
L_0x1171e295c948 .functor BUFT 1, C4<00000000000000000000000000000000>, C4<0>, C4<0>, C4<0>;
v0x5ce4d1057920_0 .net/2u *"_ivl_1280", 31 0, L_0x1171e295c948;  1 drivers
v0x5ce4d1057a00_0 .net *"_ivl_1282", 0 0, L_0x5ce4d1276ab0;  1 drivers
v0x5ce4d0f812f0_0 .net *"_ivl_1288", 63 0, L_0x5ce4d1276da0;  1 drivers
v0x5ce4d0f813d0_0 .net *"_ivl_1290", 60 0, L_0x5ce4d1276d00;  1 drivers
L_0x1171e295c9d8 .functor BUFT 1, C4<000>, C4<0>, C4<0>, C4<0>;
v0x5ce4d0f7d050_0 .net *"_ivl_1292", 2 0, L_0x1171e295c9d8;  1 drivers
v0x5ce4d0f7d130_0 .net *"_ivl_13", 0 0, L_0x5ce4d123e240;  1 drivers
v0x5ce4d1039d50_0 .net *"_ivl_130", 0 0, L_0x5ce4d1241aa0;  1 drivers
L_0x1171e295cab0 .functor BUFT 1, C4<00000000000000000000000000011010>, C4<0>, C4<0>, C4<0>;
v0x5ce4d1039e10_0 .net/2u *"_ivl_1302", 31 0, L_0x1171e295cab0;  1 drivers
v0x5ce4d1038560_0 .net *"_ivl_1304", 0 0, L_0x5ce4d1277110;  1 drivers
v0x5ce4d1038620_0 .net *"_ivl_1307", 0 0, L_0x5ce4d1277200;  1 drivers
v0x5ce4d1024490_0 .net *"_ivl_1309", 0 0, L_0x5ce4d12772a0;  1 drivers
L_0x1171e295caf8 .functor BUFT 1, C4<xxxxxxxxxxxxxxxxxxxxxxxxxxxxxxxxxxxxxxxxxxxxxxxxxxxxxxxxxxxxxxxxxxxxxxxxxxxxxxxxxxxxxxxxxxxxxxxxxxxxxxxxx>, C4<0>, C4<0>, C4<0>;
v0x5ce4d1024550_0 .net *"_ivl_1310", 104 0, L_0x1171e295caf8;  1 drivers
L_0x1171e295cb40 .functor BUFT 1, C4<00000000000000000000000000011010>, C4<0>, C4<0>, C4<0>;
v0x5ce4d0faf550_0 .net/2u *"_ivl_1314", 31 0, L_0x1171e295cb40;  1 drivers
v0x5ce4d0faf630_0 .net *"_ivl_1316", 0 0, L_0x5ce4d1277590;  1 drivers
v0x5ce4d10b83d0_0 .net *"_ivl_1319", 0 0, L_0x5ce4d1277680;  1 drivers
v0x5ce4d10b8490_0 .net *"_ivl_132", 3 0, L_0x5ce4d1241d00;  1 drivers
v0x5ce4d10aec10_0 .net *"_ivl_1321", 0 0, L_0x5ce4d1277720;  1 drivers
L_0x1171e295cb88 .functor BUFT 1, C4<00000000000000000000000000011010>, C4<0>, C4<0>, C4<0>;
v0x5ce4d10aecd0_0 .net/2u *"_ivl_1322", 31 0, L_0x1171e295cb88;  1 drivers
v0x5ce4d10a2820_0 .net *"_ivl_1324", 0 0, L_0x5ce4d1277ce0;  1 drivers
v0x5ce4d10a28e0_0 .net *"_ivl_1327", 0 0, L_0x5ce4d1277dd0;  1 drivers
v0x5ce4d1099060_0 .net *"_ivl_1329", 0 0, L_0x5ce4d1277e70;  1 drivers
v0x5ce4d1099120_0 .net *"_ivl_1331", 0 0, L_0x5ce4d1277f80;  1 drivers
v0x5ce4d1084a60_0 .net *"_ivl_1333", 0 0, L_0x5ce4d1278020;  1 drivers
L_0x1171e295cbd0 .functor BUFT 1, C4<0>, C4<0>, C4<0>, C4<0>;
v0x5ce4d1084b20_0 .net/2u *"_ivl_1334", 0 0, L_0x1171e295cbd0;  1 drivers
L_0x1171e295cc18 .functor BUFT 1, C4<00000000000000000000000000000000>, C4<0>, C4<0>, C4<0>;
v0x5ce4d107b2a0_0 .net/2u *"_ivl_1340", 31 0, L_0x1171e295cc18;  1 drivers
v0x5ce4d107b380_0 .net *"_ivl_1342", 0 0, L_0x5ce4d1277880;  1 drivers
v0x5ce4d1076f40_0 .net *"_ivl_1345", 0 0, L_0x5ce4d1277970;  1 drivers
v0x5ce4d1077000_0 .net *"_ivl_1347", 0 0, L_0x5ce4d1277a60;  1 drivers
v0x5ce4d106d780_0 .net *"_ivl_1349", 0 0, L_0x5ce4d1277b90;  1 drivers
L_0x1171e2958610 .functor BUFT 1, C4<000>, C4<0>, C4<0>, C4<0>;
v0x5ce4d106d840_0 .net *"_ivl_135", 2 0, L_0x1171e2958610;  1 drivers
v0x5ce4d1069190_0 .net *"_ivl_1350", 31 0, L_0x5ce4d1278310;  1 drivers
L_0x1171e295cc60 .functor BUFT 1, C4<000000000000000000000000>, C4<0>, C4<0>, C4<0>;
v0x5ce4d1069270_0 .net *"_ivl_1353", 23 0, L_0x1171e295cc60;  1 drivers
L_0x1171e295cca8 .functor BUFT 1, C4<00000000000000000000000000000001>, C4<0>, C4<0>, C4<0>;
v0x5ce4d105f970_0 .net/2u *"_ivl_1354", 31 0, L_0x1171e295cca8;  1 drivers
v0x5ce4d105fa50_0 .net *"_ivl_1356", 0 0, L_0x5ce4d1278450;  1 drivers
v0x5ce4d105e5f0_0 .net *"_ivl_1359", 0 0, L_0x5ce4d1278590;  1 drivers
v0x5ce4d105e6b0_0 .net *"_ivl_136", 31 0, L_0x5ce4d1241df0;  1 drivers
v0x5ce4d1010d60_0 .net *"_ivl_1361", 0 0, L_0x5ce4d1277c50;  1 drivers
v0x5ce4d1010e20_0 .net *"_ivl_1363", 0 0, L_0x5ce4d1278c60;  1 drivers
v0x5ce4d0fea810_0 .net *"_ivl_1365", 0 0, L_0x5ce4d1278d00;  1 drivers
L_0x1171e295ccf0 .functor BUFT 1, C4<01>, C4<0>, C4<0>, C4<0>;
v0x5ce4d0fea8d0_0 .net/2s *"_ivl_1366", 1 0, L_0x1171e295ccf0;  1 drivers
L_0x1171e295cd38 .functor BUFT 1, C4<00>, C4<0>, C4<0>, C4<0>;
v0x5ce4d0ff7480_0 .net/2s *"_ivl_1368", 1 0, L_0x1171e295cd38;  1 drivers
v0x5ce4d0ff7560_0 .net *"_ivl_1370", 1 0, L_0x5ce4d1278e10;  1 drivers
L_0x1171e295cd80 .functor BUFT 1, C4<00000000000000000000000000000001>, C4<0>, C4<0>, C4<0>;
v0x5ce4d101d9d0_0 .net/2u *"_ivl_1374", 31 0, L_0x1171e295cd80;  1 drivers
v0x5ce4d101dab0_0 .net *"_ivl_1376", 0 0, L_0x5ce4d12790e0;  1 drivers
v0x5ce4d10040f0_0 .net *"_ivl_1379", 0 0, L_0x5ce4d12791d0;  1 drivers
v0x5ce4d10041b0_0 .net *"_ivl_1381", 0 0, L_0x5ce4d1279270;  1 drivers
v0x5ce4d0fdc830_0 .net *"_ivl_1383", 0 0, L_0x5ce4d1279360;  1 drivers
v0x5ce4d0fdc8f0_0 .net *"_ivl_1384", 31 0, L_0x5ce4d1279470;  1 drivers
L_0x1171e295cdc8 .functor BUFT 1, C4<0000000000000000000000000000000>, C4<0>, C4<0>, C4<0>;
v0x5ce4d0fce7f0_0 .net *"_ivl_1387", 30 0, L_0x1171e295cdc8;  1 drivers
L_0x1171e295ce10 .functor BUFT 1, C4<00000000000000000000000000000000>, C4<0>, C4<0>, C4<0>;
v0x5ce4d0fce8d0_0 .net/2u *"_ivl_1388", 31 0, L_0x1171e295ce10;  1 drivers
L_0x1171e2958658 .functor BUFT 1, C4<00000000000000000000000000000>, C4<0>, C4<0>, C4<0>;
v0x5ce4d0f39530_0 .net *"_ivl_139", 28 0, L_0x1171e2958658;  1 drivers
v0x5ce4d0f39610_0 .net *"_ivl_1390", 0 0, L_0x5ce4d1279560;  1 drivers
v0x5ce4d0f5ac90_0 .net *"_ivl_1393", 0 0, L_0x5ce4d12796a0;  1 drivers
v0x5ce4d0f5ad50_0 .net *"_ivl_1395", 0 0, L_0x5ce4d12786a0;  1 drivers
L_0x1171e29586a0 .functor BUFT 1, C4<00000000000000000000000000000010>, C4<0>, C4<0>, C4<0>;
v0x5ce4d0f6f0f0_0 .net/2u *"_ivl_140", 31 0, L_0x1171e29586a0;  1 drivers
v0x5ce4d0f6f1d0_0 .net *"_ivl_1402", 63 0, L_0x5ce4d1278a60;  1 drivers
v0x5ce4d0f64ec0_0 .net *"_ivl_1404", 60 0, L_0x5ce4d1278930;  1 drivers
L_0x1171e295cea0 .functor BUFT 1, C4<000>, C4<0>, C4<0>, C4<0>;
v0x5ce4d0f64fa0_0 .net *"_ivl_1406", 2 0, L_0x1171e295cea0;  1 drivers
L_0x1171e295cf78 .functor BUFT 1, C4<00000000000000000000000000011110>, C4<0>, C4<0>, C4<0>;
v0x5ce4d0f46fd0_0 .net/2u *"_ivl_1416", 31 0, L_0x1171e295cf78;  1 drivers
v0x5ce4d0f470b0_0 .net *"_ivl_1418", 0 0, L_0x5ce4d1279fd0;  1 drivers
v0x5ce4d0b225a0_0 .net *"_ivl_142", 0 0, L_0x5ce4d1241c30;  1 drivers
v0x5ce4d0b22660_0 .net *"_ivl_1421", 0 0, L_0x5ce4d127a0c0;  1 drivers
v0x5ce4d0b22720_0 .net *"_ivl_1423", 0 0, L_0x5ce4d1278b50;  1 drivers
L_0x1171e295cfc0 .functor BUFT 1, C4<xxxxxxxxxxxxxxxxxxxxxxxxxxxxxxxxxxxxxxxxxxxxxxxxxxxxxxxxxxxxxxxxxxxxxxxxxxxxxxxxxxxxxxxxxxxxxxxxxxxxxxxxx>, C4<0>, C4<0>, C4<0>;
v0x5ce4d0b227e0_0 .net *"_ivl_1424", 104 0, L_0x1171e295cfc0;  1 drivers
L_0x1171e295d008 .functor BUFT 1, C4<00000000000000000000000000011110>, C4<0>, C4<0>, C4<0>;
v0x5ce4d0b228c0_0 .net/2u *"_ivl_1428", 31 0, L_0x1171e295d008;  1 drivers
v0x5ce4d0e562b0_0 .net *"_ivl_1430", 0 0, L_0x5ce4d1279940;  1 drivers
v0x5ce4d0e56370_0 .net *"_ivl_1433", 0 0, L_0x5ce4d1279a30;  1 drivers
v0x5ce4d0e56430_0 .net *"_ivl_1435", 0 0, L_0x5ce4d1279b60;  1 drivers
L_0x1171e295d050 .functor BUFT 1, C4<00000000000000000000000000011110>, C4<0>, C4<0>, C4<0>;
v0x5ce4d0e564f0_0 .net/2u *"_ivl_1436", 31 0, L_0x1171e295d050;  1 drivers
v0x5ce4d0e565d0_0 .net *"_ivl_1438", 0 0, L_0x5ce4d1279c20;  1 drivers
v0x5ce4d0e56690_0 .net *"_ivl_144", 3 0, L_0x5ce4d1242060;  1 drivers
v0x5ce4d11da0c0_0 .net *"_ivl_1441", 0 0, L_0x5ce4d127a250;  1 drivers
v0x5ce4d11da180_0 .net *"_ivl_1443", 0 0, L_0x5ce4d127a2f0;  1 drivers
v0x5ce4d11da240_0 .net *"_ivl_1445", 0 0, L_0x5ce4d127a970;  1 drivers
v0x5ce4d11da300_0 .net *"_ivl_1447", 0 0, L_0x5ce4d127aa10;  1 drivers
L_0x1171e295d098 .functor BUFT 1, C4<0>, C4<0>, C4<0>, C4<0>;
v0x5ce4d11da3c0_0 .net/2u *"_ivl_1448", 0 0, L_0x1171e295d098;  1 drivers
L_0x1171e295d0e0 .functor BUFT 1, C4<00000000000000000000000000000000>, C4<0>, C4<0>, C4<0>;
v0x5ce4d11da4a0_0 .net/2u *"_ivl_1454", 31 0, L_0x1171e295d0e0;  1 drivers
v0x5ce4d11da580_0 .net *"_ivl_1456", 0 0, L_0x5ce4d127ada0;  1 drivers
v0x5ce4d11da640_0 .net *"_ivl_1459", 0 0, L_0x5ce4d127ae90;  1 drivers
v0x5ce4d11da700_0 .net *"_ivl_1461", 0 0, L_0x5ce4d127af80;  1 drivers
v0x5ce4d11da7c0_0 .net *"_ivl_1463", 0 0, L_0x5ce4d127b0b0;  1 drivers
v0x5ce4d11db8e0_0 .net *"_ivl_1464", 31 0, L_0x5ce4d127b170;  1 drivers
L_0x1171e295d128 .functor BUFT 1, C4<000000000000000000000000>, C4<0>, C4<0>, C4<0>;
v0x5ce4d11db980_0 .net *"_ivl_1467", 23 0, L_0x1171e295d128;  1 drivers
L_0x1171e295d170 .functor BUFT 1, C4<00000000000000000000000000000001>, C4<0>, C4<0>, C4<0>;
v0x5ce4d11dba20_0 .net/2u *"_ivl_1468", 31 0, L_0x1171e295d170;  1 drivers
L_0x1171e29586e8 .functor BUFT 1, C4<000>, C4<0>, C4<0>, C4<0>;
v0x5ce4d11dbac0_0 .net *"_ivl_147", 2 0, L_0x1171e29586e8;  1 drivers
v0x5ce4d11dbb60_0 .net *"_ivl_1470", 0 0, L_0x5ce4d127a450;  1 drivers
v0x5ce4d11dbc00_0 .net *"_ivl_1473", 0 0, L_0x5ce4d127a590;  1 drivers
v0x5ce4d11dbca0_0 .net *"_ivl_1475", 0 0, L_0x5ce4d127a6a0;  1 drivers
v0x5ce4d11dbd40_0 .net *"_ivl_1477", 0 0, L_0x5ce4d127a7b0;  1 drivers
v0x5ce4d11dbde0_0 .net *"_ivl_1479", 0 0, L_0x5ce4d127a850;  1 drivers
v0x5ce4d11dbe80_0 .net *"_ivl_148", 31 0, L_0x5ce4d1242290;  1 drivers
L_0x1171e295d1b8 .functor BUFT 1, C4<01>, C4<0>, C4<0>, C4<0>;
v0x5ce4d11dbf20_0 .net/2s *"_ivl_1480", 1 0, L_0x1171e295d1b8;  1 drivers
L_0x1171e295d200 .functor BUFT 1, C4<00>, C4<0>, C4<0>, C4<0>;
v0x5ce4d11dbfc0_0 .net/2s *"_ivl_1482", 1 0, L_0x1171e295d200;  1 drivers
v0x5ce4d11dc060_0 .net *"_ivl_1484", 1 0, L_0x5ce4d127b800;  1 drivers
L_0x1171e295d248 .functor BUFT 1, C4<00000000000000000000000000000001>, C4<0>, C4<0>, C4<0>;
v0x5ce4d11dc100_0 .net/2u *"_ivl_1488", 31 0, L_0x1171e295d248;  1 drivers
v0x5ce4d11dc1a0_0 .net *"_ivl_1490", 0 0, L_0x5ce4d127bad0;  1 drivers
v0x5ce4d11dc240_0 .net *"_ivl_1493", 0 0, L_0x5ce4d127bbc0;  1 drivers
v0x5ce4d11dc2e0_0 .net *"_ivl_1495", 63 0, L_0x5ce4d127c220;  1 drivers
L_0x1171e295d290 .functor BUFT 1, C4<00000000000000000000000000000001>, C4<0>, C4<0>, C4<0>;
v0x5ce4d11dc380_0 .net/2u *"_ivl_1496", 31 0, L_0x1171e295d290;  1 drivers
v0x5ce4d11dc420_0 .net *"_ivl_1498", 0 0, L_0x5ce4d127b270;  1 drivers
v0x5ce4d11dc4c0_0 .net *"_ivl_15", 0 0, L_0x5ce4d123e300;  1 drivers
v0x5ce4d11dc560_0 .net *"_ivl_1501", 0 0, L_0x5ce4d127c2c0;  1 drivers
v0x5ce4d11dc600_0 .net *"_ivl_1503", 63 0, L_0x5ce4d127b360;  1 drivers
L_0x1171e295d2d8 .functor BUFT 1, C4<00000000000000000000000000000001>, C4<0>, C4<0>, C4<0>;
v0x5ce4d11dc6a0_0 .net/2u *"_ivl_1504", 31 0, L_0x1171e295d2d8;  1 drivers
v0x5ce4d11dc740_0 .net *"_ivl_1506", 0 0, L_0x5ce4d127b400;  1 drivers
v0x5ce4d11dc7e0_0 .net *"_ivl_1509", 0 0, L_0x5ce4d127b4f0;  1 drivers
L_0x1171e2958730 .functor BUFT 1, C4<00000000000000000000000000000>, C4<0>, C4<0>, C4<0>;
v0x5ce4d11dc880_0 .net *"_ivl_151", 28 0, L_0x1171e2958730;  1 drivers
L_0x1171e295d320 .functor BUFT 1, C4<xxxxxxxxxxxxxxxxxxxxxxxxxxxxxxxxxxxxxxxxxxxxxxxxxxxxxxxxxxxxxxxx>, C4<0>, C4<0>, C4<0>;
v0x5ce4d11dc920_0 .net *"_ivl_1510", 63 0, L_0x1171e295d320;  1 drivers
v0x5ce4d11dc9c0_0 .net *"_ivl_1512", 63 0, L_0x5ce4d127b600;  1 drivers
v0x5ce4d11dca60_0 .net *"_ivl_1514", 63 0, L_0x5ce4d127bc80;  1 drivers
L_0x1171e295d368 .functor BUFT 1, C4<00000000000000000000000000000001>, C4<0>, C4<0>, C4<0>;
v0x5ce4d11dcb00_0 .net/2u *"_ivl_1518", 31 0, L_0x1171e295d368;  1 drivers
L_0x1171e2958778 .functor BUFT 1, C4<00000000000000000000000000000011>, C4<0>, C4<0>, C4<0>;
v0x5ce4d11dcba0_0 .net/2u *"_ivl_152", 31 0, L_0x1171e2958778;  1 drivers
v0x5ce4d11dcc40_0 .net *"_ivl_1520", 0 0, L_0x5ce4d127bfa0;  1 drivers
v0x5ce4d11dcce0_0 .net *"_ivl_1523", 0 0, L_0x5ce4d127c0e0;  1 drivers
L_0x1171e295d3b0 .functor BUFT 1, C4<1>, C4<0>, C4<0>, C4<0>;
v0x5ce4d11dcd80_0 .net/2u *"_ivl_1524", 0 0, L_0x1171e295d3b0;  1 drivers
L_0x1171e295d3f8 .functor BUFT 1, C4<00000000000000000000000000000001>, C4<0>, C4<0>, C4<0>;
v0x5ce4d11dce20_0 .net/2u *"_ivl_1526", 31 0, L_0x1171e295d3f8;  1 drivers
v0x5ce4d11dcec0_0 .net *"_ivl_1528", 0 0, L_0x5ce4d127c330;  1 drivers
v0x5ce4d11dcf60_0 .net *"_ivl_1531", 0 0, L_0x5ce4d127c470;  1 drivers
L_0x1171e295d440 .functor BUFT 1, C4<1>, C4<0>, C4<0>, C4<0>;
v0x5ce4d11dd000_0 .net/2u *"_ivl_1532", 0 0, L_0x1171e295d440;  1 drivers
L_0x1171e295d488 .functor BUFT 1, C4<00000000000000000000000000000001>, C4<0>, C4<0>, C4<0>;
v0x5ce4d11dd0a0_0 .net/2u *"_ivl_1534", 31 0, L_0x1171e295d488;  1 drivers
v0x5ce4d11dd140_0 .net *"_ivl_1536", 0 0, L_0x5ce4d127cb40;  1 drivers
v0x5ce4d11dd1e0_0 .net *"_ivl_1539", 0 0, L_0x5ce4d127cbe0;  1 drivers
v0x5ce4d11dd280_0 .net *"_ivl_154", 0 0, L_0x5ce4d1242380;  1 drivers
L_0x1171e295d4d0 .functor BUFT 1, C4<1>, C4<0>, C4<0>, C4<0>;
v0x5ce4d11dd320_0 .net/2u *"_ivl_1540", 0 0, L_0x1171e295d4d0;  1 drivers
L_0x1171e295d518 .functor BUFT 1, C4<0>, C4<0>, C4<0>, C4<0>;
v0x5ce4d11dd3c0_0 .net/2u *"_ivl_1542", 0 0, L_0x1171e295d518;  1 drivers
v0x5ce4d11dd460_0 .net *"_ivl_1544", 0 0, L_0x5ce4d127cca0;  1 drivers
v0x5ce4d11dd500_0 .net *"_ivl_1546", 0 0, L_0x5ce4d127ce30;  1 drivers
L_0x1171e295d560 .functor BUFT 1, C4<00000000000000000000000000000010>, C4<0>, C4<0>, C4<0>;
v0x5ce4d11dd5a0_0 .net/2u *"_ivl_1550", 31 0, L_0x1171e295d560;  1 drivers
v0x5ce4d11dd640_0 .net *"_ivl_1552", 0 0, L_0x5ce4d127d1a0;  1 drivers
v0x5ce4d11dd6e0_0 .net *"_ivl_1554", 31 0, L_0x5ce4d127d2e0;  1 drivers
L_0x1171e295d5a8 .functor BUFT 1, C4<000000000000000000000000>, C4<0>, C4<0>, C4<0>;
v0x5ce4d11dd780_0 .net *"_ivl_1557", 23 0, L_0x1171e295d5a8;  1 drivers
L_0x1171e295d5f0 .functor BUFT 1, C4<00000000000000000000000000000001>, C4<0>, C4<0>, C4<0>;
v0x5ce4d11dd820_0 .net/2u *"_ivl_1558", 31 0, L_0x1171e295d5f0;  1 drivers
v0x5ce4d11dd8c0_0 .net *"_ivl_156", 3 0, L_0x5ce4d1242610;  1 drivers
v0x5ce4d11dd960_0 .net *"_ivl_1560", 0 0, L_0x5ce4d127d3d0;  1 drivers
v0x5ce4d11dda00_0 .net *"_ivl_1563", 0 0, L_0x5ce4d127d470;  1 drivers
v0x5ce4d11ddaa0_0 .net *"_ivl_1564", 31 0, L_0x5ce4d127db00;  1 drivers
L_0x1171e295d638 .functor BUFT 1, C4<0000000000000000000000000000000>, C4<0>, C4<0>, C4<0>;
v0x5ce4d11ddb40_0 .net *"_ivl_1567", 30 0, L_0x1171e295d638;  1 drivers
L_0x1171e295d680 .functor BUFT 1, C4<00000000000000000000000000000000>, C4<0>, C4<0>, C4<0>;
v0x5ce4d11ddbe0_0 .net/2u *"_ivl_1568", 31 0, L_0x1171e295d680;  1 drivers
v0x5ce4d11ddc80_0 .net *"_ivl_1570", 0 0, L_0x5ce4d127dbf0;  1 drivers
v0x5ce4d11ddd20_0 .net *"_ivl_1576", 63 0, L_0x5ce4d127df30;  1 drivers
v0x5ce4d11dddc0_0 .net *"_ivl_1578", 60 0, L_0x5ce4d127de90;  1 drivers
L_0x1171e295d710 .functor BUFT 1, C4<000>, C4<0>, C4<0>, C4<0>;
v0x5ce4d11dde60_0 .net *"_ivl_1580", 2 0, L_0x1171e295d710;  1 drivers
L_0x1171e29587c0 .functor BUFT 1, C4<000>, C4<0>, C4<0>, C4<0>;
v0x5ce4d11ddf00_0 .net *"_ivl_159", 2 0, L_0x1171e29587c0;  1 drivers
L_0x1171e295d7e8 .functor BUFT 1, C4<00000000000000000000000000100001>, C4<0>, C4<0>, C4<0>;
v0x5ce4d11ddfa0_0 .net/2u *"_ivl_1590", 31 0, L_0x1171e295d7e8;  1 drivers
v0x5ce4d11de040_0 .net *"_ivl_1592", 0 0, L_0x5ce4d127c850;  1 drivers
v0x5ce4d11da8d0_0 .net *"_ivl_1595", 0 0, L_0x5ce4d127c940;  1 drivers
v0x5ce4d11da990_0 .net *"_ivl_1597", 0 0, L_0x5ce4d127c9e0;  1 drivers
L_0x1171e295d830 .functor BUFT 1, C4<xxxxxxxxxxxxxxxxxxxxxxxxxxxxxxxxxxxxxxxxxxxxxxxxxxxxxxxxxxxxxxxxxxxxxxxxxxxxxxxxxxxxxxxxxxxxxxxxxxxxxxxxx>, C4<0>, C4<0>, C4<0>;
v0x5ce4d11daa50_0 .net *"_ivl_1598", 104 0, L_0x1171e295d830;  1 drivers
v0x5ce4d11dab30_0 .net *"_ivl_160", 31 0, L_0x5ce4d1242700;  1 drivers
L_0x1171e295d878 .functor BUFT 1, C4<00000000000000000000000000100001>, C4<0>, C4<0>, C4<0>;
v0x5ce4d11dac10_0 .net/2u *"_ivl_1602", 31 0, L_0x1171e295d878;  1 drivers
v0x5ce4d11dacf0_0 .net *"_ivl_1604", 0 0, L_0x5ce4d127d6c0;  1 drivers
v0x5ce4d11dadb0_0 .net *"_ivl_1607", 0 0, L_0x5ce4d127d7b0;  1 drivers
v0x5ce4d11dae70_0 .net *"_ivl_1609", 0 0, L_0x5ce4d127d8e0;  1 drivers
L_0x1171e295d8c0 .functor BUFT 1, C4<00000000000000000000000000100001>, C4<0>, C4<0>, C4<0>;
v0x5ce4d11daf30_0 .net/2u *"_ivl_1610", 31 0, L_0x1171e295d8c0;  1 drivers
v0x5ce4d11db010_0 .net *"_ivl_1612", 0 0, L_0x5ce4d127d9a0;  1 drivers
v0x5ce4d11db0d0_0 .net *"_ivl_1615", 0 0, L_0x5ce4d127e0f0;  1 drivers
v0x5ce4d11db190_0 .net *"_ivl_1617", 0 0, L_0x5ce4d127da90;  1 drivers
v0x5ce4d11db250_0 .net *"_ivl_1619", 0 0, L_0x5ce4d127e820;  1 drivers
v0x5ce4d11db310_0 .net *"_ivl_1621", 0 0, L_0x5ce4d127e8c0;  1 drivers
L_0x1171e295d908 .functor BUFT 1, C4<0>, C4<0>, C4<0>, C4<0>;
v0x5ce4d11db3d0_0 .net/2u *"_ivl_1622", 0 0, L_0x1171e295d908;  1 drivers
L_0x1171e295d950 .functor BUFT 1, C4<00000000000000000000000000000000>, C4<0>, C4<0>, C4<0>;
v0x5ce4d11db4b0_0 .net/2u *"_ivl_1628", 31 0, L_0x1171e295d950;  1 drivers
L_0x1171e2958808 .functor BUFT 1, C4<00000000000000000000000000000>, C4<0>, C4<0>, C4<0>;
v0x5ce4d11db590_0 .net *"_ivl_163", 28 0, L_0x1171e2958808;  1 drivers
v0x5ce4d11db670_0 .net *"_ivl_1630", 0 0, L_0x5ce4d127ec50;  1 drivers
v0x5ce4d11db730_0 .net *"_ivl_1633", 0 0, L_0x5ce4d127ed40;  1 drivers
v0x5ce4d11db7f0_0 .net *"_ivl_1635", 0 0, L_0x5ce4d127ee30;  1 drivers
v0x5ce4d11e00f0_0 .net *"_ivl_1637", 0 0, L_0x5ce4d127ef60;  1 drivers
v0x5ce4d11e0190_0 .net *"_ivl_1638", 31 0, L_0x5ce4d127f020;  1 drivers
L_0x1171e2958850 .functor BUFT 1, C4<00000000000000000000000000000100>, C4<0>, C4<0>, C4<0>;
v0x5ce4d11e0230_0 .net/2u *"_ivl_164", 31 0, L_0x1171e2958850;  1 drivers
L_0x1171e295d998 .functor BUFT 1, C4<000000000000000000000000>, C4<0>, C4<0>, C4<0>;
v0x5ce4d11e02d0_0 .net *"_ivl_1641", 23 0, L_0x1171e295d998;  1 drivers
L_0x1171e295d9e0 .functor BUFT 1, C4<00000000000000000000000000000001>, C4<0>, C4<0>, C4<0>;
v0x5ce4d11e0370_0 .net/2u *"_ivl_1642", 31 0, L_0x1171e295d9e0;  1 drivers
v0x5ce4d11e0410_0 .net *"_ivl_1644", 0 0, L_0x5ce4d127f160;  1 drivers
v0x5ce4d11e04b0_0 .net *"_ivl_1647", 0 0, L_0x5ce4d127f2a0;  1 drivers
v0x5ce4d11e0550_0 .net *"_ivl_1649", 0 0, L_0x5ce4d127f3b0;  1 drivers
v0x5ce4d11e05f0_0 .net *"_ivl_1651", 0 0, L_0x5ce4d127e230;  1 drivers
v0x5ce4d11e0690_0 .net *"_ivl_1653", 0 0, L_0x5ce4d127e2d0;  1 drivers
L_0x1171e295da28 .functor BUFT 1, C4<01>, C4<0>, C4<0>, C4<0>;
v0x5ce4d11e0730_0 .net/2s *"_ivl_1654", 1 0, L_0x1171e295da28;  1 drivers
L_0x1171e295da70 .functor BUFT 1, C4<00>, C4<0>, C4<0>, C4<0>;
v0x5ce4d11e07d0_0 .net/2s *"_ivl_1656", 1 0, L_0x1171e295da70;  1 drivers
v0x5ce4d11e0870_0 .net *"_ivl_1658", 1 0, L_0x5ce4d127e3e0;  1 drivers
v0x5ce4d11e0910_0 .net *"_ivl_166", 0 0, L_0x5ce4d1242950;  1 drivers
L_0x1171e295dab8 .functor BUFT 1, C4<00000000000000000000000000000001>, C4<0>, C4<0>, C4<0>;
v0x5ce4d11e09b0_0 .net/2u *"_ivl_1662", 31 0, L_0x1171e295dab8;  1 drivers
v0x5ce4d11e0a50_0 .net *"_ivl_1664", 0 0, L_0x5ce4d127e6b0;  1 drivers
v0x5ce4d11e0af0_0 .net *"_ivl_1667", 0 0, L_0x5ce4d127fad0;  1 drivers
v0x5ce4d11e0b90_0 .net *"_ivl_1669", 0 0, L_0x5ce4d127fb70;  1 drivers
v0x5ce4d11e0c30_0 .net *"_ivl_1671", 0 0, L_0x5ce4d127fc60;  1 drivers
v0x5ce4d11e0cd0_0 .net *"_ivl_1672", 31 0, L_0x5ce4d1280390;  1 drivers
L_0x1171e295db00 .functor BUFT 1, C4<0000000000000000000000000000000>, C4<0>, C4<0>, C4<0>;
v0x5ce4d11e0d70_0 .net *"_ivl_1675", 30 0, L_0x1171e295db00;  1 drivers
L_0x1171e295db48 .functor BUFT 1, C4<00000000000000000000000000000000>, C4<0>, C4<0>, C4<0>;
v0x5ce4d11e0e10_0 .net/2u *"_ivl_1676", 31 0, L_0x1171e295db48;  1 drivers
v0x5ce4d11e0eb0_0 .net *"_ivl_1678", 0 0, L_0x5ce4d1280480;  1 drivers
v0x5ce4d11e0f50_0 .net *"_ivl_168", 3 0, L_0x5ce4d1242a90;  1 drivers
v0x5ce4d11e0ff0_0 .net *"_ivl_1681", 0 0, L_0x5ce4d127f4c0;  1 drivers
v0x5ce4d11e1090_0 .net *"_ivl_1683", 0 0, L_0x5ce4d127f5d0;  1 drivers
v0x5ce4d11e1130_0 .net *"_ivl_1685", 0 0, L_0x5ce4d127f6e0;  1 drivers
L_0x1171e295db90 .functor BUFT 1, C4<00000000000000000000000000000001>, C4<0>, C4<0>, C4<0>;
v0x5ce4d11e11d0_0 .net/2u *"_ivl_1686", 31 0, L_0x1171e295db90;  1 drivers
v0x5ce4d11e1270_0 .net *"_ivl_1688", 0 0, L_0x5ce4d127f7f0;  1 drivers
v0x5ce4d11e1310_0 .net *"_ivl_1691", 0 0, L_0x5ce4d127f8e0;  1 drivers
L_0x1171e295dbd8 .functor BUFT 1, C4<00000000000000000000000000000001>, C4<0>, C4<0>, C4<0>;
v0x5ce4d11e13b0_0 .net/2u *"_ivl_1692", 31 0, L_0x1171e295dbd8;  1 drivers
v0x5ce4d11e1450_0 .net *"_ivl_1694", 0 0, L_0x5ce4d127f9a0;  1 drivers
v0x5ce4d11e14f0_0 .net *"_ivl_1697", 0 0, L_0x5ce4d127fdc0;  1 drivers
v0x5ce4d11e1590_0 .net *"_ivl_1699", 0 0, L_0x5ce4d127feb0;  1 drivers
v0x5ce4d11e1630_0 .net *"_ivl_17", 0 0, L_0x5ce4d123e3a0;  1 drivers
v0x5ce4d11e16d0_0 .net *"_ivl_1701", 0 0, L_0x5ce4d127ff50;  1 drivers
v0x5ce4d11e1770_0 .net *"_ivl_1702", 31 0, L_0x5ce4d1280010;  1 drivers
L_0x1171e295dc20 .functor BUFT 1, C4<0000000000000000000000000000000>, C4<0>, C4<0>, C4<0>;
v0x5ce4d11e1810_0 .net *"_ivl_1705", 30 0, L_0x1171e295dc20;  1 drivers
L_0x1171e295dc68 .functor BUFT 1, C4<00000000000000000000000000000000>, C4<0>, C4<0>, C4<0>;
v0x5ce4d11e18b0_0 .net/2u *"_ivl_1706", 31 0, L_0x1171e295dc68;  1 drivers
v0x5ce4d11e1950_0 .net *"_ivl_1708", 0 0, L_0x5ce4d1280150;  1 drivers
L_0x1171e2958898 .functor BUFT 1, C4<000>, C4<0>, C4<0>, C4<0>;
v0x5ce4d11e19f0_0 .net *"_ivl_171", 2 0, L_0x1171e2958898;  1 drivers
v0x5ce4d11e1a90_0 .net *"_ivl_1711", 0 0, L_0x5ce4d1280290;  1 drivers
v0x5ce4d11e1b30_0 .net *"_ivl_1713", 0 0, L_0x5ce4d1281260;  1 drivers
v0x5ce4d11e1bd0_0 .net *"_ivl_1715", 0 0, L_0x5ce4d1281370;  1 drivers
L_0x1171e295dcb0 .functor BUFT 1, C4<00000000000000000000000000000001>, C4<0>, C4<0>, C4<0>;
v0x5ce4d11e1c70_0 .net/2u *"_ivl_1716", 31 0, L_0x1171e295dcb0;  1 drivers
v0x5ce4d11e1d10_0 .net *"_ivl_1718", 0 0, L_0x5ce4d1281480;  1 drivers
v0x5ce4d11e1db0_0 .net *"_ivl_172", 31 0, L_0x5ce4d1242cf0;  1 drivers
v0x5ce4d11e1e50_0 .net *"_ivl_1721", 0 0, L_0x5ce4d1281570;  1 drivers
L_0x1171e295dcf8 .functor BUFT 1, C4<00000000000000000000000000000001>, C4<0>, C4<0>, C4<0>;
v0x5ce4d11e1ef0_0 .net/2u *"_ivl_1722", 31 0, L_0x1171e295dcf8;  1 drivers
v0x5ce4d11e1f90_0 .net *"_ivl_1724", 0 0, L_0x5ce4d1281630;  1 drivers
v0x5ce4d11e2030_0 .net *"_ivl_1727", 0 0, L_0x5ce4d1281770;  1 drivers
v0x5ce4d11e20d0_0 .net *"_ivl_1729", 0 0, L_0x5ce4d1281860;  1 drivers
v0x5ce4d11e2170_0 .net *"_ivl_1731", 0 0, L_0x5ce4d1281990;  1 drivers
v0x5ce4d11e2210_0 .net *"_ivl_1732", 31 0, L_0x5ce4d1280580;  1 drivers
L_0x1171e295dd40 .functor BUFT 1, C4<0000000000000000000000000000000>, C4<0>, C4<0>, C4<0>;
v0x5ce4d11e22b0_0 .net *"_ivl_1735", 30 0, L_0x1171e295dd40;  1 drivers
L_0x1171e295dd88 .functor BUFT 1, C4<00000000000000000000000000000000>, C4<0>, C4<0>, C4<0>;
v0x5ce4d11e2350_0 .net/2u *"_ivl_1736", 31 0, L_0x1171e295dd88;  1 drivers
v0x5ce4d11e23f0_0 .net *"_ivl_1738", 0 0, L_0x5ce4d12806c0;  1 drivers
v0x5ce4d11e2490_0 .net *"_ivl_1741", 0 0, L_0x5ce4d1280800;  1 drivers
v0x5ce4d11e2530_0 .net *"_ivl_1743", 0 0, L_0x5ce4d1280910;  1 drivers
v0x5ce4d11e25d0_0 .net *"_ivl_1745", 0 0, L_0x5ce4d0c97710;  1 drivers
L_0x1171e295ddd0 .functor BUFT 1, C4<00000000000000000000000000000001>, C4<0>, C4<0>, C4<0>;
v0x5ce4d11e2670_0 .net/2u *"_ivl_1746", 31 0, L_0x1171e295ddd0;  1 drivers
v0x5ce4d11e2710_0 .net *"_ivl_1748", 0 0, L_0x5ce4d1280a70;  1 drivers
L_0x1171e29588e0 .functor BUFT 1, C4<00000000000000000000000000000>, C4<0>, C4<0>, C4<0>;
v0x5ce4d11e27b0_0 .net *"_ivl_175", 28 0, L_0x1171e29588e0;  1 drivers
v0x5ce4d11e2850_0 .net *"_ivl_1751", 0 0, L_0x5ce4d1280c10;  1 drivers
v0x5ce4d11e28f0_0 .net *"_ivl_1753", 0 0, L_0x5ce4d1280d00;  1 drivers
v0x5ce4d11e2990_0 .net *"_ivl_1755", 0 0, L_0x5ce4d1280da0;  1 drivers
L_0x1171e295de18 .functor BUFT 1, C4<000000000000000000000000000000000>, C4<0>, C4<0>, C4<0>;
v0x5ce4d11e2a30_0 .net/2u *"_ivl_1756", 32 0, L_0x1171e295de18;  1 drivers
v0x5ce4d11e2ad0_0 .net *"_ivl_1758", 0 0, L_0x5ce4d1280e60;  1 drivers
L_0x1171e2958928 .functor BUFT 1, C4<00000000000000000000000000000101>, C4<0>, C4<0>, C4<0>;
v0x5ce4d11e2b70_0 .net/2u *"_ivl_176", 31 0, L_0x1171e2958928;  1 drivers
v0x5ce4d11e2c10_0 .net *"_ivl_1761", 0 0, L_0x5ce4d1280f50;  1 drivers
v0x5ce4d11e2cb0_0 .net *"_ivl_1763", 0 0, L_0x5ce4d1281060;  1 drivers
v0x5ce4d11e2d50_0 .net *"_ivl_1765", 0 0, L_0x5ce4d1281170;  1 drivers
L_0x1171e295de60 .functor BUFT 1, C4<00000000000000000000000000000001>, C4<0>, C4<0>, C4<0>;
v0x5ce4d11e2df0_0 .net/2u *"_ivl_1766", 31 0, L_0x1171e295de60;  1 drivers
v0x5ce4d11e2e90_0 .net *"_ivl_1768", 0 0, L_0x5ce4d12820f0;  1 drivers
v0x5ce4d11e2f30_0 .net *"_ivl_1771", 0 0, L_0x5ce4d12821e0;  1 drivers
L_0x1171e295dea8 .functor BUFT 1, C4<xxxxxxxxx>, C4<0>, C4<0>, C4<0>;
v0x5ce4d11e2fd0_0 .net *"_ivl_1772", 8 0, L_0x1171e295dea8;  1 drivers
v0x5ce4d11e3070_0 .net *"_ivl_1774", 8 0, L_0x5ce4d12829e0;  1 drivers
v0x5ce4d11e3110_0 .net *"_ivl_1776", 8 0, L_0x5ce4d1282ad0;  1 drivers
v0x5ce4d11e31b0_0 .net *"_ivl_1778", 8 0, L_0x5ce4d1281a50;  1 drivers
v0x5ce4d11e3250_0 .net *"_ivl_178", 0 0, L_0x5ce4d1242de0;  1 drivers
v0x5ce4d11e32f0_0 .net *"_ivl_1780", 8 0, L_0x5ce4d1281b90;  1 drivers
v0x5ce4d11e3390_0 .net *"_ivl_1782", 8 0, L_0x5ce4d1281cd0;  1 drivers
v0x5ce4d11e3430_0 .net *"_ivl_1784", 8 0, L_0x5ce4d1281e10;  1 drivers
L_0x1171e295def0 .functor BUFT 1, C4<00000000000000000000000000000001>, C4<0>, C4<0>, C4<0>;
v0x5ce4d11e34d0_0 .net/2u *"_ivl_1788", 31 0, L_0x1171e295def0;  1 drivers
v0x5ce4d11e3570_0 .net *"_ivl_1790", 0 0, L_0x5ce4d12839c0;  1 drivers
v0x5ce4d11e3610_0 .net *"_ivl_1793", 0 0, L_0x5ce4d1282bc0;  1 drivers
v0x5ce4d11e36b0_0 .net *"_ivl_1795", 0 0, L_0x5ce4d1282cb0;  1 drivers
v0x5ce4d11e3750_0 .net *"_ivl_1797", 0 0, L_0x5ce4d1282d50;  1 drivers
v0x5ce4d11e37f0_0 .net *"_ivl_1798", 31 0, L_0x5ce4d1282e10;  1 drivers
v0x5ce4d11e3890_0 .net *"_ivl_180", 3 0, L_0x5ce4d12430a0;  1 drivers
L_0x1171e295df38 .functor BUFT 1, C4<0000000000000000000000000000000>, C4<0>, C4<0>, C4<0>;
v0x5ce4d11e3930_0 .net *"_ivl_1801", 30 0, L_0x1171e295df38;  1 drivers
L_0x1171e295df80 .functor BUFT 1, C4<00000000000000000000000000000000>, C4<0>, C4<0>, C4<0>;
v0x5ce4d11e39d0_0 .net/2u *"_ivl_1802", 31 0, L_0x1171e295df80;  1 drivers
v0x5ce4d11e3a70_0 .net *"_ivl_1804", 0 0, L_0x5ce4d1282f50;  1 drivers
v0x5ce4d11e3b10_0 .net *"_ivl_1807", 0 0, L_0x5ce4d1283090;  1 drivers
v0x5ce4d11e3bb0_0 .net *"_ivl_1809", 0 0, L_0x5ce4d1283860;  1 drivers
v0x5ce4d11e3c50_0 .net *"_ivl_1811", 0 0, L_0x5ce4d1282330;  1 drivers
L_0x1171e295dfc8 .functor BUFT 1, C4<1>, C4<0>, C4<0>, C4<0>;
v0x5ce4d11e3cf0_0 .net/2u *"_ivl_1812", 0 0, L_0x1171e295dfc8;  1 drivers
L_0x1171e295e010 .functor BUFT 1, C4<00000000000000000000000000000001>, C4<0>, C4<0>, C4<0>;
v0x5ce4d11e3d90_0 .net/2u *"_ivl_1814", 31 0, L_0x1171e295e010;  1 drivers
v0x5ce4d11e3e30_0 .net *"_ivl_1816", 0 0, L_0x5ce4d1282440;  1 drivers
v0x5ce4d11e3ed0_0 .net *"_ivl_1819", 0 0, L_0x5ce4d1282570;  1 drivers
L_0x1171e295e058 .functor BUFT 1, C4<1>, C4<0>, C4<0>, C4<0>;
v0x5ce4d11e3f70_0 .net/2u *"_ivl_1820", 0 0, L_0x1171e295e058;  1 drivers
L_0x1171e295e0a0 .functor BUFT 1, C4<00000000000000000000000000000001>, C4<0>, C4<0>, C4<0>;
v0x5ce4d11e4010_0 .net/2u *"_ivl_1822", 31 0, L_0x1171e295e0a0;  1 drivers
v0x5ce4d11e40b0_0 .net *"_ivl_1824", 0 0, L_0x5ce4d12826c0;  1 drivers
v0x5ce4d11e4150_0 .net *"_ivl_1827", 0 0, L_0x5ce4d1282760;  1 drivers
v0x5ce4d11e41f0_0 .net *"_ivl_1829", 0 0, L_0x5ce4d1282800;  1 drivers
L_0x1171e2958970 .functor BUFT 1, C4<000>, C4<0>, C4<0>, C4<0>;
v0x5ce4d11e4290_0 .net *"_ivl_183", 2 0, L_0x1171e2958970;  1 drivers
v0x5ce4d11e4330_0 .net *"_ivl_1831", 0 0, L_0x5ce4d1282930;  1 drivers
v0x5ce4d11e43d0_0 .net *"_ivl_1832", 31 0, L_0x5ce4d1283230;  1 drivers
L_0x1171e295e0e8 .functor BUFT 1, C4<0000000000000000000000000000000>, C4<0>, C4<0>, C4<0>;
v0x5ce4d11e4470_0 .net *"_ivl_1835", 30 0, L_0x1171e295e0e8;  1 drivers
L_0x1171e295e130 .functor BUFT 1, C4<00000000000000000000000000000000>, C4<0>, C4<0>, C4<0>;
v0x5ce4d11e4510_0 .net/2u *"_ivl_1836", 31 0, L_0x1171e295e130;  1 drivers
v0x5ce4d11e45b0_0 .net *"_ivl_1838", 0 0, L_0x5ce4d12832d0;  1 drivers
v0x5ce4d11e4650_0 .net *"_ivl_184", 31 0, L_0x5ce4d1243190;  1 drivers
v0x5ce4d11e46f0_0 .net *"_ivl_1841", 0 0, L_0x5ce4d1283410;  1 drivers
v0x5ce4d11e4790_0 .net *"_ivl_1843", 0 0, L_0x5ce4d1283520;  1 drivers
v0x5ce4d11e4830_0 .net *"_ivl_1845", 0 0, L_0x5ce4d1283630;  1 drivers
L_0x1171e295e178 .functor BUFT 1, C4<1>, C4<0>, C4<0>, C4<0>;
v0x5ce4d11e48d0_0 .net/2u *"_ivl_1846", 0 0, L_0x1171e295e178;  1 drivers
L_0x1171e295e1c0 .functor BUFT 1, C4<00000000000000000000000000000001>, C4<0>, C4<0>, C4<0>;
v0x5ce4d11e4970_0 .net/2u *"_ivl_1848", 31 0, L_0x1171e295e1c0;  1 drivers
v0x5ce4d11e4a10_0 .net *"_ivl_1850", 0 0, L_0x5ce4d1283740;  1 drivers
v0x5ce4d11e4ab0_0 .net *"_ivl_1853", 0 0, L_0x5ce4d1284280;  1 drivers
L_0x1171e295e208 .functor BUFT 1, C4<1>, C4<0>, C4<0>, C4<0>;
v0x5ce4d11e4b50_0 .net/2u *"_ivl_1854", 0 0, L_0x1171e295e208;  1 drivers
L_0x1171e295e250 .functor BUFT 1, C4<00000000000000000000000000000001>, C4<0>, C4<0>, C4<0>;
v0x5ce4d11e4bf0_0 .net/2u *"_ivl_1856", 31 0, L_0x1171e295e250;  1 drivers
v0x5ce4d11e4c90_0 .net *"_ivl_1858", 0 0, L_0x5ce4d1284ad0;  1 drivers
v0x5ce4d11e4d30_0 .net *"_ivl_1861", 0 0, L_0x5ce4d1284b70;  1 drivers
v0x5ce4d11e4dd0_0 .net *"_ivl_1863", 0 0, L_0x5ce4d1284c10;  1 drivers
v0x5ce4d11e4e70_0 .net *"_ivl_1865", 0 0, L_0x5ce4d1284cb0;  1 drivers
v0x5ce4d11e4f10_0 .net *"_ivl_1866", 31 0, L_0x5ce4d1284db0;  1 drivers
L_0x1171e295e298 .functor BUFT 1, C4<0000000000000000000000000000000>, C4<0>, C4<0>, C4<0>;
v0x5ce4d11e4fb0_0 .net *"_ivl_1869", 30 0, L_0x1171e295e298;  1 drivers
L_0x1171e29589b8 .functor BUFT 1, C4<00000000000000000000000000000>, C4<0>, C4<0>, C4<0>;
v0x5ce4d11e5050_0 .net *"_ivl_187", 28 0, L_0x1171e29589b8;  1 drivers
L_0x1171e295e2e0 .functor BUFT 1, C4<00000000000000000000000000000000>, C4<0>, C4<0>, C4<0>;
v0x5ce4d11e50f0_0 .net/2u *"_ivl_1870", 31 0, L_0x1171e295e2e0;  1 drivers
v0x5ce4d11e5190_0 .net *"_ivl_1872", 0 0, L_0x5ce4d1284e50;  1 drivers
v0x5ce4d11e5230_0 .net *"_ivl_1875", 0 0, L_0x5ce4d12837e0;  1 drivers
v0x5ce4d11e52d0_0 .net *"_ivl_1877", 0 0, L_0x5ce4d1283b00;  1 drivers
v0x5ce4d11e5370_0 .net *"_ivl_1879", 0 0, L_0x5ce4d1283c10;  1 drivers
L_0x1171e2958a00 .functor BUFT 1, C4<00000000000000000000000000000110>, C4<0>, C4<0>, C4<0>;
v0x5ce4d11e5410_0 .net/2u *"_ivl_188", 31 0, L_0x1171e2958a00;  1 drivers
L_0x1171e295e328 .functor BUFT 1, C4<1>, C4<0>, C4<0>, C4<0>;
v0x5ce4d11e54b0_0 .net/2u *"_ivl_1880", 0 0, L_0x1171e295e328;  1 drivers
L_0x1171e295e370 .functor BUFT 1, C4<00000000000000000000000000000001>, C4<0>, C4<0>, C4<0>;
v0x5ce4d11e5550_0 .net/2u *"_ivl_1882", 31 0, L_0x1171e295e370;  1 drivers
v0x5ce4d11e55f0_0 .net *"_ivl_1884", 0 0, L_0x5ce4d1283d20;  1 drivers
v0x5ce4d11e5690_0 .net *"_ivl_1887", 0 0, L_0x5ce4d1283e10;  1 drivers
v0x5ce4d11e5730_0 .net *"_ivl_1889", 0 0, L_0x5ce4d1283eb0;  1 drivers
v0x5ce4d11e57d0_0 .net *"_ivl_1891", 0 0, L_0x5ce4d1283fe0;  1 drivers
L_0x1171e295e3b8 .functor BUFT 1, C4<000000000000000000000000000000000>, C4<0>, C4<0>, C4<0>;
v0x5ce4d11e5870_0 .net/2u *"_ivl_1892", 32 0, L_0x1171e295e3b8;  1 drivers
v0x5ce4d11e5910_0 .net *"_ivl_1894", 0 0, L_0x5ce4d12840e0;  1 drivers
v0x5ce4d11e59b0_0 .net *"_ivl_1897", 0 0, L_0x5ce4d1284180;  1 drivers
v0x5ce4d11e5a50_0 .net *"_ivl_1899", 0 0, L_0x5ce4d12844b0;  1 drivers
v0x5ce4d11e5af0_0 .net *"_ivl_19", 0 0, L_0x5ce4d123e4b0;  1 drivers
v0x5ce4d11e5b90_0 .net *"_ivl_190", 0 0, L_0x5ce4d1243410;  1 drivers
v0x5ce4d11e5c30_0 .net *"_ivl_1901", 0 0, L_0x5ce4d12845c0;  1 drivers
L_0x1171e295e400 .functor BUFT 1, C4<1>, C4<0>, C4<0>, C4<0>;
v0x5ce4d11e5cd0_0 .net/2u *"_ivl_1902", 0 0, L_0x1171e295e400;  1 drivers
L_0x1171e295e448 .functor BUFT 1, C4<00000000000000000000000000000001>, C4<0>, C4<0>, C4<0>;
v0x5ce4d11e5d70_0 .net/2u *"_ivl_1904", 31 0, L_0x1171e295e448;  1 drivers
v0x5ce4d11e5e10_0 .net *"_ivl_1906", 0 0, L_0x5ce4d12846d0;  1 drivers
v0x5ce4d11e5eb0_0 .net *"_ivl_1909", 0 0, L_0x5ce4d1284800;  1 drivers
L_0x1171e295e490 .functor BUFT 1, C4<1>, C4<0>, C4<0>, C4<0>;
v0x5ce4d11e5f50_0 .net/2u *"_ivl_1910", 0 0, L_0x1171e295e490;  1 drivers
L_0x1171e295e4d8 .functor BUFT 1, C4<0>, C4<0>, C4<0>, C4<0>;
v0x5ce4d11e5ff0_0 .net/2u *"_ivl_1912", 0 0, L_0x1171e295e4d8;  1 drivers
v0x5ce4d11e6090_0 .net *"_ivl_1914", 0 0, L_0x5ce4d12848c0;  1 drivers
v0x5ce4d11e6130_0 .net *"_ivl_1916", 0 0, L_0x5ce4d12856d0;  1 drivers
v0x5ce4d11e61d0_0 .net *"_ivl_1918", 0 0, L_0x5ce4d1285860;  1 drivers
v0x5ce4d11e6270_0 .net *"_ivl_192", 3 0, L_0x5ce4d1243550;  1 drivers
v0x5ce4d11e6310_0 .net *"_ivl_1920", 0 0, L_0x5ce4d12859f0;  1 drivers
v0x5ce4d11e63b0_0 .net *"_ivl_1922", 0 0, L_0x5ce4d1285b80;  1 drivers
v0x5ce4d11e6450_0 .net *"_ivl_1924", 0 0, L_0x5ce4d1285d10;  1 drivers
L_0x1171e295e520 .functor BUFT 1, C4<00000000000000000000000000000001>, C4<0>, C4<0>, C4<0>;
v0x5ce4d11e64f0_0 .net/2u *"_ivl_1928", 31 0, L_0x1171e295e520;  1 drivers
v0x5ce4d11e6590_0 .net *"_ivl_1930", 0 0, L_0x5ce4d1286080;  1 drivers
v0x5ce4d11e6630_0 .net *"_ivl_1933", 0 0, L_0x5ce4d1286170;  1 drivers
v0x5ce4d11e66d0_0 .net *"_ivl_1935", 0 0, L_0x5ce4d1286210;  1 drivers
v0x5ce4d11e6770_0 .net *"_ivl_1937", 0 0, L_0x5ce4d1286340;  1 drivers
v0x5ce4d11e6810_0 .net *"_ivl_1938", 31 0, L_0x5ce4d1284f90;  1 drivers
L_0x1171e295e568 .functor BUFT 1, C4<0000000000000000000000000000000>, C4<0>, C4<0>, C4<0>;
v0x5ce4d11e68b0_0 .net *"_ivl_1941", 30 0, L_0x1171e295e568;  1 drivers
L_0x1171e295e5b0 .functor BUFT 1, C4<00000000000000000000000000000000>, C4<0>, C4<0>, C4<0>;
v0x5ce4d11e6950_0 .net/2u *"_ivl_1942", 31 0, L_0x1171e295e5b0;  1 drivers
v0x5ce4d11e69f0_0 .net *"_ivl_1944", 0 0, L_0x5ce4d1285030;  1 drivers
v0x5ce4d11e6a90_0 .net *"_ivl_1947", 0 0, L_0x5ce4d1285170;  1 drivers
v0x5ce4d11e6b30_0 .net *"_ivl_1949", 0 0, L_0x5ce4d1285280;  1 drivers
L_0x1171e2958a48 .functor BUFT 1, C4<000>, C4<0>, C4<0>, C4<0>;
v0x5ce4d11e6bd0_0 .net *"_ivl_195", 2 0, L_0x1171e2958a48;  1 drivers
L_0x1171e2958a90 .functor BUFT 1, C4<xxxx>, C4<0>, C4<0>, C4<0>;
v0x5ce4d11e6c70_0 .net *"_ivl_196", 3 0, L_0x1171e2958a90;  1 drivers
v0x5ce4d11e6d10_0 .net *"_ivl_198", 3 0, L_0x5ce4d12437e0;  1 drivers
v0x5ce4d11e6db0_0 .net *"_ivl_200", 3 0, L_0x5ce4d1243970;  1 drivers
v0x5ce4d11e6e50_0 .net *"_ivl_202", 3 0, L_0x5ce4d1243cb0;  1 drivers
v0x5ce4d11e6ef0_0 .net *"_ivl_204", 3 0, L_0x5ce4d1243e40;  1 drivers
v0x5ce4d11e6f90_0 .net *"_ivl_206", 3 0, L_0x5ce4d1244190;  1 drivers
v0x5ce4d11e7030_0 .net *"_ivl_208", 3 0, L_0x5ce4d1244320;  1 drivers
v0x5ce4d11e70d0_0 .net *"_ivl_210", 3 0, L_0x5ce4d1244680;  1 drivers
v0x5ce4d11e7170_0 .net *"_ivl_214", 31 0, L_0x5ce4d1244ae0;  1 drivers
L_0x1171e2958ad8 .functor BUFT 1, C4<00000000000000000000000000000>, C4<0>, C4<0>, C4<0>;
v0x5ce4d11e7210_0 .net *"_ivl_217", 28 0, L_0x1171e2958ad8;  1 drivers
L_0x1171e2958b20 .functor BUFT 1, C4<00000000000000000000000000000000>, C4<0>, C4<0>, C4<0>;
v0x5ce4d11e72b0_0 .net/2u *"_ivl_218", 31 0, L_0x1171e2958b20;  1 drivers
L_0x1171e2958028 .functor BUFT 1, C4<00000000000000000000000000000000>, C4<0>, C4<0>, C4<0>;
v0x5ce4d11e7350_0 .net/2u *"_ivl_22", 31 0, L_0x1171e2958028;  1 drivers
v0x5ce4d11e73f0_0 .net *"_ivl_220", 0 0, L_0x5ce4d1244bd0;  1 drivers
v0x5ce4d11e7490_0 .net *"_ivl_222", 31 0, L_0x5ce4d1244f00;  1 drivers
L_0x1171e2958b68 .functor BUFT 1, C4<00000000000000000000000000000>, C4<0>, C4<0>, C4<0>;
v0x5ce4d11e7530_0 .net *"_ivl_225", 28 0, L_0x1171e2958b68;  1 drivers
L_0x1171e2958bb0 .functor BUFT 1, C4<00000000000000000000000000000001>, C4<0>, C4<0>, C4<0>;
v0x5ce4d11e75d0_0 .net/2u *"_ivl_226", 31 0, L_0x1171e2958bb0;  1 drivers
v0x5ce4d11e7670_0 .net *"_ivl_228", 0 0, L_0x5ce4d1244ff0;  1 drivers
v0x5ce4d11e7710_0 .net *"_ivl_230", 31 0, L_0x5ce4d1245330;  1 drivers
L_0x1171e2958bf8 .functor BUFT 1, C4<00000000000000000000000000000>, C4<0>, C4<0>, C4<0>;
v0x5ce4d11e77b0_0 .net *"_ivl_233", 28 0, L_0x1171e2958bf8;  1 drivers
L_0x1171e2958c40 .functor BUFT 1, C4<00000000000000000000000000000010>, C4<0>, C4<0>, C4<0>;
v0x5ce4d11e7850_0 .net/2u *"_ivl_234", 31 0, L_0x1171e2958c40;  1 drivers
v0x5ce4d11e78f0_0 .net *"_ivl_236", 0 0, L_0x5ce4d1245420;  1 drivers
v0x5ce4d11e7990_0 .net *"_ivl_238", 31 0, L_0x5ce4d1245770;  1 drivers
v0x5ce4d11e7a30_0 .net *"_ivl_24", 0 0, L_0x5ce4d123e680;  1 drivers
L_0x1171e2958c88 .functor BUFT 1, C4<00000000000000000000000000000>, C4<0>, C4<0>, C4<0>;
v0x5ce4d11e7ad0_0 .net *"_ivl_241", 28 0, L_0x1171e2958c88;  1 drivers
L_0x1171e2958cd0 .functor BUFT 1, C4<00000000000000000000000000000011>, C4<0>, C4<0>, C4<0>;
v0x5ce4d11e7b70_0 .net/2u *"_ivl_242", 31 0, L_0x1171e2958cd0;  1 drivers
v0x5ce4d11e7c10_0 .net *"_ivl_244", 0 0, L_0x5ce4d1245860;  1 drivers
v0x5ce4d11e7cb0_0 .net *"_ivl_246", 31 0, L_0x5ce4d1245bc0;  1 drivers
L_0x1171e2958d18 .functor BUFT 1, C4<00000000000000000000000000000>, C4<0>, C4<0>, C4<0>;
v0x5ce4d11e7d50_0 .net *"_ivl_249", 28 0, L_0x1171e2958d18;  1 drivers
L_0x1171e2958d60 .functor BUFT 1, C4<00000000000000000000000000000100>, C4<0>, C4<0>, C4<0>;
v0x5ce4d11e7df0_0 .net/2u *"_ivl_250", 31 0, L_0x1171e2958d60;  1 drivers
v0x5ce4d11e7e90_0 .net *"_ivl_252", 0 0, L_0x5ce4d1245cb0;  1 drivers
v0x5ce4d11e7f30_0 .net *"_ivl_254", 31 0, L_0x5ce4d1246020;  1 drivers
L_0x1171e2958da8 .functor BUFT 1, C4<00000000000000000000000000000>, C4<0>, C4<0>, C4<0>;
v0x5ce4d11e7fd0_0 .net *"_ivl_257", 28 0, L_0x1171e2958da8;  1 drivers
L_0x1171e2958df0 .functor BUFT 1, C4<00000000000000000000000000000101>, C4<0>, C4<0>, C4<0>;
v0x5ce4d11e8070_0 .net/2u *"_ivl_258", 31 0, L_0x1171e2958df0;  1 drivers
v0x5ce4d11e8110_0 .net *"_ivl_260", 0 0, L_0x5ce4d1246110;  1 drivers
v0x5ce4d11e81b0_0 .net *"_ivl_262", 31 0, L_0x5ce4d1246490;  1 drivers
L_0x1171e2958e38 .functor BUFT 1, C4<00000000000000000000000000000>, C4<0>, C4<0>, C4<0>;
v0x5ce4d11e8250_0 .net *"_ivl_265", 28 0, L_0x1171e2958e38;  1 drivers
L_0x1171e2958e80 .functor BUFT 1, C4<00000000000000000000000000000110>, C4<0>, C4<0>, C4<0>;
v0x5ce4d11e82f0_0 .net/2u *"_ivl_266", 31 0, L_0x1171e2958e80;  1 drivers
v0x5ce4d11e8390_0 .net *"_ivl_268", 0 0, L_0x5ce4d1246580;  1 drivers
v0x5ce4d11e8430_0 .net *"_ivl_27", 0 0, L_0x5ce4d123e7c0;  1 drivers
L_0x1171e2958ec8 .functor BUFT 1, C4<xxxxxxxxxxxxxxxxxxxxxxxxxxxxxxxxxxxxxxxxxxxxxxxxxxxxxxxxxxxxxxxx>, C4<0>, C4<0>, C4<0>;
v0x5ce4d11e84d0_0 .net *"_ivl_270", 63 0, L_0x1171e2958ec8;  1 drivers
v0x5ce4d11e8570_0 .net *"_ivl_272", 63 0, L_0x5ce4d1246910;  1 drivers
v0x5ce4d11e8610_0 .net *"_ivl_274", 63 0, L_0x5ce4d1246a50;  1 drivers
v0x5ce4d11e86b0_0 .net *"_ivl_276", 63 0, L_0x5ce4d1246df0;  1 drivers
v0x5ce4d11e8750_0 .net *"_ivl_278", 63 0, L_0x5ce4d1246f30;  1 drivers
v0x5ce4d11e87f0_0 .net *"_ivl_280", 63 0, L_0x5ce4d12472e0;  1 drivers
v0x5ce4d11e8890_0 .net *"_ivl_282", 63 0, L_0x5ce4d1247420;  1 drivers
L_0x1171e2958f10 .functor BUFT 1, C4<00000000000000000000000000000011>, C4<0>, C4<0>, C4<0>;
v0x5ce4d11e8930_0 .net/2u *"_ivl_286", 31 0, L_0x1171e2958f10;  1 drivers
v0x5ce4d11e89d0_0 .net *"_ivl_29", 0 0, L_0x5ce4d123e8b0;  1 drivers
v0x5ce4d11e8a70_0 .net *"_ivl_31", 0 0, L_0x5ce4d123e9a0;  1 drivers
v0x5ce4d11e8b10_0 .net *"_ivl_33", 0 0, L_0x5ce4d123eab0;  1 drivers
v0x5ce4d11e8bb0_0 .net *"_ivl_35", 0 0, L_0x5ce4d123eb70;  1 drivers
v0x5ce4d11e8c50_0 .net *"_ivl_37", 0 0, L_0x5ce4d123ecb0;  1 drivers
v0x5ce4d11e8cf0_0 .net *"_ivl_382", 31 0, L_0x5ce4d124a340;  1 drivers
L_0x1171e2959390 .functor BUFT 1, C4<00000000000000000000000000000>, C4<0>, C4<0>, C4<0>;
v0x5ce4d11e8d90_0 .net *"_ivl_385", 28 0, L_0x1171e2959390;  1 drivers
L_0x1171e29593d8 .functor BUFT 1, C4<00000000000000000000000000000000>, C4<0>, C4<0>, C4<0>;
v0x5ce4d11e8e30_0 .net/2u *"_ivl_386", 31 0, L_0x1171e29593d8;  1 drivers
v0x5ce4d11e8ed0_0 .net *"_ivl_388", 0 0, L_0x5ce4d124a980;  1 drivers
L_0x1171e2957fe0 .functor BUFT 1, C4<00000000000000000000000000000000>, C4<0>, C4<0>, C4<0>;
v0x5ce4d11e8f70_0 .net/2u *"_ivl_4", 31 0, L_0x1171e2957fe0;  1 drivers
v0x5ce4d11e9010_0 .net *"_ivl_40", 31 0, L_0x5ce4d123ef20;  1 drivers
v0x5ce4d11e90b0_0 .net *"_ivl_413", 0 0, L_0x5ce4d124d8e0;  1 drivers
v0x5ce4d11e9150_0 .net *"_ivl_415", 0 0, L_0x5ce4d124d980;  1 drivers
v0x5ce4d11e91f0_0 .net *"_ivl_419", 0 0, L_0x5ce4d124de60;  1 drivers
L_0x1171e2958070 .functor BUFT 1, C4<00000000000000000000000000000>, C4<0>, C4<0>, C4<0>;
v0x5ce4d11e9290_0 .net *"_ivl_43", 28 0, L_0x1171e2958070;  1 drivers
L_0x1171e29580b8 .functor BUFT 1, C4<00000000000000000000000000000000>, C4<0>, C4<0>, C4<0>;
v0x5ce4d11e9330_0 .net/2u *"_ivl_44", 31 0, L_0x1171e29580b8;  1 drivers
v0x5ce4d11e93d0_0 .net *"_ivl_445", 0 0, L_0x5ce4d1251180;  1 drivers
v0x5ce4d11e9470_0 .net *"_ivl_447", 0 0, L_0x5ce4d1251220;  1 drivers
v0x5ce4d11e9510_0 .net *"_ivl_451", 0 0, L_0x5ce4d1251740;  1 drivers
v0x5ce4d11e95b0_0 .net *"_ivl_46", 0 0, L_0x5ce4d123f010;  1 drivers
v0x5ce4d11e9650_0 .net *"_ivl_473", 0 0, L_0x5ce4d1254630;  1 drivers
v0x5ce4d11e96f0_0 .net *"_ivl_48", 31 0, L_0x5ce4d123f1b0;  1 drivers
v0x5ce4d11e9790_0 .net *"_ivl_495", 0 0, L_0x5ce4d1257630;  1 drivers
L_0x1171e2958100 .functor BUFT 1, C4<00000000000000000000000000000>, C4<0>, C4<0>, C4<0>;
v0x5ce4d11e9830_0 .net *"_ivl_51", 28 0, L_0x1171e2958100;  1 drivers
v0x5ce4d11e98d0_0 .net *"_ivl_517", 0 0, L_0x5ce4d125a630;  1 drivers
L_0x1171e2958148 .functor BUFT 1, C4<00000000000000000000000000000001>, C4<0>, C4<0>, C4<0>;
v0x5ce4d11e9970_0 .net/2u *"_ivl_52", 31 0, L_0x1171e2958148;  1 drivers
v0x5ce4d11e9a10_0 .net *"_ivl_539", 0 0, L_0x5ce4d125e2d0;  1 drivers
v0x5ce4d11e9ab0_0 .net *"_ivl_54", 0 0, L_0x5ce4d123f2a0;  1 drivers
v0x5ce4d11e9b50_0 .net *"_ivl_56", 31 0, L_0x5ce4d123f450;  1 drivers
v0x5ce4d11e9bf0_0 .net *"_ivl_561", 0 0, L_0x5ce4d1261040;  1 drivers
v0x5ce4d11e9c90_0 .net *"_ivl_566", 63 0, L_0x5ce4d12616a0;  1 drivers
v0x5ce4d11e9d30_0 .net *"_ivl_568", 60 0, L_0x5ce4d1261600;  1 drivers
L_0x1171e295adb8 .functor BUFT 1, C4<000>, C4<0>, C4<0>, C4<0>;
v0x5ce4d11e9dd0_0 .net *"_ivl_570", 2 0, L_0x1171e295adb8;  1 drivers
v0x5ce4d11e9e70_0 .net *"_ivl_576", 28 0, L_0x5ce4d12611d0;  1 drivers
L_0x1171e295ae00 .functor BUFT 1, C4<000>, C4<0>, C4<0>, C4<0>;
v0x5ce4d11e9f10_0 .net *"_ivl_578", 2 0, L_0x1171e295ae00;  1 drivers
L_0x1171e2958190 .functor BUFT 1, C4<00000000000000000000000000000>, C4<0>, C4<0>, C4<0>;
v0x5ce4d11e9fb0_0 .net *"_ivl_59", 28 0, L_0x1171e2958190;  1 drivers
L_0x1171e295ae48 .functor BUFT 1, C4<00000000000000000000000000000000>, C4<0>, C4<0>, C4<0>;
v0x5ce4d11ea050_0 .net/2u *"_ivl_592", 31 0, L_0x1171e295ae48;  1 drivers
v0x5ce4d11ea0f0_0 .net *"_ivl_594", 0 0, L_0x5ce4d12617e0;  1 drivers
v0x5ce4d11ea190_0 .net *"_ivl_597", 0 0, L_0x5ce4d12618d0;  1 drivers
v0x5ce4d11ea230_0 .net *"_ivl_599", 0 0, L_0x5ce4d12619e0;  1 drivers
v0x5ce4d11ea2d0_0 .net *"_ivl_6", 0 0, L_0x5ce4d123e060;  1 drivers
L_0x1171e29581d8 .functor BUFT 1, C4<00000000000000000000000000000010>, C4<0>, C4<0>, C4<0>;
v0x5ce4d11ea370_0 .net/2u *"_ivl_60", 31 0, L_0x1171e29581d8;  1 drivers
v0x5ce4d11ea410_0 .net *"_ivl_601", 0 0, L_0x5ce4d1261a80;  1 drivers
L_0x1171e295ae90 .functor BUFT 1, C4<xxxxxxxxxxxxxxxxxxxxxxxxxxxxxxxxxxxxxxxxxxxxxxxxxxxxxxxxxxxxxxxxxxxxxxxxxxxxxxxxxxxxxxxxxxxxxxxxxxxxxxxxxxxxxxxxxxxxxxxxxxxxxxxxxxxxxxxxx>, C4<0>, C4<0>, C4<0>;
v0x5ce4d11ea4b0_0 .net *"_ivl_602", 136 0, L_0x1171e295ae90;  1 drivers
L_0x1171e295aed8 .functor BUFT 1, C4<00000000000000000000000000000000>, C4<0>, C4<0>, C4<0>;
v0x5ce4d11ea550_0 .net/2u *"_ivl_606", 31 0, L_0x1171e295aed8;  1 drivers
v0x5ce4d11ea5f0_0 .net *"_ivl_608", 0 0, L_0x5ce4d1263040;  1 drivers
v0x5ce4d11ea690_0 .net *"_ivl_611", 0 0, L_0x5ce4d1262740;  1 drivers
v0x5ce4d11ea730_0 .net *"_ivl_613", 0 0, L_0x5ce4d1262800;  1 drivers
v0x5ce4d11ea7d0_0 .net *"_ivl_615", 0 0, L_0x5ce4d12628a0;  1 drivers
L_0x1171e295af20 .functor BUFT 1, C4<00000000000000000000000000000000>, C4<0>, C4<0>, C4<0>;
v0x5ce4d11ea870_0 .net/2u *"_ivl_616", 31 0, L_0x1171e295af20;  1 drivers
v0x5ce4d11ea910_0 .net *"_ivl_618", 0 0, L_0x5ce4d1262960;  1 drivers
v0x5ce4d11ea9b0_0 .net *"_ivl_62", 0 0, L_0x5ce4d123f540;  1 drivers
v0x5ce4d11eaa50_0 .net *"_ivl_621", 0 0, L_0x5ce4d1262a50;  1 drivers
v0x5ce4d11eaaf0_0 .net *"_ivl_623", 0 0, L_0x5ce4d1263180;  1 drivers
v0x5ce4d11eab90_0 .net *"_ivl_625", 0 0, L_0x5ce4d1263220;  1 drivers
v0x5ce4d11eac30_0 .net *"_ivl_627", 0 0, L_0x5ce4d1263d60;  1 drivers
v0x5ce4d11eacd0_0 .net *"_ivl_629", 0 0, L_0x5ce4d12635a0;  1 drivers
L_0x1171e295af68 .functor BUFT 1, C4<0>, C4<0>, C4<0>, C4<0>;
v0x5ce4d11ead70_0 .net/2u *"_ivl_630", 0 0, L_0x1171e295af68;  1 drivers
v0x5ce4d11eae10_0 .net *"_ivl_638", 28 0, L_0x5ce4d1263b90;  1 drivers
v0x5ce4d11eaeb0_0 .net *"_ivl_64", 31 0, L_0x5ce4d123f700;  1 drivers
L_0x1171e295afb0 .functor BUFT 1, C4<000>, C4<0>, C4<0>, C4<0>;
v0x5ce4d11eaf50_0 .net *"_ivl_640", 2 0, L_0x1171e295afb0;  1 drivers
v0x5ce4d11eaff0_0 .net *"_ivl_644", 28 0, L_0x5ce4d1263e00;  1 drivers
L_0x1171e295aff8 .functor BUFT 1, C4<000>, C4<0>, C4<0>, C4<0>;
v0x5ce4d11eb090_0 .net *"_ivl_646", 2 0, L_0x1171e295aff8;  1 drivers
v0x5ce4d11eb130_0 .net *"_ivl_650", 28 0, L_0x5ce4d1264030;  1 drivers
L_0x1171e295b040 .functor BUFT 1, C4<000>, C4<0>, C4<0>, C4<0>;
v0x5ce4d11eb1d0_0 .net *"_ivl_652", 2 0, L_0x1171e295b040;  1 drivers
v0x5ce4d11eb270_0 .net *"_ivl_656", 28 0, L_0x5ce4d1264800;  1 drivers
L_0x1171e295b088 .functor BUFT 1, C4<000>, C4<0>, C4<0>, C4<0>;
v0x5ce4d11eb310_0 .net *"_ivl_658", 2 0, L_0x1171e295b088;  1 drivers
v0x5ce4d11eb3b0_0 .net *"_ivl_662", 28 0, L_0x5ce4d1264310;  1 drivers
L_0x1171e295b0d0 .functor BUFT 1, C4<000>, C4<0>, C4<0>, C4<0>;
v0x5ce4d11eb450_0 .net *"_ivl_664", 2 0, L_0x1171e295b0d0;  1 drivers
v0x5ce4d11eb4f0_0 .net *"_ivl_668", 28 0, L_0x5ce4d12644f0;  1 drivers
L_0x1171e2958220 .functor BUFT 1, C4<00000000000000000000000000000>, C4<0>, C4<0>, C4<0>;
v0x5ce4d11eb590_0 .net *"_ivl_67", 28 0, L_0x1171e2958220;  1 drivers
L_0x1171e295b118 .functor BUFT 1, C4<000>, C4<0>, C4<0>, C4<0>;
v0x5ce4d11eb630_0 .net *"_ivl_670", 2 0, L_0x1171e295b118;  1 drivers
v0x5ce4d11eb6d0_0 .net *"_ivl_674", 28 0, L_0x5ce4d1264720;  1 drivers
L_0x1171e295b160 .functor BUFT 1, C4<000>, C4<0>, C4<0>, C4<0>;
v0x5ce4d11eb770_0 .net *"_ivl_676", 2 0, L_0x1171e295b160;  1 drivers
L_0x1171e2958268 .functor BUFT 1, C4<00000000000000000000000000000011>, C4<0>, C4<0>, C4<0>;
v0x5ce4d11eb810_0 .net/2u *"_ivl_68", 31 0, L_0x1171e2958268;  1 drivers
v0x5ce4d11eb8b0_0 .net *"_ivl_680", 28 0, L_0x5ce4d12649e0;  1 drivers
L_0x1171e295b1a8 .functor BUFT 1, C4<000>, C4<0>, C4<0>, C4<0>;
v0x5ce4d11eb950_0 .net *"_ivl_682", 2 0, L_0x1171e295b1a8;  1 drivers
v0x5ce4d11eb9f0_0 .net *"_ivl_686", 28 0, L_0x5ce4d1264c10;  1 drivers
L_0x1171e295b1f0 .functor BUFT 1, C4<000>, C4<0>, C4<0>, C4<0>;
v0x5ce4d11eba90_0 .net *"_ivl_688", 2 0, L_0x1171e295b1f0;  1 drivers
v0x5ce4d11ebb30_0 .net *"_ivl_692", 28 0, L_0x5ce4d1264df0;  1 drivers
L_0x1171e295b238 .functor BUFT 1, C4<000>, C4<0>, C4<0>, C4<0>;
v0x5ce4d11ebbd0_0 .net *"_ivl_694", 2 0, L_0x1171e295b238;  1 drivers
v0x5ce4d11ebc70_0 .net *"_ivl_698", 28 0, L_0x5ce4d1265080;  1 drivers
v0x5ce4d11ebd10_0 .net *"_ivl_70", 0 0, L_0x5ce4d123f830;  1 drivers
L_0x1171e295b280 .functor BUFT 1, C4<000>, C4<0>, C4<0>, C4<0>;
v0x5ce4d11ebdb0_0 .net *"_ivl_700", 2 0, L_0x1171e295b280;  1 drivers
v0x5ce4d11ebe50_0 .net *"_ivl_704", 28 0, L_0x5ce4d1265260;  1 drivers
L_0x1171e295b2c8 .functor BUFT 1, C4<000>, C4<0>, C4<0>, C4<0>;
v0x5ce4d11ebef0_0 .net *"_ivl_706", 2 0, L_0x1171e295b2c8;  1 drivers
L_0x1171e295b310 .functor BUFT 1, C4<00000000000000000000000000000000>, C4<0>, C4<0>, C4<0>;
v0x5ce4d11ebf90_0 .net/2u *"_ivl_708", 31 0, L_0x1171e295b310;  1 drivers
v0x5ce4d11ec030_0 .net *"_ivl_710", 0 0, L_0x5ce4d1265490;  1 drivers
v0x5ce4d11ec0d0_0 .net *"_ivl_713", 0 0, L_0x5ce4d1265c90;  1 drivers
v0x5ce4d11ec170_0 .net *"_ivl_715", 0 0, L_0x5ce4d1265710;  1 drivers
v0x5ce4d11ec210_0 .net *"_ivl_717", 0 0, L_0x5ce4d1265840;  1 drivers
v0x5ce4d11ec2b0_0 .net *"_ivl_718", 31 0, L_0x5ce4d1265bd0;  1 drivers
v0x5ce4d11ec350_0 .net *"_ivl_72", 31 0, L_0x5ce4d123fa00;  1 drivers
L_0x1171e295b358 .functor BUFT 1, C4<000000000000000000000000>, C4<0>, C4<0>, C4<0>;
v0x5ce4d11ec3f0_0 .net *"_ivl_721", 23 0, L_0x1171e295b358;  1 drivers
L_0x1171e295b3a0 .functor BUFT 1, C4<00000000000000000000000000000001>, C4<0>, C4<0>, C4<0>;
v0x5ce4d11ec490_0 .net/2u *"_ivl_722", 31 0, L_0x1171e295b3a0;  1 drivers
v0x5ce4d11ec530_0 .net *"_ivl_724", 0 0, L_0x5ce4d1265d30;  1 drivers
v0x5ce4d11ec5d0_0 .net *"_ivl_727", 0 0, L_0x5ce4d1265e70;  1 drivers
v0x5ce4d11ec670_0 .net *"_ivl_729", 0 0, L_0x5ce4d1265f80;  1 drivers
v0x5ce4d11ec710_0 .net *"_ivl_731", 0 0, L_0x5ce4d1266090;  1 drivers
v0x5ce4d11ec7b0_0 .net *"_ivl_733", 0 0, L_0x5ce4d1266130;  1 drivers
L_0x1171e295b3e8 .functor BUFT 1, C4<01>, C4<0>, C4<0>, C4<0>;
v0x5ce4d11ec850_0 .net/2s *"_ivl_734", 1 0, L_0x1171e295b3e8;  1 drivers
L_0x1171e295b430 .functor BUFT 1, C4<00>, C4<0>, C4<0>, C4<0>;
v0x5ce4d11ec8f0_0 .net/2s *"_ivl_736", 1 0, L_0x1171e295b430;  1 drivers
v0x5ce4d11ec990_0 .net *"_ivl_738", 1 0, L_0x5ce4d1266310;  1 drivers
L_0x1171e295b478 .functor BUFT 1, C4<00000000000000000000000000000010>, C4<0>, C4<0>, C4<0>;
v0x5ce4d11eca30_0 .net/2u *"_ivl_742", 31 0, L_0x1171e295b478;  1 drivers
v0x5ce4d11ecad0_0 .net *"_ivl_746", 63 0, L_0x5ce4d1267160;  1 drivers
v0x5ce4d11ecb70_0 .net *"_ivl_748", 60 0, L_0x5ce4d1266770;  1 drivers
L_0x1171e29582b0 .functor BUFT 1, C4<00000000000000000000000000000>, C4<0>, C4<0>, C4<0>;
v0x5ce4d11ecc10_0 .net *"_ivl_75", 28 0, L_0x1171e29582b0;  1 drivers
L_0x1171e295b4c0 .functor BUFT 1, C4<000>, C4<0>, C4<0>, C4<0>;
v0x5ce4d11eccb0_0 .net *"_ivl_750", 2 0, L_0x1171e295b4c0;  1 drivers
v0x5ce4d11ecd50_0 .net *"_ivl_756", 28 0, L_0x5ce4d1266b90;  1 drivers
L_0x1171e295b508 .functor BUFT 1, C4<000>, C4<0>, C4<0>, C4<0>;
v0x5ce4d11ecdf0_0 .net *"_ivl_758", 2 0, L_0x1171e295b508;  1 drivers
L_0x1171e29582f8 .functor BUFT 1, C4<00000000000000000000000000000100>, C4<0>, C4<0>, C4<0>;
v0x5ce4d11ece90_0 .net/2u *"_ivl_76", 31 0, L_0x1171e29582f8;  1 drivers
v0x5ce4d11ecf30_0 .net *"_ivl_776", 28 0, L_0x5ce4d12672f0;  1 drivers
L_0x1171e295b550 .functor BUFT 1, C4<000>, C4<0>, C4<0>, C4<0>;
v0x5ce4d11ecfd0_0 .net *"_ivl_778", 2 0, L_0x1171e295b550;  1 drivers
v0x5ce4d11ed070_0 .net *"_ivl_78", 0 0, L_0x5ce4d123faf0;  1 drivers
v0x5ce4d11ed110_0 .net *"_ivl_782", 28 0, L_0x5ce4d12674d0;  1 drivers
L_0x1171e295b598 .functor BUFT 1, C4<000>, C4<0>, C4<0>, C4<0>;
v0x5ce4d11ed1b0_0 .net *"_ivl_784", 2 0, L_0x1171e295b598;  1 drivers
v0x5ce4d11ed250_0 .net *"_ivl_788", 28 0, L_0x5ce4d1267700;  1 drivers
L_0x1171e295b5e0 .functor BUFT 1, C4<000>, C4<0>, C4<0>, C4<0>;
v0x5ce4d11ed2f0_0 .net *"_ivl_790", 2 0, L_0x1171e295b5e0;  1 drivers
v0x5ce4d11ed390_0 .net *"_ivl_794", 28 0, L_0x5ce4d1268080;  1 drivers
L_0x1171e295b628 .functor BUFT 1, C4<000>, C4<0>, C4<0>, C4<0>;
v0x5ce4d11ed430_0 .net *"_ivl_796", 2 0, L_0x1171e295b628;  1 drivers
v0x5ce4d11ed4d0_0 .net *"_ivl_80", 31 0, L_0x5ce4d123fcd0;  1 drivers
v0x5ce4d11ed570_0 .net *"_ivl_800", 28 0, L_0x5ce4d12682b0;  1 drivers
L_0x1171e295b670 .functor BUFT 1, C4<000>, C4<0>, C4<0>, C4<0>;
v0x5ce4d11ed610_0 .net *"_ivl_802", 2 0, L_0x1171e295b670;  1 drivers
v0x5ce4d11ed6b0_0 .net *"_ivl_806", 28 0, L_0x5ce4d1268490;  1 drivers
L_0x1171e295b6b8 .functor BUFT 1, C4<000>, C4<0>, C4<0>, C4<0>;
v0x5ce4d11ed750_0 .net *"_ivl_808", 2 0, L_0x1171e295b6b8;  1 drivers
v0x5ce4d11ed7f0_0 .net *"_ivl_812", 28 0, L_0x5ce4d12686f0;  1 drivers
L_0x1171e295b700 .functor BUFT 1, C4<000>, C4<0>, C4<0>, C4<0>;
v0x5ce4d11ed890_0 .net *"_ivl_814", 2 0, L_0x1171e295b700;  1 drivers
v0x5ce4d11ed930_0 .net *"_ivl_818", 28 0, L_0x5ce4d1268910;  1 drivers
L_0x1171e295b748 .functor BUFT 1, C4<000>, C4<0>, C4<0>, C4<0>;
v0x5ce4d11ed9d0_0 .net *"_ivl_820", 2 0, L_0x1171e295b748;  1 drivers
v0x5ce4d11eda70_0 .net *"_ivl_824", 28 0, L_0x5ce4d1268b40;  1 drivers
L_0x1171e295b790 .functor BUFT 1, C4<000>, C4<0>, C4<0>, C4<0>;
v0x5ce4d11edb10_0 .net *"_ivl_826", 2 0, L_0x1171e295b790;  1 drivers
L_0x1171e2958340 .functor BUFT 1, C4<00000000000000000000000000000>, C4<0>, C4<0>, C4<0>;
v0x5ce4d11edbb0_0 .net *"_ivl_83", 28 0, L_0x1171e2958340;  1 drivers
v0x5ce4d11edc50_0 .net *"_ivl_830", 28 0, L_0x5ce4d1268d90;  1 drivers
L_0x1171e295b7d8 .functor BUFT 1, C4<000>, C4<0>, C4<0>, C4<0>;
v0x5ce4d11edcf0_0 .net *"_ivl_832", 2 0, L_0x1171e295b7d8;  1 drivers
v0x5ce4d11edd90_0 .net *"_ivl_836", 28 0, L_0x5ce4d1268fc0;  1 drivers
L_0x1171e295b820 .functor BUFT 1, C4<000>, C4<0>, C4<0>, C4<0>;
v0x5ce4d11ede30_0 .net *"_ivl_838", 2 0, L_0x1171e295b820;  1 drivers
L_0x1171e2958388 .functor BUFT 1, C4<00000000000000000000000000000101>, C4<0>, C4<0>, C4<0>;
v0x5ce4d11eded0_0 .net/2u *"_ivl_84", 31 0, L_0x1171e2958388;  1 drivers
v0x5ce4d11edf70_0 .net *"_ivl_842", 28 0, L_0x5ce4d12691d0;  1 drivers
L_0x1171e295b868 .functor BUFT 1, C4<000>, C4<0>, C4<0>, C4<0>;
v0x5ce4d11ee010_0 .net *"_ivl_844", 2 0, L_0x1171e295b868;  1 drivers
L_0x1171e295b8b0 .functor BUFT 1, C4<00000000000000000000000000000001>, C4<0>, C4<0>, C4<0>;
v0x5ce4d11ee0b0_0 .net/2u *"_ivl_858", 31 0, L_0x1171e295b8b0;  1 drivers
v0x5ce4d11ee150_0 .net *"_ivl_86", 0 0, L_0x5ce4d123fdc0;  1 drivers
v0x5ce4d11ee1f0_0 .net *"_ivl_860", 0 0, L_0x5ce4d126a710;  1 drivers
v0x5ce4d11ee290_0 .net *"_ivl_863", 0 0, L_0x5ce4d1269460;  1 drivers
v0x5ce4d11ee330_0 .net *"_ivl_865", 0 0, L_0x5ce4d1269590;  1 drivers
v0x5ce4d11ee3d0_0 .net *"_ivl_867", 0 0, L_0x5ce4d1269990;  1 drivers
v0x5ce4d11ee470_0 .net *"_ivl_869", 0 0, L_0x5ce4d126aee0;  1 drivers
v0x5ce4d11ee510_0 .net *"_ivl_871", 0 0, L_0x5ce4d126af50;  1 drivers
v0x5ce4d11ee5b0_0 .net *"_ivl_872", 31 0, L_0x5ce4d126b3b0;  1 drivers
L_0x1171e295b8f8 .functor BUFT 1, C4<00000000000000000000000000000>, C4<0>, C4<0>, C4<0>;
v0x5ce4d11ee650_0 .net *"_ivl_875", 28 0, L_0x1171e295b8f8;  1 drivers
L_0x1171e295b940 .functor BUFT 1, C4<00000000000000000000000000000110>, C4<0>, C4<0>, C4<0>;
v0x5ce4d11ee6f0_0 .net/2u *"_ivl_876", 31 0, L_0x1171e295b940;  1 drivers
v0x5ce4d11ee790_0 .net *"_ivl_878", 0 0, L_0x5ce4d126b4f0;  1 drivers
v0x5ce4d11ee830_0 .net *"_ivl_88", 31 0, L_0x5ce4d123fc30;  1 drivers
v0x5ce4d11ee8d0_0 .net *"_ivl_881", 0 0, L_0x5ce4d126a800;  1 drivers
L_0x1171e295b988 .functor BUFT 1, C4<00000000000000000000000000000000>, C4<0>, C4<0>, C4<0>;
v0x5ce4d11ee970_0 .net/2u *"_ivl_882", 31 0, L_0x1171e295b988;  1 drivers
v0x5ce4d11eea10_0 .net *"_ivl_884", 0 0, L_0x5ce4d126a910;  1 drivers
v0x5ce4d11eeab0_0 .net *"_ivl_887", 0 0, L_0x5ce4d126aa50;  1 drivers
v0x5ce4d11eeb50_0 .net *"_ivl_889", 0 0, L_0x5ce4d126bd20;  1 drivers
v0x5ce4d11eebf0_0 .net *"_ivl_891", 0 0, L_0x5ce4d126b630;  1 drivers
L_0x1171e295b9d0 .functor BUFT 1, C4<xxxxxxxxxxxxxxxxxxxxxxxxxxxxxxxxxxxxxxxxxxxxxxxxxxxxxxxxxxxxxxxxxxxxxxxxxxxxxxxxxxxxxxxxxxxxxxxxxxxxxxxxxxxxxxxxxxxxxxxxxxxxxxxxxxxxxxxxx>, C4<0>, C4<0>, C4<0>;
v0x5ce4d11eec90_0 .net *"_ivl_892", 136 0, L_0x1171e295b9d0;  1 drivers
v0x5ce4d11eed30_0 .net *"_ivl_894", 136 0, L_0x5ce4d126b740;  1 drivers
L_0x1171e295ba18 .functor BUFT 1, C4<00000000000000000000000000000001>, C4<0>, C4<0>, C4<0>;
v0x5ce4d11eedd0_0 .net/2u *"_ivl_898", 31 0, L_0x1171e295ba18;  1 drivers
v0x5ce4d11eee70_0 .net *"_ivl_9", 0 0, L_0x5ce4d123e100;  1 drivers
v0x5ce4d11eef10_0 .net *"_ivl_900", 0 0, L_0x5ce4d126bab0;  1 drivers
v0x5ce4d11eefb0_0 .net *"_ivl_903", 0 0, L_0x5ce4d126bba0;  1 drivers
v0x5ce4d11ef050_0 .net *"_ivl_905", 0 0, L_0x5ce4d126bc40;  1 drivers
v0x5ce4d11ef0f0_0 .net *"_ivl_907", 0 0, L_0x5ce4d126c4e0;  1 drivers
v0x5ce4d11ef190_0 .net *"_ivl_909", 0 0, L_0x5ce4d126c580;  1 drivers
L_0x1171e29583d0 .functor BUFT 1, C4<00000000000000000000000000000>, C4<0>, C4<0>, C4<0>;
v0x5ce4d11ef230_0 .net *"_ivl_91", 28 0, L_0x1171e29583d0;  1 drivers
v0x5ce4d11ef2d0_0 .net *"_ivl_911", 0 0, L_0x5ce4d126c640;  1 drivers
v0x5ce4d11ef370_0 .net *"_ivl_912", 31 0, L_0x5ce4d126c750;  1 drivers
L_0x1171e295ba60 .functor BUFT 1, C4<00000000000000000000000000000>, C4<0>, C4<0>, C4<0>;
v0x5ce4d11ef410_0 .net *"_ivl_915", 28 0, L_0x1171e295ba60;  1 drivers
L_0x1171e295baa8 .functor BUFT 1, C4<00000000000000000000000000000110>, C4<0>, C4<0>, C4<0>;
v0x5ce4d11ef4b0_0 .net/2u *"_ivl_916", 31 0, L_0x1171e295baa8;  1 drivers
v0x5ce4d11ef550_0 .net *"_ivl_918", 0 0, L_0x5ce4d126be10;  1 drivers
L_0x1171e2958418 .functor BUFT 1, C4<00000000000000000000000000000110>, C4<0>, C4<0>, C4<0>;
v0x5ce4d11ef5f0_0 .net/2u *"_ivl_92", 31 0, L_0x1171e2958418;  1 drivers
v0x5ce4d11ef690_0 .net *"_ivl_921", 0 0, L_0x5ce4d126bf50;  1 drivers
L_0x1171e295baf0 .functor BUFT 1, C4<00000000000000000000000000000001>, C4<0>, C4<0>, C4<0>;
v0x5ce4d11ef730_0 .net/2u *"_ivl_922", 31 0, L_0x1171e295baf0;  1 drivers
v0x5ce4d11ef7d0_0 .net *"_ivl_924", 0 0, L_0x5ce4d126c060;  1 drivers
v0x5ce4d11ef870_0 .net *"_ivl_927", 0 0, L_0x5ce4d126c190;  1 drivers
v0x5ce4d11ef910_0 .net *"_ivl_929", 0 0, L_0x5ce4d126c230;  1 drivers
v0x5ce4d11ef9b0_0 .net *"_ivl_931", 0 0, L_0x5ce4d126c340;  1 drivers
v0x5ce4d11efa50_0 .net *"_ivl_933", 0 0, L_0x5ce4d126c3e0;  1 drivers
v0x5ce4d11efaf0_0 .net *"_ivl_935", 0 0, L_0x5ce4d126c7f0;  1 drivers
v0x5ce4d11efb90_0 .net *"_ivl_936", 31 0, L_0x5ce4d126cca0;  1 drivers
L_0x1171e295bb38 .functor BUFT 1, C4<00000000000000000000000000000>, C4<0>, C4<0>, C4<0>;
v0x5ce4d11efc30_0 .net *"_ivl_939", 28 0, L_0x1171e295bb38;  1 drivers
v0x5ce4d11efcd0_0 .net *"_ivl_94", 0 0, L_0x5ce4d1240810;  1 drivers
L_0x1171e295bb80 .functor BUFT 1, C4<00000000000000000000000000000110>, C4<0>, C4<0>, C4<0>;
v0x5ce4d11efd70_0 .net/2u *"_ivl_940", 31 0, L_0x1171e295bb80;  1 drivers
v0x5ce4d11efe10_0 .net *"_ivl_942", 0 0, L_0x5ce4d126cdd0;  1 drivers
v0x5ce4d11efeb0_0 .net *"_ivl_945", 0 0, L_0x5ce4d126cec0;  1 drivers
v0x5ce4d11eff50_0 .net *"_ivl_947", 0 0, L_0x5ce4d126dac0;  1 drivers
v0x5ce4d11efff0_0 .net *"_ivl_949", 0 0, L_0x5ce4d126db60;  1 drivers
L_0x1171e295bbc8 .functor BUFT 1, C4<00000000000000000000000000000000>, C4<0>, C4<0>, C4<0>;
v0x5ce4d11f0090_0 .net/2u *"_ivl_950", 31 0, L_0x1171e295bbc8;  1 drivers
v0x5ce4d11f0130_0 .net *"_ivl_952", 0 0, L_0x5ce4d126e020;  1 drivers
v0x5ce4d11f01d0_0 .net *"_ivl_955", 0 0, L_0x5ce4d126d2c0;  1 drivers
v0x5ce4d11f0270_0 .net *"_ivl_957", 0 0, L_0x5ce4d126d380;  1 drivers
v0x5ce4d11f0310_0 .net *"_ivl_959", 0 0, L_0x5ce4d126d420;  1 drivers
L_0x1171e2958460 .functor BUFT 1, C4<xxxxxxxxxxxxxxxxxxxxxxxxxxxxxxxxxxxxxxxxxxxxxxxxxxxxxxxxxxxxxxxx>, C4<0>, C4<0>, C4<0>;
v0x5ce4d11f03b0_0 .net *"_ivl_96", 63 0, L_0x1171e2958460;  1 drivers
L_0x1171e295bc10 .functor BUFT 1, C4<00000000000000000000000000000000>, C4<0>, C4<0>, C4<0>;
v0x5ce4d11f0450_0 .net/2u *"_ivl_960", 31 0, L_0x1171e295bc10;  1 drivers
v0x5ce4d11f04f0_0 .net *"_ivl_962", 0 0, L_0x5ce4d126d8f0;  1 drivers
v0x5ce4d11f0590_0 .net *"_ivl_965", 0 0, L_0x5ce4d126e890;  1 drivers
v0x5ce4d11f0630_0 .net *"_ivl_967", 0 0, L_0x5ce4d126e950;  1 drivers
v0x5ce4d11f06d0_0 .net *"_ivl_969", 0 0, L_0x5ce4d126e9f0;  1 drivers
v0x5ce4d11f0770_0 .net *"_ivl_971", 0 0, L_0x5ce4d126ee80;  1 drivers
v0x5ce4d11f0810_0 .net *"_ivl_973", 0 0, L_0x5ce4d126e110;  1 drivers
L_0x1171e295bc58 .functor BUFT 1, C4<0>, C4<0>, C4<0>, C4<0>;
v0x5ce4d11f08b0_0 .net/2u *"_ivl_974", 0 0, L_0x1171e295bc58;  1 drivers
v0x5ce4d11f0950_0 .net *"_ivl_976", 0 0, L_0x5ce4d126e220;  1 drivers
v0x5ce4d11f09f0_0 .net *"_ivl_98", 63 0, L_0x5ce4d12409c0;  1 drivers
L_0x1171e295bca0 .functor BUFT 1, C4<00000000000000000000000000000001>, C4<0>, C4<0>, C4<0>;
v0x5ce4d11f0a90_0 .net/2u *"_ivl_982", 31 0, L_0x1171e295bca0;  1 drivers
v0x5ce4d11f0b30_0 .net *"_ivl_984", 0 0, L_0x5ce4d126e630;  1 drivers
v0x5ce4d11f0bd0_0 .net *"_ivl_987", 0 0, L_0x5ce4d126e720;  1 drivers
v0x5ce4d11f0c70_0 .net *"_ivl_989", 0 0, L_0x5ce4d126e7c0;  1 drivers
v0x5ce4d11f0d10_0 .net *"_ivl_991", 0 0, L_0x5ce4d126ef20;  1 drivers
L_0x1171e295bce8 .functor BUFT 1, C4<000000000000000000000000000000000>, C4<0>, C4<0>, C4<0>;
v0x5ce4d11f0db0_0 .net/2u *"_ivl_992", 32 0, L_0x1171e295bce8;  1 drivers
v0x5ce4d11f0e50_0 .net *"_ivl_994", 0 0, L_0x5ce4d126f410;  1 drivers
v0x5ce4d11f0ef0_0 .net *"_ivl_997", 0 0, L_0x5ce4d126f500;  1 drivers
v0x5ce4d11f0f90_0 .net *"_ivl_999", 0 0, L_0x5ce4d126f610;  1 drivers
v0x5ce4d11f1030_0 .var "_sb_axi_m_dram_readdata_data_30", 64 0;
v0x5ce4d11f10d0_0 .net "_sb_axi_m_dram_readdata_m_ready_29", 0 0, L_0x5ce4d12496a0;  1 drivers
v0x5ce4d11f1170_0 .net "_sb_axi_m_dram_readdata_m_value_37", 0 0, L_0x5ce4d1249d50;  1 drivers
v0x5ce4d11f1210_0 .net "_sb_axi_m_dram_readdata_m_value_38", 63 0, L_0x5ce4d124a0d0;  1 drivers
v0x5ce4d11f12b0_0 .net "_sb_axi_m_dram_readdata_next_data_35", 64 0, L_0x5ce4d1249a80;  1 drivers
v0x5ce4d11f1350_0 .net "_sb_axi_m_dram_readdata_next_valid_36", 0 0, L_0x5ce4d1249bc0;  1 drivers
v0x5ce4d11f13f0_0 .net "_sb_axi_m_dram_readdata_ready_32", 0 0, L_0x5ce4d1249710;  1 drivers
v0x5ce4d11f1490_0 .net "_sb_axi_m_dram_readdata_s_data_27", 64 0, L_0x5ce4d1249140;  1 drivers
v0x5ce4d11f1530_0 .net "_sb_axi_m_dram_readdata_s_valid_28", 0 0, L_0x5ce4d1249520;  1 drivers
v0x5ce4d11f15d0_0 .net "_sb_axi_m_dram_readdata_s_value_25", 0 0, L_0x5ce4d1249250;  1 drivers
v0x5ce4d11f1670_0 .net "_sb_axi_m_dram_readdata_s_value_26", 63 0, L_0x5ce4d12493c0;  1 drivers
v0x5ce4d11f1710_0 .var "_sb_axi_m_dram_readdata_tmp_data_33", 64 0;
v0x5ce4d11f17b0_0 .var "_sb_axi_m_dram_readdata_tmp_valid_34", 0 0;
v0x5ce4d11f1850_0 .var "_sb_axi_m_dram_readdata_valid_31", 0 0;
v0x5ce4d11f18f0_0 .var "_sb_axi_m_dram_writedata_data_15", 72 0;
v0x5ce4d11f1990_0 .net "_sb_axi_m_dram_writedata_m_ready_14", 0 0, L_0x5ce4d1248000;  1 drivers
v0x5ce4d11f1a30_0 .net "_sb_axi_m_dram_writedata_m_value_22", 0 0, L_0x5ce4d1248680;  1 drivers
v0x5ce4d11f1ad0_0 .net "_sb_axi_m_dram_writedata_m_value_23", 7 0, L_0x5ce4d12489d0;  1 drivers
v0x5ce4d11f1b70_0 .net "_sb_axi_m_dram_writedata_m_value_24", 63 0, L_0x5ce4d1248ac0;  1 drivers
v0x5ce4d11f1c10_0 .net "_sb_axi_m_dram_writedata_next_data_20", 72 0, L_0x5ce4d1248400;  1 drivers
v0x5ce4d11f1cb0_0 .net "_sb_axi_m_dram_writedata_next_valid_21", 0 0, L_0x5ce4d1248540;  1 drivers
v0x5ce4d11f1d50_0 .net "_sb_axi_m_dram_writedata_ready_17", 0 0, L_0x5ce4d12480c0;  1 drivers
v0x5ce4d11f1df0_0 .net "_sb_axi_m_dram_writedata_s_data_12", 72 0, L_0x5ce4d1247de0;  1 drivers
v0x5ce4d11f1e90_0 .net "_sb_axi_m_dram_writedata_s_valid_13", 0 0, L_0x5ce4d1247f20;  1 drivers
v0x5ce4d11f1f30_0 .net "_sb_axi_m_dram_writedata_s_value_10", 7 0, v0x5ce4d0fbc4f0_0;  1 drivers
v0x5ce4d11f1fd0_0 .net "_sb_axi_m_dram_writedata_s_value_11", 63 0, v0x5ce4d0fd16a0_0;  1 drivers
v0x5ce4d11f2070_0 .net "_sb_axi_m_dram_writedata_s_value_9", 0 0, v0x5ce4d0fd1780_0;  1 drivers
v0x5ce4d11f2110_0 .var "_sb_axi_m_dram_writedata_tmp_data_18", 72 0;
v0x5ce4d11f21b0_0 .var "_sb_axi_m_dram_writedata_tmp_valid_19", 0 0;
v0x5ce4d11f2250_0 .var "_sb_axi_m_dram_writedata_valid_16", 0 0;
v0x5ce4d11f22f0_0 .net "_tmp_112", 0 0, L_0x5ce4d1267fe0;  1 drivers
v0x5ce4d11f2390_0 .net "_tmp_132", 0 0, L_0x5ce4d126e590;  1 drivers
v0x5ce4d11f2430_0 .net "_tmp_139", 0 0, L_0x5ce4d1270320;  1 drivers
v0x5ce4d11f24d0_0 .net "_tmp_147", 0 0, L_0x5ce4d12731b0;  1 drivers
v0x5ce4d11f2570_0 .net "_tmp_155", 0 0, L_0x5ce4d1272da0;  1 drivers
v0x5ce4d11f2610_0 .net "_tmp_164", 0 0, L_0x5ce4d1275c30;  1 drivers
v0x5ce4d11f26b0_0 .net "_tmp_178", 0 0, L_0x5ce4d12777e0;  1 drivers
v0x5ce4d11f2750_0 .net "_tmp_186", 0 0, L_0x5ce4d12787b0;  1 drivers
v0x5ce4d11f27f0_0 .net "_tmp_195", 0 0, L_0x5ce4d127ad00;  1 drivers
v0x5ce4d11f2890_0 .net "_tmp_209", 0 0, L_0x5ce4d127ebb0;  1 drivers
v0x5ce4d11f2930_0 .net "_tmp_217", 0 0, L_0x5ce4d1284a50;  1 drivers
v0x5ce4d11f29d0_0 .net "_tmp_86", 0 0, L_0x5ce4d1263af0;  1 drivers
v0x5ce4d11f2a70_0 .var "addr_0", 31 0;
v0x5ce4d11f2b10_0 .var "axi_m_dram_araddr", 31 0;
v0x5ce4d11f2bb0_0 .net "axi_m_dram_arburst", 1 0, L_0x1171e29591e0;  alias, 1 drivers
v0x5ce4d11f2c50_0 .net "axi_m_dram_arcache", 3 0, L_0x1171e2959270;  alias, 1 drivers
v0x5ce4d11f2cf0_0 .var "axi_m_dram_arid", 3 0;
v0x5ce4d11f2d90_0 .var "axi_m_dram_arlen", 7 0;
v0x5ce4d11f2e30_0 .net "axi_m_dram_arlock", 0 0, L_0x1171e2959228;  alias, 1 drivers
v0x5ce4d11f2ed0_0 .net "axi_m_dram_arprot", 2 0, L_0x1171e29592b8;  alias, 1 drivers
v0x5ce4d11f2f70_0 .net "axi_m_dram_arqos", 3 0, L_0x1171e2959300;  alias, 1 drivers
v0x5ce4d11f3010_0 .net "axi_m_dram_arready", 0 0, v0x5ce4d120acc0_0;  1 drivers
v0x5ce4d11f30b0_0 .net "axi_m_dram_arsize", 2 0, L_0x1171e2959198;  alias, 1 drivers
v0x5ce4d11f3150_0 .net "axi_m_dram_aruser", 1 0, L_0x1171e2959348;  alias, 1 drivers
v0x5ce4d11f31f0_0 .var "axi_m_dram_arvalid", 0 0;
v0x5ce4d11f3290_0 .var "axi_m_dram_awaddr", 31 0;
v0x5ce4d11f3330_0 .net "axi_m_dram_awburst", 1 0, L_0x1171e2958fa0;  alias, 1 drivers
v0x5ce4d11f33d0_0 .net "axi_m_dram_awcache", 3 0, L_0x1171e2959030;  alias, 1 drivers
v0x5ce4d11de0e0_0 .var "axi_m_dram_awid", 3 0;
v0x5ce4d11de1c0_0 .var "axi_m_dram_awlen", 7 0;
v0x5ce4d11de2a0_0 .net "axi_m_dram_awlock", 0 0, L_0x1171e2958fe8;  alias, 1 drivers
v0x5ce4d11de380_0 .net "axi_m_dram_awprot", 2 0, L_0x1171e2959078;  alias, 1 drivers
v0x5ce4d11de460_0 .net "axi_m_dram_awqos", 3 0, L_0x1171e29590c0;  alias, 1 drivers
v0x5ce4d11de540_0 .net "axi_m_dram_awready", 0 0, v0x5ce4d120b440_0;  1 drivers
v0x5ce4d11de600_0 .net "axi_m_dram_awsize", 2 0, L_0x1171e2958f58;  alias, 1 drivers
v0x5ce4d11de6e0_0 .net "axi_m_dram_awuser", 1 0, L_0x1171e2959108;  alias, 1 drivers
v0x5ce4d11de7c0_0 .var "axi_m_dram_awvalid", 0 0;
v0x5ce4d11de880_0 .net "axi_m_dram_bid", 3 0, v0x5ce4d120b6c0_0;  1 drivers
v0x5ce4d11de960_0 .net "axi_m_dram_bready", 0 0, L_0x1171e2959150;  alias, 1 drivers
v0x5ce4d11dea20_0 .net "axi_m_dram_bresp", 1 0, v0x5ce4d120b800_0;  1 drivers
v0x5ce4d11deb00_0 .net "axi_m_dram_bvalid", 0 0, v0x5ce4d120b8a0_0;  1 drivers
v0x5ce4d11debc0_0 .net "axi_m_dram_rdata", 63 0, v0x5ce4d120b940_0;  1 drivers
v0x5ce4d11deca0_0 .net "axi_m_dram_rid", 3 0, v0x5ce4d120b9e0_0;  1 drivers
v0x5ce4d11ded80_0 .net "axi_m_dram_rlast", 0 0, v0x5ce4d120ba80_0;  1 drivers
v0x5ce4d11dee40_0 .net "axi_m_dram_rready", 0 0, L_0x5ce4d124a490;  alias, 1 drivers
v0x5ce4d11def00_0 .net "axi_m_dram_rresp", 1 0, v0x5ce4d120bbc0_0;  1 drivers
v0x5ce4d11defe0_0 .net "axi_m_dram_rvalid", 0 0, v0x5ce4d120bc60_0;  1 drivers
v0x5ce4d11df0a0_0 .net "axi_m_dram_wdata", 63 0, L_0x5ce4d1248e70;  alias, 1 drivers
v0x5ce4d11df180_0 .net "axi_m_dram_wlast", 0 0, L_0x5ce4d1249080;  alias, 1 drivers
v0x5ce4d11df240_0 .net "axi_m_dram_wready", 0 0, v0x5ce4d120be40_0;  1 drivers
v0x5ce4d11df300_0 .net "axi_m_dram_wstrb", 7 0, L_0x5ce4d1248fc0;  alias, 1 drivers
v0x5ce4d11df3e0_0 .net "axi_m_dram_wvalid", 0 0, v0x5ce4d11f2250_0;  alias, 1 drivers
v0x5ce4d11df4a0_0 .net "axi_s_ctrl_spm_araddr", 31 0, v0x5ce4d120c020_0;  1 drivers
v0x5ce4d11df580_0 .net "axi_s_ctrl_spm_arcache", 3 0, v0x5ce4d120c0c0_0;  1 drivers
v0x5ce4d11df660_0 .net "axi_s_ctrl_spm_arprot", 2 0, v0x5ce4d120c160_0;  1 drivers
v0x5ce4d11df740_0 .net "axi_s_ctrl_spm_arready", 0 0, L_0x5ce4d123edc0;  alias, 1 drivers
v0x5ce4d11df800_0 .net "axi_s_ctrl_spm_arvalid", 0 0, v0x5ce4d120c2a0_0;  1 drivers
v0x5ce4d11df8c0_0 .net "axi_s_ctrl_spm_awaddr", 31 0, v0x5ce4d120c340_0;  1 drivers
v0x5ce4d11df9a0_0 .net "axi_s_ctrl_spm_awcache", 3 0, v0x5ce4d120c3e0_0;  1 drivers
v0x5ce4d11dfa80_0 .net "axi_s_ctrl_spm_awprot", 2 0, v0x5ce4d120c480_0;  1 drivers
v0x5ce4d11dfb60_0 .net "axi_s_ctrl_spm_awready", 0 0, L_0x5ce4d123e570;  alias, 1 drivers
v0x5ce4d11dfc20_0 .net "axi_s_ctrl_spm_awvalid", 0 0, v0x5ce4d120c5c0_0;  1 drivers
v0x5ce4d11dfce0_0 .net "axi_s_ctrl_spm_bready", 0 0, v0x5ce4d120c660_0;  1 drivers
v0x5ce4d11dfda0_0 .net "axi_s_ctrl_spm_bresp", 1 0, L_0x1171e2957f50;  alias, 1 drivers
v0x5ce4d11dfe80_0 .var "axi_s_ctrl_spm_bvalid", 0 0;
v0x5ce4d11dff40_0 .var "axi_s_ctrl_spm_rdata", 63 0;
v0x5ce4d11e0020_0 .net "axi_s_ctrl_spm_rready", 0 0, v0x5ce4d120c8e0_0;  1 drivers
v0x5ce4d11f7480_0 .net "axi_s_ctrl_spm_rresp", 1 0, L_0x1171e2957f98;  alias, 1 drivers
v0x5ce4d11f7520_0 .var "axi_s_ctrl_spm_rvalid", 0 0;
v0x5ce4d11f75c0_0 .net "axi_s_ctrl_spm_wdata", 63 0, v0x5ce4d120cac0_0;  1 drivers
v0x5ce4d11f7660_0 .net "axi_s_ctrl_spm_wready", 0 0, L_0x5ce4d1247920;  alias, 1 drivers
v0x5ce4d11f7700_0 .net "axi_s_ctrl_spm_wstrb", 7 0, v0x5ce4d120cc00_0;  1 drivers
v0x5ce4d11f77a0_0 .net "axi_s_ctrl_spm_wvalid", 0 0, v0x5ce4d120cca0_0;  1 drivers
v0x5ce4d11f7840_0 .net "axis_in_axim_spm_tdata", 127 0, v0x5ce4d120cf20_0;  1 drivers
v0x5ce4d11f78e0_0 .net "axis_in_axim_spm_tlast", 0 0, v0x5ce4d120cfc0_0;  1 drivers
v0x5ce4d11f7980_0 .net "axis_in_axim_spm_tready", 0 0, L_0x5ce4d1276bf0;  alias, 1 drivers
v0x5ce4d11f7a20_0 .net "axis_in_axim_spm_tvalid", 0 0, v0x5ce4d120d100_0;  1 drivers
v0x5ce4d11f7ac0_0 .net "axis_in_xored_spm_tdata", 127 0, v0x5ce4d120d1a0_0;  1 drivers
v0x5ce4d11f7b60_0 .net "axis_in_xored_spm_tlast", 0 0, v0x5ce4d120d240_0;  1 drivers
v0x5ce4d11f7c00_0 .net "axis_in_xored_spm_tready", 0 0, L_0x5ce4d127dd30;  alias, 1 drivers
v0x5ce4d11f7ca0_0 .net "axis_in_xored_spm_tvalid", 0 0, v0x5ce4d120d380_0;  1 drivers
v0x5ce4d11f7d40_0 .var "axis_maskaddr_5", 2 0;
v0x5ce4d11f7de0_0 .var "axis_out_axim_spm_tdata", 127 0;
v0x5ce4d11f7e80_0 .var "axis_out_axim_spm_tlast", 0 0;
v0x5ce4d11f7f20_0 .net "axis_out_axim_spm_tready", 0 0, v0x5ce4d120d560_0;  1 drivers
v0x5ce4d11f7fc0_0 .var "axis_out_axim_spm_tvalid", 0 0;
v0x5ce4d11f8060_0 .var "axis_out_mac_spm_tdata", 127 0;
v0x5ce4d11f8100_0 .var "axis_out_mac_spm_tlast", 0 0;
v0x5ce4d11f81a0_0 .net "axis_out_mac_spm_tready", 0 0, v0x5ce4d120d7e0_0;  1 drivers
v0x5ce4d11f8240_0 .var "axis_out_mac_spm_tvalid", 0 0;
v0x5ce4d11f82e0_0 .var "axis_out_xored_spm_tdata", 127 0;
v0x5ce4d11f8380_0 .var "axis_out_xored_spm_tlast", 0 0;
v0x5ce4d11f8420_0 .net "axis_out_xored_spm_tready", 0 0, v0x5ce4d120da60_0;  1 drivers
v0x5ce4d11f84c0_0 .var "axis_out_xored_spm_tvalid", 0 0;
v0x5ce4d11f8560_0 .net "axislite_flag_7", 0 0, L_0x5ce4d1244810;  1 drivers
v0x5ce4d11f8600_0 .net/s "axislite_rdata_6", 63 0, L_0x5ce4d1241340;  1 drivers
v0x5ce4d11f86a0_0 .net/s "axislite_resetval_8", 63 0, L_0x5ce4d12477e0;  1 drivers
v0x5ce4d11f8740_0 .var "count__axi_m_dram_read_req_fifo", 3 0;
v0x5ce4d11f87e0_0 .var "count__axi_m_dram_write_req_fifo", 3 0;
v0x5ce4d11f8880_0 .var "count__axis_in_axim_spm_read_req_fifo", 3 0;
v0x5ce4d11f8920_0 .var "count__axis_in_xored_spm_read_req_fifo", 3 0;
v0x5ce4d11f89c0_0 .var "count__axis_out_axim_spm_write_req_fifo", 3 0;
v0x5ce4d11f8a60_0 .var "count__axis_out_mac_spm_write_req_fifo", 3 0;
v0x5ce4d11f8b00_0 .var "count__axis_out_xored_spm_write_req_fifo", 3 0;
v0x5ce4d11f8ba0_0 .var "destination_72", 63 0;
v0x5ce4d11f8c40_0 .var "direction_71", 63 0;
v0x5ce4d11f8ce0_0 .var "dram_addr_69", 63 0;
v0x5ce4d11f8d80_0 .net "mask_addr_masked_104", 31 0, L_0x5ce4d1266c80;  1 drivers
v0x5ce4d11f8e20_0 .net "mask_addr_masked_114", 31 0, L_0x5ce4d12675c0;  1 drivers
v0x5ce4d11f8ec0_0 .net "mask_addr_masked_116", 31 0, L_0x5ce4d1268170;  1 drivers
v0x5ce4d11f8f60_0 .net "mask_addr_masked_118", 31 0, L_0x5ce4d1268580;  1 drivers
v0x5ce4d11f9000_0 .net "mask_addr_masked_120", 31 0, L_0x5ce4d1268a00;  1 drivers
v0x5ce4d11f90a0_0 .net "mask_addr_masked_122", 31 0, L_0x5ce4d1268e80;  1 drivers
v0x5ce4d11f9140_0 .net "mask_addr_masked_124", 31 0, L_0x5ce4d12692c0;  1 drivers
v0x5ce4d11f91e0_0 .net "mask_addr_masked_78", 31 0, L_0x5ce4d12612c0;  1 drivers
v0x5ce4d11f9280_0 .net "mask_addr_masked_88", 31 0, L_0x5ce4d1263ef0;  1 drivers
v0x5ce4d11f9320_0 .net "mask_addr_masked_90", 31 0, L_0x5ce4d12648a0;  1 drivers
v0x5ce4d11f93c0_0 .net "mask_addr_masked_92", 31 0, L_0x5ce4d12645e0;  1 drivers
v0x5ce4d11f9460_0 .net "mask_addr_masked_94", 31 0, L_0x5ce4d1264ad0;  1 drivers
v0x5ce4d11f9500_0 .net "mask_addr_masked_96", 31 0, L_0x5ce4d12655d0;  1 drivers
v0x5ce4d11f95a0_0 .net "mask_addr_masked_98", 31 0, L_0x5ce4d1265350;  1 drivers
v0x5ce4d11f9640_0 .net "mask_addr_shifted_103", 31 0, L_0x5ce4d1267200;  1 drivers
v0x5ce4d11f96e0_0 .net "mask_addr_shifted_113", 31 0, L_0x5ce4d1267390;  1 drivers
v0x5ce4d11f9780_0 .net "mask_addr_shifted_115", 31 0, L_0x5ce4d12677f0;  1 drivers
v0x5ce4d11f9820_0 .net "mask_addr_shifted_117", 31 0, L_0x5ce4d1268350;  1 drivers
v0x5ce4d11f98c0_0 .net "mask_addr_shifted_119", 31 0, L_0x5ce4d1268820;  1 drivers
v0x5ce4d11f9960_0 .net "mask_addr_shifted_121", 31 0, L_0x5ce4d1268be0;  1 drivers
v0x5ce4d11f9a00_0 .net "mask_addr_shifted_123", 31 0, L_0x5ce4d1269060;  1 drivers
v0x5ce4d11f9aa0_0 .net "mask_addr_shifted_77", 31 0, L_0x5ce4d12610e0;  1 drivers
v0x5ce4d11f9b40_0 .net "mask_addr_shifted_87", 31 0, L_0x5ce4d1263c30;  1 drivers
v0x5ce4d11f9be0_0 .net "mask_addr_shifted_89", 31 0, L_0x5ce4d1264120;  1 drivers
v0x5ce4d11f9c80_0 .net "mask_addr_shifted_91", 31 0, L_0x5ce4d12643b0;  1 drivers
v0x5ce4d11f9d20_0 .net "mask_addr_shifted_93", 31 0, L_0x5ce4d1264f90;  1 drivers
v0x5ce4d11f9dc0_0 .net "mask_addr_shifted_95", 31 0, L_0x5ce4d1264cb0;  1 drivers
v0x5ce4d11f9e60_0 .net "mask_addr_shifted_97", 31 0, L_0x5ce4d1265120;  1 drivers
v0x5ce4d11f9f00_0 .net "pack_read_req_local_addr_159", 31 0, L_0x5ce4d1274b10;  1 drivers
v0x5ce4d11f9fa0_0 .net "pack_read_req_local_addr_190", 31 0, L_0x5ce4d1279d00;  1 drivers
v0x5ce4d11fa040_0 .net "pack_read_req_local_addr_80", 31 0, v0x5ce4d0fed7f0_0;  1 drivers
v0x5ce4d11fa0e0_0 .net "pack_read_req_local_blocksize_83", 31 0, v0x5ce4d0fed5e0_0;  1 drivers
L_0x1171e295c510 .functor BUFT 1, C4<000000000000000000000000000001000>, C4<0>, C4<0>, C4<0>;
v0x5ce4d11fa180_0 .net "pack_read_req_local_size_161", 32 0, L_0x1171e295c510;  1 drivers
L_0x1171e295cf30 .functor BUFT 1, C4<000000000000000000000000000001000>, C4<0>, C4<0>, C4<0>;
v0x5ce4d11fa220_0 .net "pack_read_req_local_size_192", 32 0, L_0x1171e295cf30;  1 drivers
v0x5ce4d11fa2c0_0 .net "pack_read_req_local_size_82", 32 0, v0x5ce4d0fecb10_0;  1 drivers
L_0x1171e295c4c8 .functor BUFT 1, C4<00000000000000000000000000000001>, C4<0>, C4<0>, C4<0>;
v0x5ce4d11fa360_0 .net "pack_read_req_local_stride_160", 31 0, L_0x1171e295c4c8;  1 drivers
L_0x1171e295cee8 .functor BUFT 1, C4<00000000000000000000000000000001>, C4<0>, C4<0>, C4<0>;
v0x5ce4d11fa400_0 .net "pack_read_req_local_stride_191", 31 0, L_0x1171e295cee8;  1 drivers
v0x5ce4d11fa4a0_0 .net "pack_read_req_local_stride_81", 31 0, v0x5ce4d0fecbb0_0;  1 drivers
L_0x1171e295c438 .functor BUFT 1, C4<00000001>, C4<0>, C4<0>, C4<0>;
v0x5ce4d11fa540_0 .net "pack_read_req_op_sel_158", 7 0, L_0x1171e295c438;  1 drivers
L_0x1171e295ce58 .functor BUFT 1, C4<00000001>, C4<0>, C4<0>, C4<0>;
v0x5ce4d11fa5e0_0 .net "pack_read_req_op_sel_189", 7 0, L_0x1171e295ce58;  1 drivers
v0x5ce4d11fa680_0 .net "pack_read_req_op_sel_79", 7 0, v0x5ce4d0fdffe0_0;  1 drivers
v0x5ce4d11fa720_0 .net "pack_read_req_packed_162", 104 0, L_0x5ce4d1274c00;  1 drivers
v0x5ce4d11fa7c0_0 .net "pack_read_req_packed_193", 104 0, L_0x5ce4d1279df0;  1 drivers
v0x5ce4d11fa860_0 .net "pack_read_req_packed_84", 136 0, L_0x5ce4d1262510;  1 drivers
v0x5ce4d11fa900_0 .net "pack_write_req_local_addr_106", 31 0, L_0x5ce4d12678e0;  1 drivers
v0x5ce4d11fa9a0_0 .net "pack_write_req_local_addr_126", 31 0, L_0x5ce4d1269be0;  1 drivers
v0x5ce4d11faa40_0 .net "pack_write_req_local_addr_142", 31 0, L_0x5ce4d12720a0;  1 drivers
v0x5ce4d11faae0_0 .net "pack_write_req_local_addr_173", 31 0, L_0x5ce4d1276e40;  1 drivers
v0x5ce4d11fab80_0 .net "pack_write_req_local_addr_204", 31 0, L_0x5ce4d127c580;  1 drivers
v0x5ce4d11fac20_0 .net "pack_write_req_local_blocksize_109", 31 0, L_0x5ce4d1267a30;  1 drivers
v0x5ce4d11facc0_0 .net "pack_write_req_local_blocksize_129", 31 0, L_0x5ce4d126a420;  1 drivers
L_0x1171e295c048 .functor BUFT 1, C4<000000000000000000000000000001000>, C4<0>, C4<0>, C4<0>;
v0x5ce4d11fad60_0 .net "pack_write_req_local_size_144", 32 0, L_0x1171e295c048;  1 drivers
L_0x1171e295ca68 .functor BUFT 1, C4<000000000000000000000000000001000>, C4<0>, C4<0>, C4<0>;
v0x5ce4d11fae00_0 .net "pack_write_req_local_size_175", 32 0, L_0x1171e295ca68;  1 drivers
L_0x1171e295d7a0 .functor BUFT 1, C4<000000000000000000000000000001000>, C4<0>, C4<0>, C4<0>;
v0x5ce4d11faea0_0 .net "pack_write_req_local_size_206", 32 0, L_0x1171e295d7a0;  1 drivers
v0x5ce4d11faf40_0 .net "pack_write_req_local_stride_107", 31 0, L_0x5ce4d1267950;  1 drivers
v0x5ce4d11fafe0_0 .net "pack_write_req_local_stride_127", 31 0, L_0x5ce4d1269fc0;  1 drivers
L_0x1171e295c000 .functor BUFT 1, C4<00000000000000000000000000000001>, C4<0>, C4<0>, C4<0>;
v0x5ce4d11fb080_0 .net "pack_write_req_local_stride_143", 31 0, L_0x1171e295c000;  1 drivers
L_0x1171e295ca20 .functor BUFT 1, C4<00000000000000000000000000000001>, C4<0>, C4<0>, C4<0>;
v0x5ce4d11fb120_0 .net "pack_write_req_local_stride_174", 31 0, L_0x1171e295ca20;  1 drivers
L_0x1171e295d758 .functor BUFT 1, C4<00000000000000000000000000000001>, C4<0>, C4<0>, C4<0>;
v0x5ce4d11fb1c0_0 .net "pack_write_req_local_stride_205", 31 0, L_0x1171e295d758;  1 drivers
v0x5ce4d11fb260_0 .net "pack_write_req_op_sel_105", 7 0, L_0x5ce4d1266dc0;  1 drivers
v0x5ce4d11fb300_0 .net "pack_write_req_op_sel_125", 7 0, L_0x5ce4d1269b20;  1 drivers
L_0x1171e295bf70 .functor BUFT 1, C4<00000001>, C4<0>, C4<0>, C4<0>;
v0x5ce4d11fb3a0_0 .net "pack_write_req_op_sel_141", 7 0, L_0x1171e295bf70;  1 drivers
L_0x1171e295c990 .functor BUFT 1, C4<00000001>, C4<0>, C4<0>, C4<0>;
v0x5ce4d11fb440_0 .net "pack_write_req_op_sel_172", 7 0, L_0x1171e295c990;  1 drivers
L_0x1171e295d6c8 .functor BUFT 1, C4<00000001>, C4<0>, C4<0>, C4<0>;
v0x5ce4d11fb4e0_0 .net "pack_write_req_op_sel_203", 7 0, L_0x1171e295d6c8;  1 drivers
v0x5ce4d11fb580_0 .net "pack_write_req_packed_110", 136 0, L_0x5ce4d1267db0;  1 drivers
v0x5ce4d11fb620_0 .net "pack_write_req_packed_130", 136 0, L_0x5ce4d126a4e0;  1 drivers
v0x5ce4d11fb6c0_0 .net "pack_write_req_packed_145", 104 0, L_0x5ce4d1272190;  1 drivers
v0x5ce4d11fb760_0 .net "pack_write_req_packed_176", 104 0, L_0x5ce4d1276f30;  1 drivers
v0x5ce4d11fb800_0 .net "pack_write_req_packed_207", 104 0, L_0x5ce4d127c670;  1 drivers
v0x5ce4d11fb8a0_0 .net "pack_write_req_size_108", 32 0, v0x5ce4d0fc2210_0;  1 drivers
v0x5ce4d11fb940_0 .net "pack_write_req_size_128", 32 0, v0x5ce4d0fd0b50_0;  1 drivers
v0x5ce4d11fb9e0_0 .var "prev_arvalid_4", 0 0;
v0x5ce4d11fba80_0 .var "prev_awvalid_3", 0 0;
v0x5ce4d11fbb20_0 .net "ram_spm_0_addr", 8 0, L_0x5ce4d1281f50;  1 drivers
v0x5ce4d11fbbc0_0 .net "ram_spm_0_enable", 0 0, L_0x5ce4d1285ea0;  1 drivers
v0x5ce4d11fbc60_0 .net "ram_spm_0_rdata", 63 0, v0x5ce4d10140c0_0;  1 drivers
v0x5ce4d11fbd00_0 .net "ram_spm_0_wdata", 63 0, L_0x5ce4d127bdc0;  1 drivers
v0x5ce4d11fbda0_0 .net "ram_spm_0_wenable", 0 0, L_0x5ce4d127cfc0;  1 drivers
v0x5ce4d11fbe40_0 .net "ram_spm_1_addr", 8 0, v0x5ce4d1210da0_0;  1 drivers
v0x5ce4d11fbee0_0 .net "ram_spm_1_enable", 0 0, v0x5ce4d1210e40_0;  1 drivers
v0x5ce4d11fbf80_0 .net "ram_spm_1_rdata", 63 0, L_0x5ce4d1261590;  alias, 1 drivers
v0x5ce4d11fc020_0 .net "ram_spm_1_wdata", 63 0, v0x5ce4d1210f80_0;  1 drivers
v0x5ce4d11fc0c0_0 .net "ram_spm_1_wenable", 0 0, v0x5ce4d1211020_0;  1 drivers
v0x5ce4d11fc160_0 .var "read_burst_addr_133", 8 0;
v0x5ce4d11fc200_0 .var "read_burst_addr_149", 8 0;
v0x5ce4d11fc2a0_0 .var "read_burst_addr_180", 8 0;
v0x5ce4d11fc340_0 .var "read_burst_addr_211", 8 0;
v0x5ce4d11fc3e0_0 .var "read_burst_fsm_1", 31 0;
v0x5ce4d11fc480_0 .var "read_burst_fsm_2", 31 0;
v0x5ce4d11fc520_0 .var "read_burst_fsm_4", 31 0;
v0x5ce4d11fc5c0_0 .var "read_burst_fsm_6", 31 0;
v0x5ce4d11fc660_0 .var "read_burst_length_135", 32 0;
v0x5ce4d11fc700_0 .var "read_burst_length_151", 32 0;
v0x5ce4d11fc7a0_0 .var "read_burst_length_182", 32 0;
v0x5ce4d11fc840_0 .var "read_burst_length_213", 32 0;
v0x5ce4d11fc8e0_0 .net "read_burst_rdata_140", 63 0, L_0x5ce4d1270430;  1 drivers
v0x5ce4d11fc980_0 .net "read_burst_rdata_156", 63 0, L_0x5ce4d1274830;  1 drivers
v0x5ce4d11fca20_0 .net "read_burst_rdata_187", 63 0, L_0x5ce4d12788c0;  1 drivers
v0x5ce4d11fcac0_0 .net "read_burst_rdata_218", 63 0, L_0x5ce4d1285390;  1 drivers
v0x5ce4d11fcb60_0 .var "read_burst_rlast_137", 0 0;
v0x5ce4d11fcc00_0 .var "read_burst_rlast_153", 0 0;
v0x5ce4d11fcca0_0 .var "read_burst_rlast_184", 0 0;
v0x5ce4d11fcd40_0 .var "read_burst_rlast_215", 0 0;
v0x5ce4d11fcde0_0 .var "read_burst_rvalid_136", 0 0;
v0x5ce4d11fce80_0 .var "read_burst_rvalid_152", 0 0;
v0x5ce4d11fcf20_0 .var "read_burst_rvalid_183", 0 0;
v0x5ce4d11fcfc0_0 .var "read_burst_rvalid_214", 0 0;
v0x5ce4d11fd060_0 .var "read_burst_stride_134", 8 0;
v0x5ce4d11fd100_0 .var "read_burst_stride_150", 8 0;
v0x5ce4d11fd1a0_0 .var "read_burst_stride_181", 8 0;
v0x5ce4d11fd240_0 .var "read_burst_stride_212", 8 0;
v0x5ce4d11fd2e0_0 .var "readvalid_2", 0 0;
v0x5ce4d11fd380_0 .var "size_73", 63 0;
v0x5ce4d11fd420_0 .var "spm_addr_70", 63 0;
v0x5ce4d11fd4c0_0 .var "spm_thread", 31 0;
v0x5ce4d11fd560_0 .net "unpack_read_req_local_addr_40", 31 0, L_0x5ce4d124c990;  1 drivers
v0x5ce4d11fd600_0 .net "unpack_read_req_local_addr_58", 31 0, L_0x5ce4d1259960;  1 drivers
v0x5ce4d11fd6a0_0 .net "unpack_read_req_local_addr_66", 31 0, L_0x5ce4d1260710;  1 drivers
v0x5ce4d11fd740_0 .net "unpack_read_req_local_blocksize_43", 31 0, L_0x5ce4d124ce80;  1 drivers
v0x5ce4d11fd7e0_0 .net "unpack_read_req_local_size_42", 32 0, L_0x5ce4d124cde0;  1 drivers
v0x5ce4d11fd880_0 .net "unpack_read_req_local_size_60", 32 0, L_0x5ce4d1259f10;  1 drivers
v0x5ce4d11fd920_0 .net "unpack_read_req_local_size_68", 32 0, L_0x5ce4d12602f0;  1 drivers
v0x5ce4d11fd9c0_0 .net "unpack_read_req_local_stride_41", 31 0, L_0x5ce4d124ca30;  1 drivers
v0x5ce4d11fda60_0 .net "unpack_read_req_local_stride_59", 31 0, L_0x5ce4d1259a90;  1 drivers
v0x5ce4d11fdb00_0 .net "unpack_read_req_local_stride_67", 31 0, L_0x5ce4d1260840;  1 drivers
v0x5ce4d11fdba0_0 .net "unpack_read_req_op_sel_39", 7 0, L_0x5ce4d124c5f0;  1 drivers
v0x5ce4d11fdc40_0 .net "unpack_read_req_op_sel_57", 7 0, L_0x5ce4d12594f0;  1 drivers
v0x5ce4d11fdce0_0 .net "unpack_read_req_op_sel_65", 7 0, L_0x5ce4d1260250;  1 drivers
v0x5ce4d11fdd80_0 .net "unpack_write_req_local_addr_45", 31 0, L_0x5ce4d1250060;  1 drivers
v0x5ce4d11fde20_0 .net "unpack_write_req_local_addr_50", 31 0, L_0x5ce4d1253a70;  1 drivers
v0x5ce4d11fdec0_0 .net "unpack_write_req_local_addr_54", 31 0, L_0x5ce4d1256960;  1 drivers
v0x5ce4d11fdf60_0 .net "unpack_write_req_local_addr_62", 31 0, L_0x5ce4d125d1c0;  1 drivers
v0x5ce4d11fe000_0 .net "unpack_write_req_local_blocksize_48", 31 0, L_0x5ce4d1250620;  1 drivers
v0x5ce4d11fe0a0_0 .net "unpack_write_req_local_size_52", 32 0, L_0x5ce4d1253fd0;  1 drivers
v0x5ce4d11fe140_0 .net "unpack_write_req_local_size_56", 32 0, L_0x5ce4d1256ee0;  1 drivers
v0x5ce4d11fe1e0_0 .net "unpack_write_req_local_size_64", 32 0, L_0x5ce4d125d790;  1 drivers
v0x5ce4d11fe280_0 .net "unpack_write_req_local_stride_46", 31 0, L_0x5ce4d1250190;  1 drivers
v0x5ce4d11fe320_0 .net "unpack_write_req_local_stride_51", 31 0, L_0x5ce4d1253ba0;  1 drivers
v0x5ce4d11fe3c0_0 .net "unpack_write_req_local_stride_55", 31 0, L_0x5ce4d1256e40;  1 drivers
v0x5ce4d11fe460_0 .net "unpack_write_req_local_stride_63", 31 0, L_0x5ce4d125d6f0;  1 drivers
v0x5ce4d11fe500_0 .net "unpack_write_req_op_sel_44", 7 0, L_0x5ce4d124fc80;  1 drivers
v0x5ce4d11fe5a0_0 .net "unpack_write_req_op_sel_49", 7 0, L_0x5ce4d1253650;  1 drivers
v0x5ce4d11fe640_0 .net "unpack_write_req_op_sel_53", 7 0, L_0x5ce4d12568c0;  1 drivers
v0x5ce4d11fe6e0_0 .net "unpack_write_req_op_sel_61", 7 0, L_0x5ce4d125d120;  1 drivers
v0x5ce4d11fe780_0 .net "unpack_write_req_size_47", 32 0, L_0x5ce4d1250580;  1 drivers
v0x5ce4d11fe820_0 .var "write_burst_addr_168", 8 0;
v0x5ce4d11fe8c0_0 .var "write_burst_addr_199", 8 0;
v0x5ce4d11fe960_0 .var "write_burst_addr_99", 8 0;
v0x5ce4d11fea00_0 .var "write_burst_done_102", 0 0;
v0x5ce4d11feaa0_0 .var "write_burst_done_171", 0 0;
v0x5ce4d11feb40_0 .var "write_burst_done_202", 0 0;
v0x5ce4d11febe0_0 .var "write_burst_fsm_0", 31 0;
v0x5ce4d11fec80_0 .var "write_burst_fsm_3", 31 0;
v0x5ce4d11fed20_0 .var "write_burst_fsm_5", 31 0;
v0x5ce4d11fedc0_0 .var "write_burst_length_101", 32 0;
v0x5ce4d11fee60_0 .var "write_burst_length_170", 32 0;
v0x5ce4d11fef00_0 .var "write_burst_length_201", 32 0;
v0x5ce4d11fefa0_0 .var "write_burst_stride_100", 8 0;
v0x5ce4d11ff040_0 .var "write_burst_stride_169", 8 0;
v0x5ce4d11ff0e0_0 .var "write_burst_stride_200", 8 0;
v0x5ce4d11ff180_0 .var "writevalid_1", 0 0;
L_0x5ce4d123e060 .cmp/eq 32, v0x5ce4d1057de0_0, L_0x1171e2957fe0;
L_0x5ce4d123e100 .reduce/nor v0x5ce4d11ff180_0;
L_0x5ce4d123e1a0 .reduce/nor v0x5ce4d11fd2e0_0;
L_0x5ce4d123e300 .reduce/nor v0x5ce4d11dfe80_0;
L_0x5ce4d123e680 .cmp/eq 32, v0x5ce4d1057de0_0, L_0x1171e2958028;
L_0x5ce4d123e7c0 .reduce/nor v0x5ce4d11fd2e0_0;
L_0x5ce4d123e8b0 .reduce/nor v0x5ce4d11ff180_0;
L_0x5ce4d123eb70 .reduce/nor v0x5ce4d11fba80_0;
L_0x5ce4d123ef20 .concat [ 3 29 0 0], v0x5ce4d11f7d40_0, L_0x1171e2958070;
L_0x5ce4d123f010 .cmp/eq 32, L_0x5ce4d123ef20, L_0x1171e29580b8;
L_0x5ce4d123f1b0 .concat [ 3 29 0 0], v0x5ce4d11f7d40_0, L_0x1171e2958100;
L_0x5ce4d123f2a0 .cmp/eq 32, L_0x5ce4d123f1b0, L_0x1171e2958148;
L_0x5ce4d123f450 .concat [ 3 29 0 0], v0x5ce4d11f7d40_0, L_0x1171e2958190;
L_0x5ce4d123f540 .cmp/eq 32, L_0x5ce4d123f450, L_0x1171e29581d8;
L_0x5ce4d123f700 .concat [ 3 29 0 0], v0x5ce4d11f7d40_0, L_0x1171e2958220;
L_0x5ce4d123f830 .cmp/eq 32, L_0x5ce4d123f700, L_0x1171e2958268;
L_0x5ce4d123fa00 .concat [ 3 29 0 0], v0x5ce4d11f7d40_0, L_0x1171e29582b0;
L_0x5ce4d123faf0 .cmp/eq 32, L_0x5ce4d123fa00, L_0x1171e29582f8;
L_0x5ce4d123fcd0 .concat [ 3 29 0 0], v0x5ce4d11f7d40_0, L_0x1171e2958340;
L_0x5ce4d123fdc0 .cmp/eq 32, L_0x5ce4d123fcd0, L_0x1171e2958388;
L_0x5ce4d123fc30 .concat [ 3 29 0 0], v0x5ce4d11f7d40_0, L_0x1171e29583d0;
L_0x5ce4d1240810 .cmp/eq 32, L_0x5ce4d123fc30, L_0x1171e2958418;
L_0x5ce4d12409c0 .functor MUXZ 64, L_0x1171e2958460, v0x5ce4d1057d00_0, L_0x5ce4d1240810, C4<>;
L_0x5ce4d1240b00 .functor MUXZ 64, L_0x5ce4d12409c0, v0x5ce4d106c590_0, L_0x5ce4d123fdc0, C4<>;
L_0x5ce4d1240d10 .functor MUXZ 64, L_0x5ce4d1240b00, v0x5ce4d106c4b0_0, L_0x5ce4d123faf0, C4<>;
L_0x5ce4d1240e50 .functor MUXZ 64, L_0x5ce4d1240d10, v0x5ce4d1087e60_0, L_0x5ce4d123f830, C4<>;
L_0x5ce4d1241070 .functor MUXZ 64, L_0x5ce4d1240e50, v0x5ce4d1087d80_0, L_0x5ce4d123f540, C4<>;
L_0x5ce4d12411b0 .functor MUXZ 64, L_0x5ce4d1241070, v0x5ce4d10dbb60_0, L_0x5ce4d123f2a0, C4<>;
L_0x5ce4d1241340 .functor MUXZ 64, L_0x5ce4d12411b0, v0x5ce4d10dba80_0, L_0x5ce4d123f010, C4<>;
L_0x5ce4d1241480 .concat [ 3 29 0 0], v0x5ce4d11f7d40_0, L_0x1171e29584a8;
L_0x5ce4d1241670 .cmp/eq 32, L_0x5ce4d1241480, L_0x1171e29584f0;
L_0x5ce4d12417b0 .concat [ 1 3 0 0], v0x5ce4d0fbc140_0, L_0x1171e2958538;
L_0x5ce4d12419b0 .concat [ 3 29 0 0], v0x5ce4d11f7d40_0, L_0x1171e2958580;
L_0x5ce4d1241aa0 .cmp/eq 32, L_0x5ce4d12419b0, L_0x1171e29585c8;
L_0x5ce4d1241d00 .concat [ 1 3 0 0], v0x5ce4d0fbc200_0, L_0x1171e2958610;
L_0x5ce4d1241df0 .concat [ 3 29 0 0], v0x5ce4d11f7d40_0, L_0x1171e2958658;
L_0x5ce4d1241c30 .cmp/eq 32, L_0x5ce4d1241df0, L_0x1171e29586a0;
L_0x5ce4d1242060 .concat [ 1 3 0 0], v0x5ce4d0fbb890_0, L_0x1171e29586e8;
L_0x5ce4d1242290 .concat [ 3 29 0 0], v0x5ce4d11f7d40_0, L_0x1171e2958730;
L_0x5ce4d1242380 .cmp/eq 32, L_0x5ce4d1242290, L_0x1171e2958778;
L_0x5ce4d1242610 .concat [ 1 3 0 0], v0x5ce4d0fbb950_0, L_0x1171e29587c0;
L_0x5ce4d1242700 .concat [ 3 29 0 0], v0x5ce4d11f7d40_0, L_0x1171e2958808;
L_0x5ce4d1242950 .cmp/eq 32, L_0x5ce4d1242700, L_0x1171e2958850;
L_0x5ce4d1242a90 .concat [ 1 3 0 0], v0x5ce4d0fbb4b0_0, L_0x1171e2958898;
L_0x5ce4d1242cf0 .concat [ 3 29 0 0], v0x5ce4d11f7d40_0, L_0x1171e29588e0;
L_0x5ce4d1242de0 .cmp/eq 32, L_0x5ce4d1242cf0, L_0x1171e2958928;
L_0x5ce4d12430a0 .concat [ 1 3 0 0], v0x5ce4d0fbb570_0, L_0x1171e2958970;
L_0x5ce4d1243190 .concat [ 3 29 0 0], v0x5ce4d11f7d40_0, L_0x1171e29589b8;
L_0x5ce4d1243410 .cmp/eq 32, L_0x5ce4d1243190, L_0x1171e2958a00;
L_0x5ce4d1243550 .concat [ 1 3 0 0], v0x5ce4d0fbb0d0_0, L_0x1171e2958a48;
L_0x5ce4d12437e0 .functor MUXZ 4, L_0x1171e2958a90, L_0x5ce4d1243550, L_0x5ce4d1243410, C4<>;
L_0x5ce4d1243970 .functor MUXZ 4, L_0x5ce4d12437e0, L_0x5ce4d12430a0, L_0x5ce4d1242de0, C4<>;
L_0x5ce4d1243cb0 .functor MUXZ 4, L_0x5ce4d1243970, L_0x5ce4d1242a90, L_0x5ce4d1242950, C4<>;
L_0x5ce4d1243e40 .functor MUXZ 4, L_0x5ce4d1243cb0, L_0x5ce4d1242610, L_0x5ce4d1242380, C4<>;
L_0x5ce4d1244190 .functor MUXZ 4, L_0x5ce4d1243e40, L_0x5ce4d1242060, L_0x5ce4d1241c30, C4<>;
L_0x5ce4d1244320 .functor MUXZ 4, L_0x5ce4d1244190, L_0x5ce4d1241d00, L_0x5ce4d1241aa0, C4<>;
L_0x5ce4d1244680 .functor MUXZ 4, L_0x5ce4d1244320, L_0x5ce4d12417b0, L_0x5ce4d1241670, C4<>;
L_0x5ce4d1244810 .part L_0x5ce4d1244680, 0, 1;
L_0x5ce4d1244ae0 .concat [ 3 29 0 0], v0x5ce4d11f7d40_0, L_0x1171e2958ad8;
L_0x5ce4d1244bd0 .cmp/eq 32, L_0x5ce4d1244ae0, L_0x1171e2958b20;
L_0x5ce4d1244f00 .concat [ 3 29 0 0], v0x5ce4d11f7d40_0, L_0x1171e2958b68;
L_0x5ce4d1244ff0 .cmp/eq 32, L_0x5ce4d1244f00, L_0x1171e2958bb0;
L_0x5ce4d1245330 .concat [ 3 29 0 0], v0x5ce4d11f7d40_0, L_0x1171e2958bf8;
L_0x5ce4d1245420 .cmp/eq 32, L_0x5ce4d1245330, L_0x1171e2958c40;
L_0x5ce4d1245770 .concat [ 3 29 0 0], v0x5ce4d11f7d40_0, L_0x1171e2958c88;
L_0x5ce4d1245860 .cmp/eq 32, L_0x5ce4d1245770, L_0x1171e2958cd0;
L_0x5ce4d1245bc0 .concat [ 3 29 0 0], v0x5ce4d11f7d40_0, L_0x1171e2958d18;
L_0x5ce4d1245cb0 .cmp/eq 32, L_0x5ce4d1245bc0, L_0x1171e2958d60;
L_0x5ce4d1246020 .concat [ 3 29 0 0], v0x5ce4d11f7d40_0, L_0x1171e2958da8;
L_0x5ce4d1246110 .cmp/eq 32, L_0x5ce4d1246020, L_0x1171e2958df0;
L_0x5ce4d1246490 .concat [ 3 29 0 0], v0x5ce4d11f7d40_0, L_0x1171e2958e38;
L_0x5ce4d1246580 .cmp/eq 32, L_0x5ce4d1246490, L_0x1171e2958e80;
L_0x5ce4d1246910 .functor MUXZ 64, L_0x1171e2958ec8, v0x5ce4d100fbf0_0, L_0x5ce4d1246580, C4<>;
L_0x5ce4d1246a50 .functor MUXZ 64, L_0x5ce4d1246910, v0x5ce4d1011240_0, L_0x5ce4d1246110, C4<>;
L_0x5ce4d1246df0 .functor MUXZ 64, L_0x5ce4d1246a50, v0x5ce4d1011160_0, L_0x5ce4d1245cb0, C4<>;
L_0x5ce4d1246f30 .functor MUXZ 64, L_0x5ce4d1246df0, v0x5ce4d1021d40_0, L_0x5ce4d1245860, C4<>;
L_0x5ce4d12472e0 .functor MUXZ 64, L_0x5ce4d1246f30, v0x5ce4d1021c60_0, L_0x5ce4d1245420, C4<>;
L_0x5ce4d1247420 .functor MUXZ 64, L_0x5ce4d12472e0, v0x5ce4d1022120_0, L_0x5ce4d1244ff0, C4<>;
L_0x5ce4d12477e0 .functor MUXZ 64, L_0x5ce4d1247420, v0x5ce4d1022040_0, L_0x5ce4d1244bd0, C4<>;
L_0x5ce4d1247920 .cmp/eq 32, v0x5ce4d1057de0_0, L_0x1171e2958f10;
L_0x5ce4d1247de0 .concat [ 64 8 1 0], v0x5ce4d0fd16a0_0, v0x5ce4d0fbc4f0_0, v0x5ce4d0fd1780_0;
L_0x5ce4d12480c0 .reduce/nor v0x5ce4d11f21b0_0;
L_0x5ce4d1248400 .functor MUXZ 73, L_0x5ce4d1247de0, v0x5ce4d11f2110_0, v0x5ce4d11f21b0_0, C4<>;
L_0x5ce4d1248680 .part v0x5ce4d11f18f0_0, 72, 1;
L_0x5ce4d12489d0 .part v0x5ce4d11f18f0_0, 64, 8;
L_0x5ce4d1248ac0 .part v0x5ce4d11f18f0_0, 0, 64;
L_0x5ce4d1249140 .concat [ 64 1 0 0], L_0x5ce4d12493c0, L_0x5ce4d1249250;
L_0x5ce4d1249710 .reduce/nor v0x5ce4d11f17b0_0;
L_0x5ce4d1249a80 .functor MUXZ 65, L_0x5ce4d1249140, v0x5ce4d11f1710_0, v0x5ce4d11f17b0_0, C4<>;
L_0x5ce4d1249d50 .part v0x5ce4d11f1030_0, 64, 1;
L_0x5ce4d124a0d0 .part v0x5ce4d11f1030_0, 0, 64;
L_0x5ce4d124a340 .concat [ 3 29 0 0], v0x5ce4d0ffa8a0_0, L_0x1171e2959390;
L_0x5ce4d124a980 .cmp/gt 32, L_0x5ce4d124a340, L_0x1171e29593d8;
L_0x5ce4d124c5f0 .part L_0x5ce4d124c4e0, 129, 8;
L_0x5ce4d124c990 .part L_0x5ce4d124c4e0, 97, 32;
L_0x5ce4d124ca30 .part L_0x5ce4d124c4e0, 65, 32;
L_0x5ce4d124cde0 .part L_0x5ce4d124c4e0, 32, 33;
L_0x5ce4d124ce80 .part L_0x5ce4d124c4e0, 0, 32;
L_0x5ce4d124d8e0 .reduce/nor v0x5ce4d0fd2000_0;
L_0x5ce4d124d980 .reduce/nor v0x5ce4d0fdfd40_0;
L_0x5ce4d124de60 .reduce/nor v0x5ce4d0ff9780_0;
L_0x5ce4d124fc80 .part L_0x5ce4d124fb70, 129, 8;
L_0x5ce4d1250060 .part L_0x5ce4d124fb70, 97, 32;
L_0x5ce4d1250190 .part L_0x5ce4d124fb70, 65, 32;
L_0x5ce4d1250580 .part L_0x5ce4d124fb70, 32, 33;
L_0x5ce4d1250620 .part L_0x5ce4d124fb70, 0, 32;
L_0x5ce4d1251180 .reduce/nor v0x5ce4d0fbd920_0;
L_0x5ce4d1251220 .reduce/nor v0x5ce4d0fbf110_0;
L_0x5ce4d1251740 .reduce/nor v0x5ce4d0fd0c30_0;
L_0x5ce4d1253650 .part L_0x5ce4d1253540, 97, 8;
L_0x5ce4d1253a70 .part L_0x5ce4d1253540, 65, 32;
L_0x5ce4d1253ba0 .part L_0x5ce4d1253540, 33, 32;
L_0x5ce4d1253fd0 .part L_0x5ce4d1253540, 0, 33;
L_0x5ce4d1254630 .reduce/nor v0x5ce4d0f87d90_0;
L_0x5ce4d12568c0 .part L_0x5ce4d12567b0, 97, 8;
L_0x5ce4d1256960 .part L_0x5ce4d12567b0, 65, 32;
L_0x5ce4d1256e40 .part L_0x5ce4d12567b0, 33, 32;
L_0x5ce4d1256ee0 .part L_0x5ce4d12567b0, 0, 33;
L_0x5ce4d1257630 .reduce/nor v0x5ce4d0f59b20_0;
L_0x5ce4d12594f0 .part L_0x5ce4d12593e0, 97, 8;
L_0x5ce4d1259960 .part L_0x5ce4d12593e0, 65, 32;
L_0x5ce4d1259a90 .part L_0x5ce4d12593e0, 33, 32;
L_0x5ce4d1259f10 .part L_0x5ce4d12593e0, 0, 33;
L_0x5ce4d125a630 .reduce/nor v0x5ce4d100fcd0_0;
L_0x5ce4d125d120 .part L_0x5ce4d125d010, 97, 8;
L_0x5ce4d125d1c0 .part L_0x5ce4d125d010, 65, 32;
L_0x5ce4d125d6f0 .part L_0x5ce4d125d010, 33, 32;
L_0x5ce4d125d790 .part L_0x5ce4d125d010, 0, 33;
L_0x5ce4d125e2d0 .reduce/nor v0x5ce4d1054d10_0;
L_0x5ce4d1260250 .part L_0x5ce4d1260140, 97, 8;
L_0x5ce4d1260710 .part L_0x5ce4d1260140, 65, 32;
L_0x5ce4d1260840 .part L_0x5ce4d1260140, 33, 32;
L_0x5ce4d12602f0 .part L_0x5ce4d1260140, 0, 33;
L_0x5ce4d1261040 .reduce/nor v0x5ce4d1002f80_0;
L_0x5ce4d1261600 .part v0x5ce4d11f8ce0_0, 3, 61;
L_0x5ce4d12616a0 .concat [ 61 3 0 0], L_0x5ce4d1261600, L_0x1171e295adb8;
L_0x5ce4d12610e0 .part L_0x5ce4d12616a0, 0, 32;
L_0x5ce4d12611d0 .part L_0x5ce4d12610e0, 0, 29;
L_0x5ce4d12612c0 .concat [ 3 29 0 0], L_0x1171e295ae00, L_0x5ce4d12611d0;
LS_0x5ce4d1262510_0_0 .concat [ 32 33 32 32], v0x5ce4d0fed5e0_0, v0x5ce4d0fecb10_0, v0x5ce4d0fecbb0_0, v0x5ce4d0fed7f0_0;
LS_0x5ce4d1262510_0_4 .concat [ 8 0 0 0], v0x5ce4d0fdffe0_0;
L_0x5ce4d1262510 .concat [ 129 8 0 0], LS_0x5ce4d1262510_0_0, LS_0x5ce4d1262510_0_4;
L_0x5ce4d12617e0 .cmp/eq 32, v0x5ce4d0fd2380_0, L_0x1171e295ae48;
L_0x5ce4d12619e0 .reduce/nor L_0x5ce4d124beb0;
L_0x5ce4d1262e60 .functor MUXZ 137, L_0x1171e295ae90, L_0x5ce4d1262510, L_0x5ce4d1261a80, C4<>;
L_0x5ce4d1263040 .cmp/eq 32, v0x5ce4d0fd2380_0, L_0x1171e295aed8;
L_0x5ce4d1262800 .reduce/nor L_0x5ce4d124beb0;
L_0x5ce4d1262960 .cmp/eq 32, v0x5ce4d0fd2380_0, L_0x1171e295af20;
L_0x5ce4d1263180 .reduce/nor L_0x5ce4d124beb0;
L_0x5ce4d1263d60 .reduce/nor L_0x5ce4d124beb0;
L_0x5ce4d1263910 .functor MUXZ 1, L_0x1171e295af68, L_0x5ce4d12635a0, L_0x5ce4d12628a0, C4<>;
L_0x5ce4d1263af0 .reduce/nor L_0x5ce4d124beb0;
L_0x5ce4d1263b90 .part v0x5ce4d0fee740_0, 3, 29;
L_0x5ce4d1263c30 .concat [ 29 3 0 0], L_0x5ce4d1263b90, L_0x1171e295afb0;
L_0x5ce4d1263e00 .part L_0x5ce4d1263c30, 0, 29;
L_0x5ce4d1263ef0 .concat [ 3 29 0 0], L_0x1171e295aff8, L_0x5ce4d1263e00;
L_0x5ce4d1264030 .part v0x5ce4d0fee740_0, 3, 29;
L_0x5ce4d1264120 .concat [ 29 3 0 0], L_0x5ce4d1264030, L_0x1171e295b040;
L_0x5ce4d1264800 .part L_0x5ce4d1264120, 0, 29;
L_0x5ce4d12648a0 .concat [ 3 29 0 0], L_0x1171e295b088, L_0x5ce4d1264800;
L_0x5ce4d1264310 .part v0x5ce4d0fee740_0, 3, 29;
L_0x5ce4d12643b0 .concat [ 29 3 0 0], L_0x5ce4d1264310, L_0x1171e295b0d0;
L_0x5ce4d12644f0 .part L_0x5ce4d12643b0, 0, 29;
L_0x5ce4d12645e0 .concat [ 3 29 0 0], L_0x1171e295b118, L_0x5ce4d12644f0;
L_0x5ce4d1264720 .part v0x5ce4d0fee740_0, 3, 29;
L_0x5ce4d1264f90 .concat [ 29 3 0 0], L_0x5ce4d1264720, L_0x1171e295b160;
L_0x5ce4d12649e0 .part L_0x5ce4d1264f90, 0, 29;
L_0x5ce4d1264ad0 .concat [ 3 29 0 0], L_0x1171e295b1a8, L_0x5ce4d12649e0;
L_0x5ce4d1264c10 .part v0x5ce4d0fee740_0, 3, 29;
L_0x5ce4d1264cb0 .concat [ 29 3 0 0], L_0x5ce4d1264c10, L_0x1171e295b1f0;
L_0x5ce4d1264df0 .part L_0x5ce4d1264cb0, 0, 29;
L_0x5ce4d12655d0 .concat [ 3 29 0 0], L_0x1171e295b238, L_0x5ce4d1264df0;
L_0x5ce4d1265080 .part v0x5ce4d0fee740_0, 3, 29;
L_0x5ce4d1265120 .concat [ 29 3 0 0], L_0x5ce4d1265080, L_0x1171e295b280;
L_0x5ce4d1265260 .part L_0x5ce4d1265120, 0, 29;
L_0x5ce4d1265350 .concat [ 3 29 0 0], L_0x1171e295b2c8, L_0x5ce4d1265260;
L_0x5ce4d1265490 .cmp/eq 32, v0x5ce4d0ff9820_0, L_0x1171e295b310;
L_0x5ce4d1265c90 .reduce/nor v0x5ce4d0ff9780_0;
L_0x5ce4d1265710 .reduce/nor L_0x5ce4d124bfc0;
L_0x5ce4d1265bd0 .concat [ 8 24 0 0], L_0x5ce4d124d240, L_0x1171e295b358;
L_0x5ce4d1265d30 .cmp/eq 32, L_0x5ce4d1265bd0, L_0x1171e295b3a0;
L_0x5ce4d1266090 .reduce/nor L_0x5ce4d124bfc0;
L_0x5ce4d1266310 .functor MUXZ 2, L_0x1171e295b430, L_0x1171e295b3e8, L_0x5ce4d1266130, C4<>;
L_0x5ce4d12664a0 .part L_0x5ce4d1266310, 0, 1;
L_0x5ce4d12665e0 .cmp/eq 32, v0x5ce4d0ff9820_0, L_0x1171e295b478;
L_0x5ce4d1266770 .part v0x5ce4d11f8ce0_0, 3, 61;
L_0x5ce4d1267160 .concat [ 61 3 0 0], L_0x5ce4d1266770, L_0x1171e295b4c0;
L_0x5ce4d1267200 .part L_0x5ce4d1267160, 0, 32;
L_0x5ce4d1266b90 .part L_0x5ce4d1267200, 0, 29;
L_0x5ce4d1266c80 .concat [ 3 29 0 0], L_0x1171e295b508, L_0x5ce4d1266b90;
LS_0x5ce4d1267db0_0_0 .concat [ 32 33 32 32], L_0x5ce4d1267a30, v0x5ce4d0fc2210_0, L_0x5ce4d1267950, L_0x5ce4d12678e0;
LS_0x5ce4d1267db0_0_4 .concat [ 8 0 0 0], L_0x5ce4d1266dc0;
L_0x5ce4d1267db0 .concat [ 129 8 0 0], LS_0x5ce4d1267db0_0_0, LS_0x5ce4d1267db0_0_4;
L_0x5ce4d1267fe0 .reduce/nor L_0x5ce4d124f540;
L_0x5ce4d12672f0 .part v0x5ce4d0fc4200_0, 3, 29;
L_0x5ce4d1267390 .concat [ 29 3 0 0], L_0x5ce4d12672f0, L_0x1171e295b550;
L_0x5ce4d12674d0 .part L_0x5ce4d1267390, 0, 29;
L_0x5ce4d12675c0 .concat [ 3 29 0 0], L_0x1171e295b598, L_0x5ce4d12674d0;
L_0x5ce4d1267700 .part v0x5ce4d0fc4200_0, 3, 29;
L_0x5ce4d12677f0 .concat [ 29 3 0 0], L_0x5ce4d1267700, L_0x1171e295b5e0;
L_0x5ce4d1268080 .part L_0x5ce4d12677f0, 0, 29;
L_0x5ce4d1268170 .concat [ 3 29 0 0], L_0x1171e295b628, L_0x5ce4d1268080;
L_0x5ce4d12682b0 .part v0x5ce4d0fc4200_0, 3, 29;
L_0x5ce4d1268350 .concat [ 29 3 0 0], L_0x5ce4d12682b0, L_0x1171e295b670;
L_0x5ce4d1268490 .part L_0x5ce4d1268350, 0, 29;
L_0x5ce4d1268580 .concat [ 3 29 0 0], L_0x1171e295b6b8, L_0x5ce4d1268490;
L_0x5ce4d12686f0 .part v0x5ce4d0fc4200_0, 3, 29;
L_0x5ce4d1268820 .concat [ 29 3 0 0], L_0x5ce4d12686f0, L_0x1171e295b700;
L_0x5ce4d1268910 .part L_0x5ce4d1268820, 0, 29;
L_0x5ce4d1268a00 .concat [ 3 29 0 0], L_0x1171e295b748, L_0x5ce4d1268910;
L_0x5ce4d1268b40 .part v0x5ce4d0fc4200_0, 3, 29;
L_0x5ce4d1268be0 .concat [ 29 3 0 0], L_0x5ce4d1268b40, L_0x1171e295b790;
L_0x5ce4d1268d90 .part L_0x5ce4d1268be0, 0, 29;
L_0x5ce4d1268e80 .concat [ 3 29 0 0], L_0x1171e295b7d8, L_0x5ce4d1268d90;
L_0x5ce4d1268fc0 .part v0x5ce4d0fc4200_0, 3, 29;
L_0x5ce4d1269060 .concat [ 29 3 0 0], L_0x5ce4d1268fc0, L_0x1171e295b820;
L_0x5ce4d12691d0 .part L_0x5ce4d1269060, 0, 29;
L_0x5ce4d12692c0 .concat [ 3 29 0 0], L_0x1171e295b868, L_0x5ce4d12691d0;
LS_0x5ce4d126a4e0_0_0 .concat [ 32 33 32 32], L_0x5ce4d126a420, v0x5ce4d0fd0b50_0, L_0x5ce4d1269fc0, L_0x5ce4d1269be0;
LS_0x5ce4d126a4e0_0_4 .concat [ 8 0 0 0], L_0x5ce4d1269b20;
L_0x5ce4d126a4e0 .concat [ 129 8 0 0], LS_0x5ce4d126a4e0_0_0, LS_0x5ce4d126a4e0_0_4;
L_0x5ce4d126a710 .cmp/eq 32, v0x5ce4d0fbe4a0_0, L_0x1171e295b8b0;
L_0x5ce4d1269460 .reduce/nor L_0x5ce4d124f540;
L_0x5ce4d1269990 .reduce/nor v0x5ce4d11de7c0_0;
L_0x5ce4d126b3b0 .concat [ 3 29 0 0], v0x5ce4d0ffa8a0_0, L_0x1171e295b8f8;
L_0x5ce4d126b4f0 .cmp/gt 32, L_0x1171e295b940, L_0x5ce4d126b3b0;
L_0x5ce4d126a910 .cmp/eq 32, v0x5ce4d0fbe4a0_0, L_0x1171e295b988;
L_0x5ce4d126bd20 .reduce/nor L_0x5ce4d124f540;
L_0x5ce4d126b740 .functor MUXZ 137, L_0x1171e295b9d0, L_0x5ce4d1267db0, L_0x5ce4d126b630, C4<>;
L_0x5ce4d126b8d0 .functor MUXZ 137, L_0x5ce4d126b740, L_0x5ce4d126a4e0, L_0x5ce4d126a800, C4<>;
L_0x5ce4d126bab0 .cmp/eq 32, v0x5ce4d0fbe4a0_0, L_0x1171e295ba18;
L_0x5ce4d126bba0 .reduce/nor L_0x5ce4d124f540;
L_0x5ce4d126c4e0 .reduce/nor v0x5ce4d11de7c0_0;
L_0x5ce4d126c750 .concat [ 3 29 0 0], v0x5ce4d0ffa8a0_0, L_0x1171e295ba60;
L_0x5ce4d126be10 .cmp/gt 32, L_0x1171e295baa8, L_0x5ce4d126c750;
L_0x5ce4d126c060 .cmp/eq 32, v0x5ce4d0fbe4a0_0, L_0x1171e295baf0;
L_0x5ce4d126c190 .reduce/nor L_0x5ce4d124f540;
L_0x5ce4d126c340 .reduce/nor v0x5ce4d11de7c0_0;
L_0x5ce4d126cca0 .concat [ 3 29 0 0], v0x5ce4d0ffa8a0_0, L_0x1171e295bb38;
L_0x5ce4d126cdd0 .cmp/gt 32, L_0x1171e295bb80, L_0x5ce4d126cca0;
L_0x5ce4d126dac0 .reduce/nor L_0x5ce4d124f540;
L_0x5ce4d126e020 .cmp/eq 32, v0x5ce4d0fbe4a0_0, L_0x1171e295bbc8;
L_0x5ce4d126d380 .reduce/nor L_0x5ce4d124f540;
L_0x5ce4d126d8f0 .cmp/eq 32, v0x5ce4d0fbe4a0_0, L_0x1171e295bc10;
L_0x5ce4d126e950 .reduce/nor L_0x5ce4d124f540;
L_0x5ce4d126ee80 .reduce/nor L_0x5ce4d124f540;
L_0x5ce4d126e220 .functor MUXZ 1, L_0x1171e295bc58, L_0x5ce4d126e110, L_0x5ce4d126d420, C4<>;
L_0x5ce4d126e3b0 .functor MUXZ 1, L_0x5ce4d126e220, L_0x5ce4d126db60, L_0x5ce4d126bf50, C4<>;
L_0x5ce4d126e590 .reduce/nor L_0x5ce4d124f540;
L_0x5ce4d126e630 .cmp/eq 32, v0x5ce4d11fc3e0_0, L_0x1171e295bca0;
L_0x5ce4d126e720 .reduce/nor v0x5ce4d11fcde0_0;
L_0x5ce4d126e7c0 .reduce/nor v0x5ce4d0fbc590_0;
L_0x5ce4d126f410 .cmp/gt 33, v0x5ce4d0fbdd70_0, L_0x1171e295bce8;
L_0x5ce4d12708a0 .cmp/eq 32, v0x5ce4d0fc4580_0, L_0x1171e295bd30;
L_0x5ce4d126f720 .reduce/nor L_0x5ce4d124f650;
L_0x5ce4d126f850 .cmp/eq 33, v0x5ce4d0fbdd70_0, L_0x1171e295bd78;
L_0x5ce4d126fb60 .reduce/nor L_0x5ce4d124f650;
L_0x5ce4d126fd10 .cmp/eq 32, v0x5ce4d0fc4580_0, L_0x1171e295be08;
L_0x5ce4d1270990 .reduce/nor v0x5ce4d0fd0c30_0;
L_0x5ce4d1270a80 .reduce/nor L_0x5ce4d124f650;
L_0x5ce4d1271050 .concat [ 8 24 0 0], L_0x5ce4d1250a20, L_0x1171e295be50;
L_0x5ce4d1271d80 .cmp/eq 32, L_0x5ce4d1271050, L_0x1171e295be98;
L_0x5ce4d1271bd0 .reduce/nor L_0x5ce4d124f650;
L_0x5ce4d1270c30 .functor MUXZ 2, L_0x1171e295bf28, L_0x1171e295bee0, L_0x5ce4d1271c70, C4<>;
L_0x5ce4d1270dc0 .functor MUXZ 2, L_0x5ce4d1270c30, L_0x1171e295bdc0, L_0x5ce4d126fc00, C4<>;
L_0x5ce4d1270f50 .part L_0x5ce4d1270dc0, 0, 1;
L_0x5ce4d1271ec0 .part v0x5ce4d11fd420_0, 3, 61;
L_0x5ce4d1271f60 .concat [ 61 3 0 0], L_0x5ce4d1271ec0, L_0x1171e295bfb8;
L_0x5ce4d12720a0 .part L_0x5ce4d1271f60, 0, 32;
L_0x5ce4d1272190 .concat [ 33 32 32 8], L_0x1171e295c048, L_0x1171e295c000, L_0x5ce4d12720a0, L_0x1171e295bf70;
L_0x5ce4d1272370 .cmp/eq 32, v0x5ce4d11fd4c0_0, L_0x1171e295c090;
L_0x5ce4d1272460 .reduce/nor L_0x5ce4d1252f10;
L_0x5ce4d1272610 .functor MUXZ 105, L_0x1171e295c0d8, L_0x5ce4d1272190, L_0x5ce4d1272500, C4<>;
L_0x5ce4d1271890 .cmp/eq 32, v0x5ce4d11fd4c0_0, L_0x1171e295c120;
L_0x5ce4d12719d0 .reduce/nor L_0x5ce4d1252f10;
L_0x5ce4d1272730 .cmp/eq 32, v0x5ce4d11fd4c0_0, L_0x1171e295c168;
L_0x5ce4d1272820 .reduce/nor L_0x5ce4d1252f10;
L_0x5ce4d1272e20 .reduce/nor L_0x5ce4d1252f10;
L_0x5ce4d1272fd0 .functor MUXZ 1, L_0x1171e295c1b0, L_0x5ce4d1272ec0, L_0x5ce4d1271b00, C4<>;
L_0x5ce4d12731b0 .reduce/nor L_0x5ce4d1252f10;
L_0x5ce4d1273250 .cmp/eq 32, v0x5ce4d0f843a0_0, L_0x1171e295c1f8;
L_0x5ce4d1273c70 .reduce/nor v0x5ce4d0f87d90_0;
L_0x5ce4d1273390 .reduce/nor L_0x5ce4d1253020;
L_0x5ce4d12739e0 .concat [ 8 24 0 0], L_0x5ce4d1254070, L_0x1171e295c240;
L_0x5ce4d1273b20 .cmp/eq 32, L_0x5ce4d12739e0, L_0x1171e295c288;
L_0x5ce4d1272bf0 .reduce/nor L_0x5ce4d1253020;
L_0x5ce4d1273580 .functor MUXZ 2, L_0x1171e295c318, L_0x1171e295c2d0, L_0x5ce4d1272c90, C4<>;
L_0x5ce4d1273710 .part L_0x5ce4d1273580, 0, 1;
L_0x5ce4d1273850 .cmp/eq 32, v0x5ce4d11fc480_0, L_0x1171e295c360;
L_0x5ce4d1273940 .reduce/nor v0x5ce4d11fce80_0;
L_0x5ce4d1273d10 .reduce/nor v0x5ce4d11f8240_0;
L_0x5ce4d1274340 .concat [ 1 31 0 0], v0x5ce4d0f72580_0, L_0x1171e295c3a8;
L_0x5ce4d1274430 .cmp/gt 32, L_0x5ce4d1274340, L_0x1171e295c3f0;
L_0x5ce4d1274930 .part v0x5ce4d11fd420_0, 3, 61;
L_0x5ce4d12749d0 .concat [ 61 3 0 0], L_0x5ce4d1274930, L_0x1171e295c480;
L_0x5ce4d1274b10 .part L_0x5ce4d12749d0, 0, 32;
L_0x5ce4d1274c00 .concat [ 33 32 32 8], L_0x1171e295c510, L_0x1171e295c4c8, L_0x5ce4d1274b10, L_0x1171e295c438;
L_0x5ce4d1274de0 .cmp/eq 32, v0x5ce4d11fd4c0_0, L_0x1171e295c558;
L_0x5ce4d1274f10 .reduce/nor L_0x5ce4d1258db0;
L_0x5ce4d12750c0 .functor MUXZ 105, L_0x1171e295c5a0, L_0x5ce4d1274c00, L_0x5ce4d1274fb0, C4<>;
L_0x5ce4d12752a0 .cmp/eq 32, v0x5ce4d11fd4c0_0, L_0x1171e295c5e8;
L_0x5ce4d1273f10 .reduce/nor L_0x5ce4d1258db0;
L_0x5ce4d1274100 .cmp/eq 32, v0x5ce4d11fd4c0_0, L_0x1171e295c630;
L_0x5ce4d12741f0 .reduce/nor L_0x5ce4d1258db0;
L_0x5ce4d12753e0 .reduce/nor L_0x5ce4d1258db0;
L_0x5ce4d1275a50 .functor MUXZ 1, L_0x1171e295c678, L_0x5ce4d1275480, L_0x5ce4d1274040, C4<>;
L_0x5ce4d1275c30 .reduce/nor L_0x5ce4d1258db0;
L_0x5ce4d1275cd0 .cmp/eq 32, v0x5ce4d100f530_0, L_0x1171e295c6c0;
L_0x5ce4d1275dc0 .reduce/nor v0x5ce4d100fcd0_0;
L_0x5ce4d1275eb0 .reduce/nor L_0x5ce4d1258ec0;
L_0x5ce4d12760a0 .concat [ 8 24 0 0], L_0x5ce4d1259fb0, L_0x1171e295c708;
L_0x5ce4d12761e0 .cmp/eq 32, L_0x5ce4d12760a0, L_0x1171e295c750;
L_0x5ce4d1276540 .reduce/nor L_0x5ce4d1258ec0;
L_0x5ce4d12756a0 .functor MUXZ 2, L_0x1171e295c7e0, L_0x1171e295c798, L_0x5ce4d1275590, C4<>;
L_0x5ce4d1275830 .part L_0x5ce4d12756a0, 0, 1;
L_0x5ce4d1275970 .cmp/eq 32, v0x5ce4d100f530_0, L_0x1171e295c828;
L_0x5ce4d1276680 .concat [ 8 24 0 0], v0x5ce4d0ff7960_0, L_0x1171e295c870;
L_0x5ce4d1276770 .cmp/eq 32, L_0x5ce4d1276680, L_0x1171e295c8b8;
L_0x5ce4d12769c0 .concat [ 1 31 0 0], v0x5ce4d101c1b0_0, L_0x1171e295c900;
L_0x5ce4d1276ab0 .cmp/eq 32, L_0x5ce4d12769c0, L_0x1171e295c948;
L_0x5ce4d1276d00 .part v0x5ce4d11fd420_0, 3, 61;
L_0x5ce4d1276da0 .concat [ 61 3 0 0], L_0x5ce4d1276d00, L_0x1171e295c9d8;
L_0x5ce4d1276e40 .part L_0x5ce4d1276da0, 0, 32;
L_0x5ce4d1276f30 .concat [ 33 32 32 8], L_0x1171e295ca68, L_0x1171e295ca20, L_0x5ce4d1276e40, L_0x1171e295c990;
L_0x5ce4d1277110 .cmp/eq 32, v0x5ce4d11fd4c0_0, L_0x1171e295cab0;
L_0x5ce4d1277200 .reduce/nor L_0x5ce4d1256180;
L_0x5ce4d12773b0 .functor MUXZ 105, L_0x1171e295caf8, L_0x5ce4d1276f30, L_0x5ce4d12772a0, C4<>;
L_0x5ce4d1277590 .cmp/eq 32, v0x5ce4d11fd4c0_0, L_0x1171e295cb40;
L_0x5ce4d1277680 .reduce/nor L_0x5ce4d1256180;
L_0x5ce4d1277ce0 .cmp/eq 32, v0x5ce4d11fd4c0_0, L_0x1171e295cb88;
L_0x5ce4d1277dd0 .reduce/nor L_0x5ce4d1256180;
L_0x5ce4d1277f80 .reduce/nor L_0x5ce4d1256180;
L_0x5ce4d1278130 .functor MUXZ 1, L_0x1171e295cbd0, L_0x5ce4d1278020, L_0x5ce4d1277720, C4<>;
L_0x5ce4d12777e0 .reduce/nor L_0x5ce4d1256180;
L_0x5ce4d1277880 .cmp/eq 32, v0x5ce4d0f593a0_0, L_0x1171e295cc18;
L_0x5ce4d1277970 .reduce/nor v0x5ce4d0f59b20_0;
L_0x5ce4d1277a60 .reduce/nor L_0x5ce4d1256290;
L_0x5ce4d1278310 .concat [ 8 24 0 0], L_0x5ce4d1257340, L_0x1171e295cc60;
L_0x5ce4d1278450 .cmp/eq 32, L_0x5ce4d1278310, L_0x1171e295cca8;
L_0x5ce4d1278c60 .reduce/nor L_0x5ce4d1256290;
L_0x5ce4d1278e10 .functor MUXZ 2, L_0x1171e295cd38, L_0x1171e295ccf0, L_0x5ce4d1278d00, C4<>;
L_0x5ce4d1278fa0 .part L_0x5ce4d1278e10, 0, 1;
L_0x5ce4d12790e0 .cmp/eq 32, v0x5ce4d11fc520_0, L_0x1171e295cd80;
L_0x5ce4d12791d0 .reduce/nor v0x5ce4d11fcf20_0;
L_0x5ce4d1279270 .reduce/nor v0x5ce4d11f7fc0_0;
L_0x5ce4d1279470 .concat [ 1 31 0 0], v0x5ce4d0f8a390_0, L_0x1171e295cdc8;
L_0x5ce4d1279560 .cmp/gt 32, L_0x5ce4d1279470, L_0x1171e295ce10;
L_0x5ce4d1278930 .part v0x5ce4d11fd420_0, 3, 61;
L_0x5ce4d1278a60 .concat [ 61 3 0 0], L_0x5ce4d1278930, L_0x1171e295cea0;
L_0x5ce4d1279d00 .part L_0x5ce4d1278a60, 0, 32;
L_0x5ce4d1279df0 .concat [ 33 32 32 8], L_0x1171e295cf30, L_0x1171e295cee8, L_0x5ce4d1279d00, L_0x1171e295ce58;
L_0x5ce4d1279fd0 .cmp/eq 32, v0x5ce4d11fd4c0_0, L_0x1171e295cf78;
L_0x5ce4d127a0c0 .reduce/nor L_0x5ce4d125fb10;
L_0x5ce4d12797b0 .functor MUXZ 105, L_0x1171e295cfc0, L_0x5ce4d1279df0, L_0x5ce4d1278b50, C4<>;
L_0x5ce4d1279940 .cmp/eq 32, v0x5ce4d11fd4c0_0, L_0x1171e295d008;
L_0x5ce4d1279a30 .reduce/nor L_0x5ce4d125fb10;
L_0x5ce4d1279c20 .cmp/eq 32, v0x5ce4d11fd4c0_0, L_0x1171e295d050;
L_0x5ce4d127a250 .reduce/nor L_0x5ce4d125fb10;
L_0x5ce4d127a970 .reduce/nor L_0x5ce4d125fb10;
L_0x5ce4d127ab20 .functor MUXZ 1, L_0x1171e295d098, L_0x5ce4d127aa10, L_0x5ce4d1279b60, C4<>;
L_0x5ce4d127ad00 .reduce/nor L_0x5ce4d125fb10;
L_0x5ce4d127ada0 .cmp/eq 32, v0x5ce4d1002800_0, L_0x1171e295d0e0;
L_0x5ce4d127ae90 .reduce/nor v0x5ce4d1002f80_0;
L_0x5ce4d127af80 .reduce/nor L_0x5ce4d125fc20;
L_0x5ce4d127b170 .concat [ 8 24 0 0], L_0x5ce4d1260390, L_0x1171e295d128;
L_0x5ce4d127a450 .cmp/eq 32, L_0x5ce4d127b170, L_0x1171e295d170;
L_0x5ce4d127a7b0 .reduce/nor L_0x5ce4d125fc20;
L_0x5ce4d127b800 .functor MUXZ 2, L_0x1171e295d200, L_0x1171e295d1b8, L_0x5ce4d127a850, C4<>;
L_0x5ce4d127b990 .part L_0x5ce4d127b800, 0, 1;
L_0x5ce4d127bad0 .cmp/eq 32, v0x5ce4d11fed20_0, L_0x1171e295d248;
L_0x5ce4d127c220 .part v0x5ce4d0f37ce0_0, 0, 64;
L_0x5ce4d127b270 .cmp/eq 32, v0x5ce4d11fec80_0, L_0x1171e295d290;
L_0x5ce4d127b360 .part v0x5ce4d10044f0_0, 0, 64;
L_0x5ce4d127b400 .cmp/eq 32, v0x5ce4d11febe0_0, L_0x1171e295d2d8;
L_0x5ce4d127b600 .functor MUXZ 64, L_0x1171e295d320, L_0x5ce4d124a1c0, L_0x5ce4d127b4f0, C4<>;
L_0x5ce4d127bc80 .functor MUXZ 64, L_0x5ce4d127b600, L_0x5ce4d127b360, L_0x5ce4d127c2c0, C4<>;
L_0x5ce4d127bdc0 .functor MUXZ 64, L_0x5ce4d127bc80, L_0x5ce4d127c220, L_0x5ce4d127bbc0, C4<>;
L_0x5ce4d127bfa0 .cmp/eq 32, v0x5ce4d11fed20_0, L_0x1171e295d368;
L_0x5ce4d127c330 .cmp/eq 32, v0x5ce4d11fec80_0, L_0x1171e295d3f8;
L_0x5ce4d127cb40 .cmp/eq 32, v0x5ce4d11febe0_0, L_0x1171e295d488;
L_0x5ce4d127cca0 .functor MUXZ 1, L_0x1171e295d518, L_0x1171e295d4d0, L_0x5ce4d127cbe0, C4<>;
L_0x5ce4d127ce30 .functor MUXZ 1, L_0x5ce4d127cca0, L_0x1171e295d440, L_0x5ce4d127c470, C4<>;
L_0x5ce4d127cfc0 .functor MUXZ 1, L_0x5ce4d127ce30, L_0x1171e295d3b0, L_0x5ce4d127c0e0, C4<>;
L_0x5ce4d127d1a0 .cmp/eq 32, v0x5ce4d1002800_0, L_0x1171e295d560;
L_0x5ce4d127d2e0 .concat [ 8 24 0 0], v0x5ce4d0fcebf0_0, L_0x1171e295d5a8;
L_0x5ce4d127d3d0 .cmp/eq 32, L_0x5ce4d127d2e0, L_0x1171e295d5f0;
L_0x5ce4d127db00 .concat [ 1 31 0 0], v0x5ce4d0f37c40_0, L_0x1171e295d638;
L_0x5ce4d127dbf0 .cmp/eq 32, L_0x5ce4d127db00, L_0x1171e295d680;
L_0x5ce4d127de90 .part v0x5ce4d11fd420_0, 3, 61;
L_0x5ce4d127df30 .concat [ 61 3 0 0], L_0x5ce4d127de90, L_0x1171e295d710;
L_0x5ce4d127c580 .part L_0x5ce4d127df30, 0, 32;
L_0x5ce4d127c670 .concat [ 33 32 32 8], L_0x1171e295d7a0, L_0x1171e295d758, L_0x5ce4d127c580, L_0x1171e295d6c8;
L_0x5ce4d127c850 .cmp/eq 32, v0x5ce4d11fd4c0_0, L_0x1171e295d7e8;
L_0x5ce4d127c940 .reduce/nor L_0x5ce4d125c9f0;
L_0x5ce4d127d530 .functor MUXZ 105, L_0x1171e295d830, L_0x5ce4d127c670, L_0x5ce4d127c9e0, C4<>;
L_0x5ce4d127d6c0 .cmp/eq 32, v0x5ce4d11fd4c0_0, L_0x1171e295d878;
L_0x5ce4d127d7b0 .reduce/nor L_0x5ce4d125c9f0;
L_0x5ce4d127d9a0 .cmp/eq 32, v0x5ce4d11fd4c0_0, L_0x1171e295d8c0;
L_0x5ce4d127e0f0 .reduce/nor L_0x5ce4d125c9f0;
L_0x5ce4d127e820 .reduce/nor L_0x5ce4d125c9f0;
L_0x5ce4d127e9d0 .functor MUXZ 1, L_0x1171e295d908, L_0x5ce4d127e8c0, L_0x5ce4d127d8e0, C4<>;
L_0x5ce4d127ebb0 .reduce/nor L_0x5ce4d125c9f0;
L_0x5ce4d127ec50 .cmp/eq 32, v0x5ce4d104b280_0, L_0x1171e295d950;
L_0x5ce4d127ed40 .reduce/nor v0x5ce4d1054d10_0;
L_0x5ce4d127ee30 .reduce/nor L_0x5ce4d125cb00;
L_0x5ce4d127f020 .concat [ 8 24 0 0], L_0x5ce4d125dc40, L_0x1171e295d998;
L_0x5ce4d127f160 .cmp/eq 32, L_0x5ce4d127f020, L_0x1171e295d9e0;
L_0x5ce4d127e230 .reduce/nor L_0x5ce4d125cb00;
L_0x5ce4d127e3e0 .functor MUXZ 2, L_0x1171e295da70, L_0x1171e295da28, L_0x5ce4d127e2d0, C4<>;
L_0x5ce4d127e570 .part L_0x5ce4d127e3e0, 0, 1;
L_0x5ce4d127e6b0 .cmp/eq 32, v0x5ce4d11fc5c0_0, L_0x1171e295dab8;
L_0x5ce4d127fad0 .reduce/nor v0x5ce4d11fcfc0_0;
L_0x5ce4d127fb70 .reduce/nor v0x5ce4d11f84c0_0;
L_0x5ce4d1280390 .concat [ 1 31 0 0], v0x5ce4d103eba0_0, L_0x1171e295db00;
L_0x5ce4d1280480 .cmp/gt 32, L_0x5ce4d1280390, L_0x1171e295db48;
L_0x5ce4d127f7f0 .cmp/eq 32, v0x5ce4d11fed20_0, L_0x1171e295db90;
L_0x5ce4d127f9a0 .cmp/eq 32, v0x5ce4d11fc520_0, L_0x1171e295dbd8;
L_0x5ce4d127fdc0 .reduce/nor v0x5ce4d11fcf20_0;
L_0x5ce4d127feb0 .reduce/nor v0x5ce4d11f7fc0_0;
L_0x5ce4d1280010 .concat [ 1 31 0 0], v0x5ce4d0f8a390_0, L_0x1171e295dc20;
L_0x5ce4d1280150 .cmp/gt 32, L_0x5ce4d1280010, L_0x1171e295dc68;
L_0x5ce4d1281480 .cmp/eq 32, v0x5ce4d11fec80_0, L_0x1171e295dcb0;
L_0x5ce4d1281630 .cmp/eq 32, v0x5ce4d11fc480_0, L_0x1171e295dcf8;
L_0x5ce4d1281770 .reduce/nor v0x5ce4d11fce80_0;
L_0x5ce4d1281860 .reduce/nor v0x5ce4d11f8240_0;
L_0x5ce4d1280580 .concat [ 1 31 0 0], v0x5ce4d0f72580_0, L_0x1171e295dd40;
L_0x5ce4d12806c0 .cmp/gt 32, L_0x5ce4d1280580, L_0x1171e295dd88;
L_0x5ce4d1280a70 .cmp/eq 32, v0x5ce4d11fc3e0_0, L_0x1171e295ddd0;
L_0x5ce4d1280c10 .reduce/nor v0x5ce4d11fcde0_0;
L_0x5ce4d1280d00 .reduce/nor v0x5ce4d0fbc590_0;
L_0x5ce4d1280e60 .cmp/gt 33, v0x5ce4d0fbdd70_0, L_0x1171e295de18;
L_0x5ce4d12820f0 .cmp/eq 32, v0x5ce4d11febe0_0, L_0x1171e295de60;
L_0x5ce4d12829e0 .functor MUXZ 9, L_0x1171e295dea8, v0x5ce4d11fe960_0, L_0x5ce4d12821e0, C4<>;
L_0x5ce4d1282ad0 .functor MUXZ 9, L_0x5ce4d12829e0, v0x5ce4d11fc160_0, L_0x5ce4d1281170, C4<>;
L_0x5ce4d1281a50 .functor MUXZ 9, L_0x5ce4d1282ad0, v0x5ce4d11fc200_0, L_0x5ce4d0c97710, C4<>;
L_0x5ce4d1281b90 .functor MUXZ 9, L_0x5ce4d1281a50, v0x5ce4d11fe820_0, L_0x5ce4d1281570, C4<>;
L_0x5ce4d1281cd0 .functor MUXZ 9, L_0x5ce4d1281b90, v0x5ce4d11fc2a0_0, L_0x5ce4d1281370, C4<>;
L_0x5ce4d1281e10 .functor MUXZ 9, L_0x5ce4d1281cd0, v0x5ce4d11fe8c0_0, L_0x5ce4d127f8e0, C4<>;
L_0x5ce4d1281f50 .functor MUXZ 9, L_0x5ce4d1281e10, v0x5ce4d11fc340_0, L_0x5ce4d127f6e0, C4<>;
L_0x5ce4d12839c0 .cmp/eq 32, v0x5ce4d11fc5c0_0, L_0x1171e295def0;
L_0x5ce4d1282bc0 .reduce/nor v0x5ce4d11fcfc0_0;
L_0x5ce4d1282cb0 .reduce/nor v0x5ce4d11f84c0_0;
L_0x5ce4d1282e10 .concat [ 1 31 0 0], v0x5ce4d103eba0_0, L_0x1171e295df38;
L_0x5ce4d1282f50 .cmp/gt 32, L_0x5ce4d1282e10, L_0x1171e295df80;
L_0x5ce4d1282440 .cmp/eq 32, v0x5ce4d11fed20_0, L_0x1171e295e010;
L_0x5ce4d12826c0 .cmp/eq 32, v0x5ce4d11fc520_0, L_0x1171e295e0a0;
L_0x5ce4d1282760 .reduce/nor v0x5ce4d11fcf20_0;
L_0x5ce4d1282800 .reduce/nor v0x5ce4d11f7fc0_0;
L_0x5ce4d1283230 .concat [ 1 31 0 0], v0x5ce4d0f8a390_0, L_0x1171e295e0e8;
L_0x5ce4d12832d0 .cmp/gt 32, L_0x5ce4d1283230, L_0x1171e295e130;
L_0x5ce4d1283740 .cmp/eq 32, v0x5ce4d11fec80_0, L_0x1171e295e1c0;
L_0x5ce4d1284ad0 .cmp/eq 32, v0x5ce4d11fc480_0, L_0x1171e295e250;
L_0x5ce4d1284b70 .reduce/nor v0x5ce4d11fce80_0;
L_0x5ce4d1284c10 .reduce/nor v0x5ce4d11f8240_0;
L_0x5ce4d1284db0 .concat [ 1 31 0 0], v0x5ce4d0f72580_0, L_0x1171e295e298;
L_0x5ce4d1284e50 .cmp/gt 32, L_0x5ce4d1284db0, L_0x1171e295e2e0;
L_0x5ce4d1283d20 .cmp/eq 32, v0x5ce4d11fc3e0_0, L_0x1171e295e370;
L_0x5ce4d1283e10 .reduce/nor v0x5ce4d11fcde0_0;
L_0x5ce4d1283eb0 .reduce/nor v0x5ce4d0fbc590_0;
L_0x5ce4d12840e0 .cmp/gt 33, v0x5ce4d0fbdd70_0, L_0x1171e295e3b8;
L_0x5ce4d12846d0 .cmp/eq 32, v0x5ce4d11febe0_0, L_0x1171e295e448;
L_0x5ce4d12848c0 .functor MUXZ 1, L_0x1171e295e4d8, L_0x1171e295e490, L_0x5ce4d1284800, C4<>;
L_0x5ce4d12856d0 .functor MUXZ 1, L_0x5ce4d12848c0, L_0x1171e295e400, L_0x5ce4d12845c0, C4<>;
L_0x5ce4d1285860 .functor MUXZ 1, L_0x5ce4d12856d0, L_0x1171e295e328, L_0x5ce4d1283c10, C4<>;
L_0x5ce4d12859f0 .functor MUXZ 1, L_0x5ce4d1285860, L_0x1171e295e208, L_0x5ce4d1284280, C4<>;
L_0x5ce4d1285b80 .functor MUXZ 1, L_0x5ce4d12859f0, L_0x1171e295e178, L_0x5ce4d1283630, C4<>;
L_0x5ce4d1285d10 .functor MUXZ 1, L_0x5ce4d1285b80, L_0x1171e295e058, L_0x5ce4d1282570, C4<>;
L_0x5ce4d1285ea0 .functor MUXZ 1, L_0x5ce4d1285d10, L_0x1171e295dfc8, L_0x5ce4d1282330, C4<>;
L_0x5ce4d1286080 .cmp/eq 32, v0x5ce4d11fc5c0_0, L_0x1171e295e520;
L_0x5ce4d1286170 .reduce/nor v0x5ce4d11fcfc0_0;
L_0x5ce4d1286210 .reduce/nor v0x5ce4d11f84c0_0;
L_0x5ce4d1284f90 .concat [ 1 31 0 0], v0x5ce4d103eba0_0, L_0x1171e295e568;
L_0x5ce4d1285030 .cmp/gt 32, L_0x5ce4d1284f90, L_0x1171e295e5b0;
S_0x5ce4d0f8f310 .scope module, "inst__axi_m_dram_read_req_fifo" "_axi_m_dram_read_req_fifo" 2 2995, 2 5495 0, S_0x5ce4d0f8ef90;
 .timescale 0 0;
    .port_info 0 /INPUT 1 "CLK";
    .port_info 1 /INPUT 1 "RST";
    .port_info 2 /INPUT 1 "_axi_m_dram_read_req_fifo_enq";
    .port_info 3 /INPUT 137 "_axi_m_dram_read_req_fifo_wdata";
    .port_info 4 /OUTPUT 1 "_axi_m_dram_read_req_fifo_full";
    .port_info 5 /OUTPUT 1 "_axi_m_dram_read_req_fifo_almost_full";
    .port_info 6 /INPUT 1 "_axi_m_dram_read_req_fifo_deq";
    .port_info 7 /OUTPUT 137 "_axi_m_dram_read_req_fifo_rdata";
    .port_info 8 /OUTPUT 1 "_axi_m_dram_read_req_fifo_empty";
    .port_info 9 /OUTPUT 1 "_axi_m_dram_read_req_fifo_almost_empty";
L_0x1171e29594f8 .functor BUFT 1, C4<00000000000000000000000000000111>, C4<0>, C4<0>, C4<0>;
L_0x5ce4d124af40 .functor AND 32, L_0x5ce4d124aea0, L_0x1171e29594f8, C4<11111111111111111111111111111111>, C4<11111111111111111111111111111111>;
L_0x1171e29595d0 .functor BUFT 1, C4<00000000000000000000000000000111>, C4<0>, C4<0>, C4<0>;
L_0x5ce4d124b3c0 .functor AND 32, L_0x5ce4d124b320, L_0x1171e29595d0, C4<11111111111111111111111111111111>, C4<11111111111111111111111111111111>;
L_0x1171e29596f0 .functor BUFT 1, C4<00000000000000000000000000000111>, C4<0>, C4<0>, C4<0>;
L_0x5ce4d124b990 .functor AND 32, L_0x5ce4d124b8f0, L_0x1171e29596f0, C4<11111111111111111111111111111111>, C4<11111111111111111111111111111111>;
L_0x5ce4d124bd70 .functor BUFZ 1, L_0x5ce4d124b6b0, C4<0>, C4<0>, C4<0>;
L_0x5ce4d124beb0 .functor OR 1, L_0x5ce4d124bc30, L_0x5ce4d124b6b0, C4<0>, C4<0>;
L_0x5ce4d124bfc0 .functor BUFZ 1, L_0x5ce4d124ab80, C4<0>, C4<0>, C4<0>;
L_0x5ce4d124c0d0 .functor OR 1, L_0x5ce4d124b0f0, L_0x5ce4d124ab80, C4<0>, C4<0>;
L_0x5ce4d124bbc0 .functor BUFZ 137, L_0x5ce4d124c1e0, C4<00000000000000000000000000000000000000000000000000000000000000000000000000000000000000000000000000000000000000000000000000000000000000000>, C4<00000000000000000000000000000000000000000000000000000000000000000000000000000000000000000000000000000000000000000000000000000000000000000>, C4<00000000000000000000000000000000000000000000000000000000000000000000000000000000000000000000000000000000000000000000000000000000000000000>;
L_0x5ce4d124c4e0 .functor BUFZ 137, L_0x5ce4d124bbc0, C4<00000000000000000000000000000000000000000000000000000000000000000000000000000000000000000000000000000000000000000000000000000000000000000>, C4<00000000000000000000000000000000000000000000000000000000000000000000000000000000000000000000000000000000000000000000000000000000000000000>, C4<00000000000000000000000000000000000000000000000000000000000000000000000000000000000000000000000000000000000000000000000000000000000000000>;
v0x5ce4d0f7e240_0 .net "CLK", 0 0, v0x5ce4d11ff220_0;  alias, 1 drivers
v0x5ce4d0f7e2e0_0 .net "RST", 0 0, v0x5ce4d11ff2c0_0;  alias, 1 drivers
v0x5ce4d0f7a300_0 .net "_axi_m_dram_read_req_fifo_almost_empty", 0 0, L_0x5ce4d124c0d0;  alias, 1 drivers
v0x5ce4d0f7a3a0_0 .net "_axi_m_dram_read_req_fifo_almost_full", 0 0, L_0x5ce4d124beb0;  alias, 1 drivers
v0x5ce4d0f73fe0_0 .net "_axi_m_dram_read_req_fifo_deq", 0 0, L_0x5ce4d12664a0;  alias, 1 drivers
v0x5ce4d0f71020_0 .net "_axi_m_dram_read_req_fifo_empty", 0 0, L_0x5ce4d124bfc0;  alias, 1 drivers
v0x5ce4d0f710c0_0 .net "_axi_m_dram_read_req_fifo_enq", 0 0, L_0x5ce4d1263910;  alias, 1 drivers
v0x5ce4d0f297e0_0 .net "_axi_m_dram_read_req_fifo_full", 0 0, L_0x5ce4d124bd70;  alias, 1 drivers
v0x5ce4d0f29880_0 .net "_axi_m_dram_read_req_fifo_rdata", 136 0, L_0x5ce4d124c4e0;  alias, 1 drivers
v0x5ce4d0f28ef0_0 .net "_axi_m_dram_read_req_fifo_wdata", 136 0, L_0x5ce4d1262e60;  alias, 1 drivers
L_0x1171e29594b0 .functor BUFT 1, C4<00000000000000000000000000000001>, C4<0>, C4<0>, C4<0>;
v0x5ce4d10551f0_0 .net/2u *"_ivl_10", 31 0, L_0x1171e29594b0;  1 drivers
v0x5ce4d103c460_0 .net *"_ivl_12", 31 0, L_0x5ce4d124aea0;  1 drivers
v0x5ce4d102bfc0_0 .net/2u *"_ivl_14", 31 0, L_0x1171e29594f8;  1 drivers
v0x5ce4d0fe19f0_0 .net *"_ivl_16", 31 0, L_0x5ce4d124af40;  1 drivers
v0x5ce4d0fd3a10_0 .net *"_ivl_2", 31 0, L_0x5ce4d124ac20;  1 drivers
v0x5ce4d0fc2e10_0 .net *"_ivl_20", 31 0, L_0x5ce4d124b230;  1 drivers
L_0x1171e2959540 .functor BUFT 1, C4<00000000000000000000000000000>, C4<0>, C4<0>, C4<0>;
v0x5ce4d0fc2490_0 .net *"_ivl_23", 28 0, L_0x1171e2959540;  1 drivers
L_0x1171e2959588 .functor BUFT 1, C4<00000000000000000000000000000001>, C4<0>, C4<0>, C4<0>;
v0x5ce4d0fbd1d0_0 .net/2u *"_ivl_24", 31 0, L_0x1171e2959588;  1 drivers
v0x5ce4d0fbc850_0 .net *"_ivl_26", 31 0, L_0x5ce4d124b320;  1 drivers
v0x5ce4d10b44d0_0 .net/2u *"_ivl_28", 31 0, L_0x1171e29595d0;  1 drivers
v0x5ce4d109e920_0 .net *"_ivl_30", 31 0, L_0x5ce4d124b3c0;  1 drivers
v0x5ce4d1080b60_0 .net *"_ivl_32", 31 0, L_0x5ce4d124b570;  1 drivers
L_0x1171e2959618 .functor BUFT 1, C4<00000000000000000000000000000>, C4<0>, C4<0>, C4<0>;
v0x5ce4d1073040_0 .net *"_ivl_35", 28 0, L_0x1171e2959618;  1 drivers
v0x5ce4d1065290_0 .net *"_ivl_38", 31 0, L_0x5ce4d124b820;  1 drivers
L_0x1171e2959660 .functor BUFT 1, C4<00000000000000000000000000000>, C4<0>, C4<0>, C4<0>;
v0x5ce4d100ffd0_0 .net *"_ivl_41", 28 0, L_0x1171e2959660;  1 drivers
L_0x1171e29596a8 .functor BUFT 1, C4<00000000000000000000000000000010>, C4<0>, C4<0>, C4<0>;
v0x5ce4d100f850_0 .net/2u *"_ivl_42", 31 0, L_0x1171e29596a8;  1 drivers
v0x5ce4d0fe9a80_0 .net *"_ivl_44", 31 0, L_0x5ce4d124b8f0;  1 drivers
v0x5ce4d0fe9300_0 .net/2u *"_ivl_46", 31 0, L_0x1171e29596f0;  1 drivers
v0x5ce4d0ff66f0_0 .net *"_ivl_48", 31 0, L_0x5ce4d124b990;  1 drivers
L_0x1171e2959420 .functor BUFT 1, C4<00000000000000000000000000000>, C4<0>, C4<0>, C4<0>;
v0x5ce4d0ff5f70_0 .net *"_ivl_5", 28 0, L_0x1171e2959420;  1 drivers
v0x5ce4d101cc40_0 .net *"_ivl_50", 31 0, L_0x5ce4d124bb20;  1 drivers
L_0x1171e2959738 .functor BUFT 1, C4<00000000000000000000000000000>, C4<0>, C4<0>, C4<0>;
v0x5ce4d101c4c0_0 .net *"_ivl_53", 28 0, L_0x1171e2959738;  1 drivers
v0x5ce4d1003360_0 .net *"_ivl_6", 31 0, L_0x5ce4d124ad60;  1 drivers
v0x5ce4d0e663c0_0 .net *"_ivl_64", 136 0, L_0x5ce4d124c1e0;  1 drivers
v0x5ce4d0e664a0_0 .net *"_ivl_66", 4 0, L_0x5ce4d124c300;  1 drivers
L_0x1171e2959780 .functor BUFT 1, C4<00>, C4<0>, C4<0>, C4<0>;
v0x5ce4d1003400_0 .net *"_ivl_69", 1 0, L_0x1171e2959780;  1 drivers
L_0x1171e2959468 .functor BUFT 1, C4<00000000000000000000000000000>, C4<0>, C4<0>, C4<0>;
v0x5ce4d1002be0_0 .net *"_ivl_9", 28 0, L_0x1171e2959468;  1 drivers
v0x5ce4d0fdbaa0_0 .var "head", 2 0;
v0x5ce4d0fdb320_0 .net "is_almost_empty", 0 0, L_0x5ce4d124b0f0;  1 drivers
v0x5ce4d0fdb3e0_0 .net "is_almost_full", 0 0, L_0x5ce4d124bc30;  1 drivers
v0x5ce4d0fcda60_0 .net "is_empty", 0 0, L_0x5ce4d124ab80;  1 drivers
v0x5ce4d0fcdb20_0 .net "is_full", 0 0, L_0x5ce4d124b6b0;  1 drivers
v0x5ce4d0fcd2e0 .array "mem", 7 0, 136 0;
v0x5ce4d0fcd3a0_0 .net "rdata", 136 0, L_0x5ce4d124bbc0;  1 drivers
v0x5ce4d0f387a0_0 .var "tail", 2 0;
L_0x5ce4d124ab80 .cmp/eq 3, v0x5ce4d0fdbaa0_0, v0x5ce4d0f387a0_0;
L_0x5ce4d124ac20 .concat [ 3 29 0 0], v0x5ce4d0fdbaa0_0, L_0x1171e2959420;
L_0x5ce4d124ad60 .concat [ 3 29 0 0], v0x5ce4d0f387a0_0, L_0x1171e2959468;
L_0x5ce4d124aea0 .arith/sum 32, L_0x5ce4d124ad60, L_0x1171e29594b0;
L_0x5ce4d124b0f0 .cmp/eq 32, L_0x5ce4d124ac20, L_0x5ce4d124af40;
L_0x5ce4d124b230 .concat [ 3 29 0 0], v0x5ce4d0fdbaa0_0, L_0x1171e2959540;
L_0x5ce4d124b320 .arith/sum 32, L_0x5ce4d124b230, L_0x1171e2959588;
L_0x5ce4d124b570 .concat [ 3 29 0 0], v0x5ce4d0f387a0_0, L_0x1171e2959618;
L_0x5ce4d124b6b0 .cmp/eq 32, L_0x5ce4d124b3c0, L_0x5ce4d124b570;
L_0x5ce4d124b820 .concat [ 3 29 0 0], v0x5ce4d0fdbaa0_0, L_0x1171e2959660;
L_0x5ce4d124b8f0 .arith/sum 32, L_0x5ce4d124b820, L_0x1171e29596a8;
L_0x5ce4d124bb20 .concat [ 3 29 0 0], v0x5ce4d0f387a0_0, L_0x1171e2959738;
L_0x5ce4d124bc30 .cmp/eq 32, L_0x5ce4d124b990, L_0x5ce4d124bb20;
L_0x5ce4d124c1e0 .array/port v0x5ce4d0fcd2e0, L_0x5ce4d124c300;
L_0x5ce4d124c300 .concat [ 3 2 0 0], v0x5ce4d0f387a0_0, L_0x1171e2959780;
S_0x5ce4d0f3d3d0 .scope module, "inst__axi_m_dram_write_req_fifo" "_axi_m_dram_write_req_fifo" 2 3061, 2 5548 0, S_0x5ce4d0f8ef90;
 .timescale 0 0;
    .port_info 0 /INPUT 1 "CLK";
    .port_info 1 /INPUT 1 "RST";
    .port_info 2 /INPUT 1 "_axi_m_dram_write_req_fifo_enq";
    .port_info 3 /INPUT 137 "_axi_m_dram_write_req_fifo_wdata";
    .port_info 4 /OUTPUT 1 "_axi_m_dram_write_req_fifo_full";
    .port_info 5 /OUTPUT 1 "_axi_m_dram_write_req_fifo_almost_full";
    .port_info 6 /INPUT 1 "_axi_m_dram_write_req_fifo_deq";
    .port_info 7 /OUTPUT 137 "_axi_m_dram_write_req_fifo_rdata";
    .port_info 8 /OUTPUT 1 "_axi_m_dram_write_req_fifo_empty";
    .port_info 9 /OUTPUT 1 "_axi_m_dram_write_req_fifo_almost_empty";
L_0x1171e29598a0 .functor BUFT 1, C4<00000000000000000000000000000111>, C4<0>, C4<0>, C4<0>;
L_0x5ce4d124e4e0 .functor AND 32, L_0x5ce4d124e440, L_0x1171e29598a0, C4<11111111111111111111111111111111>, C4<11111111111111111111111111111111>;
L_0x1171e2959978 .functor BUFT 1, C4<00000000000000000000000000000111>, C4<0>, C4<0>, C4<0>;
L_0x5ce4d124e9c0 .functor AND 32, L_0x5ce4d124e920, L_0x1171e2959978, C4<11111111111111111111111111111111>, C4<11111111111111111111111111111111>;
L_0x1171e2959a98 .functor BUFT 1, C4<00000000000000000000000000000111>, C4<0>, C4<0>, C4<0>;
L_0x5ce4d124efc0 .functor AND 32, L_0x5ce4d124ef20, L_0x1171e2959a98, C4<11111111111111111111111111111111>, C4<11111111111111111111111111111111>;
L_0x5ce4d124f400 .functor BUFZ 1, L_0x5ce4d124ecb0, C4<0>, C4<0>, C4<0>;
L_0x5ce4d124f540 .functor OR 1, L_0x5ce4d124f2c0, L_0x5ce4d124ecb0, C4<0>, C4<0>;
L_0x5ce4d124f650 .functor BUFZ 1, L_0x5ce4d124e0f0, C4<0>, C4<0>, C4<0>;
L_0x5ce4d124f760 .functor OR 1, L_0x5ce4d124e6f0, L_0x5ce4d124e0f0, C4<0>, C4<0>;
L_0x5ce4d124f250 .functor BUFZ 137, L_0x5ce4d124f870, C4<00000000000000000000000000000000000000000000000000000000000000000000000000000000000000000000000000000000000000000000000000000000000000000>, C4<00000000000000000000000000000000000000000000000000000000000000000000000000000000000000000000000000000000000000000000000000000000000000000>, C4<00000000000000000000000000000000000000000000000000000000000000000000000000000000000000000000000000000000000000000000000000000000000000000>;
L_0x5ce4d124fb70 .functor BUFZ 137, L_0x5ce4d124f250, C4<00000000000000000000000000000000000000000000000000000000000000000000000000000000000000000000000000000000000000000000000000000000000000000>, C4<00000000000000000000000000000000000000000000000000000000000000000000000000000000000000000000000000000000000000000000000000000000000000000>, C4<00000000000000000000000000000000000000000000000000000000000000000000000000000000000000000000000000000000000000000000000000000000000000000>;
v0x5ce4d0f59f00_0 .net "CLK", 0 0, v0x5ce4d11ff220_0;  alias, 1 drivers
v0x5ce4d0f59fa0_0 .net "RST", 0 0, v0x5ce4d11ff2c0_0;  alias, 1 drivers
v0x5ce4d0f59780_0 .net "_axi_m_dram_write_req_fifo_almost_empty", 0 0, L_0x5ce4d124f760;  alias, 1 drivers
v0x5ce4d0f59820_0 .net "_axi_m_dram_write_req_fifo_almost_full", 0 0, L_0x5ce4d124f540;  alias, 1 drivers
v0x5ce4d0f6e360_0 .net "_axi_m_dram_write_req_fifo_deq", 0 0, L_0x5ce4d1270f50;  alias, 1 drivers
v0x5ce4d0f6dbe0_0 .net "_axi_m_dram_write_req_fifo_empty", 0 0, L_0x5ce4d124f650;  alias, 1 drivers
v0x5ce4d0f6dca0_0 .net "_axi_m_dram_write_req_fifo_enq", 0 0, L_0x5ce4d126e3b0;  alias, 1 drivers
v0x5ce4d0f64130_0 .net "_axi_m_dram_write_req_fifo_full", 0 0, L_0x5ce4d124f400;  alias, 1 drivers
v0x5ce4d0f641f0_0 .net "_axi_m_dram_write_req_fifo_rdata", 136 0, L_0x5ce4d124fb70;  alias, 1 drivers
v0x5ce4d0f639b0_0 .net "_axi_m_dram_write_req_fifo_wdata", 136 0, L_0x5ce4d126b8d0;  alias, 1 drivers
L_0x1171e2959858 .functor BUFT 1, C4<00000000000000000000000000000001>, C4<0>, C4<0>, C4<0>;
v0x5ce4d0f46240_0 .net/2u *"_ivl_10", 31 0, L_0x1171e2959858;  1 drivers
v0x5ce4d1038c70_0 .net *"_ivl_12", 31 0, L_0x5ce4d124e440;  1 drivers
v0x5ce4d1038d50_0 .net/2u *"_ivl_14", 31 0, L_0x1171e29598a0;  1 drivers
v0x5ce4d0fb9190_0 .net *"_ivl_16", 31 0, L_0x5ce4d124e4e0;  1 drivers
v0x5ce4d0fb9270_0 .net *"_ivl_2", 31 0, L_0x5ce4d124e190;  1 drivers
v0x5ce4d100eef0_0 .net *"_ivl_20", 31 0, L_0x5ce4d124e830;  1 drivers
L_0x1171e29598e8 .functor BUFT 1, C4<00000000000000000000000000000>, C4<0>, C4<0>, C4<0>;
v0x5ce4d100efd0_0 .net *"_ivl_23", 28 0, L_0x1171e29598e8;  1 drivers
L_0x1171e2959930 .functor BUFT 1, C4<00000000000000000000000000000001>, C4<0>, C4<0>, C4<0>;
v0x5ce4d100caf0_0 .net/2u *"_ivl_24", 31 0, L_0x1171e2959930;  1 drivers
v0x5ce4d100cbd0_0 .net *"_ivl_26", 31 0, L_0x5ce4d124e920;  1 drivers
v0x5ce4d100a6f0_0 .net/2u *"_ivl_28", 31 0, L_0x1171e2959978;  1 drivers
v0x5ce4d100a7b0_0 .net *"_ivl_30", 31 0, L_0x5ce4d124e9c0;  1 drivers
v0x5ce4d0fe89a0_0 .net *"_ivl_32", 31 0, L_0x5ce4d124eb70;  1 drivers
L_0x1171e29599c0 .functor BUFT 1, C4<00000000000000000000000000000>, C4<0>, C4<0>, C4<0>;
v0x5ce4d0fe8a80_0 .net *"_ivl_35", 28 0, L_0x1171e29599c0;  1 drivers
v0x5ce4d0fe65a0_0 .net *"_ivl_38", 31 0, L_0x5ce4d124edf0;  1 drivers
L_0x1171e2959a08 .functor BUFT 1, C4<00000000000000000000000000000>, C4<0>, C4<0>, C4<0>;
v0x5ce4d0fe6660_0 .net *"_ivl_41", 28 0, L_0x1171e2959a08;  1 drivers
L_0x1171e2959a50 .functor BUFT 1, C4<00000000000000000000000000000010>, C4<0>, C4<0>, C4<0>;
v0x5ce4d0fe41a0_0 .net/2u *"_ivl_42", 31 0, L_0x1171e2959a50;  1 drivers
v0x5ce4d0fe4280_0 .net *"_ivl_44", 31 0, L_0x5ce4d124ef20;  1 drivers
v0x5ce4d0ff5610_0 .net/2u *"_ivl_46", 31 0, L_0x1171e2959a98;  1 drivers
v0x5ce4d0ff56d0_0 .net *"_ivl_48", 31 0, L_0x5ce4d124efc0;  1 drivers
L_0x1171e29597c8 .functor BUFT 1, C4<00000000000000000000000000000>, C4<0>, C4<0>, C4<0>;
v0x5ce4d0ff3210_0 .net *"_ivl_5", 28 0, L_0x1171e29597c8;  1 drivers
v0x5ce4d0ff32f0_0 .net *"_ivl_50", 31 0, L_0x5ce4d124f120;  1 drivers
L_0x1171e2959ae0 .functor BUFT 1, C4<00000000000000000000000000000>, C4<0>, C4<0>, C4<0>;
v0x5ce4d0ff0e10_0 .net *"_ivl_53", 28 0, L_0x1171e2959ae0;  1 drivers
v0x5ce4d0ff0ed0_0 .net *"_ivl_6", 31 0, L_0x5ce4d124e300;  1 drivers
v0x5ce4d0e7e220_0 .net *"_ivl_64", 136 0, L_0x5ce4d124f870;  1 drivers
v0x5ce4d0e7e300_0 .net *"_ivl_66", 4 0, L_0x5ce4d124f990;  1 drivers
L_0x1171e2959b28 .functor BUFT 1, C4<00>, C4<0>, C4<0>, C4<0>;
v0x5ce4d101bb60_0 .net *"_ivl_69", 1 0, L_0x1171e2959b28;  1 drivers
L_0x1171e2959810 .functor BUFT 1, C4<00000000000000000000000000000>, C4<0>, C4<0>, C4<0>;
v0x5ce4d101bc40_0 .net *"_ivl_9", 28 0, L_0x1171e2959810;  1 drivers
v0x5ce4d1019760_0 .var "head", 2 0;
v0x5ce4d1019840_0 .net "is_almost_empty", 0 0, L_0x5ce4d124e6f0;  1 drivers
v0x5ce4d1017360_0 .net "is_almost_full", 0 0, L_0x5ce4d124f2c0;  1 drivers
v0x5ce4d1017400_0 .net "is_empty", 0 0, L_0x5ce4d124e0f0;  1 drivers
v0x5ce4d1002280_0 .net "is_full", 0 0, L_0x5ce4d124ecb0;  1 drivers
v0x5ce4d1002320 .array "mem", 7 0, 136 0;
v0x5ce4d0fffe80_0 .net "rdata", 136 0, L_0x5ce4d124f250;  1 drivers
v0x5ce4d0ffff40_0 .var "tail", 2 0;
L_0x5ce4d124e0f0 .cmp/eq 3, v0x5ce4d1019760_0, v0x5ce4d0ffff40_0;
L_0x5ce4d124e190 .concat [ 3 29 0 0], v0x5ce4d1019760_0, L_0x1171e29597c8;
L_0x5ce4d124e300 .concat [ 3 29 0 0], v0x5ce4d0ffff40_0, L_0x1171e2959810;
L_0x5ce4d124e440 .arith/sum 32, L_0x5ce4d124e300, L_0x1171e2959858;
L_0x5ce4d124e6f0 .cmp/eq 32, L_0x5ce4d124e190, L_0x5ce4d124e4e0;
L_0x5ce4d124e830 .concat [ 3 29 0 0], v0x5ce4d1019760_0, L_0x1171e29598e8;
L_0x5ce4d124e920 .arith/sum 32, L_0x5ce4d124e830, L_0x1171e2959930;
L_0x5ce4d124eb70 .concat [ 3 29 0 0], v0x5ce4d0ffff40_0, L_0x1171e29599c0;
L_0x5ce4d124ecb0 .cmp/eq 32, L_0x5ce4d124e9c0, L_0x5ce4d124eb70;
L_0x5ce4d124edf0 .concat [ 3 29 0 0], v0x5ce4d1019760_0, L_0x1171e2959a08;
L_0x5ce4d124ef20 .arith/sum 32, L_0x5ce4d124edf0, L_0x1171e2959a50;
L_0x5ce4d124f120 .concat [ 3 29 0 0], v0x5ce4d0ffff40_0, L_0x1171e2959ae0;
L_0x5ce4d124f2c0 .cmp/eq 32, L_0x5ce4d124efc0, L_0x5ce4d124f120;
L_0x5ce4d124f870 .array/port v0x5ce4d1002320, L_0x5ce4d124f990;
L_0x5ce4d124f990 .concat [ 3 2 0 0], v0x5ce4d0ffff40_0, L_0x1171e2959b28;
S_0x5ce4d0f2e4f0 .scope module, "inst__axis_in_axim_spm_read_req_fifo" "_axis_in_axim_spm_read_req_fifo" 2 3219, 2 5707 0, S_0x5ce4d0f8ef90;
 .timescale 0 0;
    .port_info 0 /INPUT 1 "CLK";
    .port_info 1 /INPUT 1 "RST";
    .port_info 2 /INPUT 1 "_axis_in_axim_spm_read_req_fifo_enq";
    .port_info 3 /INPUT 105 "_axis_in_axim_spm_read_req_fifo_wdata";
    .port_info 4 /OUTPUT 1 "_axis_in_axim_spm_read_req_fifo_full";
    .port_info 5 /OUTPUT 1 "_axis_in_axim_spm_read_req_fifo_almost_full";
    .port_info 6 /INPUT 1 "_axis_in_axim_spm_read_req_fifo_deq";
    .port_info 7 /OUTPUT 105 "_axis_in_axim_spm_read_req_fifo_rdata";
    .port_info 8 /OUTPUT 1 "_axis_in_axim_spm_read_req_fifo_empty";
    .port_info 9 /OUTPUT 1 "_axis_in_axim_spm_read_req_fifo_almost_empty";
L_0x1171e295a398 .functor BUFT 1, C4<00000000000000000000000000000111>, C4<0>, C4<0>, C4<0>;
L_0x5ce4d1257de0 .functor AND 32, L_0x5ce4d1257d40, L_0x1171e295a398, C4<11111111111111111111111111111111>, C4<11111111111111111111111111111111>;
L_0x1171e295a470 .functor BUFT 1, C4<00000000000000000000000000000111>, C4<0>, C4<0>, C4<0>;
L_0x5ce4d1258260 .functor AND 32, L_0x5ce4d12581c0, L_0x1171e295a470, C4<11111111111111111111111111111111>, C4<11111111111111111111111111111111>;
L_0x1171e295a590 .functor BUFT 1, C4<00000000000000000000000000000111>, C4<0>, C4<0>, C4<0>;
L_0x5ce4d1258860 .functor AND 32, L_0x5ce4d12587c0, L_0x1171e295a590, C4<11111111111111111111111111111111>, C4<11111111111111111111111111111111>;
L_0x5ce4d1258ca0 .functor BUFZ 1, L_0x5ce4d1258550, C4<0>, C4<0>, C4<0>;
L_0x5ce4d1258db0 .functor OR 1, L_0x5ce4d1258b60, L_0x5ce4d1258550, C4<0>, C4<0>;
L_0x5ce4d1258ec0 .functor BUFZ 1, L_0x5ce4d1257a20, C4<0>, C4<0>, C4<0>;
L_0x5ce4d1258fd0 .functor OR 1, L_0x5ce4d1257f90, L_0x5ce4d1257a20, C4<0>, C4<0>;
L_0x5ce4d1258af0 .functor BUFZ 105, L_0x5ce4d12590e0, C4<000000000000000000000000000000000000000000000000000000000000000000000000000000000000000000000000000000000>, C4<000000000000000000000000000000000000000000000000000000000000000000000000000000000000000000000000000000000>, C4<000000000000000000000000000000000000000000000000000000000000000000000000000000000000000000000000000000000>;
L_0x5ce4d12593e0 .functor BUFZ 105, L_0x5ce4d1258af0, C4<000000000000000000000000000000000000000000000000000000000000000000000000000000000000000000000000000000000>, C4<000000000000000000000000000000000000000000000000000000000000000000000000000000000000000000000000000000000>, C4<000000000000000000000000000000000000000000000000000000000000000000000000000000000000000000000000000000000>;
v0x5ce4d0fda9c0_0 .net "CLK", 0 0, v0x5ce4d11ff220_0;  alias, 1 drivers
v0x5ce4d0fdaa60_0 .net "RST", 0 0, v0x5ce4d11ff2c0_0;  alias, 1 drivers
v0x5ce4d0fd85c0_0 .net "_axis_in_axim_spm_read_req_fifo_almost_empty", 0 0, L_0x5ce4d1258fd0;  alias, 1 drivers
v0x5ce4d0fd8690_0 .net "_axis_in_axim_spm_read_req_fifo_almost_full", 0 0, L_0x5ce4d1258db0;  alias, 1 drivers
v0x5ce4d0fd61c0_0 .net "_axis_in_axim_spm_read_req_fifo_deq", 0 0, L_0x5ce4d1275830;  alias, 1 drivers
v0x5ce4d0fcc980_0 .net "_axis_in_axim_spm_read_req_fifo_empty", 0 0, L_0x5ce4d1258ec0;  alias, 1 drivers
v0x5ce4d0fcca40_0 .net "_axis_in_axim_spm_read_req_fifo_enq", 0 0, L_0x5ce4d1275a50;  alias, 1 drivers
v0x5ce4d0fca580_0 .net "_axis_in_axim_spm_read_req_fifo_full", 0 0, L_0x5ce4d1258ca0;  alias, 1 drivers
v0x5ce4d0fca640_0 .net "_axis_in_axim_spm_read_req_fifo_rdata", 104 0, L_0x5ce4d12593e0;  alias, 1 drivers
v0x5ce4d0fc8180_0 .net "_axis_in_axim_spm_read_req_fifo_wdata", 104 0, L_0x5ce4d12750c0;  alias, 1 drivers
L_0x1171e295a350 .functor BUFT 1, C4<00000000000000000000000000000001>, C4<0>, C4<0>, C4<0>;
v0x5ce4d0fc8240_0 .net/2u *"_ivl_10", 31 0, L_0x1171e295a350;  1 drivers
v0x5ce4d0f376c0_0 .net *"_ivl_12", 31 0, L_0x5ce4d1257d40;  1 drivers
v0x5ce4d0f377a0_0 .net/2u *"_ivl_14", 31 0, L_0x1171e295a398;  1 drivers
v0x5ce4d0f352c0_0 .net *"_ivl_16", 31 0, L_0x5ce4d1257de0;  1 drivers
v0x5ce4d0f353a0_0 .net *"_ivl_2", 31 0, L_0x5ce4d1257ac0;  1 drivers
v0x5ce4d0f32ec0_0 .net *"_ivl_20", 31 0, L_0x5ce4d12580d0;  1 drivers
L_0x1171e295a3e0 .functor BUFT 1, C4<00000000000000000000000000000>, C4<0>, C4<0>, C4<0>;
v0x5ce4d0f32fa0_0 .net *"_ivl_23", 28 0, L_0x1171e295a3e0;  1 drivers
L_0x1171e295a428 .functor BUFT 1, C4<00000000000000000000000000000001>, C4<0>, C4<0>, C4<0>;
v0x5ce4d0f58e20_0 .net/2u *"_ivl_24", 31 0, L_0x1171e295a428;  1 drivers
v0x5ce4d0f58f00_0 .net *"_ivl_26", 31 0, L_0x5ce4d12581c0;  1 drivers
v0x5ce4d0f56a20_0 .net/2u *"_ivl_28", 31 0, L_0x1171e295a470;  1 drivers
v0x5ce4d0f56b00_0 .net *"_ivl_30", 31 0, L_0x5ce4d1258260;  1 drivers
v0x5ce4d0f54620_0 .net *"_ivl_32", 31 0, L_0x5ce4d1258410;  1 drivers
L_0x1171e295a4b8 .functor BUFT 1, C4<00000000000000000000000000000>, C4<0>, C4<0>, C4<0>;
v0x5ce4d0f54700_0 .net *"_ivl_35", 28 0, L_0x1171e295a4b8;  1 drivers
v0x5ce4d0f6d280_0 .net *"_ivl_38", 31 0, L_0x5ce4d1258690;  1 drivers
L_0x1171e295a500 .functor BUFT 1, C4<00000000000000000000000000000>, C4<0>, C4<0>, C4<0>;
v0x5ce4d0f6d360_0 .net *"_ivl_41", 28 0, L_0x1171e295a500;  1 drivers
L_0x1171e295a548 .functor BUFT 1, C4<00000000000000000000000000000010>, C4<0>, C4<0>, C4<0>;
v0x5ce4d0f6ae80_0 .net/2u *"_ivl_42", 31 0, L_0x1171e295a548;  1 drivers
v0x5ce4d0f6af60_0 .net *"_ivl_44", 31 0, L_0x5ce4d12587c0;  1 drivers
v0x5ce4d0f68a80_0 .net/2u *"_ivl_46", 31 0, L_0x1171e295a590;  1 drivers
v0x5ce4d0f68b60_0 .net *"_ivl_48", 31 0, L_0x5ce4d1258860;  1 drivers
L_0x1171e295a2c0 .functor BUFT 1, C4<00000000000000000000000000000>, C4<0>, C4<0>, C4<0>;
v0x5ce4d0f63050_0 .net *"_ivl_5", 28 0, L_0x1171e295a2c0;  1 drivers
v0x5ce4d0f63130_0 .net *"_ivl_50", 31 0, L_0x5ce4d12589c0;  1 drivers
L_0x1171e295a5d8 .functor BUFT 1, C4<00000000000000000000000000000>, C4<0>, C4<0>, C4<0>;
v0x5ce4d0f60c50_0 .net *"_ivl_53", 28 0, L_0x1171e295a5d8;  1 drivers
v0x5ce4d0f60d30_0 .net *"_ivl_6", 31 0, L_0x5ce4d1257c00;  1 drivers
v0x5ce4d0c76da0_0 .net *"_ivl_64", 104 0, L_0x5ce4d12590e0;  1 drivers
v0x5ce4d0c76e80_0 .net *"_ivl_66", 4 0, L_0x5ce4d1259200;  1 drivers
L_0x1171e295a620 .functor BUFT 1, C4<00>, C4<0>, C4<0>, C4<0>;
v0x5ce4d0f5e850_0 .net *"_ivl_69", 1 0, L_0x1171e295a620;  1 drivers
L_0x1171e295a308 .functor BUFT 1, C4<00000000000000000000000000000>, C4<0>, C4<0>, C4<0>;
v0x5ce4d0f5e930_0 .net *"_ivl_9", 28 0, L_0x1171e295a308;  1 drivers
v0x5ce4d0f91b30_0 .var "head", 2 0;
v0x5ce4d0f91c10_0 .net "is_almost_empty", 0 0, L_0x5ce4d1257f90;  1 drivers
v0x5ce4d0f91eb0_0 .net "is_almost_full", 0 0, L_0x5ce4d1258b60;  1 drivers
v0x5ce4d0f91f70_0 .net "is_empty", 0 0, L_0x5ce4d1257a20;  1 drivers
v0x5ce4d0f92290_0 .net "is_full", 0 0, L_0x5ce4d1258550;  1 drivers
v0x5ce4d0f92350 .array "mem", 7 0, 104 0;
v0x5ce4d0f92670_0 .net "rdata", 104 0, L_0x5ce4d1258af0;  1 drivers
v0x5ce4d0f92750_0 .var "tail", 2 0;
L_0x5ce4d1257a20 .cmp/eq 3, v0x5ce4d0f91b30_0, v0x5ce4d0f92750_0;
L_0x5ce4d1257ac0 .concat [ 3 29 0 0], v0x5ce4d0f91b30_0, L_0x1171e295a2c0;
L_0x5ce4d1257c00 .concat [ 3 29 0 0], v0x5ce4d0f92750_0, L_0x1171e295a308;
L_0x5ce4d1257d40 .arith/sum 32, L_0x5ce4d1257c00, L_0x1171e295a350;
L_0x5ce4d1257f90 .cmp/eq 32, L_0x5ce4d1257ac0, L_0x5ce4d1257de0;
L_0x5ce4d12580d0 .concat [ 3 29 0 0], v0x5ce4d0f91b30_0, L_0x1171e295a3e0;
L_0x5ce4d12581c0 .arith/sum 32, L_0x5ce4d12580d0, L_0x1171e295a428;
L_0x5ce4d1258410 .concat [ 3 29 0 0], v0x5ce4d0f92750_0, L_0x1171e295a4b8;
L_0x5ce4d1258550 .cmp/eq 32, L_0x5ce4d1258260, L_0x5ce4d1258410;
L_0x5ce4d1258690 .concat [ 3 29 0 0], v0x5ce4d0f91b30_0, L_0x1171e295a500;
L_0x5ce4d12587c0 .arith/sum 32, L_0x5ce4d1258690, L_0x1171e295a548;
L_0x5ce4d12589c0 .concat [ 3 29 0 0], v0x5ce4d0f92750_0, L_0x1171e295a5d8;
L_0x5ce4d1258b60 .cmp/eq 32, L_0x5ce4d1258860, L_0x5ce4d12589c0;
L_0x5ce4d12590e0 .array/port v0x5ce4d0f92350, L_0x5ce4d1259200;
L_0x5ce4d1259200 .concat [ 3 2 0 0], v0x5ce4d0f92750_0, L_0x1171e295a620;
S_0x5ce4d0f2e170 .scope module, "inst__axis_in_xored_spm_read_req_fifo" "_axis_in_xored_spm_read_req_fifo" 2 3319, 2 5813 0, S_0x5ce4d0f8ef90;
 .timescale 0 0;
    .port_info 0 /INPUT 1 "CLK";
    .port_info 1 /INPUT 1 "RST";
    .port_info 2 /INPUT 1 "_axis_in_xored_spm_read_req_fifo_enq";
    .port_info 3 /INPUT 105 "_axis_in_xored_spm_read_req_fifo_wdata";
    .port_info 4 /OUTPUT 1 "_axis_in_xored_spm_read_req_fifo_full";
    .port_info 5 /OUTPUT 1 "_axis_in_xored_spm_read_req_fifo_almost_full";
    .port_info 6 /INPUT 1 "_axis_in_xored_spm_read_req_fifo_deq";
    .port_info 7 /OUTPUT 105 "_axis_in_xored_spm_read_req_fifo_rdata";
    .port_info 8 /OUTPUT 1 "_axis_in_xored_spm_read_req_fifo_empty";
    .port_info 9 /OUTPUT 1 "_axis_in_xored_spm_read_req_fifo_almost_empty";
L_0x1171e295aae8 .functor BUFT 1, C4<00000000000000000000000000000111>, C4<0>, C4<0>, C4<0>;
L_0x5ce4d125eae0 .functor AND 32, L_0x5ce4d125ea40, L_0x1171e295aae8, C4<11111111111111111111111111111111>, C4<11111111111111111111111111111111>;
L_0x1171e295abc0 .functor BUFT 1, C4<00000000000000000000000000000111>, C4<0>, C4<0>, C4<0>;
L_0x5ce4d125ef60 .functor AND 32, L_0x5ce4d125eec0, L_0x1171e295abc0, C4<11111111111111111111111111111111>, C4<11111111111111111111111111111111>;
L_0x1171e295ace0 .functor BUFT 1, C4<00000000000000000000000000000111>, C4<0>, C4<0>, C4<0>;
L_0x5ce4d125f5c0 .functor AND 32, L_0x5ce4d125f520, L_0x1171e295ace0, C4<11111111111111111111111111111111>, C4<11111111111111111111111111111111>;
L_0x5ce4d125fa00 .functor BUFZ 1, L_0x5ce4d125f250, C4<0>, C4<0>, C4<0>;
L_0x5ce4d125fb10 .functor OR 1, L_0x5ce4d125f8c0, L_0x5ce4d125f250, C4<0>, C4<0>;
L_0x5ce4d125fc20 .functor BUFZ 1, L_0x5ce4d125e720, C4<0>, C4<0>, C4<0>;
L_0x5ce4d125fd30 .functor OR 1, L_0x5ce4d125ec90, L_0x5ce4d125e720, C4<0>, C4<0>;
L_0x5ce4d125f850 .functor BUFZ 105, L_0x5ce4d125fe40, C4<000000000000000000000000000000000000000000000000000000000000000000000000000000000000000000000000000000000>, C4<000000000000000000000000000000000000000000000000000000000000000000000000000000000000000000000000000000000>, C4<000000000000000000000000000000000000000000000000000000000000000000000000000000000000000000000000000000000>;
L_0x5ce4d1260140 .functor BUFZ 105, L_0x5ce4d125f850, C4<000000000000000000000000000000000000000000000000000000000000000000000000000000000000000000000000000000000>, C4<000000000000000000000000000000000000000000000000000000000000000000000000000000000000000000000000000000000>, C4<000000000000000000000000000000000000000000000000000000000000000000000000000000000000000000000000000000000>;
v0x5ce4d0f913b0_0 .net "CLK", 0 0, v0x5ce4d11ff220_0;  alias, 1 drivers
v0x5ce4d0f91470_0 .net "RST", 0 0, v0x5ce4d11ff2c0_0;  alias, 1 drivers
v0x5ce4d0f2c930_0 .net "_axis_in_xored_spm_read_req_fifo_almost_empty", 0 0, L_0x5ce4d125fd30;  alias, 1 drivers
v0x5ce4d0f2c9d0_0 .net "_axis_in_xored_spm_read_req_fifo_almost_full", 0 0, L_0x5ce4d125fb10;  alias, 1 drivers
v0x5ce4d0f901a0_0 .net "_axis_in_xored_spm_read_req_fifo_deq", 0 0, L_0x5ce4d127b990;  alias, 1 drivers
v0x5ce4d0f90900_0 .net "_axis_in_xored_spm_read_req_fifo_empty", 0 0, L_0x5ce4d125fc20;  alias, 1 drivers
v0x5ce4d0f909c0_0 .net "_axis_in_xored_spm_read_req_fifo_enq", 0 0, L_0x5ce4d127ab20;  alias, 1 drivers
v0x5ce4d0f90cb0_0 .net "_axis_in_xored_spm_read_req_fifo_full", 0 0, L_0x5ce4d125fa00;  alias, 1 drivers
v0x5ce4d0f90d70_0 .net "_axis_in_xored_spm_read_req_fifo_rdata", 104 0, L_0x5ce4d1260140;  alias, 1 drivers
v0x5ce4d0f91060_0 .net "_axis_in_xored_spm_read_req_fifo_wdata", 104 0, L_0x5ce4d12797b0;  alias, 1 drivers
L_0x1171e295aaa0 .functor BUFT 1, C4<00000000000000000000000000000001>, C4<0>, C4<0>, C4<0>;
v0x5ce4d0f91140_0 .net/2u *"_ivl_10", 31 0, L_0x1171e295aaa0;  1 drivers
v0x5ce4d0f8fa40_0 .net *"_ivl_12", 31 0, L_0x5ce4d125ea40;  1 drivers
v0x5ce4d0f8fb00_0 .net/2u *"_ivl_14", 31 0, L_0x1171e295aae8;  1 drivers
v0x5ce4d0f8e450_0 .net *"_ivl_16", 31 0, L_0x5ce4d125eae0;  1 drivers
v0x5ce4d0f8e530_0 .net *"_ivl_2", 31 0, L_0x5ce4d125e7c0;  1 drivers
v0x5ce4d0f8e830_0 .net *"_ivl_20", 31 0, L_0x5ce4d125edd0;  1 drivers
L_0x1171e295ab30 .functor BUFT 1, C4<00000000000000000000000000000>, C4<0>, C4<0>, C4<0>;
v0x5ce4d0f8e8f0_0 .net *"_ivl_23", 28 0, L_0x1171e295ab30;  1 drivers
L_0x1171e295ab78 .functor BUFT 1, C4<00000000000000000000000000000001>, C4<0>, C4<0>, C4<0>;
v0x5ce4d0f8c860_0 .net/2u *"_ivl_24", 31 0, L_0x1171e295ab78;  1 drivers
v0x5ce4d0f8c940_0 .net *"_ivl_26", 31 0, L_0x5ce4d125eec0;  1 drivers
v0x5ce4d0f8cbb0_0 .net/2u *"_ivl_28", 31 0, L_0x1171e295abc0;  1 drivers
v0x5ce4d0f8cc70_0 .net *"_ivl_30", 31 0, L_0x5ce4d125ef60;  1 drivers
v0x5ce4d0f8cf60_0 .net *"_ivl_32", 31 0, L_0x5ce4d125f110;  1 drivers
L_0x1171e295ac08 .functor BUFT 1, C4<00000000000000000000000000000>, C4<0>, C4<0>, C4<0>;
v0x5ce4d0f8d040_0 .net *"_ivl_35", 28 0, L_0x1171e295ac08;  1 drivers
v0x5ce4d0f8d2e0_0 .net *"_ivl_38", 31 0, L_0x5ce4d125f390;  1 drivers
L_0x1171e295ac50 .functor BUFT 1, C4<00000000000000000000000000000>, C4<0>, C4<0>, C4<0>;
v0x5ce4d0f8d3a0_0 .net *"_ivl_41", 28 0, L_0x1171e295ac50;  1 drivers
L_0x1171e295ac98 .functor BUFT 1, C4<00000000000000000000000000000010>, C4<0>, C4<0>, C4<0>;
v0x5ce4d0f8d660_0 .net/2u *"_ivl_42", 31 0, L_0x1171e295ac98;  1 drivers
v0x5ce4d0f8d740_0 .net *"_ivl_44", 31 0, L_0x5ce4d125f520;  1 drivers
v0x5ce4d0f8d9e0_0 .net/2u *"_ivl_46", 31 0, L_0x1171e295ace0;  1 drivers
v0x5ce4d0f8daa0_0 .net *"_ivl_48", 31 0, L_0x5ce4d125f5c0;  1 drivers
L_0x1171e295aa10 .functor BUFT 1, C4<00000000000000000000000000000>, C4<0>, C4<0>, C4<0>;
v0x5ce4d0f2c580_0 .net *"_ivl_5", 28 0, L_0x1171e295aa10;  1 drivers
v0x5ce4d0f2c660_0 .net *"_ivl_50", 31 0, L_0x5ce4d125f720;  1 drivers
L_0x1171e295ad28 .functor BUFT 1, C4<00000000000000000000000000000>, C4<0>, C4<0>, C4<0>;
v0x5ce4d0f8c4b0_0 .net *"_ivl_53", 28 0, L_0x1171e295ad28;  1 drivers
v0x5ce4d0f8c570_0 .net *"_ivl_6", 31 0, L_0x5ce4d125e900;  1 drivers
v0x5ce4d0c86c90_0 .net *"_ivl_64", 104 0, L_0x5ce4d125fe40;  1 drivers
v0x5ce4d0c86d70_0 .net *"_ivl_66", 4 0, L_0x5ce4d125ff60;  1 drivers
L_0x1171e295ad70 .functor BUFT 1, C4<00>, C4<0>, C4<0>, C4<0>;
v0x5ce4d0f8ab10_0 .net *"_ivl_69", 1 0, L_0x1171e295ad70;  1 drivers
L_0x1171e295aa58 .functor BUFT 1, C4<00000000000000000000000000000>, C4<0>, C4<0>, C4<0>;
v0x5ce4d0f8abf0_0 .net *"_ivl_9", 28 0, L_0x1171e295aa58;  1 drivers
v0x5ce4d0f8ae90_0 .var "head", 2 0;
v0x5ce4d0f8af70_0 .net "is_almost_empty", 0 0, L_0x5ce4d125ec90;  1 drivers
v0x5ce4d0f8b240_0 .net "is_almost_full", 0 0, L_0x5ce4d125f8c0;  1 drivers
v0x5ce4d0f8b300_0 .net "is_empty", 0 0, L_0x5ce4d125e720;  1 drivers
v0x5ce4d0f8b5f0_0 .net "is_full", 0 0, L_0x5ce4d125f250;  1 drivers
v0x5ce4d0f8b6b0 .array "mem", 7 0, 104 0;
v0x5ce4d0f8b9a0_0 .net "rdata", 104 0, L_0x5ce4d125f850;  1 drivers
v0x5ce4d0f8ba80_0 .var "tail", 2 0;
L_0x5ce4d125e720 .cmp/eq 3, v0x5ce4d0f8ae90_0, v0x5ce4d0f8ba80_0;
L_0x5ce4d125e7c0 .concat [ 3 29 0 0], v0x5ce4d0f8ae90_0, L_0x1171e295aa10;
L_0x5ce4d125e900 .concat [ 3 29 0 0], v0x5ce4d0f8ba80_0, L_0x1171e295aa58;
L_0x5ce4d125ea40 .arith/sum 32, L_0x5ce4d125e900, L_0x1171e295aaa0;
L_0x5ce4d125ec90 .cmp/eq 32, L_0x5ce4d125e7c0, L_0x5ce4d125eae0;
L_0x5ce4d125edd0 .concat [ 3 29 0 0], v0x5ce4d0f8ae90_0, L_0x1171e295ab30;
L_0x5ce4d125eec0 .arith/sum 32, L_0x5ce4d125edd0, L_0x1171e295ab78;
L_0x5ce4d125f110 .concat [ 3 29 0 0], v0x5ce4d0f8ba80_0, L_0x1171e295ac08;
L_0x5ce4d125f250 .cmp/eq 32, L_0x5ce4d125ef60, L_0x5ce4d125f110;
L_0x5ce4d125f390 .concat [ 3 29 0 0], v0x5ce4d0f8ae90_0, L_0x1171e295ac50;
L_0x5ce4d125f520 .arith/sum 32, L_0x5ce4d125f390, L_0x1171e295ac98;
L_0x5ce4d125f720 .concat [ 3 29 0 0], v0x5ce4d0f8ba80_0, L_0x1171e295ad28;
L_0x5ce4d125f8c0 .cmp/eq 32, L_0x5ce4d125f5c0, L_0x5ce4d125f720;
L_0x5ce4d125fe40 .array/port v0x5ce4d0f8b6b0, L_0x5ce4d125ff60;
L_0x5ce4d125ff60 .concat [ 3 2 0 0], v0x5ce4d0f8ba80_0, L_0x1171e295ad70;
S_0x5ce4d0f2de20 .scope module, "inst__axis_out_axim_spm_write_req_fifo" "_axis_out_axim_spm_write_req_fifo" 2 3169, 2 5654 0, S_0x5ce4d0f8ef90;
 .timescale 0 0;
    .port_info 0 /INPUT 1 "CLK";
    .port_info 1 /INPUT 1 "RST";
    .port_info 2 /INPUT 1 "_axis_out_axim_spm_write_req_fifo_enq";
    .port_info 3 /INPUT 105 "_axis_out_axim_spm_write_req_fifo_wdata";
    .port_info 4 /OUTPUT 1 "_axis_out_axim_spm_write_req_fifo_full";
    .port_info 5 /OUTPUT 1 "_axis_out_axim_spm_write_req_fifo_almost_full";
    .port_info 6 /INPUT 1 "_axis_out_axim_spm_write_req_fifo_deq";
    .port_info 7 /OUTPUT 105 "_axis_out_axim_spm_write_req_fifo_rdata";
    .port_info 8 /OUTPUT 1 "_axis_out_axim_spm_write_req_fifo_empty";
    .port_info 9 /OUTPUT 1 "_axis_out_axim_spm_write_req_fifo_almost_empty";
L_0x1171e2959ff0 .functor BUFT 1, C4<00000000000000000000000000000111>, C4<0>, C4<0>, C4<0>;
L_0x5ce4d1255150 .functor AND 32, L_0x5ce4d12550b0, L_0x1171e2959ff0, C4<11111111111111111111111111111111>, C4<11111111111111111111111111111111>;
L_0x1171e295a0c8 .functor BUFT 1, C4<00000000000000000000000000000111>, C4<0>, C4<0>, C4<0>;
L_0x5ce4d1255600 .functor AND 32, L_0x5ce4d1255560, L_0x1171e295a0c8, C4<11111111111111111111111111111111>, C4<11111111111111111111111111111111>;
L_0x1171e295a1e8 .functor BUFT 1, C4<00000000000000000000000000000111>, C4<0>, C4<0>, C4<0>;
L_0x5ce4d1255c00 .functor AND 32, L_0x5ce4d1255b60, L_0x1171e295a1e8, C4<11111111111111111111111111111111>, C4<11111111111111111111111111111111>;
L_0x5ce4d1256040 .functor BUFZ 1, L_0x5ce4d12558f0, C4<0>, C4<0>, C4<0>;
L_0x5ce4d1256180 .functor OR 1, L_0x5ce4d1255f00, L_0x5ce4d12558f0, C4<0>, C4<0>;
L_0x5ce4d1256290 .functor BUFZ 1, L_0x5ce4d1254d90, C4<0>, C4<0>, C4<0>;
L_0x5ce4d12563a0 .functor OR 1, L_0x5ce4d1255330, L_0x5ce4d1254d90, C4<0>, C4<0>;
L_0x5ce4d1255e90 .functor BUFZ 105, L_0x5ce4d12564b0, C4<000000000000000000000000000000000000000000000000000000000000000000000000000000000000000000000000000000000>, C4<000000000000000000000000000000000000000000000000000000000000000000000000000000000000000000000000000000000>, C4<000000000000000000000000000000000000000000000000000000000000000000000000000000000000000000000000000000000>;
L_0x5ce4d12567b0 .functor BUFZ 105, L_0x5ce4d1255e90, C4<000000000000000000000000000000000000000000000000000000000000000000000000000000000000000000000000000000000>, C4<000000000000000000000000000000000000000000000000000000000000000000000000000000000000000000000000000000000>, C4<000000000000000000000000000000000000000000000000000000000000000000000000000000000000000000000000000000000>;
v0x5ce4d0f8c100_0 .net "CLK", 0 0, v0x5ce4d11ff220_0;  alias, 1 drivers
v0x5ce4d0f8c1c0_0 .net "RST", 0 0, v0x5ce4d11ff2c0_0;  alias, 1 drivers
v0x5ce4d0f8a790_0 .net "_axis_out_axim_spm_write_req_fifo_almost_empty", 0 0, L_0x5ce4d12563a0;  alias, 1 drivers
v0x5ce4d0f8a830_0 .net "_axis_out_axim_spm_write_req_fifo_almost_full", 0 0, L_0x5ce4d1256180;  alias, 1 drivers
v0x5ce4d0f816f0_0 .net "_axis_out_axim_spm_write_req_fifo_deq", 0 0, L_0x5ce4d1278fa0;  alias, 1 drivers
v0x5ce4d0f2af50_0 .net "_axis_out_axim_spm_write_req_fifo_empty", 0 0, L_0x5ce4d1256290;  alias, 1 drivers
v0x5ce4d0f2b010_0 .net "_axis_out_axim_spm_write_req_fifo_enq", 0 0, L_0x5ce4d1278130;  alias, 1 drivers
v0x5ce4d0f7df60_0 .net "_axis_out_axim_spm_write_req_fifo_full", 0 0, L_0x5ce4d1256040;  alias, 1 drivers
v0x5ce4d0f7e020_0 .net "_axis_out_axim_spm_write_req_fifo_rdata", 104 0, L_0x5ce4d12567b0;  alias, 1 drivers
v0x5ce4d0f7db10_0 .net "_axis_out_axim_spm_write_req_fifo_wdata", 104 0, L_0x5ce4d12773b0;  alias, 1 drivers
L_0x1171e2959fa8 .functor BUFT 1, C4<00000000000000000000000000000001>, C4<0>, C4<0>, C4<0>;
v0x5ce4d0f7dbf0_0 .net/2u *"_ivl_10", 31 0, L_0x1171e2959fa8;  1 drivers
v0x5ce4d0f2ab70_0 .net *"_ivl_12", 31 0, L_0x5ce4d12550b0;  1 drivers
v0x5ce4d0f2ac30_0 .net/2u *"_ivl_14", 31 0, L_0x1171e2959ff0;  1 drivers
v0x5ce4d0f2a880_0 .net *"_ivl_16", 31 0, L_0x5ce4d1255150;  1 drivers
v0x5ce4d0f2a960_0 .net *"_ivl_2", 31 0, L_0x5ce4d1254e30;  1 drivers
v0x5ce4d0f2a590_0 .net *"_ivl_20", 31 0, L_0x5ce4d1255470;  1 drivers
L_0x1171e295a038 .functor BUFT 1, C4<00000000000000000000000000000>, C4<0>, C4<0>, C4<0>;
v0x5ce4d0f2a650_0 .net *"_ivl_23", 28 0, L_0x1171e295a038;  1 drivers
L_0x1171e295a080 .functor BUFT 1, C4<00000000000000000000000000000001>, C4<0>, C4<0>, C4<0>;
v0x5ce4d0f743b0_0 .net/2u *"_ivl_24", 31 0, L_0x1171e295a080;  1 drivers
v0x5ce4d0f74490_0 .net *"_ivl_26", 31 0, L_0x5ce4d1255560;  1 drivers
v0x5ce4d0f29e90_0 .net/2u *"_ivl_28", 31 0, L_0x1171e295a0c8;  1 drivers
v0x5ce4d0f29f50_0 .net *"_ivl_30", 31 0, L_0x5ce4d1255600;  1 drivers
v0x5ce4d0f713b0_0 .net *"_ivl_32", 31 0, L_0x5ce4d12557b0;  1 drivers
L_0x1171e295a110 .functor BUFT 1, C4<00000000000000000000000000000>, C4<0>, C4<0>, C4<0>;
v0x5ce4d0f71490_0 .net *"_ivl_35", 28 0, L_0x1171e295a110;  1 drivers
v0x5ce4d0f51750_0 .net *"_ivl_38", 31 0, L_0x5ce4d1255a30;  1 drivers
L_0x1171e295a158 .functor BUFT 1, C4<00000000000000000000000000000>, C4<0>, C4<0>, C4<0>;
v0x5ce4d0f51810_0 .net *"_ivl_41", 28 0, L_0x1171e295a158;  1 drivers
L_0x1171e295a1a0 .functor BUFT 1, C4<00000000000000000000000000000010>, C4<0>, C4<0>, C4<0>;
v0x5ce4d0f51370_0 .net/2u *"_ivl_42", 31 0, L_0x1171e295a1a0;  1 drivers
v0x5ce4d0f51450_0 .net *"_ivl_44", 31 0, L_0x5ce4d1255b60;  1 drivers
v0x5ce4d0f50fc0_0 .net/2u *"_ivl_46", 31 0, L_0x1171e295a1e8;  1 drivers
v0x5ce4d0f51080_0 .net *"_ivl_48", 31 0, L_0x5ce4d1255c00;  1 drivers
L_0x1171e2959f18 .functor BUFT 1, C4<00000000000000000000000000000>, C4<0>, C4<0>, C4<0>;
v0x5ce4d0f50be0_0 .net *"_ivl_5", 28 0, L_0x1171e2959f18;  1 drivers
v0x5ce4d0f50cc0_0 .net *"_ivl_50", 31 0, L_0x5ce4d1255d60;  1 drivers
L_0x1171e295a230 .functor BUFT 1, C4<00000000000000000000000000000>, C4<0>, C4<0>, C4<0>;
v0x5ce4d0f50800_0 .net *"_ivl_53", 28 0, L_0x1171e295a230;  1 drivers
v0x5ce4d0f508c0_0 .net *"_ivl_6", 31 0, L_0x5ce4d1254f70;  1 drivers
v0x5ce4d0c8ec10_0 .net *"_ivl_64", 104 0, L_0x5ce4d12564b0;  1 drivers
v0x5ce4d0c8ecf0_0 .net *"_ivl_66", 4 0, L_0x5ce4d12565d0;  1 drivers
L_0x1171e295a278 .functor BUFT 1, C4<00>, C4<0>, C4<0>, C4<0>;
v0x5ce4d0f50450_0 .net *"_ivl_69", 1 0, L_0x1171e295a278;  1 drivers
L_0x1171e2959f60 .functor BUFT 1, C4<00000000000000000000000000000>, C4<0>, C4<0>, C4<0>;
v0x5ce4d0f50530_0 .net *"_ivl_9", 28 0, L_0x1171e2959f60;  1 drivers
v0x5ce4d0f500a0_0 .var "head", 2 0;
v0x5ce4d0f50180_0 .net "is_almost_empty", 0 0, L_0x5ce4d1255330;  1 drivers
v0x5ce4d0f4fcf0_0 .net "is_almost_full", 0 0, L_0x5ce4d1255f00;  1 drivers
v0x5ce4d0f4fdb0_0 .net "is_empty", 0 0, L_0x5ce4d1254d90;  1 drivers
v0x5ce4d0f4f940_0 .net "is_full", 0 0, L_0x5ce4d12558f0;  1 drivers
v0x5ce4d0f4fa00 .array "mem", 7 0, 104 0;
v0x5ce4d0f4f5f0_0 .net "rdata", 104 0, L_0x5ce4d1255e90;  1 drivers
v0x5ce4d0f4f6d0_0 .var "tail", 2 0;
L_0x5ce4d1254d90 .cmp/eq 3, v0x5ce4d0f500a0_0, v0x5ce4d0f4f6d0_0;
L_0x5ce4d1254e30 .concat [ 3 29 0 0], v0x5ce4d0f500a0_0, L_0x1171e2959f18;
L_0x5ce4d1254f70 .concat [ 3 29 0 0], v0x5ce4d0f4f6d0_0, L_0x1171e2959f60;
L_0x5ce4d12550b0 .arith/sum 32, L_0x5ce4d1254f70, L_0x1171e2959fa8;
L_0x5ce4d1255330 .cmp/eq 32, L_0x5ce4d1254e30, L_0x5ce4d1255150;
L_0x5ce4d1255470 .concat [ 3 29 0 0], v0x5ce4d0f500a0_0, L_0x1171e295a038;
L_0x5ce4d1255560 .arith/sum 32, L_0x5ce4d1255470, L_0x1171e295a080;
L_0x5ce4d12557b0 .concat [ 3 29 0 0], v0x5ce4d0f4f6d0_0, L_0x1171e295a110;
L_0x5ce4d12558f0 .cmp/eq 32, L_0x5ce4d1255600, L_0x5ce4d12557b0;
L_0x5ce4d1255a30 .concat [ 3 29 0 0], v0x5ce4d0f500a0_0, L_0x1171e295a158;
L_0x5ce4d1255b60 .arith/sum 32, L_0x5ce4d1255a30, L_0x1171e295a1a0;
L_0x5ce4d1255d60 .concat [ 3 29 0 0], v0x5ce4d0f4f6d0_0, L_0x1171e295a230;
L_0x5ce4d1255f00 .cmp/eq 32, L_0x5ce4d1255c00, L_0x5ce4d1255d60;
L_0x5ce4d12564b0 .array/port v0x5ce4d0f4fa00, L_0x5ce4d12565d0;
L_0x5ce4d12565d0 .concat [ 3 2 0 0], v0x5ce4d0f4f6d0_0, L_0x1171e295a278;
S_0x5ce4d0f2db70 .scope module, "inst__axis_out_mac_spm_write_req_fifo" "_axis_out_mac_spm_write_req_fifo" 2 3119, 2 5601 0, S_0x5ce4d0f8ef90;
 .timescale 0 0;
    .port_info 0 /INPUT 1 "CLK";
    .port_info 1 /INPUT 1 "RST";
    .port_info 2 /INPUT 1 "_axis_out_mac_spm_write_req_fifo_enq";
    .port_info 3 /INPUT 105 "_axis_out_mac_spm_write_req_fifo_wdata";
    .port_info 4 /OUTPUT 1 "_axis_out_mac_spm_write_req_fifo_full";
    .port_info 5 /OUTPUT 1 "_axis_out_mac_spm_write_req_fifo_almost_full";
    .port_info 6 /INPUT 1 "_axis_out_mac_spm_write_req_fifo_deq";
    .port_info 7 /OUTPUT 105 "_axis_out_mac_spm_write_req_fifo_rdata";
    .port_info 8 /OUTPUT 1 "_axis_out_mac_spm_write_req_fifo_empty";
    .port_info 9 /OUTPUT 1 "_axis_out_mac_spm_write_req_fifo_almost_empty";
L_0x1171e2959c48 .functor BUFT 1, C4<00000000000000000000000000000111>, C4<0>, C4<0>, C4<0>;
L_0x5ce4d1251ee0 .functor AND 32, L_0x5ce4d1251e40, L_0x1171e2959c48, C4<11111111111111111111111111111111>, C4<11111111111111111111111111111111>;
L_0x1171e2959d20 .functor BUFT 1, C4<00000000000000000000000000000111>, C4<0>, C4<0>, C4<0>;
L_0x5ce4d1252390 .functor AND 32, L_0x5ce4d12522f0, L_0x1171e2959d20, C4<11111111111111111111111111111111>, C4<11111111111111111111111111111111>;
L_0x1171e2959e40 .functor BUFT 1, C4<00000000000000000000000000000111>, C4<0>, C4<0>, C4<0>;
L_0x5ce4d1252990 .functor AND 32, L_0x5ce4d12528f0, L_0x1171e2959e40, C4<11111111111111111111111111111111>, C4<11111111111111111111111111111111>;
L_0x5ce4d1252dd0 .functor BUFZ 1, L_0x5ce4d1252680, C4<0>, C4<0>, C4<0>;
L_0x5ce4d1252f10 .functor OR 1, L_0x5ce4d1252c90, L_0x5ce4d1252680, C4<0>, C4<0>;
L_0x5ce4d1253020 .functor BUFZ 1, L_0x5ce4d1251b20, C4<0>, C4<0>, C4<0>;
L_0x5ce4d1253130 .functor OR 1, L_0x5ce4d12520c0, L_0x5ce4d1251b20, C4<0>, C4<0>;
L_0x5ce4d1252c20 .functor BUFZ 105, L_0x5ce4d1253240, C4<000000000000000000000000000000000000000000000000000000000000000000000000000000000000000000000000000000000>, C4<000000000000000000000000000000000000000000000000000000000000000000000000000000000000000000000000000000000>, C4<000000000000000000000000000000000000000000000000000000000000000000000000000000000000000000000000000000000>;
L_0x5ce4d1253540 .functor BUFZ 105, L_0x5ce4d1252c20, C4<000000000000000000000000000000000000000000000000000000000000000000000000000000000000000000000000000000000>, C4<000000000000000000000000000000000000000000000000000000000000000000000000000000000000000000000000000000000>, C4<000000000000000000000000000000000000000000000000000000000000000000000000000000000000000000000000000000000>;
v0x5ce4d0f4eec0_0 .net "CLK", 0 0, v0x5ce4d11ff220_0;  alias, 1 drivers
v0x5ce4d0f4ef80_0 .net "RST", 0 0, v0x5ce4d11ff2c0_0;  alias, 1 drivers
v0x5ce4d0f4eb10_0 .net "_axis_out_mac_spm_write_req_fifo_almost_empty", 0 0, L_0x5ce4d1253130;  alias, 1 drivers
v0x5ce4d0f4ebb0_0 .net "_axis_out_mac_spm_write_req_fifo_almost_full", 0 0, L_0x5ce4d1252f10;  alias, 1 drivers
v0x5ce4d0f4e760_0 .net "_axis_out_mac_spm_write_req_fifo_deq", 0 0, L_0x5ce4d1273710;  alias, 1 drivers
v0x5ce4d0f4e380_0 .net "_axis_out_mac_spm_write_req_fifo_empty", 0 0, L_0x5ce4d1253020;  alias, 1 drivers
v0x5ce4d0f4e440_0 .net "_axis_out_mac_spm_write_req_fifo_enq", 0 0, L_0x5ce4d1272fd0;  alias, 1 drivers
v0x5ce4d0f4e000_0 .net "_axis_out_mac_spm_write_req_fifo_full", 0 0, L_0x5ce4d1252dd0;  alias, 1 drivers
v0x5ce4d0f4e0c0_0 .net "_axis_out_mac_spm_write_req_fifo_rdata", 104 0, L_0x5ce4d1253540;  alias, 1 drivers
v0x5ce4d0f4dc80_0 .net "_axis_out_mac_spm_write_req_fifo_wdata", 104 0, L_0x5ce4d1272610;  alias, 1 drivers
L_0x1171e2959c00 .functor BUFT 1, C4<00000000000000000000000000000001>, C4<0>, C4<0>, C4<0>;
v0x5ce4d0f4dd60_0 .net/2u *"_ivl_10", 31 0, L_0x1171e2959c00;  1 drivers
v0x5ce4d0f4d8a0_0 .net *"_ivl_12", 31 0, L_0x5ce4d1251e40;  1 drivers
v0x5ce4d0f4d980_0 .net/2u *"_ivl_14", 31 0, L_0x1171e2959c48;  1 drivers
v0x5ce4d0f4d520_0 .net *"_ivl_16", 31 0, L_0x5ce4d1251ee0;  1 drivers
v0x5ce4d0f4d600_0 .net *"_ivl_2", 31 0, L_0x5ce4d1251bc0;  1 drivers
v0x5ce4d0f4d170_0 .net *"_ivl_20", 31 0, L_0x5ce4d1252200;  1 drivers
L_0x1171e2959c90 .functor BUFT 1, C4<00000000000000000000000000000>, C4<0>, C4<0>, C4<0>;
v0x5ce4d0f4d250_0 .net *"_ivl_23", 28 0, L_0x1171e2959c90;  1 drivers
L_0x1171e2959cd8 .functor BUFT 1, C4<00000000000000000000000000000001>, C4<0>, C4<0>, C4<0>;
v0x5ce4d0f4cdf0_0 .net/2u *"_ivl_24", 31 0, L_0x1171e2959cd8;  1 drivers
v0x5ce4d0f4ced0_0 .net *"_ivl_26", 31 0, L_0x5ce4d12522f0;  1 drivers
v0x5ce4d0f4ca40_0 .net/2u *"_ivl_28", 31 0, L_0x1171e2959d20;  1 drivers
v0x5ce4d0f4cb20_0 .net *"_ivl_30", 31 0, L_0x5ce4d1252390;  1 drivers
v0x5ce4d0f4c6c0_0 .net *"_ivl_32", 31 0, L_0x5ce4d1252540;  1 drivers
L_0x1171e2959d68 .functor BUFT 1, C4<00000000000000000000000000000>, C4<0>, C4<0>, C4<0>;
v0x5ce4d0f4c7a0_0 .net *"_ivl_35", 28 0, L_0x1171e2959d68;  1 drivers
v0x5ce4d0f4c340_0 .net *"_ivl_38", 31 0, L_0x5ce4d12527c0;  1 drivers
L_0x1171e2959db0 .functor BUFT 1, C4<00000000000000000000000000000>, C4<0>, C4<0>, C4<0>;
v0x5ce4d0f4c420_0 .net *"_ivl_41", 28 0, L_0x1171e2959db0;  1 drivers
L_0x1171e2959df8 .functor BUFT 1, C4<00000000000000000000000000000010>, C4<0>, C4<0>, C4<0>;
v0x5ce4d0f4bfc0_0 .net/2u *"_ivl_42", 31 0, L_0x1171e2959df8;  1 drivers
v0x5ce4d0f4c0a0_0 .net *"_ivl_44", 31 0, L_0x5ce4d12528f0;  1 drivers
v0x5ce4d0f4bc10_0 .net/2u *"_ivl_46", 31 0, L_0x1171e2959e40;  1 drivers
v0x5ce4d0f4bcf0_0 .net *"_ivl_48", 31 0, L_0x5ce4d1252990;  1 drivers
L_0x1171e2959b70 .functor BUFT 1, C4<00000000000000000000000000000>, C4<0>, C4<0>, C4<0>;
v0x5ce4d0f4b890_0 .net *"_ivl_5", 28 0, L_0x1171e2959b70;  1 drivers
v0x5ce4d0f4b970_0 .net *"_ivl_50", 31 0, L_0x5ce4d1252af0;  1 drivers
L_0x1171e2959e88 .functor BUFT 1, C4<00000000000000000000000000000>, C4<0>, C4<0>, C4<0>;
v0x5ce4d0f28c20_0 .net *"_ivl_53", 28 0, L_0x1171e2959e88;  1 drivers
v0x5ce4d0f28d00_0 .net *"_ivl_6", 31 0, L_0x5ce4d1251d00;  1 drivers
v0x5ce4d0c7ed20_0 .net *"_ivl_64", 104 0, L_0x5ce4d1253240;  1 drivers
v0x5ce4d0c7ee00_0 .net *"_ivl_66", 4 0, L_0x5ce4d1253360;  1 drivers
L_0x1171e2959ed0 .functor BUFT 1, C4<00>, C4<0>, C4<0>, C4<0>;
v0x5ce4d0f4b510_0 .net *"_ivl_69", 1 0, L_0x1171e2959ed0;  1 drivers
L_0x1171e2959bb8 .functor BUFT 1, C4<00000000000000000000000000000>, C4<0>, C4<0>, C4<0>;
v0x5ce4d0f4b5f0_0 .net *"_ivl_9", 28 0, L_0x1171e2959bb8;  1 drivers
v0x5ce4d0f4b190_0 .var "head", 2 0;
v0x5ce4d0f4b270_0 .net "is_almost_empty", 0 0, L_0x5ce4d12520c0;  1 drivers
v0x5ce4d0f4adb0_0 .net "is_almost_full", 0 0, L_0x5ce4d1252c90;  1 drivers
v0x5ce4d0f4ae70_0 .net "is_empty", 0 0, L_0x5ce4d1251b20;  1 drivers
v0x5ce4d0f4a2a0_0 .net "is_full", 0 0, L_0x5ce4d1252680;  1 drivers
v0x5ce4d0f4a360 .array "mem", 7 0, 104 0;
v0x5ce4d0f49f20_0 .net "rdata", 104 0, L_0x5ce4d1252c20;  1 drivers
v0x5ce4d0f4a000_0 .var "tail", 2 0;
L_0x5ce4d1251b20 .cmp/eq 3, v0x5ce4d0f4b190_0, v0x5ce4d0f4a000_0;
L_0x5ce4d1251bc0 .concat [ 3 29 0 0], v0x5ce4d0f4b190_0, L_0x1171e2959b70;
L_0x5ce4d1251d00 .concat [ 3 29 0 0], v0x5ce4d0f4a000_0, L_0x1171e2959bb8;
L_0x5ce4d1251e40 .arith/sum 32, L_0x5ce4d1251d00, L_0x1171e2959c00;
L_0x5ce4d12520c0 .cmp/eq 32, L_0x5ce4d1251bc0, L_0x5ce4d1251ee0;
L_0x5ce4d1252200 .concat [ 3 29 0 0], v0x5ce4d0f4b190_0, L_0x1171e2959c90;
L_0x5ce4d12522f0 .arith/sum 32, L_0x5ce4d1252200, L_0x1171e2959cd8;
L_0x5ce4d1252540 .concat [ 3 29 0 0], v0x5ce4d0f4a000_0, L_0x1171e2959d68;
L_0x5ce4d1252680 .cmp/eq 32, L_0x5ce4d1252390, L_0x5ce4d1252540;
L_0x5ce4d12527c0 .concat [ 3 29 0 0], v0x5ce4d0f4b190_0, L_0x1171e2959db0;
L_0x5ce4d12528f0 .arith/sum 32, L_0x5ce4d12527c0, L_0x1171e2959df8;
L_0x5ce4d1252af0 .concat [ 3 29 0 0], v0x5ce4d0f4a000_0, L_0x1171e2959e88;
L_0x5ce4d1252c90 .cmp/eq 32, L_0x5ce4d1252990, L_0x5ce4d1252af0;
L_0x5ce4d1253240 .array/port v0x5ce4d0f4a360, L_0x5ce4d1253360;
L_0x5ce4d1253360 .concat [ 3 2 0 0], v0x5ce4d0f4a000_0, L_0x1171e2959ed0;
S_0x5ce4d0f28020 .scope module, "inst__axis_out_xored_spm_write_req_fifo" "_axis_out_xored_spm_write_req_fifo" 2 3269, 2 5760 0, S_0x5ce4d0f8ef90;
 .timescale 0 0;
    .port_info 0 /INPUT 1 "CLK";
    .port_info 1 /INPUT 1 "RST";
    .port_info 2 /INPUT 1 "_axis_out_xored_spm_write_req_fifo_enq";
    .port_info 3 /INPUT 105 "_axis_out_xored_spm_write_req_fifo_wdata";
    .port_info 4 /OUTPUT 1 "_axis_out_xored_spm_write_req_fifo_full";
    .port_info 5 /OUTPUT 1 "_axis_out_xored_spm_write_req_fifo_almost_full";
    .port_info 6 /INPUT 1 "_axis_out_xored_spm_write_req_fifo_deq";
    .port_info 7 /OUTPUT 105 "_axis_out_xored_spm_write_req_fifo_rdata";
    .port_info 8 /OUTPUT 1 "_axis_out_xored_spm_write_req_fifo_empty";
    .port_info 9 /OUTPUT 1 "_axis_out_xored_spm_write_req_fifo_almost_empty";
L_0x1171e295a740 .functor BUFT 1, C4<00000000000000000000000000000111>, C4<0>, C4<0>, C4<0>;
L_0x5ce4d125b200 .functor AND 32, L_0x5ce4d125b160, L_0x1171e295a740, C4<11111111111111111111111111111111>, C4<11111111111111111111111111111111>;
L_0x1171e295a818 .functor BUFT 1, C4<00000000000000000000000000000111>, C4<0>, C4<0>, C4<0>;
L_0x5ce4d125b680 .functor AND 32, L_0x5ce4d125b5e0, L_0x1171e295a818, C4<11111111111111111111111111111111>, C4<11111111111111111111111111111111>;
L_0x1171e295a938 .functor BUFT 1, C4<00000000000000000000000000000111>, C4<0>, C4<0>, C4<0>;
L_0x5ce4d1240500 .functor AND 32, L_0x5ce4d1240460, L_0x1171e295a938, C4<11111111111111111111111111111111>, C4<11111111111111111111111111111111>;
L_0x5ce4d125c8e0 .functor BUFZ 1, L_0x5ce4d1240190, C4<0>, C4<0>, C4<0>;
L_0x5ce4d125c9f0 .functor OR 1, L_0x5ce4d125c7a0, L_0x5ce4d1240190, C4<0>, C4<0>;
L_0x5ce4d125cb00 .functor BUFZ 1, L_0x5ce4d125ae40, C4<0>, C4<0>, C4<0>;
L_0x5ce4d125cc10 .functor OR 1, L_0x5ce4d125b3b0, L_0x5ce4d125ae40, C4<0>, C4<0>;
L_0x5ce4d125cf00 .functor BUFZ 105, L_0x5ce4d125cd20, C4<000000000000000000000000000000000000000000000000000000000000000000000000000000000000000000000000000000000>, C4<000000000000000000000000000000000000000000000000000000000000000000000000000000000000000000000000000000000>, C4<000000000000000000000000000000000000000000000000000000000000000000000000000000000000000000000000000000000>;
L_0x5ce4d125d010 .functor BUFZ 105, L_0x5ce4d125cf00, C4<000000000000000000000000000000000000000000000000000000000000000000000000000000000000000000000000000000000>, C4<000000000000000000000000000000000000000000000000000000000000000000000000000000000000000000000000000000000>, C4<000000000000000000000000000000000000000000000000000000000000000000000000000000000000000000000000000000000>;
v0x5ce4d0f49940_0 .net "CLK", 0 0, v0x5ce4d11ff220_0;  alias, 1 drivers
v0x5ce4d0f499e0_0 .net "RST", 0 0, v0x5ce4d11ff2c0_0;  alias, 1 drivers
v0x5ce4d0f28900_0 .net "_axis_out_xored_spm_write_req_fifo_almost_empty", 0 0, L_0x5ce4d125cc10;  alias, 1 drivers
v0x5ce4d0f289a0_0 .net "_axis_out_xored_spm_write_req_fifo_almost_full", 0 0, L_0x5ce4d125c9f0;  alias, 1 drivers
v0x5ce4d0f49240_0 .net "_axis_out_xored_spm_write_req_fifo_deq", 0 0, L_0x5ce4d127e570;  alias, 1 drivers
v0x5ce4d0f49300_0 .net "_axis_out_xored_spm_write_req_fifo_empty", 0 0, L_0x5ce4d125cb00;  alias, 1 drivers
v0x5ce4d1045d00_0 .net "_axis_out_xored_spm_write_req_fifo_enq", 0 0, L_0x5ce4d127e9d0;  alias, 1 drivers
v0x5ce4d1045dc0_0 .net "_axis_out_xored_spm_write_req_fifo_full", 0 0, L_0x5ce4d125c8e0;  alias, 1 drivers
v0x5ce4d1045980_0 .net "_axis_out_xored_spm_write_req_fifo_rdata", 104 0, L_0x5ce4d125d010;  alias, 1 drivers
v0x5ce4d1045a60_0 .net "_axis_out_xored_spm_write_req_fifo_wdata", 104 0, L_0x5ce4d127d530;  alias, 1 drivers
L_0x1171e295a6f8 .functor BUFT 1, C4<00000000000000000000000000000001>, C4<0>, C4<0>, C4<0>;
v0x5ce4d10455a0_0 .net/2u *"_ivl_10", 31 0, L_0x1171e295a6f8;  1 drivers
v0x5ce4d1045680_0 .net *"_ivl_12", 31 0, L_0x5ce4d125b160;  1 drivers
v0x5ce4d1045220_0 .net/2u *"_ivl_14", 31 0, L_0x1171e295a740;  1 drivers
v0x5ce4d10452e0_0 .net *"_ivl_16", 31 0, L_0x5ce4d125b200;  1 drivers
v0x5ce4d1044f30_0 .net *"_ivl_2", 31 0, L_0x5ce4d125aee0;  1 drivers
v0x5ce4d1045010_0 .net *"_ivl_20", 31 0, L_0x5ce4d125b4f0;  1 drivers
L_0x1171e295a788 .functor BUFT 1, C4<00000000000000000000000000000>, C4<0>, C4<0>, C4<0>;
v0x5ce4d103bb40_0 .net *"_ivl_23", 28 0, L_0x1171e295a788;  1 drivers
L_0x1171e295a7d0 .functor BUFT 1, C4<00000000000000000000000000000001>, C4<0>, C4<0>, C4<0>;
v0x5ce4d103bc00_0 .net/2u *"_ivl_24", 31 0, L_0x1171e295a7d0;  1 drivers
v0x5ce4d103b760_0 .net *"_ivl_26", 31 0, L_0x5ce4d125b5e0;  1 drivers
v0x5ce4d103b840_0 .net/2u *"_ivl_28", 31 0, L_0x1171e295a818;  1 drivers
v0x5ce4d103b380_0 .net *"_ivl_30", 31 0, L_0x5ce4d125b680;  1 drivers
v0x5ce4d103b440_0 .net *"_ivl_32", 31 0, L_0x5ce4d1240050;  1 drivers
L_0x1171e295a860 .functor BUFT 1, C4<00000000000000000000000000000>, C4<0>, C4<0>, C4<0>;
v0x5ce4d103afa0_0 .net *"_ivl_35", 28 0, L_0x1171e295a860;  1 drivers
v0x5ce4d103b080_0 .net *"_ivl_38", 31 0, L_0x5ce4d12402d0;  1 drivers
L_0x1171e295a8a8 .functor BUFT 1, C4<00000000000000000000000000000>, C4<0>, C4<0>, C4<0>;
v0x5ce4d103ac50_0 .net *"_ivl_41", 28 0, L_0x1171e295a8a8;  1 drivers
L_0x1171e295a8f0 .functor BUFT 1, C4<00000000000000000000000000000010>, C4<0>, C4<0>, C4<0>;
v0x5ce4d103ad10_0 .net/2u *"_ivl_42", 31 0, L_0x1171e295a8f0;  1 drivers
v0x5ce4d1026280_0 .net *"_ivl_44", 31 0, L_0x5ce4d1240460;  1 drivers
v0x5ce4d1026360_0 .net/2u *"_ivl_46", 31 0, L_0x1171e295a938;  1 drivers
v0x5ce4d1025ea0_0 .net *"_ivl_48", 31 0, L_0x5ce4d1240500;  1 drivers
L_0x1171e295a668 .functor BUFT 1, C4<00000000000000000000000000000>, C4<0>, C4<0>, C4<0>;
v0x5ce4d1025f60_0 .net *"_ivl_5", 28 0, L_0x1171e295a668;  1 drivers
v0x5ce4d1025ac0_0 .net *"_ivl_50", 31 0, L_0x5ce4d1240660;  1 drivers
L_0x1171e295a980 .functor BUFT 1, C4<00000000000000000000000000000>, C4<0>, C4<0>, C4<0>;
v0x5ce4d1025ba0_0 .net *"_ivl_53", 28 0, L_0x1171e295a980;  1 drivers
v0x5ce4d10256e0_0 .net *"_ivl_6", 31 0, L_0x5ce4d125b020;  1 drivers
v0x5ce4d0c6ee40_0 .net *"_ivl_64", 104 0, L_0x5ce4d125cd20;  1 drivers
v0x5ce4d0c6ef20_0 .net *"_ivl_66", 4 0, L_0x5ce4d125cdc0;  1 drivers
L_0x1171e295a9c8 .functor BUFT 1, C4<00>, C4<0>, C4<0>, C4<0>;
v0x5ce4d1025780_0 .net *"_ivl_69", 1 0, L_0x1171e295a9c8;  1 drivers
L_0x1171e295a6b0 .functor BUFT 1, C4<00000000000000000000000000000>, C4<0>, C4<0>, C4<0>;
v0x5ce4d1025390_0 .net *"_ivl_9", 28 0, L_0x1171e295a6b0;  1 drivers
v0x5ce4d1025470_0 .var "head", 2 0;
v0x5ce4d1021840_0 .net "is_almost_empty", 0 0, L_0x5ce4d125b3b0;  1 drivers
v0x5ce4d1021900_0 .net "is_almost_full", 0 0, L_0x5ce4d125c7a0;  1 drivers
v0x5ce4d1020d30_0 .net "is_empty", 0 0, L_0x5ce4d125ae40;  1 drivers
v0x5ce4d1020df0_0 .net "is_full", 0 0, L_0x5ce4d1240190;  1 drivers
v0x5ce4d10209b0 .array "mem", 7 0, 104 0;
v0x5ce4d1020a70_0 .net "rdata", 104 0, L_0x5ce4d125cf00;  1 drivers
v0x5ce4d10206c0_0 .var "tail", 2 0;
L_0x5ce4d125ae40 .cmp/eq 3, v0x5ce4d1025470_0, v0x5ce4d10206c0_0;
L_0x5ce4d125aee0 .concat [ 3 29 0 0], v0x5ce4d1025470_0, L_0x1171e295a668;
L_0x5ce4d125b020 .concat [ 3 29 0 0], v0x5ce4d10206c0_0, L_0x1171e295a6b0;
L_0x5ce4d125b160 .arith/sum 32, L_0x5ce4d125b020, L_0x1171e295a6f8;
L_0x5ce4d125b3b0 .cmp/eq 32, L_0x5ce4d125aee0, L_0x5ce4d125b200;
L_0x5ce4d125b4f0 .concat [ 3 29 0 0], v0x5ce4d1025470_0, L_0x1171e295a788;
L_0x5ce4d125b5e0 .arith/sum 32, L_0x5ce4d125b4f0, L_0x1171e295a7d0;
L_0x5ce4d1240050 .concat [ 3 29 0 0], v0x5ce4d10206c0_0, L_0x1171e295a860;
L_0x5ce4d1240190 .cmp/eq 32, L_0x5ce4d125b680, L_0x5ce4d1240050;
L_0x5ce4d12402d0 .concat [ 3 29 0 0], v0x5ce4d1025470_0, L_0x1171e295a8a8;
L_0x5ce4d1240460 .arith/sum 32, L_0x5ce4d12402d0, L_0x1171e295a8f0;
L_0x5ce4d1240660 .concat [ 3 29 0 0], v0x5ce4d10206c0_0, L_0x1171e295a980;
L_0x5ce4d125c7a0 .cmp/eq 32, L_0x5ce4d1240500, L_0x5ce4d1240660;
L_0x5ce4d125cd20 .array/port v0x5ce4d10209b0, L_0x5ce4d125cdc0;
L_0x5ce4d125cdc0 .concat [ 3 2 0 0], v0x5ce4d10206c0_0, L_0x1171e295a9c8;
S_0x5ce4d0f282d0 .scope module, "inst_ram_spm" "ram_spm" 2 3366, 2 5866 0, S_0x5ce4d0f8ef90;
 .timescale 0 0;
    .port_info 0 /INPUT 1 "CLK";
    .port_info 1 /INPUT 9 "ram_spm_0_addr";
    .port_info 2 /OUTPUT 64 "ram_spm_0_rdata";
    .port_info 3 /INPUT 64 "ram_spm_0_wdata";
    .port_info 4 /INPUT 1 "ram_spm_0_wenable";
    .port_info 5 /INPUT 1 "ram_spm_0_enable";
    .port_info 6 /INPUT 9 "ram_spm_1_addr";
    .port_info 7 /OUTPUT 64 "ram_spm_1_rdata";
    .port_info 8 /INPUT 64 "ram_spm_1_wdata";
    .port_info 9 /INPUT 1 "ram_spm_1_wenable";
    .port_info 10 /INPUT 1 "ram_spm_1_enable";
L_0x5ce4d1261590 .functor BUFZ 64, v0x5ce4d1013760_0, C4<0000000000000000000000000000000000000000000000000000000000000000>, C4<0000000000000000000000000000000000000000000000000000000000000000>, C4<0000000000000000000000000000000000000000000000000000000000000000>;
v0x5ce4d10203d0_0 .net "CLK", 0 0, v0x5ce4d11ff220_0;  alias, 1 drivers
v0x5ce4d1020470 .array "mem", 511 0, 63 0;
v0x5ce4d101fcd0_0 .net "ram_spm_0_addr", 8 0, L_0x5ce4d1281f50;  alias, 1 drivers
v0x5ce4d101fd90_0 .net "ram_spm_0_enable", 0 0, L_0x5ce4d1285ea0;  alias, 1 drivers
v0x5ce4d1014bd0_0 .net "ram_spm_0_rdata", 63 0, v0x5ce4d10140c0_0;  alias, 1 drivers
v0x5ce4d10140c0_0 .var "ram_spm_0_rdata_out", 63 0;
v0x5ce4d10141a0_0 .net "ram_spm_0_wdata", 63 0, L_0x5ce4d127bdc0;  alias, 1 drivers
v0x5ce4d1013d40_0 .net "ram_spm_0_wenable", 0 0, L_0x5ce4d127cfc0;  alias, 1 drivers
v0x5ce4d1013e00_0 .net "ram_spm_1_addr", 8 0, v0x5ce4d1210da0_0;  alias, 1 drivers
v0x5ce4d1013a50_0 .net "ram_spm_1_enable", 0 0, v0x5ce4d1210e40_0;  alias, 1 drivers
v0x5ce4d1013af0_0 .net "ram_spm_1_rdata", 63 0, L_0x5ce4d1261590;  alias, 1 drivers
v0x5ce4d1013760_0 .var "ram_spm_1_rdata_out", 63 0;
v0x5ce4d1013840_0 .net "ram_spm_1_wdata", 63 0, v0x5ce4d1210f80_0;  alias, 1 drivers
v0x5ce4d1013060_0 .net "ram_spm_1_wenable", 0 0, v0x5ce4d1211020_0;  alias, 1 drivers
    .scope S_0x5ce4d0f8ebe0;
T_0 ;
    %wait E_0x5ce4d0b85470;
    %load/vec4 v0x5ce4d1046250_0;
    %flag_set/vec4 8;
    %jmp/0xz  T_0.0, 8;
    %pushi/vec4 0, 0, 3;
    %assign/vec4 v0x5ce4d10606d0_0, 0;
    %pushi/vec4 0, 0, 3;
    %assign/vec4 v0x5ce4d0f2d610_0, 0;
    %jmp T_0.1;
T_0.0 ;
    %load/vec4 v0x5ce4d0e6e320_0;
    %flag_set/vec4 9;
    %flag_get/vec4 9;
    %jmp/0 T_0.4, 9;
    %load/vec4 v0x5ce4d105fd00_0;
    %nor/r;
    %and;
T_0.4;
    %flag_set/vec4 8;
    %jmp/0xz  T_0.2, 8;
    %load/vec4 v0x5ce4d1060610_0;
    %load/vec4 v0x5ce4d10606d0_0;
    %pad/u 5;
    %ix/vec4 3;
    %ix/load 4, 0, 0; Constant delay
    %assign/vec4/a/d v0x5ce4d105e8c0, 0, 4;
    %load/vec4 v0x5ce4d10606d0_0;
    %addi 1, 0, 3;
    %assign/vec4 v0x5ce4d10606d0_0, 0;
T_0.2 ;
    %load/vec4 v0x5ce4d106c730_0;
    %flag_set/vec4 9;
    %flag_get/vec4 9;
    %jmp/0 T_0.7, 9;
    %load/vec4 v0x5ce4d105fc40_0;
    %nor/r;
    %and;
T_0.7;
    %flag_set/vec4 8;
    %jmp/0xz  T_0.5, 8;
    %load/vec4 v0x5ce4d0f2d610_0;
    %addi 1, 0, 3;
    %assign/vec4 v0x5ce4d0f2d610_0, 0;
T_0.5 ;
T_0.1 ;
    %jmp T_0;
    .thread T_0;
    .scope S_0x5ce4d0f3c8c0;
T_1 ;
    %wait E_0x5ce4d0b85470;
    %load/vec4 v0x5ce4d0fddc30_0;
    %flag_set/vec4 8;
    %jmp/0xz  T_1.0, 8;
    %pushi/vec4 0, 0, 3;
    %assign/vec4 v0x5ce4d11af740_0, 0;
    %pushi/vec4 0, 0, 3;
    %assign/vec4 v0x5ce4d0b74a70_0, 0;
    %jmp T_1.1;
T_1.0 ;
    %load/vec4 v0x5ce4d1197010_0;
    %flag_set/vec4 9;
    %flag_get/vec4 9;
    %jmp/0 T_1.4, 9;
    %load/vec4 v0x5ce4d0cd17b0_0;
    %nor/r;
    %and;
T_1.4;
    %flag_set/vec4 8;
    %jmp/0xz  T_1.2, 8;
    %load/vec4 v0x5ce4d11a1c10_0;
    %load/vec4 v0x5ce4d11af740_0;
    %pad/u 5;
    %ix/vec4 3;
    %ix/load 4, 0, 0; Constant delay
    %assign/vec4/a/d v0x5ce4d0b70e90, 0, 4;
    %load/vec4 v0x5ce4d11af740_0;
    %addi 1, 0, 3;
    %assign/vec4 v0x5ce4d11af740_0, 0;
T_1.2 ;
    %load/vec4 v0x5ce4d11b1a80_0;
    %flag_set/vec4 9;
    %flag_get/vec4 9;
    %jmp/0 T_1.7, 9;
    %load/vec4 v0x5ce4d0cdc880_0;
    %nor/r;
    %and;
T_1.7;
    %flag_set/vec4 8;
    %jmp/0xz  T_1.5, 8;
    %load/vec4 v0x5ce4d0b74a70_0;
    %addi 1, 0, 3;
    %assign/vec4 v0x5ce4d0b74a70_0, 0;
T_1.5 ;
T_1.1 ;
    %jmp T_1;
    .thread T_1;
    .scope S_0x5ce4d0f3bf60;
T_2 ;
    %wait E_0x5ce4d0b85470;
    %load/vec4 v0x5ce4d0f709e0_0;
    %flag_set/vec4 8;
    %jmp/0xz  T_2.0, 8;
    %pushi/vec4 0, 0, 3;
    %assign/vec4 v0x5ce4d0f29300_0, 0;
    %pushi/vec4 0, 0, 3;
    %assign/vec4 v0x5ce4d0f10560_0, 0;
    %jmp T_2.1;
T_2.0 ;
    %load/vec4 v0x5ce4d0e86180_0;
    %flag_set/vec4 9;
    %flag_get/vec4 9;
    %jmp/0 T_2.4, 9;
    %load/vec4 v0x5ce4d0f3dde0_0;
    %nor/r;
    %and;
T_2.4;
    %flag_set/vec4 8;
    %jmp/0xz  T_2.2, 8;
    %load/vec4 v0x5ce4d0f71780_0;
    %load/vec4 v0x5ce4d0f29300_0;
    %pad/u 5;
    %ix/vec4 3;
    %ix/load 4, 0, 0; Constant delay
    %assign/vec4/a/d v0x5ce4d0f10750, 0, 4;
    %load/vec4 v0x5ce4d0f29300_0;
    %addi 1, 0, 3;
    %assign/vec4 v0x5ce4d0f29300_0, 0;
T_2.2 ;
    %load/vec4 v0x5ce4d0f75710_0;
    %flag_set/vec4 9;
    %flag_get/vec4 9;
    %jmp/0 T_2.7, 9;
    %load/vec4 v0x5ce4d0f3dd20_0;
    %nor/r;
    %and;
T_2.7;
    %flag_set/vec4 8;
    %jmp/0xz  T_2.5, 8;
    %load/vec4 v0x5ce4d0f10560_0;
    %addi 1, 0, 3;
    %assign/vec4 v0x5ce4d0f10560_0, 0;
T_2.5 ;
T_2.1 ;
    %jmp T_2;
    .thread T_2;
    .scope S_0x5ce4d0f3c540;
T_3 ;
    %wait E_0x5ce4d0b85470;
    %load/vec4 v0x5ce4d1182090_0;
    %flag_set/vec4 8;
    %jmp/0xz  T_3.0, 8;
    %pushi/vec4 0, 0, 3;
    %assign/vec4 v0x5ce4d1116bd0_0, 0;
    %pushi/vec4 0, 0, 3;
    %assign/vec4 v0x5ce4d1139a50_0, 0;
    %jmp T_3.1;
T_3.0 ;
    %load/vec4 v0x5ce4d10f8690_0;
    %flag_set/vec4 9;
    %flag_get/vec4 9;
    %jmp/0 T_3.4, 9;
    %load/vec4 v0x5ce4d112c270_0;
    %nor/r;
    %and;
T_3.4;
    %flag_set/vec4 8;
    %jmp/0xz  T_3.2, 8;
    %load/vec4 v0x5ce4d1110780_0;
    %load/vec4 v0x5ce4d1116bd0_0;
    %pad/u 5;
    %ix/vec4 3;
    %ix/load 4, 0, 0; Constant delay
    %assign/vec4/a/d v0x5ce4d112ce60, 0, 4;
    %load/vec4 v0x5ce4d1116bd0_0;
    %addi 1, 0, 3;
    %assign/vec4 v0x5ce4d1116bd0_0, 0;
T_3.2 ;
    %load/vec4 v0x5ce4d10dd010_0;
    %flag_set/vec4 9;
    %flag_get/vec4 9;
    %jmp/0 T_3.7, 9;
    %load/vec4 v0x5ce4d1127960_0;
    %nor/r;
    %and;
T_3.7;
    %flag_set/vec4 8;
    %jmp/0xz  T_3.5, 8;
    %load/vec4 v0x5ce4d1139a50_0;
    %addi 1, 0, 3;
    %assign/vec4 v0x5ce4d1139a50_0, 0;
T_3.5 ;
T_3.1 ;
    %jmp T_3;
    .thread T_3;
    .scope S_0x5ce4d0f3c250;
T_4 ;
    %wait E_0x5ce4d0b85470;
    %load/vec4 v0x5ce4d113dbf0_0;
    %flag_set/vec4 8;
    %jmp/0xz  T_4.0, 8;
    %pushi/vec4 0, 0, 3;
    %assign/vec4 v0x5ce4d1014ee0_0, 0;
    %pushi/vec4 0, 0, 3;
    %assign/vec4 v0x5ce4d0f3b450_0, 0;
    %jmp T_4.1;
T_4.0 ;
    %load/vec4 v0x5ce4d0fe1dc0_0;
    %flag_set/vec4 9;
    %flag_get/vec4 9;
    %jmp/0 T_4.4, 9;
    %load/vec4 v0x5ce4d0f30a40_0;
    %nor/r;
    %and;
T_4.4;
    %flag_set/vec4 8;
    %jmp/0xz  T_4.2, 8;
    %load/vec4 v0x5ce4d0fee990_0;
    %load/vec4 v0x5ce4d1014ee0_0;
    %pad/u 5;
    %ix/vec4 3;
    %ix/load 4, 0, 0; Constant delay
    %assign/vec4/a/d v0x5ce4d0f521a0, 0, 4;
    %load/vec4 v0x5ce4d1014ee0_0;
    %addi 1, 0, 3;
    %assign/vec4 v0x5ce4d1014ee0_0, 0;
T_4.2 ;
    %load/vec4 v0x5ce4d1008270_0;
    %flag_set/vec4 9;
    %flag_get/vec4 9;
    %jmp/0 T_4.7, 9;
    %load/vec4 v0x5ce4d0fc5d00_0;
    %nor/r;
    %and;
T_4.7;
    %flag_set/vec4 8;
    %jmp/0xz  T_4.5, 8;
    %load/vec4 v0x5ce4d0f3b450_0;
    %addi 1, 0, 3;
    %assign/vec4 v0x5ce4d0f3b450_0, 0;
T_4.5 ;
T_4.1 ;
    %jmp T_4;
    .thread T_4;
    .scope S_0x5ce4d0f8f310;
T_5 ;
    %wait E_0x5ce4d0b85470;
    %load/vec4 v0x5ce4d0f7e2e0_0;
    %flag_set/vec4 8;
    %jmp/0xz  T_5.0, 8;
    %pushi/vec4 0, 0, 3;
    %assign/vec4 v0x5ce4d0fdbaa0_0, 0;
    %pushi/vec4 0, 0, 3;
    %assign/vec4 v0x5ce4d0f387a0_0, 0;
    %jmp T_5.1;
T_5.0 ;
    %load/vec4 v0x5ce4d0f710c0_0;
    %flag_set/vec4 9;
    %flag_get/vec4 9;
    %jmp/0 T_5.4, 9;
    %load/vec4 v0x5ce4d0fcdb20_0;
    %nor/r;
    %and;
T_5.4;
    %flag_set/vec4 8;
    %jmp/0xz  T_5.2, 8;
    %load/vec4 v0x5ce4d0f28ef0_0;
    %load/vec4 v0x5ce4d0fdbaa0_0;
    %pad/u 5;
    %ix/vec4 3;
    %ix/load 4, 0, 0; Constant delay
    %assign/vec4/a/d v0x5ce4d0fcd2e0, 0, 4;
    %load/vec4 v0x5ce4d0fdbaa0_0;
    %addi 1, 0, 3;
    %assign/vec4 v0x5ce4d0fdbaa0_0, 0;
T_5.2 ;
    %load/vec4 v0x5ce4d0f73fe0_0;
    %flag_set/vec4 9;
    %flag_get/vec4 9;
    %jmp/0 T_5.7, 9;
    %load/vec4 v0x5ce4d0fcda60_0;
    %nor/r;
    %and;
T_5.7;
    %flag_set/vec4 8;
    %jmp/0xz  T_5.5, 8;
    %load/vec4 v0x5ce4d0f387a0_0;
    %addi 1, 0, 3;
    %assign/vec4 v0x5ce4d0f387a0_0, 0;
T_5.5 ;
T_5.1 ;
    %jmp T_5;
    .thread T_5;
    .scope S_0x5ce4d0f3d3d0;
T_6 ;
    %wait E_0x5ce4d0b85470;
    %load/vec4 v0x5ce4d0f59fa0_0;
    %flag_set/vec4 8;
    %jmp/0xz  T_6.0, 8;
    %pushi/vec4 0, 0, 3;
    %assign/vec4 v0x5ce4d1019760_0, 0;
    %pushi/vec4 0, 0, 3;
    %assign/vec4 v0x5ce4d0ffff40_0, 0;
    %jmp T_6.1;
T_6.0 ;
    %load/vec4 v0x5ce4d0f6dca0_0;
    %flag_set/vec4 9;
    %flag_get/vec4 9;
    %jmp/0 T_6.4, 9;
    %load/vec4 v0x5ce4d1002280_0;
    %nor/r;
    %and;
T_6.4;
    %flag_set/vec4 8;
    %jmp/0xz  T_6.2, 8;
    %load/vec4 v0x5ce4d0f639b0_0;
    %load/vec4 v0x5ce4d1019760_0;
    %pad/u 5;
    %ix/vec4 3;
    %ix/load 4, 0, 0; Constant delay
    %assign/vec4/a/d v0x5ce4d1002320, 0, 4;
    %load/vec4 v0x5ce4d1019760_0;
    %addi 1, 0, 3;
    %assign/vec4 v0x5ce4d1019760_0, 0;
T_6.2 ;
    %load/vec4 v0x5ce4d0f6e360_0;
    %flag_set/vec4 9;
    %flag_get/vec4 9;
    %jmp/0 T_6.7, 9;
    %load/vec4 v0x5ce4d1017400_0;
    %nor/r;
    %and;
T_6.7;
    %flag_set/vec4 8;
    %jmp/0xz  T_6.5, 8;
    %load/vec4 v0x5ce4d0ffff40_0;
    %addi 1, 0, 3;
    %assign/vec4 v0x5ce4d0ffff40_0, 0;
T_6.5 ;
T_6.1 ;
    %jmp T_6;
    .thread T_6;
    .scope S_0x5ce4d0f2db70;
T_7 ;
    %wait E_0x5ce4d0b85470;
    %load/vec4 v0x5ce4d0f4ef80_0;
    %flag_set/vec4 8;
    %jmp/0xz  T_7.0, 8;
    %pushi/vec4 0, 0, 3;
    %assign/vec4 v0x5ce4d0f4b190_0, 0;
    %pushi/vec4 0, 0, 3;
    %assign/vec4 v0x5ce4d0f4a000_0, 0;
    %jmp T_7.1;
T_7.0 ;
    %load/vec4 v0x5ce4d0f4e440_0;
    %flag_set/vec4 9;
    %flag_get/vec4 9;
    %jmp/0 T_7.4, 9;
    %load/vec4 v0x5ce4d0f4a2a0_0;
    %nor/r;
    %and;
T_7.4;
    %flag_set/vec4 8;
    %jmp/0xz  T_7.2, 8;
    %load/vec4 v0x5ce4d0f4dc80_0;
    %load/vec4 v0x5ce4d0f4b190_0;
    %pad/u 5;
    %ix/vec4 3;
    %ix/load 4, 0, 0; Constant delay
    %assign/vec4/a/d v0x5ce4d0f4a360, 0, 4;
    %load/vec4 v0x5ce4d0f4b190_0;
    %addi 1, 0, 3;
    %assign/vec4 v0x5ce4d0f4b190_0, 0;
T_7.2 ;
    %load/vec4 v0x5ce4d0f4e760_0;
    %flag_set/vec4 9;
    %flag_get/vec4 9;
    %jmp/0 T_7.7, 9;
    %load/vec4 v0x5ce4d0f4ae70_0;
    %nor/r;
    %and;
T_7.7;
    %flag_set/vec4 8;
    %jmp/0xz  T_7.5, 8;
    %load/vec4 v0x5ce4d0f4a000_0;
    %addi 1, 0, 3;
    %assign/vec4 v0x5ce4d0f4a000_0, 0;
T_7.5 ;
T_7.1 ;
    %jmp T_7;
    .thread T_7;
    .scope S_0x5ce4d0f2de20;
T_8 ;
    %wait E_0x5ce4d0b85470;
    %load/vec4 v0x5ce4d0f8c1c0_0;
    %flag_set/vec4 8;
    %jmp/0xz  T_8.0, 8;
    %pushi/vec4 0, 0, 3;
    %assign/vec4 v0x5ce4d0f500a0_0, 0;
    %pushi/vec4 0, 0, 3;
    %assign/vec4 v0x5ce4d0f4f6d0_0, 0;
    %jmp T_8.1;
T_8.0 ;
    %load/vec4 v0x5ce4d0f2b010_0;
    %flag_set/vec4 9;
    %flag_get/vec4 9;
    %jmp/0 T_8.4, 9;
    %load/vec4 v0x5ce4d0f4f940_0;
    %nor/r;
    %and;
T_8.4;
    %flag_set/vec4 8;
    %jmp/0xz  T_8.2, 8;
    %load/vec4 v0x5ce4d0f7db10_0;
    %load/vec4 v0x5ce4d0f500a0_0;
    %pad/u 5;
    %ix/vec4 3;
    %ix/load 4, 0, 0; Constant delay
    %assign/vec4/a/d v0x5ce4d0f4fa00, 0, 4;
    %load/vec4 v0x5ce4d0f500a0_0;
    %addi 1, 0, 3;
    %assign/vec4 v0x5ce4d0f500a0_0, 0;
T_8.2 ;
    %load/vec4 v0x5ce4d0f816f0_0;
    %flag_set/vec4 9;
    %flag_get/vec4 9;
    %jmp/0 T_8.7, 9;
    %load/vec4 v0x5ce4d0f4fdb0_0;
    %nor/r;
    %and;
T_8.7;
    %flag_set/vec4 8;
    %jmp/0xz  T_8.5, 8;
    %load/vec4 v0x5ce4d0f4f6d0_0;
    %addi 1, 0, 3;
    %assign/vec4 v0x5ce4d0f4f6d0_0, 0;
T_8.5 ;
T_8.1 ;
    %jmp T_8;
    .thread T_8;
    .scope S_0x5ce4d0f2e4f0;
T_9 ;
    %wait E_0x5ce4d0b85470;
    %load/vec4 v0x5ce4d0fdaa60_0;
    %flag_set/vec4 8;
    %jmp/0xz  T_9.0, 8;
    %pushi/vec4 0, 0, 3;
    %assign/vec4 v0x5ce4d0f91b30_0, 0;
    %pushi/vec4 0, 0, 3;
    %assign/vec4 v0x5ce4d0f92750_0, 0;
    %jmp T_9.1;
T_9.0 ;
    %load/vec4 v0x5ce4d0fcca40_0;
    %flag_set/vec4 9;
    %flag_get/vec4 9;
    %jmp/0 T_9.4, 9;
    %load/vec4 v0x5ce4d0f92290_0;
    %nor/r;
    %and;
T_9.4;
    %flag_set/vec4 8;
    %jmp/0xz  T_9.2, 8;
    %load/vec4 v0x5ce4d0fc8180_0;
    %load/vec4 v0x5ce4d0f91b30_0;
    %pad/u 5;
    %ix/vec4 3;
    %ix/load 4, 0, 0; Constant delay
    %assign/vec4/a/d v0x5ce4d0f92350, 0, 4;
    %load/vec4 v0x5ce4d0f91b30_0;
    %addi 1, 0, 3;
    %assign/vec4 v0x5ce4d0f91b30_0, 0;
T_9.2 ;
    %load/vec4 v0x5ce4d0fd61c0_0;
    %flag_set/vec4 9;
    %flag_get/vec4 9;
    %jmp/0 T_9.7, 9;
    %load/vec4 v0x5ce4d0f91f70_0;
    %nor/r;
    %and;
T_9.7;
    %flag_set/vec4 8;
    %jmp/0xz  T_9.5, 8;
    %load/vec4 v0x5ce4d0f92750_0;
    %addi 1, 0, 3;
    %assign/vec4 v0x5ce4d0f92750_0, 0;
T_9.5 ;
T_9.1 ;
    %jmp T_9;
    .thread T_9;
    .scope S_0x5ce4d0f28020;
T_10 ;
    %wait E_0x5ce4d0b85470;
    %load/vec4 v0x5ce4d0f499e0_0;
    %flag_set/vec4 8;
    %jmp/0xz  T_10.0, 8;
    %pushi/vec4 0, 0, 3;
    %assign/vec4 v0x5ce4d1025470_0, 0;
    %pushi/vec4 0, 0, 3;
    %assign/vec4 v0x5ce4d10206c0_0, 0;
    %jmp T_10.1;
T_10.0 ;
    %load/vec4 v0x5ce4d1045d00_0;
    %flag_set/vec4 9;
    %flag_get/vec4 9;
    %jmp/0 T_10.4, 9;
    %load/vec4 v0x5ce4d1020df0_0;
    %nor/r;
    %and;
T_10.4;
    %flag_set/vec4 8;
    %jmp/0xz  T_10.2, 8;
    %load/vec4 v0x5ce4d1045a60_0;
    %load/vec4 v0x5ce4d1025470_0;
    %pad/u 5;
    %ix/vec4 3;
    %ix/load 4, 0, 0; Constant delay
    %assign/vec4/a/d v0x5ce4d10209b0, 0, 4;
    %load/vec4 v0x5ce4d1025470_0;
    %addi 1, 0, 3;
    %assign/vec4 v0x5ce4d1025470_0, 0;
T_10.2 ;
    %load/vec4 v0x5ce4d0f49240_0;
    %flag_set/vec4 9;
    %flag_get/vec4 9;
    %jmp/0 T_10.7, 9;
    %load/vec4 v0x5ce4d1020d30_0;
    %nor/r;
    %and;
T_10.7;
    %flag_set/vec4 8;
    %jmp/0xz  T_10.5, 8;
    %load/vec4 v0x5ce4d10206c0_0;
    %addi 1, 0, 3;
    %assign/vec4 v0x5ce4d10206c0_0, 0;
T_10.5 ;
T_10.1 ;
    %jmp T_10;
    .thread T_10;
    .scope S_0x5ce4d0f2e170;
T_11 ;
    %wait E_0x5ce4d0b85470;
    %load/vec4 v0x5ce4d0f91470_0;
    %flag_set/vec4 8;
    %jmp/0xz  T_11.0, 8;
    %pushi/vec4 0, 0, 3;
    %assign/vec4 v0x5ce4d0f8ae90_0, 0;
    %pushi/vec4 0, 0, 3;
    %assign/vec4 v0x5ce4d0f8ba80_0, 0;
    %jmp T_11.1;
T_11.0 ;
    %load/vec4 v0x5ce4d0f909c0_0;
    %flag_set/vec4 9;
    %flag_get/vec4 9;
    %jmp/0 T_11.4, 9;
    %load/vec4 v0x5ce4d0f8b5f0_0;
    %nor/r;
    %and;
T_11.4;
    %flag_set/vec4 8;
    %jmp/0xz  T_11.2, 8;
    %load/vec4 v0x5ce4d0f91060_0;
    %load/vec4 v0x5ce4d0f8ae90_0;
    %pad/u 5;
    %ix/vec4 3;
    %ix/load 4, 0, 0; Constant delay
    %assign/vec4/a/d v0x5ce4d0f8b6b0, 0, 4;
    %load/vec4 v0x5ce4d0f8ae90_0;
    %addi 1, 0, 3;
    %assign/vec4 v0x5ce4d0f8ae90_0, 0;
T_11.2 ;
    %load/vec4 v0x5ce4d0f901a0_0;
    %flag_set/vec4 9;
    %flag_get/vec4 9;
    %jmp/0 T_11.7, 9;
    %load/vec4 v0x5ce4d0f8b300_0;
    %nor/r;
    %and;
T_11.7;
    %flag_set/vec4 8;
    %jmp/0xz  T_11.5, 8;
    %load/vec4 v0x5ce4d0f8ba80_0;
    %addi 1, 0, 3;
    %assign/vec4 v0x5ce4d0f8ba80_0, 0;
T_11.5 ;
T_11.1 ;
    %jmp T_11;
    .thread T_11;
    .scope S_0x5ce4d0f282d0;
T_12 ;
    %wait E_0x5ce4d0b85470;
    %load/vec4 v0x5ce4d101fd90_0;
    %flag_set/vec4 8;
    %jmp/0xz  T_12.0, 8;
    %load/vec4 v0x5ce4d1013d40_0;
    %flag_set/vec4 8;
    %jmp/0xz  T_12.2, 8;
    %load/vec4 v0x5ce4d10141a0_0;
    %load/vec4 v0x5ce4d101fcd0_0;
    %pad/u 11;
    %ix/vec4 3;
    %ix/load 4, 0, 0; Constant delay
    %assign/vec4/a/d v0x5ce4d1020470, 0, 4;
    %load/vec4 v0x5ce4d10141a0_0;
    %assign/vec4 v0x5ce4d10140c0_0, 0;
    %jmp T_12.3;
T_12.2 ;
    %load/vec4 v0x5ce4d101fcd0_0;
    %pad/u 11;
    %ix/vec4 4;
    %load/vec4a v0x5ce4d1020470, 4;
    %assign/vec4 v0x5ce4d10140c0_0, 0;
T_12.3 ;
T_12.0 ;
    %jmp T_12;
    .thread T_12;
    .scope S_0x5ce4d0f282d0;
T_13 ;
    %wait E_0x5ce4d0b85470;
    %load/vec4 v0x5ce4d1013a50_0;
    %flag_set/vec4 8;
    %jmp/0xz  T_13.0, 8;
    %load/vec4 v0x5ce4d1013060_0;
    %flag_set/vec4 8;
    %jmp/0xz  T_13.2, 8;
    %load/vec4 v0x5ce4d1013840_0;
    %load/vec4 v0x5ce4d1013e00_0;
    %pad/u 11;
    %ix/vec4 3;
    %ix/load 4, 0, 0; Constant delay
    %assign/vec4/a/d v0x5ce4d1020470, 0, 4;
    %load/vec4 v0x5ce4d1013840_0;
    %assign/vec4 v0x5ce4d1013760_0, 0;
    %jmp T_13.3;
T_13.2 ;
    %load/vec4 v0x5ce4d1013e00_0;
    %pad/u 11;
    %ix/vec4 4;
    %load/vec4a v0x5ce4d1020470, 4;
    %assign/vec4 v0x5ce4d1013760_0, 0;
T_13.3 ;
T_13.0 ;
    %jmp T_13;
    .thread T_13;
    .scope S_0x5ce4d0f8ef90;
T_14 ;
    %wait E_0x5ce4d0b85470;
    %load/vec4 v0x5ce4d1008020_0;
    %flag_set/vec4 8;
    %jmp/0xz  T_14.0, 8;
    %pushi/vec4 0, 0, 64;
    %assign/vec4 v0x5ce4d11dff40_0, 0;
    %pushi/vec4 0, 0, 1;
    %assign/vec4 v0x5ce4d11f7520_0, 0;
    %pushi/vec4 0, 0, 1;
    %assign/vec4 v0x5ce4d0fbb190_0, 0;
    %jmp T_14.1;
T_14.0 ;
    %load/vec4 v0x5ce4d0fbb190_0;
    %flag_set/vec4 8;
    %jmp/0xz  T_14.2, 8;
    %pushi/vec4 0, 0, 1;
    %assign/vec4 v0x5ce4d11f7520_0, 0;
T_14.2 ;
    %load/vec4 v0x5ce4d1057de0_0;
    %cmpi/e 1, 0, 32;
    %flag_get/vec4 4;
    %jmp/0 T_14.6, 4;
    %load/vec4 v0x5ce4d11e0020_0;
    %flag_set/vec4 9;
    %flag_get/vec4 9;
    %jmp/1 T_14.7, 9;
    %load/vec4 v0x5ce4d11f7520_0;
    %nor/r;
    %or;
T_14.7;
    %and;
T_14.6;
    %flag_set/vec4 8;
    %jmp/0xz  T_14.4, 8;
    %load/vec4 v0x5ce4d11f8600_0;
    %assign/vec4 v0x5ce4d11dff40_0, 0;
    %pushi/vec4 1, 0, 1;
    %assign/vec4 v0x5ce4d11f7520_0, 0;
T_14.4 ;
    %pushi/vec4 1, 0, 1;
    %assign/vec4 v0x5ce4d0fbb190_0, 0;
    %load/vec4 v0x5ce4d11f7520_0;
    %flag_set/vec4 9;
    %flag_get/vec4 9;
    %jmp/0 T_14.10, 9;
    %load/vec4 v0x5ce4d11e0020_0;
    %nor/r;
    %and;
T_14.10;
    %flag_set/vec4 8;
    %jmp/0xz  T_14.8, 8;
    %load/vec4 v0x5ce4d11f7520_0;
    %assign/vec4 v0x5ce4d11f7520_0, 0;
T_14.8 ;
T_14.1 ;
    %jmp T_14;
    .thread T_14;
    .scope S_0x5ce4d0f8ef90;
T_15 ;
    %wait E_0x5ce4d0b85470;
    %load/vec4 v0x5ce4d1008020_0;
    %flag_set/vec4 8;
    %jmp/0xz  T_15.0, 8;
    %pushi/vec4 0, 0, 1;
    %assign/vec4 v0x5ce4d11dfe80_0, 0;
    %pushi/vec4 0, 0, 1;
    %assign/vec4 v0x5ce4d11fba80_0, 0;
    %pushi/vec4 0, 0, 1;
    %assign/vec4 v0x5ce4d11fb9e0_0, 0;
    %pushi/vec4 0, 0, 1;
    %assign/vec4 v0x5ce4d11ff180_0, 0;
    %pushi/vec4 0, 0, 1;
    %assign/vec4 v0x5ce4d11fd2e0_0, 0;
    %pushi/vec4 0, 0, 32;
    %assign/vec4 v0x5ce4d11f2a70_0, 0;
    %pushi/vec4 0, 0, 64;
    %assign/vec4 v0x5ce4d10dba80_0, 0;
    %pushi/vec4 0, 0, 1;
    %assign/vec4 v0x5ce4d0fbc140_0, 0;
    %pushi/vec4 0, 0, 64;
    %assign/vec4 v0x5ce4d10dbb60_0, 0;
    %pushi/vec4 0, 0, 1;
    %assign/vec4 v0x5ce4d0fbc200_0, 0;
    %pushi/vec4 0, 0, 64;
    %assign/vec4 v0x5ce4d1087d80_0, 0;
    %pushi/vec4 0, 0, 1;
    %assign/vec4 v0x5ce4d0fbb890_0, 0;
    %pushi/vec4 0, 0, 64;
    %assign/vec4 v0x5ce4d1087e60_0, 0;
    %pushi/vec4 0, 0, 1;
    %assign/vec4 v0x5ce4d0fbb950_0, 0;
    %pushi/vec4 0, 0, 64;
    %assign/vec4 v0x5ce4d106c4b0_0, 0;
    %pushi/vec4 0, 0, 1;
    %assign/vec4 v0x5ce4d0fbb4b0_0, 0;
    %pushi/vec4 0, 0, 64;
    %assign/vec4 v0x5ce4d106c590_0, 0;
    %pushi/vec4 0, 0, 1;
    %assign/vec4 v0x5ce4d0fbb570_0, 0;
    %pushi/vec4 0, 0, 64;
    %assign/vec4 v0x5ce4d1057d00_0, 0;
    %pushi/vec4 0, 0, 1;
    %assign/vec4 v0x5ce4d0fbb0d0_0, 0;
    %jmp T_15.1;
T_15.0 ;
    %load/vec4 v0x5ce4d11dfe80_0;
    %flag_set/vec4 9;
    %flag_get/vec4 9;
    %jmp/0 T_15.4, 9;
    %load/vec4 v0x5ce4d11dfce0_0;
    %and;
T_15.4;
    %flag_set/vec4 8;
    %jmp/0xz  T_15.2, 8;
    %pushi/vec4 0, 0, 1;
    %assign/vec4 v0x5ce4d11dfe80_0, 0;
T_15.2 ;
    %load/vec4 v0x5ce4d11f77a0_0;
    %flag_set/vec4 9;
    %flag_get/vec4 9;
    %jmp/0 T_15.7, 9;
    %load/vec4 v0x5ce4d11f7660_0;
    %and;
T_15.7;
    %flag_set/vec4 8;
    %jmp/0xz  T_15.5, 8;
    %pushi/vec4 1, 0, 1;
    %assign/vec4 v0x5ce4d11dfe80_0, 0;
T_15.5 ;
    %load/vec4 v0x5ce4d11dfc20_0;
    %assign/vec4 v0x5ce4d11fba80_0, 0;
    %load/vec4 v0x5ce4d11df800_0;
    %assign/vec4 v0x5ce4d11fb9e0_0, 0;
    %pushi/vec4 0, 0, 1;
    %assign/vec4 v0x5ce4d11ff180_0, 0;
    %pushi/vec4 0, 0, 1;
    %assign/vec4 v0x5ce4d11fd2e0_0, 0;
    %load/vec4 v0x5ce4d11dfb60_0;
    %flag_set/vec4 10;
    %flag_get/vec4 10;
    %jmp/0 T_15.11, 10;
    %load/vec4 v0x5ce4d11dfc20_0;
    %and;
T_15.11;
    %flag_set/vec4 9;
    %flag_get/vec4 9;
    %jmp/0 T_15.10, 9;
    %load/vec4 v0x5ce4d11dfe80_0;
    %nor/r;
    %and;
T_15.10;
    %flag_set/vec4 8;
    %jmp/0xz  T_15.8, 8;
    %load/vec4 v0x5ce4d11df8c0_0;
    %assign/vec4 v0x5ce4d11f2a70_0, 0;
    %pushi/vec4 1, 0, 1;
    %assign/vec4 v0x5ce4d11ff180_0, 0;
    %jmp T_15.9;
T_15.8 ;
    %load/vec4 v0x5ce4d11df740_0;
    %flag_set/vec4 9;
    %flag_get/vec4 9;
    %jmp/0 T_15.14, 9;
    %load/vec4 v0x5ce4d11df800_0;
    %and;
T_15.14;
    %flag_set/vec4 8;
    %jmp/0xz  T_15.12, 8;
    %load/vec4 v0x5ce4d11df4a0_0;
    %assign/vec4 v0x5ce4d11f2a70_0, 0;
    %pushi/vec4 1, 0, 1;
    %assign/vec4 v0x5ce4d11fd2e0_0, 0;
T_15.12 ;
T_15.9 ;
    %load/vec4 v0x5ce4d1057de0_0;
    %cmpi/e 1, 0, 32;
    %flag_get/vec4 4;
    %jmp/0 T_15.19, 4;
    %load/vec4 v0x5ce4d11e0020_0;
    %flag_set/vec4 11;
    %flag_get/vec4 11;
    %jmp/1 T_15.20, 11;
    %load/vec4 v0x5ce4d11f7520_0;
    %nor/r;
    %or;
T_15.20;
    %and;
T_15.19;
    %flag_set/vec4 10;
    %flag_get/vec4 10;
    %jmp/0 T_15.18, 10;
    %load/vec4 v0x5ce4d11f8560_0;
    %and;
T_15.18;
    %flag_set/vec4 9;
    %flag_get/vec4 9;
    %jmp/0 T_15.17, 9;
    %load/vec4 v0x5ce4d11f7d40_0;
    %pad/u 32;
    %pushi/vec4 0, 0, 32;
    %cmp/e;
    %flag_get/vec4 4;
    %and;
T_15.17;
    %flag_set/vec4 8;
    %jmp/0xz  T_15.15, 8;
    %load/vec4 v0x5ce4d11f86a0_0;
    %assign/vec4 v0x5ce4d10dba80_0, 0;
    %pushi/vec4 0, 0, 1;
    %assign/vec4 v0x5ce4d0fbc140_0, 0;
T_15.15 ;
    %load/vec4 v0x5ce4d1057de0_0;
    %cmpi/e 1, 0, 32;
    %flag_get/vec4 4;
    %jmp/0 T_15.25, 4;
    %load/vec4 v0x5ce4d11e0020_0;
    %flag_set/vec4 11;
    %flag_get/vec4 11;
    %jmp/1 T_15.26, 11;
    %load/vec4 v0x5ce4d11f7520_0;
    %nor/r;
    %or;
T_15.26;
    %and;
T_15.25;
    %flag_set/vec4 10;
    %flag_get/vec4 10;
    %jmp/0 T_15.24, 10;
    %load/vec4 v0x5ce4d11f8560_0;
    %and;
T_15.24;
    %flag_set/vec4 9;
    %flag_get/vec4 9;
    %jmp/0 T_15.23, 9;
    %load/vec4 v0x5ce4d11f7d40_0;
    %pad/u 32;
    %pushi/vec4 1, 0, 32;
    %cmp/e;
    %flag_get/vec4 4;
    %and;
T_15.23;
    %flag_set/vec4 8;
    %jmp/0xz  T_15.21, 8;
    %load/vec4 v0x5ce4d11f86a0_0;
    %assign/vec4 v0x5ce4d10dbb60_0, 0;
    %pushi/vec4 0, 0, 1;
    %assign/vec4 v0x5ce4d0fbc200_0, 0;
T_15.21 ;
    %load/vec4 v0x5ce4d1057de0_0;
    %cmpi/e 1, 0, 32;
    %flag_get/vec4 4;
    %jmp/0 T_15.31, 4;
    %load/vec4 v0x5ce4d11e0020_0;
    %flag_set/vec4 11;
    %flag_get/vec4 11;
    %jmp/1 T_15.32, 11;
    %load/vec4 v0x5ce4d11f7520_0;
    %nor/r;
    %or;
T_15.32;
    %and;
T_15.31;
    %flag_set/vec4 10;
    %flag_get/vec4 10;
    %jmp/0 T_15.30, 10;
    %load/vec4 v0x5ce4d11f8560_0;
    %and;
T_15.30;
    %flag_set/vec4 9;
    %flag_get/vec4 9;
    %jmp/0 T_15.29, 9;
    %load/vec4 v0x5ce4d11f7d40_0;
    %pad/u 32;
    %pushi/vec4 2, 0, 32;
    %cmp/e;
    %flag_get/vec4 4;
    %and;
T_15.29;
    %flag_set/vec4 8;
    %jmp/0xz  T_15.27, 8;
    %load/vec4 v0x5ce4d11f86a0_0;
    %assign/vec4 v0x5ce4d1087d80_0, 0;
    %pushi/vec4 0, 0, 1;
    %assign/vec4 v0x5ce4d0fbb890_0, 0;
T_15.27 ;
    %load/vec4 v0x5ce4d1057de0_0;
    %cmpi/e 1, 0, 32;
    %flag_get/vec4 4;
    %jmp/0 T_15.37, 4;
    %load/vec4 v0x5ce4d11e0020_0;
    %flag_set/vec4 11;
    %flag_get/vec4 11;
    %jmp/1 T_15.38, 11;
    %load/vec4 v0x5ce4d11f7520_0;
    %nor/r;
    %or;
T_15.38;
    %and;
T_15.37;
    %flag_set/vec4 10;
    %flag_get/vec4 10;
    %jmp/0 T_15.36, 10;
    %load/vec4 v0x5ce4d11f8560_0;
    %and;
T_15.36;
    %flag_set/vec4 9;
    %flag_get/vec4 9;
    %jmp/0 T_15.35, 9;
    %load/vec4 v0x5ce4d11f7d40_0;
    %pad/u 32;
    %pushi/vec4 3, 0, 32;
    %cmp/e;
    %flag_get/vec4 4;
    %and;
T_15.35;
    %flag_set/vec4 8;
    %jmp/0xz  T_15.33, 8;
    %load/vec4 v0x5ce4d11f86a0_0;
    %assign/vec4 v0x5ce4d1087e60_0, 0;
    %pushi/vec4 0, 0, 1;
    %assign/vec4 v0x5ce4d0fbb950_0, 0;
T_15.33 ;
    %load/vec4 v0x5ce4d1057de0_0;
    %cmpi/e 1, 0, 32;
    %flag_get/vec4 4;
    %jmp/0 T_15.43, 4;
    %load/vec4 v0x5ce4d11e0020_0;
    %flag_set/vec4 11;
    %flag_get/vec4 11;
    %jmp/1 T_15.44, 11;
    %load/vec4 v0x5ce4d11f7520_0;
    %nor/r;
    %or;
T_15.44;
    %and;
T_15.43;
    %flag_set/vec4 10;
    %flag_get/vec4 10;
    %jmp/0 T_15.42, 10;
    %load/vec4 v0x5ce4d11f8560_0;
    %and;
T_15.42;
    %flag_set/vec4 9;
    %flag_get/vec4 9;
    %jmp/0 T_15.41, 9;
    %load/vec4 v0x5ce4d11f7d40_0;
    %pad/u 32;
    %pushi/vec4 4, 0, 32;
    %cmp/e;
    %flag_get/vec4 4;
    %and;
T_15.41;
    %flag_set/vec4 8;
    %jmp/0xz  T_15.39, 8;
    %load/vec4 v0x5ce4d11f86a0_0;
    %assign/vec4 v0x5ce4d106c4b0_0, 0;
    %pushi/vec4 0, 0, 1;
    %assign/vec4 v0x5ce4d0fbb4b0_0, 0;
T_15.39 ;
    %load/vec4 v0x5ce4d1057de0_0;
    %cmpi/e 1, 0, 32;
    %flag_get/vec4 4;
    %jmp/0 T_15.49, 4;
    %load/vec4 v0x5ce4d11e0020_0;
    %flag_set/vec4 11;
    %flag_get/vec4 11;
    %jmp/1 T_15.50, 11;
    %load/vec4 v0x5ce4d11f7520_0;
    %nor/r;
    %or;
T_15.50;
    %and;
T_15.49;
    %flag_set/vec4 10;
    %flag_get/vec4 10;
    %jmp/0 T_15.48, 10;
    %load/vec4 v0x5ce4d11f8560_0;
    %and;
T_15.48;
    %flag_set/vec4 9;
    %flag_get/vec4 9;
    %jmp/0 T_15.47, 9;
    %load/vec4 v0x5ce4d11f7d40_0;
    %pad/u 32;
    %pushi/vec4 5, 0, 32;
    %cmp/e;
    %flag_get/vec4 4;
    %and;
T_15.47;
    %flag_set/vec4 8;
    %jmp/0xz  T_15.45, 8;
    %load/vec4 v0x5ce4d11f86a0_0;
    %assign/vec4 v0x5ce4d106c590_0, 0;
    %pushi/vec4 0, 0, 1;
    %assign/vec4 v0x5ce4d0fbb570_0, 0;
T_15.45 ;
    %load/vec4 v0x5ce4d1057de0_0;
    %cmpi/e 1, 0, 32;
    %flag_get/vec4 4;
    %jmp/0 T_15.55, 4;
    %load/vec4 v0x5ce4d11e0020_0;
    %flag_set/vec4 11;
    %flag_get/vec4 11;
    %jmp/1 T_15.56, 11;
    %load/vec4 v0x5ce4d11f7520_0;
    %nor/r;
    %or;
T_15.56;
    %and;
T_15.55;
    %flag_set/vec4 10;
    %flag_get/vec4 10;
    %jmp/0 T_15.54, 10;
    %load/vec4 v0x5ce4d11f8560_0;
    %and;
T_15.54;
    %flag_set/vec4 9;
    %flag_get/vec4 9;
    %jmp/0 T_15.53, 9;
    %load/vec4 v0x5ce4d11f7d40_0;
    %pad/u 32;
    %pushi/vec4 6, 0, 32;
    %cmp/e;
    %flag_get/vec4 4;
    %and;
T_15.53;
    %flag_set/vec4 8;
    %jmp/0xz  T_15.51, 8;
    %load/vec4 v0x5ce4d11f86a0_0;
    %assign/vec4 v0x5ce4d1057d00_0, 0;
    %pushi/vec4 0, 0, 1;
    %assign/vec4 v0x5ce4d0fbb0d0_0, 0;
T_15.51 ;
    %load/vec4 v0x5ce4d1057de0_0;
    %cmpi/e 3, 0, 32;
    %flag_get/vec4 4;
    %jmp/0 T_15.60, 4;
    %load/vec4 v0x5ce4d11f77a0_0;
    %and;
T_15.60;
    %flag_set/vec4 9;
    %flag_get/vec4 9;
    %jmp/0 T_15.59, 9;
    %load/vec4 v0x5ce4d11f7d40_0;
    %pad/u 32;
    %pushi/vec4 0, 0, 32;
    %cmp/e;
    %flag_get/vec4 4;
    %and;
T_15.59;
    %flag_set/vec4 8;
    %jmp/0xz  T_15.57, 8;
    %load/vec4 v0x5ce4d11f75c0_0;
    %assign/vec4 v0x5ce4d10dba80_0, 0;
T_15.57 ;
    %load/vec4 v0x5ce4d1057de0_0;
    %cmpi/e 3, 0, 32;
    %flag_get/vec4 4;
    %jmp/0 T_15.64, 4;
    %load/vec4 v0x5ce4d11f77a0_0;
    %and;
T_15.64;
    %flag_set/vec4 9;
    %flag_get/vec4 9;
    %jmp/0 T_15.63, 9;
    %load/vec4 v0x5ce4d11f7d40_0;
    %pad/u 32;
    %pushi/vec4 1, 0, 32;
    %cmp/e;
    %flag_get/vec4 4;
    %and;
T_15.63;
    %flag_set/vec4 8;
    %jmp/0xz  T_15.61, 8;
    %load/vec4 v0x5ce4d11f75c0_0;
    %assign/vec4 v0x5ce4d10dbb60_0, 0;
T_15.61 ;
    %load/vec4 v0x5ce4d1057de0_0;
    %cmpi/e 3, 0, 32;
    %flag_get/vec4 4;
    %jmp/0 T_15.68, 4;
    %load/vec4 v0x5ce4d11f77a0_0;
    %and;
T_15.68;
    %flag_set/vec4 9;
    %flag_get/vec4 9;
    %jmp/0 T_15.67, 9;
    %load/vec4 v0x5ce4d11f7d40_0;
    %pad/u 32;
    %pushi/vec4 2, 0, 32;
    %cmp/e;
    %flag_get/vec4 4;
    %and;
T_15.67;
    %flag_set/vec4 8;
    %jmp/0xz  T_15.65, 8;
    %load/vec4 v0x5ce4d11f75c0_0;
    %assign/vec4 v0x5ce4d1087d80_0, 0;
T_15.65 ;
    %load/vec4 v0x5ce4d1057de0_0;
    %cmpi/e 3, 0, 32;
    %flag_get/vec4 4;
    %jmp/0 T_15.72, 4;
    %load/vec4 v0x5ce4d11f77a0_0;
    %and;
T_15.72;
    %flag_set/vec4 9;
    %flag_get/vec4 9;
    %jmp/0 T_15.71, 9;
    %load/vec4 v0x5ce4d11f7d40_0;
    %pad/u 32;
    %pushi/vec4 3, 0, 32;
    %cmp/e;
    %flag_get/vec4 4;
    %and;
T_15.71;
    %flag_set/vec4 8;
    %jmp/0xz  T_15.69, 8;
    %load/vec4 v0x5ce4d11f75c0_0;
    %assign/vec4 v0x5ce4d1087e60_0, 0;
T_15.69 ;
    %load/vec4 v0x5ce4d1057de0_0;
    %cmpi/e 3, 0, 32;
    %flag_get/vec4 4;
    %jmp/0 T_15.76, 4;
    %load/vec4 v0x5ce4d11f77a0_0;
    %and;
T_15.76;
    %flag_set/vec4 9;
    %flag_get/vec4 9;
    %jmp/0 T_15.75, 9;
    %load/vec4 v0x5ce4d11f7d40_0;
    %pad/u 32;
    %pushi/vec4 4, 0, 32;
    %cmp/e;
    %flag_get/vec4 4;
    %and;
T_15.75;
    %flag_set/vec4 8;
    %jmp/0xz  T_15.73, 8;
    %load/vec4 v0x5ce4d11f75c0_0;
    %assign/vec4 v0x5ce4d106c4b0_0, 0;
T_15.73 ;
    %load/vec4 v0x5ce4d1057de0_0;
    %cmpi/e 3, 0, 32;
    %flag_get/vec4 4;
    %jmp/0 T_15.80, 4;
    %load/vec4 v0x5ce4d11f77a0_0;
    %and;
T_15.80;
    %flag_set/vec4 9;
    %flag_get/vec4 9;
    %jmp/0 T_15.79, 9;
    %load/vec4 v0x5ce4d11f7d40_0;
    %pad/u 32;
    %pushi/vec4 5, 0, 32;
    %cmp/e;
    %flag_get/vec4 4;
    %and;
T_15.79;
    %flag_set/vec4 8;
    %jmp/0xz  T_15.77, 8;
    %load/vec4 v0x5ce4d11f75c0_0;
    %assign/vec4 v0x5ce4d106c590_0, 0;
T_15.77 ;
    %load/vec4 v0x5ce4d1057de0_0;
    %cmpi/e 3, 0, 32;
    %flag_get/vec4 4;
    %jmp/0 T_15.84, 4;
    %load/vec4 v0x5ce4d11f77a0_0;
    %and;
T_15.84;
    %flag_set/vec4 9;
    %flag_get/vec4 9;
    %jmp/0 T_15.83, 9;
    %load/vec4 v0x5ce4d11f7d40_0;
    %pad/u 32;
    %pushi/vec4 6, 0, 32;
    %cmp/e;
    %flag_get/vec4 4;
    %and;
T_15.83;
    %flag_set/vec4 8;
    %jmp/0xz  T_15.81, 8;
    %load/vec4 v0x5ce4d11f75c0_0;
    %assign/vec4 v0x5ce4d1057d00_0, 0;
T_15.81 ;
    %load/vec4 v0x5ce4d106c4b0_0;
    %cmpi/e 1, 0, 64;
    %flag_get/vec4 4;
    %jmp/0 T_15.88, 4;
    %load/vec4 v0x5ce4d11fd4c0_0;
    %pushi/vec4 2, 0, 32;
    %cmp/e;
    %flag_get/vec4 4;
    %and;
T_15.88;
    %flag_set/vec4 9;
    %flag_get/vec4 9;
    %jmp/0 T_15.87, 9;
    %pushi/vec4 0, 0, 1;
    %and;
T_15.87;
    %flag_set/vec4 8;
    %jmp/0xz  T_15.85, 8;
    %pushi/vec4 0, 0, 64;
    %assign/vec4 v0x5ce4d10dba80_0, 0;
T_15.85 ;
    %load/vec4 v0x5ce4d106c4b0_0;
    %cmpi/e 1, 0, 64;
    %flag_get/vec4 4;
    %jmp/0 T_15.92, 4;
    %load/vec4 v0x5ce4d11fd4c0_0;
    %pushi/vec4 2, 0, 32;
    %cmp/e;
    %flag_get/vec4 4;
    %and;
T_15.92;
    %flag_set/vec4 9;
    %flag_get/vec4 9;
    %jmp/0 T_15.91, 9;
    %pushi/vec4 0, 0, 1;
    %and;
T_15.91;
    %flag_set/vec4 8;
    %jmp/0xz  T_15.89, 8;
    %pushi/vec4 0, 0, 64;
    %assign/vec4 v0x5ce4d10dbb60_0, 0;
T_15.89 ;
    %load/vec4 v0x5ce4d106c4b0_0;
    %cmpi/e 1, 0, 64;
    %flag_get/vec4 4;
    %jmp/0 T_15.96, 4;
    %load/vec4 v0x5ce4d11fd4c0_0;
    %pushi/vec4 2, 0, 32;
    %cmp/e;
    %flag_get/vec4 4;
    %and;
T_15.96;
    %flag_set/vec4 9;
    %flag_get/vec4 9;
    %jmp/0 T_15.95, 9;
    %pushi/vec4 0, 0, 1;
    %and;
T_15.95;
    %flag_set/vec4 8;
    %jmp/0xz  T_15.93, 8;
    %pushi/vec4 0, 0, 64;
    %assign/vec4 v0x5ce4d1087d80_0, 0;
T_15.93 ;
    %load/vec4 v0x5ce4d106c4b0_0;
    %cmpi/e 1, 0, 64;
    %flag_get/vec4 4;
    %jmp/0 T_15.100, 4;
    %load/vec4 v0x5ce4d11fd4c0_0;
    %pushi/vec4 2, 0, 32;
    %cmp/e;
    %flag_get/vec4 4;
    %and;
T_15.100;
    %flag_set/vec4 9;
    %flag_get/vec4 9;
    %jmp/0 T_15.99, 9;
    %pushi/vec4 0, 0, 1;
    %and;
T_15.99;
    %flag_set/vec4 8;
    %jmp/0xz  T_15.97, 8;
    %pushi/vec4 0, 0, 64;
    %assign/vec4 v0x5ce4d1087e60_0, 0;
T_15.97 ;
    %load/vec4 v0x5ce4d106c4b0_0;
    %cmpi/e 1, 0, 64;
    %flag_get/vec4 4;
    %jmp/0 T_15.104, 4;
    %load/vec4 v0x5ce4d11fd4c0_0;
    %pushi/vec4 2, 0, 32;
    %cmp/e;
    %flag_get/vec4 4;
    %and;
T_15.104;
    %flag_set/vec4 9;
    %flag_get/vec4 9;
    %jmp/0 T_15.103, 9;
    %pushi/vec4 1, 0, 1;
    %and;
T_15.103;
    %flag_set/vec4 8;
    %jmp/0xz  T_15.101, 8;
    %pushi/vec4 0, 0, 64;
    %assign/vec4 v0x5ce4d106c4b0_0, 0;
T_15.101 ;
    %load/vec4 v0x5ce4d106c4b0_0;
    %cmpi/e 1, 0, 64;
    %flag_get/vec4 4;
    %jmp/0 T_15.108, 4;
    %load/vec4 v0x5ce4d11fd4c0_0;
    %pushi/vec4 2, 0, 32;
    %cmp/e;
    %flag_get/vec4 4;
    %and;
T_15.108;
    %flag_set/vec4 9;
    %flag_get/vec4 9;
    %jmp/0 T_15.107, 9;
    %pushi/vec4 0, 0, 1;
    %and;
T_15.107;
    %flag_set/vec4 8;
    %jmp/0xz  T_15.105, 8;
    %pushi/vec4 0, 0, 64;
    %assign/vec4 v0x5ce4d106c590_0, 0;
T_15.105 ;
    %load/vec4 v0x5ce4d106c4b0_0;
    %cmpi/e 1, 0, 64;
    %flag_get/vec4 4;
    %jmp/0 T_15.112, 4;
    %load/vec4 v0x5ce4d11fd4c0_0;
    %pushi/vec4 2, 0, 32;
    %cmp/e;
    %flag_get/vec4 4;
    %and;
T_15.112;
    %flag_set/vec4 9;
    %flag_get/vec4 9;
    %jmp/0 T_15.111, 9;
    %pushi/vec4 0, 0, 1;
    %and;
T_15.111;
    %flag_set/vec4 8;
    %jmp/0xz  T_15.109, 8;
    %pushi/vec4 0, 0, 64;
    %assign/vec4 v0x5ce4d1057d00_0, 0;
T_15.109 ;
    %load/vec4 v0x5ce4d11fd4c0_0;
    %cmpi/e 8, 0, 32;
    %flag_get/vec4 4;
    %jmp/0 T_15.115, 4;
    %pushi/vec4 0, 0, 1;
    %and;
T_15.115;
    %flag_set/vec4 8;
    %jmp/0xz  T_15.113, 8;
    %pushi/vec4 1, 0, 64;
    %assign/vec4 v0x5ce4d10dba80_0, 0;
    %pushi/vec4 0, 0, 1;
    %assign/vec4 v0x5ce4d0fbc140_0, 0;
T_15.113 ;
    %load/vec4 v0x5ce4d11fd4c0_0;
    %cmpi/e 8, 0, 32;
    %flag_get/vec4 4;
    %jmp/0 T_15.118, 4;
    %pushi/vec4 0, 0, 1;
    %and;
T_15.118;
    %flag_set/vec4 8;
    %jmp/0xz  T_15.116, 8;
    %pushi/vec4 1, 0, 64;
    %assign/vec4 v0x5ce4d10dbb60_0, 0;
    %pushi/vec4 0, 0, 1;
    %assign/vec4 v0x5ce4d0fbc200_0, 0;
T_15.116 ;
    %load/vec4 v0x5ce4d11fd4c0_0;
    %cmpi/e 8, 0, 32;
    %flag_get/vec4 4;
    %jmp/0 T_15.121, 4;
    %pushi/vec4 0, 0, 1;
    %and;
T_15.121;
    %flag_set/vec4 8;
    %jmp/0xz  T_15.119, 8;
    %pushi/vec4 1, 0, 64;
    %assign/vec4 v0x5ce4d1087d80_0, 0;
    %pushi/vec4 0, 0, 1;
    %assign/vec4 v0x5ce4d0fbb890_0, 0;
T_15.119 ;
    %load/vec4 v0x5ce4d11fd4c0_0;
    %cmpi/e 8, 0, 32;
    %flag_get/vec4 4;
    %jmp/0 T_15.124, 4;
    %pushi/vec4 0, 0, 1;
    %and;
T_15.124;
    %flag_set/vec4 8;
    %jmp/0xz  T_15.122, 8;
    %pushi/vec4 1, 0, 64;
    %assign/vec4 v0x5ce4d1087e60_0, 0;
    %pushi/vec4 0, 0, 1;
    %assign/vec4 v0x5ce4d0fbb950_0, 0;
T_15.122 ;
    %load/vec4 v0x5ce4d11fd4c0_0;
    %cmpi/e 8, 0, 32;
    %flag_get/vec4 4;
    %jmp/0 T_15.127, 4;
    %pushi/vec4 0, 0, 1;
    %and;
T_15.127;
    %flag_set/vec4 8;
    %jmp/0xz  T_15.125, 8;
    %pushi/vec4 1, 0, 64;
    %assign/vec4 v0x5ce4d106c4b0_0, 0;
    %pushi/vec4 0, 0, 1;
    %assign/vec4 v0x5ce4d0fbb4b0_0, 0;
T_15.125 ;
    %load/vec4 v0x5ce4d11fd4c0_0;
    %cmpi/e 8, 0, 32;
    %flag_get/vec4 4;
    %jmp/0 T_15.130, 4;
    %pushi/vec4 1, 0, 1;
    %and;
T_15.130;
    %flag_set/vec4 8;
    %jmp/0xz  T_15.128, 8;
    %pushi/vec4 1, 0, 64;
    %assign/vec4 v0x5ce4d106c590_0, 0;
    %pushi/vec4 0, 0, 1;
    %assign/vec4 v0x5ce4d0fbb570_0, 0;
T_15.128 ;
    %load/vec4 v0x5ce4d11fd4c0_0;
    %cmpi/e 8, 0, 32;
    %flag_get/vec4 4;
    %jmp/0 T_15.133, 4;
    %pushi/vec4 0, 0, 1;
    %and;
T_15.133;
    %flag_set/vec4 8;
    %jmp/0xz  T_15.131, 8;
    %pushi/vec4 1, 0, 64;
    %assign/vec4 v0x5ce4d1057d00_0, 0;
    %pushi/vec4 0, 0, 1;
    %assign/vec4 v0x5ce4d0fbb0d0_0, 0;
T_15.131 ;
    %load/vec4 v0x5ce4d11fd4c0_0;
    %cmpi/e 35, 0, 32;
    %flag_get/vec4 4;
    %jmp/0 T_15.136, 4;
    %pushi/vec4 0, 0, 1;
    %and;
T_15.136;
    %flag_set/vec4 8;
    %jmp/0xz  T_15.134, 8;
    %pushi/vec4 0, 0, 64;
    %assign/vec4 v0x5ce4d10dba80_0, 0;
    %pushi/vec4 0, 0, 1;
    %assign/vec4 v0x5ce4d0fbc140_0, 0;
T_15.134 ;
    %load/vec4 v0x5ce4d11fd4c0_0;
    %cmpi/e 35, 0, 32;
    %flag_get/vec4 4;
    %jmp/0 T_15.139, 4;
    %pushi/vec4 0, 0, 1;
    %and;
T_15.139;
    %flag_set/vec4 8;
    %jmp/0xz  T_15.137, 8;
    %pushi/vec4 0, 0, 64;
    %assign/vec4 v0x5ce4d10dbb60_0, 0;
    %pushi/vec4 0, 0, 1;
    %assign/vec4 v0x5ce4d0fbc200_0, 0;
T_15.137 ;
    %load/vec4 v0x5ce4d11fd4c0_0;
    %cmpi/e 35, 0, 32;
    %flag_get/vec4 4;
    %jmp/0 T_15.142, 4;
    %pushi/vec4 0, 0, 1;
    %and;
T_15.142;
    %flag_set/vec4 8;
    %jmp/0xz  T_15.140, 8;
    %pushi/vec4 0, 0, 64;
    %assign/vec4 v0x5ce4d1087d80_0, 0;
    %pushi/vec4 0, 0, 1;
    %assign/vec4 v0x5ce4d0fbb890_0, 0;
T_15.140 ;
    %load/vec4 v0x5ce4d11fd4c0_0;
    %cmpi/e 35, 0, 32;
    %flag_get/vec4 4;
    %jmp/0 T_15.145, 4;
    %pushi/vec4 0, 0, 1;
    %and;
T_15.145;
    %flag_set/vec4 8;
    %jmp/0xz  T_15.143, 8;
    %pushi/vec4 0, 0, 64;
    %assign/vec4 v0x5ce4d1087e60_0, 0;
    %pushi/vec4 0, 0, 1;
    %assign/vec4 v0x5ce4d0fbb950_0, 0;
T_15.143 ;
    %load/vec4 v0x5ce4d11fd4c0_0;
    %cmpi/e 35, 0, 32;
    %flag_get/vec4 4;
    %jmp/0 T_15.148, 4;
    %pushi/vec4 1, 0, 1;
    %and;
T_15.148;
    %flag_set/vec4 8;
    %jmp/0xz  T_15.146, 8;
    %pushi/vec4 0, 0, 64;
    %assign/vec4 v0x5ce4d106c4b0_0, 0;
    %pushi/vec4 0, 0, 1;
    %assign/vec4 v0x5ce4d0fbb4b0_0, 0;
T_15.146 ;
    %load/vec4 v0x5ce4d11fd4c0_0;
    %cmpi/e 35, 0, 32;
    %flag_get/vec4 4;
    %jmp/0 T_15.151, 4;
    %pushi/vec4 0, 0, 1;
    %and;
T_15.151;
    %flag_set/vec4 8;
    %jmp/0xz  T_15.149, 8;
    %pushi/vec4 0, 0, 64;
    %assign/vec4 v0x5ce4d106c590_0, 0;
    %pushi/vec4 0, 0, 1;
    %assign/vec4 v0x5ce4d0fbb570_0, 0;
T_15.149 ;
    %load/vec4 v0x5ce4d11fd4c0_0;
    %cmpi/e 35, 0, 32;
    %flag_get/vec4 4;
    %jmp/0 T_15.154, 4;
    %pushi/vec4 0, 0, 1;
    %and;
T_15.154;
    %flag_set/vec4 8;
    %jmp/0xz  T_15.152, 8;
    %pushi/vec4 0, 0, 64;
    %assign/vec4 v0x5ce4d1057d00_0, 0;
    %pushi/vec4 0, 0, 1;
    %assign/vec4 v0x5ce4d0fbb0d0_0, 0;
T_15.152 ;
    %load/vec4 v0x5ce4d11fd4c0_0;
    %cmpi/e 36, 0, 32;
    %flag_get/vec4 4;
    %jmp/0 T_15.157, 4;
    %pushi/vec4 0, 0, 1;
    %and;
T_15.157;
    %flag_set/vec4 8;
    %jmp/0xz  T_15.155, 8;
    %pushi/vec4 0, 0, 64;
    %assign/vec4 v0x5ce4d10dba80_0, 0;
    %pushi/vec4 0, 0, 1;
    %assign/vec4 v0x5ce4d0fbc140_0, 0;
T_15.155 ;
    %load/vec4 v0x5ce4d11fd4c0_0;
    %cmpi/e 36, 0, 32;
    %flag_get/vec4 4;
    %jmp/0 T_15.160, 4;
    %pushi/vec4 0, 0, 1;
    %and;
T_15.160;
    %flag_set/vec4 8;
    %jmp/0xz  T_15.158, 8;
    %pushi/vec4 0, 0, 64;
    %assign/vec4 v0x5ce4d10dbb60_0, 0;
    %pushi/vec4 0, 0, 1;
    %assign/vec4 v0x5ce4d0fbc200_0, 0;
T_15.158 ;
    %load/vec4 v0x5ce4d11fd4c0_0;
    %cmpi/e 36, 0, 32;
    %flag_get/vec4 4;
    %jmp/0 T_15.163, 4;
    %pushi/vec4 0, 0, 1;
    %and;
T_15.163;
    %flag_set/vec4 8;
    %jmp/0xz  T_15.161, 8;
    %pushi/vec4 0, 0, 64;
    %assign/vec4 v0x5ce4d1087d80_0, 0;
    %pushi/vec4 0, 0, 1;
    %assign/vec4 v0x5ce4d0fbb890_0, 0;
T_15.161 ;
    %load/vec4 v0x5ce4d11fd4c0_0;
    %cmpi/e 36, 0, 32;
    %flag_get/vec4 4;
    %jmp/0 T_15.166, 4;
    %pushi/vec4 0, 0, 1;
    %and;
T_15.166;
    %flag_set/vec4 8;
    %jmp/0xz  T_15.164, 8;
    %pushi/vec4 0, 0, 64;
    %assign/vec4 v0x5ce4d1087e60_0, 0;
    %pushi/vec4 0, 0, 1;
    %assign/vec4 v0x5ce4d0fbb950_0, 0;
T_15.164 ;
    %load/vec4 v0x5ce4d11fd4c0_0;
    %cmpi/e 36, 0, 32;
    %flag_get/vec4 4;
    %jmp/0 T_15.169, 4;
    %pushi/vec4 0, 0, 1;
    %and;
T_15.169;
    %flag_set/vec4 8;
    %jmp/0xz  T_15.167, 8;
    %pushi/vec4 0, 0, 64;
    %assign/vec4 v0x5ce4d106c4b0_0, 0;
    %pushi/vec4 0, 0, 1;
    %assign/vec4 v0x5ce4d0fbb4b0_0, 0;
T_15.167 ;
    %load/vec4 v0x5ce4d11fd4c0_0;
    %cmpi/e 36, 0, 32;
    %flag_get/vec4 4;
    %jmp/0 T_15.172, 4;
    %pushi/vec4 1, 0, 1;
    %and;
T_15.172;
    %flag_set/vec4 8;
    %jmp/0xz  T_15.170, 8;
    %pushi/vec4 0, 0, 64;
    %assign/vec4 v0x5ce4d106c590_0, 0;
    %pushi/vec4 0, 0, 1;
    %assign/vec4 v0x5ce4d0fbb570_0, 0;
T_15.170 ;
    %load/vec4 v0x5ce4d11fd4c0_0;
    %cmpi/e 36, 0, 32;
    %flag_get/vec4 4;
    %jmp/0 T_15.175, 4;
    %pushi/vec4 0, 0, 1;
    %and;
T_15.175;
    %flag_set/vec4 8;
    %jmp/0xz  T_15.173, 8;
    %pushi/vec4 0, 0, 64;
    %assign/vec4 v0x5ce4d1057d00_0, 0;
    %pushi/vec4 0, 0, 1;
    %assign/vec4 v0x5ce4d0fbb0d0_0, 0;
T_15.173 ;
T_15.1 ;
    %jmp T_15;
    .thread T_15;
    .scope S_0x5ce4d0f8ef90;
T_16 ;
    %wait E_0x5ce4d0b85470;
    %load/vec4 v0x5ce4d1008020_0;
    %flag_set/vec4 8;
    %jmp/0xz  T_16.0, 8;
    %pushi/vec4 0, 0, 32;
    %assign/vec4 v0x5ce4d1057de0_0, 0;
    %pushi/vec4 0, 0, 3;
    %assign/vec4 v0x5ce4d11f7d40_0, 0;
    %jmp T_16.1;
T_16.0 ;
    %load/vec4 v0x5ce4d1057de0_0;
    %dup/vec4;
    %pushi/vec4 0, 0, 32;
    %cmp/u;
    %jmp/1 T_16.2, 6;
    %dup/vec4;
    %pushi/vec4 1, 0, 32;
    %cmp/u;
    %jmp/1 T_16.3, 6;
    %dup/vec4;
    %pushi/vec4 2, 0, 32;
    %cmp/u;
    %jmp/1 T_16.4, 6;
    %dup/vec4;
    %pushi/vec4 3, 0, 32;
    %cmp/u;
    %jmp/1 T_16.5, 6;
    %dup/vec4;
    %pushi/vec4 4, 0, 32;
    %cmp/u;
    %jmp/1 T_16.6, 6;
    %jmp T_16.7;
T_16.2 ;
    %load/vec4 v0x5ce4d11fd2e0_0;
    %flag_set/vec4 8;
    %jmp/1 T_16.10, 8;
    %load/vec4 v0x5ce4d11ff180_0;
    %flag_set/vec4 9;
    %flag_or 8, 9;
T_16.10;
    %jmp/0xz  T_16.8, 8;
    %load/vec4 v0x5ce4d11f2a70_0;
    %ix/load 4, 3, 0;
    %flag_set/imm 4, 0;
    %shiftr 4;
    %pushi/vec4 7, 0, 32;
    %and;
    %pad/u 3;
    %assign/vec4 v0x5ce4d11f7d40_0, 0;
T_16.8 ;
    %load/vec4 v0x5ce4d11fd2e0_0;
    %flag_set/vec4 8;
    %jmp/0xz  T_16.11, 8;
    %pushi/vec4 1, 0, 32;
    %assign/vec4 v0x5ce4d1057de0_0, 0;
T_16.11 ;
    %load/vec4 v0x5ce4d11ff180_0;
    %flag_set/vec4 8;
    %jmp/0xz  T_16.13, 8;
    %pushi/vec4 3, 0, 32;
    %assign/vec4 v0x5ce4d1057de0_0, 0;
T_16.13 ;
    %jmp T_16.7;
T_16.3 ;
    %load/vec4 v0x5ce4d11e0020_0;
    %flag_set/vec4 8;
    %jmp/1 T_16.17, 8;
    %load/vec4 v0x5ce4d11f7520_0;
    %nor/r;
    %flag_set/vec4 9;
    %flag_or 8, 9;
T_16.17;
    %jmp/0xz  T_16.15, 8;
    %pushi/vec4 2, 0, 32;
    %assign/vec4 v0x5ce4d1057de0_0, 0;
T_16.15 ;
    %jmp T_16.7;
T_16.4 ;
    %load/vec4 v0x5ce4d11e0020_0;
    %flag_set/vec4 9;
    %flag_get/vec4 9;
    %jmp/0 T_16.20, 9;
    %load/vec4 v0x5ce4d11f7520_0;
    %and;
T_16.20;
    %flag_set/vec4 8;
    %jmp/0xz  T_16.18, 8;
    %pushi/vec4 0, 0, 32;
    %assign/vec4 v0x5ce4d1057de0_0, 0;
T_16.18 ;
    %jmp T_16.7;
T_16.5 ;
    %load/vec4 v0x5ce4d11f77a0_0;
    %flag_set/vec4 8;
    %jmp/0xz  T_16.21, 8;
    %pushi/vec4 4, 0, 32;
    %assign/vec4 v0x5ce4d1057de0_0, 0;
T_16.21 ;
    %jmp T_16.7;
T_16.6 ;
    %load/vec4 v0x5ce4d11dfce0_0;
    %flag_set/vec4 9;
    %flag_get/vec4 9;
    %jmp/0 T_16.25, 9;
    %load/vec4 v0x5ce4d11dfe80_0;
    %and;
T_16.25;
    %flag_set/vec4 8;
    %jmp/0xz  T_16.23, 8;
    %pushi/vec4 0, 0, 32;
    %assign/vec4 v0x5ce4d1057de0_0, 0;
T_16.23 ;
    %jmp T_16.7;
T_16.7 ;
    %pop/vec4 1;
T_16.1 ;
    %jmp T_16;
    .thread T_16;
    .scope S_0x5ce4d0f8ef90;
T_17 ;
    %wait E_0x5ce4d0b85470;
    %load/vec4 v0x5ce4d1008020_0;
    %flag_set/vec4 8;
    %jmp/0xz  T_17.0, 8;
    %pushi/vec4 0, 0, 4;
    %assign/vec4 v0x5ce4d11de0e0_0, 0;
    %pushi/vec4 0, 0, 32;
    %assign/vec4 v0x5ce4d11f3290_0, 0;
    %pushi/vec4 0, 0, 8;
    %assign/vec4 v0x5ce4d11de1c0_0, 0;
    %pushi/vec4 0, 0, 1;
    %assign/vec4 v0x5ce4d11de7c0_0, 0;
    %pushi/vec4 0, 0, 1;
    %assign/vec4 v0x5ce4d0fd1990_0, 0;
    %jmp T_17.1;
T_17.0 ;
    %load/vec4 v0x5ce4d0fd1990_0;
    %flag_set/vec4 8;
    %jmp/0xz  T_17.2, 8;
    %pushi/vec4 0, 0, 1;
    %assign/vec4 v0x5ce4d11de7c0_0, 0;
T_17.2 ;
    %load/vec4 v0x5ce4d0fbe4a0_0;
    %cmpi/e 1, 0, 32;
    %flag_get/vec4 4;
    %jmp/0 T_17.8, 4;
    %load/vec4 v0x5ce4d0fbed30_0;
    %nor/r;
    %and;
T_17.8;
    %flag_set/vec4 10;
    %flag_get/vec4 10;
    %jmp/0 T_17.7, 10;
    %load/vec4 v0x5ce4d0ffa8a0_0;
    %pad/u 32;
    %cmpi/u 6, 0, 32;
    %flag_get/vec4 5;
    %and;
T_17.7;
    %flag_set/vec4 9;
    %flag_get/vec4 9;
    %jmp/0 T_17.6, 9;
    %load/vec4 v0x5ce4d0ffa8a0_0;
    %pad/u 32;
    %cmpi/u 6, 0, 32;
    %flag_get/vec4 5;
    %jmp/0 T_17.9, 5;
    %load/vec4 v0x5ce4d11de540_0;
    %flag_set/vec4 9;
    %flag_get/vec4 9;
    %jmp/1 T_17.10, 9;
    %load/vec4 v0x5ce4d11de7c0_0;
    %nor/r;
    %or;
T_17.10;
    %and;
T_17.9;
    %and;
T_17.6;
    %flag_set/vec4 8;
    %jmp/0xz  T_17.4, 8;
    %pushi/vec4 0, 0, 4;
    %assign/vec4 v0x5ce4d11de0e0_0, 0;
    %load/vec4 v0x5ce4d0fc4200_0;
    %assign/vec4 v0x5ce4d11f3290_0, 0;
    %load/vec4 v0x5ce4d0fd0b50_0;
    %subi 1, 0, 33;
    %pad/u 8;
    %assign/vec4 v0x5ce4d11de1c0_0, 0;
    %pushi/vec4 1, 0, 1;
    %assign/vec4 v0x5ce4d11de7c0_0, 0;
T_17.4 ;
    %load/vec4 v0x5ce4d0fbe4a0_0;
    %cmpi/e 1, 0, 32;
    %flag_get/vec4 4;
    %jmp/0 T_17.16, 4;
    %load/vec4 v0x5ce4d0fbed30_0;
    %nor/r;
    %and;
T_17.16;
    %flag_set/vec4 11;
    %flag_get/vec4 11;
    %jmp/0 T_17.15, 11;
    %load/vec4 v0x5ce4d0ffa8a0_0;
    %pad/u 32;
    %cmpi/u 6, 0, 32;
    %flag_get/vec4 5;
    %and;
T_17.15;
    %flag_set/vec4 10;
    %flag_get/vec4 10;
    %jmp/0 T_17.14, 10;
    %load/vec4 v0x5ce4d0ffa8a0_0;
    %pad/u 32;
    %cmpi/u 6, 0, 32;
    %flag_get/vec4 5;
    %jmp/0 T_17.17, 5;
    %load/vec4 v0x5ce4d11de540_0;
    %flag_set/vec4 10;
    %flag_get/vec4 10;
    %jmp/1 T_17.18, 10;
    %load/vec4 v0x5ce4d11de7c0_0;
    %nor/r;
    %or;
T_17.18;
    %and;
T_17.17;
    %and;
T_17.14;
    %flag_set/vec4 9;
    %flag_get/vec4 9;
    %jmp/0 T_17.13, 9;
    %load/vec4 v0x5ce4d0fd0b50_0;
    %pushi/vec4 0, 0, 33;
    %cmp/e;
    %flag_get/vec4 4;
    %and;
T_17.13;
    %flag_set/vec4 8;
    %jmp/0xz  T_17.11, 8;
    %pushi/vec4 0, 0, 1;
    %assign/vec4 v0x5ce4d11de7c0_0, 0;
T_17.11 ;
    %pushi/vec4 1, 0, 1;
    %assign/vec4 v0x5ce4d0fd1990_0, 0;
    %load/vec4 v0x5ce4d11de7c0_0;
    %flag_set/vec4 9;
    %flag_get/vec4 9;
    %jmp/0 T_17.21, 9;
    %load/vec4 v0x5ce4d11de540_0;
    %nor/r;
    %and;
T_17.21;
    %flag_set/vec4 8;
    %jmp/0xz  T_17.19, 8;
    %load/vec4 v0x5ce4d11de7c0_0;
    %assign/vec4 v0x5ce4d11de7c0_0, 0;
T_17.19 ;
T_17.1 ;
    %jmp T_17;
    .thread T_17;
    .scope S_0x5ce4d0f8ef90;
T_18 ;
    %wait E_0x5ce4d0b85470;
    %load/vec4 v0x5ce4d1008020_0;
    %flag_set/vec4 8;
    %jmp/0xz  T_18.0, 8;
    %pushi/vec4 0, 0, 64;
    %assign/vec4 v0x5ce4d0fd16a0_0, 0;
    %pushi/vec4 0, 0, 1;
    %assign/vec4 v0x5ce4d0fbc590_0, 0;
    %pushi/vec4 0, 0, 1;
    %assign/vec4 v0x5ce4d0fd1780_0, 0;
    %pushi/vec4 0, 0, 8;
    %assign/vec4 v0x5ce4d0fbc4f0_0, 0;
    %pushi/vec4 0, 0, 1;
    %assign/vec4 v0x5ce4d0fd1a50_0, 0;
    %jmp T_18.1;
T_18.0 ;
    %load/vec4 v0x5ce4d0fd1a50_0;
    %flag_set/vec4 8;
    %jmp/0xz  T_18.2, 8;
    %pushi/vec4 0, 0, 1;
    %assign/vec4 v0x5ce4d0fbc590_0, 0;
    %pushi/vec4 0, 0, 1;
    %assign/vec4 v0x5ce4d0fd1780_0, 0;
T_18.2 ;
    %load/vec4 v0x5ce4d0fc11c0_0;
    %pad/u 32;
    %cmpi/e 1, 0, 32;
    %flag_get/vec4 4;
    %jmp/0 T_18.8, 4;
    %load/vec4 v0x5ce4d11fcde0_0;
    %and;
T_18.8;
    %flag_set/vec4 10;
    %flag_get/vec4 10;
    %jmp/0 T_18.7, 10;
    %load/vec4 v0x5ce4d0fd0fa0_0;
    %flag_set/vec4 10;
    %jmp/1 T_18.10, 10;
    %load/vec4 v0x5ce4d0fbc590_0;
    %nor/r;
    %flag_set/vec4 11;
    %flag_or 10, 11;
T_18.10;
    %flag_get/vec4 10;
    %jmp/0 T_18.9, 10;
    %pushi/vec4 0, 0, 33;
    %load/vec4 v0x5ce4d0fbdd70_0;
    %cmp/u;
    %flag_get/vec4 5;
    %and;
T_18.9;
    %and;
T_18.7;
    %flag_set/vec4 9;
    %flag_get/vec4 9;
    %jmp/0 T_18.6, 9;
    %load/vec4 v0x5ce4d0fd0fa0_0;
    %flag_set/vec4 9;
    %flag_get/vec4 9;
    %jmp/1 T_18.11, 9;
    %load/vec4 v0x5ce4d0fbc590_0;
    %nor/r;
    %or;
T_18.11;
    %and;
T_18.6;
    %flag_set/vec4 8;
    %jmp/0xz  T_18.4, 8;
    %load/vec4 v0x5ce4d11fc8e0_0;
    %assign/vec4 v0x5ce4d0fd16a0_0, 0;
    %pushi/vec4 1, 0, 1;
    %assign/vec4 v0x5ce4d0fbc590_0, 0;
    %load/vec4 v0x5ce4d11fcb60_0;
    %flag_set/vec4 8;
    %flag_get/vec4 8;
    %jmp/1 T_18.12, 8;
    %load/vec4 v0x5ce4d0fbdd70_0;
    %pushi/vec4 1, 0, 33;
    %cmp/e;
    %flag_get/vec4 4;
    %or;
T_18.12;
    %assign/vec4 v0x5ce4d0fd1780_0, 0;
    %pushi/vec4 255, 0, 8;
    %assign/vec4 v0x5ce4d0fbc4f0_0, 0;
T_18.4 ;
    %pushi/vec4 1, 0, 1;
    %assign/vec4 v0x5ce4d0fd1a50_0, 0;
    %load/vec4 v0x5ce4d0fbc590_0;
    %flag_set/vec4 9;
    %flag_get/vec4 9;
    %jmp/0 T_18.15, 9;
    %load/vec4 v0x5ce4d0fd0fa0_0;
    %nor/r;
    %and;
T_18.15;
    %flag_set/vec4 8;
    %jmp/0xz  T_18.13, 8;
    %load/vec4 v0x5ce4d0fbc590_0;
    %assign/vec4 v0x5ce4d0fbc590_0, 0;
    %load/vec4 v0x5ce4d0fd1780_0;
    %assign/vec4 v0x5ce4d0fd1780_0, 0;
T_18.13 ;
T_18.1 ;
    %jmp T_18;
    .thread T_18;
    .scope S_0x5ce4d0f8ef90;
T_19 ;
    %wait E_0x5ce4d0b85470;
    %load/vec4 v0x5ce4d1008020_0;
    %flag_set/vec4 8;
    %jmp/0xz  T_19.0, 8;
    %pushi/vec4 0, 0, 73;
    %assign/vec4 v0x5ce4d11f18f0_0, 0;
    %pushi/vec4 0, 0, 1;
    %assign/vec4 v0x5ce4d11f2250_0, 0;
    %pushi/vec4 0, 0, 73;
    %assign/vec4 v0x5ce4d11f2110_0, 0;
    %pushi/vec4 0, 0, 1;
    %assign/vec4 v0x5ce4d11f21b0_0, 0;
    %jmp T_19.1;
T_19.0 ;
    %load/vec4 v0x5ce4d11f1990_0;
    %flag_set/vec4 8;
    %jmp/1 T_19.4, 8;
    %load/vec4 v0x5ce4d11f2250_0;
    %nor/r;
    %flag_set/vec4 9;
    %flag_or 8, 9;
T_19.4;
    %jmp/0xz  T_19.2, 8;
    %load/vec4 v0x5ce4d11f1c10_0;
    %assign/vec4 v0x5ce4d11f18f0_0, 0;
    %load/vec4 v0x5ce4d11f1cb0_0;
    %assign/vec4 v0x5ce4d11f2250_0, 0;
T_19.2 ;
    %load/vec4 v0x5ce4d11f21b0_0;
    %nor/r;
    %flag_set/vec4 10;
    %flag_get/vec4 10;
    %jmp/0 T_19.8, 10;
    %load/vec4 v0x5ce4d11f2250_0;
    %and;
T_19.8;
    %flag_set/vec4 9;
    %flag_get/vec4 9;
    %jmp/0 T_19.7, 9;
    %load/vec4 v0x5ce4d11f1990_0;
    %nor/r;
    %and;
T_19.7;
    %flag_set/vec4 8;
    %jmp/0xz  T_19.5, 8;
    %load/vec4 v0x5ce4d11f1df0_0;
    %assign/vec4 v0x5ce4d11f2110_0, 0;
    %load/vec4 v0x5ce4d11f1e90_0;
    %assign/vec4 v0x5ce4d11f21b0_0, 0;
T_19.5 ;
    %load/vec4 v0x5ce4d11f21b0_0;
    %flag_set/vec4 9;
    %flag_get/vec4 9;
    %jmp/0 T_19.11, 9;
    %load/vec4 v0x5ce4d11f1990_0;
    %and;
T_19.11;
    %flag_set/vec4 8;
    %jmp/0xz  T_19.9, 8;
    %pushi/vec4 0, 0, 1;
    %assign/vec4 v0x5ce4d11f21b0_0, 0;
T_19.9 ;
T_19.1 ;
    %jmp T_19;
    .thread T_19;
    .scope S_0x5ce4d0f8ef90;
T_20 ;
    %wait E_0x5ce4d0b85470;
    %load/vec4 v0x5ce4d1008020_0;
    %flag_set/vec4 8;
    %jmp/0xz  T_20.0, 8;
    %pushi/vec4 0, 0, 4;
    %assign/vec4 v0x5ce4d11f2cf0_0, 0;
    %pushi/vec4 0, 0, 32;
    %assign/vec4 v0x5ce4d11f2b10_0, 0;
    %pushi/vec4 0, 0, 8;
    %assign/vec4 v0x5ce4d11f2d90_0, 0;
    %pushi/vec4 0, 0, 1;
    %assign/vec4 v0x5ce4d11f31f0_0, 0;
    %pushi/vec4 0, 0, 1;
    %assign/vec4 v0x5ce4d0ffa460_0, 0;
    %jmp T_20.1;
T_20.0 ;
    %load/vec4 v0x5ce4d0ffa460_0;
    %flag_set/vec4 8;
    %jmp/0xz  T_20.2, 8;
    %pushi/vec4 0, 0, 1;
    %assign/vec4 v0x5ce4d11f31f0_0, 0;
T_20.2 ;
    %load/vec4 v0x5ce4d0fd2380_0;
    %cmpi/e 1, 0, 32;
    %flag_get/vec4 4;
    %jmp/0 T_20.6, 4;
    %load/vec4 v0x5ce4d11f3010_0;
    %flag_set/vec4 9;
    %flag_get/vec4 9;
    %jmp/1 T_20.7, 9;
    %load/vec4 v0x5ce4d11f31f0_0;
    %nor/r;
    %or;
T_20.7;
    %and;
T_20.6;
    %flag_set/vec4 8;
    %jmp/0xz  T_20.4, 8;
    %pushi/vec4 0, 0, 4;
    %assign/vec4 v0x5ce4d11f2cf0_0, 0;
    %load/vec4 v0x5ce4d0fee740_0;
    %assign/vec4 v0x5ce4d11f2b10_0, 0;
    %load/vec4 v0x5ce4d0ff9f40_0;
    %subi 1, 0, 33;
    %pad/u 8;
    %assign/vec4 v0x5ce4d11f2d90_0, 0;
    %pushi/vec4 1, 0, 1;
    %assign/vec4 v0x5ce4d11f31f0_0, 0;
T_20.4 ;
    %pushi/vec4 1, 0, 1;
    %assign/vec4 v0x5ce4d0ffa460_0, 0;
    %load/vec4 v0x5ce4d11f31f0_0;
    %flag_set/vec4 9;
    %flag_get/vec4 9;
    %jmp/0 T_20.10, 9;
    %load/vec4 v0x5ce4d11f3010_0;
    %nor/r;
    %and;
T_20.10;
    %flag_set/vec4 8;
    %jmp/0xz  T_20.8, 8;
    %load/vec4 v0x5ce4d11f31f0_0;
    %assign/vec4 v0x5ce4d11f31f0_0, 0;
T_20.8 ;
T_20.1 ;
    %jmp T_20;
    .thread T_20;
    .scope S_0x5ce4d0f8ef90;
T_21 ;
    %wait E_0x5ce4d0b85470;
    %load/vec4 v0x5ce4d1008020_0;
    %flag_set/vec4 8;
    %jmp/0xz  T_21.0, 8;
    %pushi/vec4 0, 0, 65;
    %assign/vec4 v0x5ce4d11f1030_0, 0;
    %pushi/vec4 0, 0, 1;
    %assign/vec4 v0x5ce4d11f1850_0, 0;
    %pushi/vec4 0, 0, 65;
    %assign/vec4 v0x5ce4d11f1710_0, 0;
    %pushi/vec4 0, 0, 1;
    %assign/vec4 v0x5ce4d11f17b0_0, 0;
    %jmp T_21.1;
T_21.0 ;
    %load/vec4 v0x5ce4d11f10d0_0;
    %flag_set/vec4 8;
    %jmp/1 T_21.4, 8;
    %load/vec4 v0x5ce4d11f1850_0;
    %nor/r;
    %flag_set/vec4 9;
    %flag_or 8, 9;
T_21.4;
    %jmp/0xz  T_21.2, 8;
    %load/vec4 v0x5ce4d11f12b0_0;
    %assign/vec4 v0x5ce4d11f1030_0, 0;
    %load/vec4 v0x5ce4d11f1350_0;
    %assign/vec4 v0x5ce4d11f1850_0, 0;
T_21.2 ;
    %load/vec4 v0x5ce4d11f17b0_0;
    %nor/r;
    %flag_set/vec4 10;
    %flag_get/vec4 10;
    %jmp/0 T_21.8, 10;
    %load/vec4 v0x5ce4d11f1850_0;
    %and;
T_21.8;
    %flag_set/vec4 9;
    %flag_get/vec4 9;
    %jmp/0 T_21.7, 9;
    %load/vec4 v0x5ce4d11f10d0_0;
    %nor/r;
    %and;
T_21.7;
    %flag_set/vec4 8;
    %jmp/0xz  T_21.5, 8;
    %load/vec4 v0x5ce4d11f1490_0;
    %assign/vec4 v0x5ce4d11f1710_0, 0;
    %load/vec4 v0x5ce4d11f1530_0;
    %assign/vec4 v0x5ce4d11f17b0_0, 0;
T_21.5 ;
    %load/vec4 v0x5ce4d11f17b0_0;
    %flag_set/vec4 9;
    %flag_get/vec4 9;
    %jmp/0 T_21.11, 9;
    %load/vec4 v0x5ce4d11f10d0_0;
    %and;
T_21.11;
    %flag_set/vec4 8;
    %jmp/0xz  T_21.9, 8;
    %pushi/vec4 0, 0, 1;
    %assign/vec4 v0x5ce4d11f17b0_0, 0;
T_21.9 ;
T_21.1 ;
    %jmp T_21;
    .thread T_21;
    .scope S_0x5ce4d0f8ef90;
T_22 ;
    %wait E_0x5ce4d0b85470;
    %load/vec4 v0x5ce4d1008020_0;
    %flag_set/vec4 8;
    %jmp/0xz  T_22.0, 8;
    %pushi/vec4 0, 0, 3;
    %assign/vec4 v0x5ce4d0ffa8a0_0, 0;
    %pushi/vec4 0, 0, 1;
    %assign/vec4 v0x5ce4d0fd2000_0, 0;
    %pushi/vec4 0, 0, 1;
    %assign/vec4 v0x5ce4d0fbd920_0, 0;
    %pushi/vec4 0, 0, 8;
    %assign/vec4 v0x5ce4d0fdffe0_0, 0;
    %pushi/vec4 0, 0, 32;
    %assign/vec4 v0x5ce4d0fee740_0, 0;
    %pushi/vec4 0, 0, 33;
    %assign/vec4 v0x5ce4d0fedb70_0, 0;
    %pushi/vec4 0, 0, 32;
    %assign/vec4 v0x5ce4d0fed7f0_0, 0;
    %pushi/vec4 0, 0, 32;
    %assign/vec4 v0x5ce4d0fecbb0_0, 0;
    %pushi/vec4 0, 0, 33;
    %assign/vec4 v0x5ce4d0fecb10_0, 0;
    %pushi/vec4 0, 0, 32;
    %assign/vec4 v0x5ce4d0fed5e0_0, 0;
    %pushi/vec4 0, 0, 1;
    %assign/vec4 v0x5ce4d0fdfd40_0, 0;
    %pushi/vec4 0, 0, 33;
    %assign/vec4 v0x5ce4d0ff9f40_0, 0;
    %pushi/vec4 0, 0, 1;
    %assign/vec4 v0x5ce4d0ff9780_0, 0;
    %pushi/vec4 0, 0, 8;
    %assign/vec4 v0x5ce4d0fe00a0_0, 0;
    %pushi/vec4 0, 0, 32;
    %assign/vec4 v0x5ce4d0fed8b0_0, 0;
    %pushi/vec4 0, 0, 32;
    %assign/vec4 v0x5ce4d0fe0360_0, 0;
    %pushi/vec4 0, 0, 33;
    %assign/vec4 v0x5ce4d0e8e140_0, 0;
    %pushi/vec4 0, 0, 32;
    %assign/vec4 v0x5ce4d0fed210_0, 0;
    %pushi/vec4 0, 0, 8;
    %assign/vec4 v0x5ce4d0fc1650_0, 0;
    %pushi/vec4 0, 0, 32;
    %assign/vec4 v0x5ce4d0fc4200_0, 0;
    %pushi/vec4 0, 0, 33;
    %assign/vec4 v0x5ce4d0fc42e0_0, 0;
    %pushi/vec4 0, 0, 32;
    %assign/vec4 v0x5ce4d0fc3f70_0, 0;
    %pushi/vec4 0, 0, 32;
    %assign/vec4 v0x5ce4d0fc1d80_0, 0;
    %pushi/vec4 0, 0, 33;
    %assign/vec4 v0x5ce4d0fc2210_0, 0;
    %pushi/vec4 0, 0, 32;
    %assign/vec4 v0x5ce4d0fc34c0_0, 0;
    %pushi/vec4 0, 0, 1;
    %assign/vec4 v0x5ce4d0fbf110_0, 0;
    %pushi/vec4 0, 0, 33;
    %assign/vec4 v0x5ce4d0fd0b50_0, 0;
    %pushi/vec4 0, 0, 1;
    %assign/vec4 v0x5ce4d0fd0c30_0, 0;
    %pushi/vec4 0, 0, 8;
    %assign/vec4 v0x5ce4d0fc11c0_0, 0;
    %pushi/vec4 0, 0, 32;
    %assign/vec4 v0x5ce4d0fc3bc0_0, 0;
    %pushi/vec4 0, 0, 32;
    %assign/vec4 v0x5ce4d0fc1e60_0, 0;
    %pushi/vec4 0, 0, 33;
    %assign/vec4 v0x5ce4d0fbdd70_0, 0;
    %pushi/vec4 0, 0, 32;
    %assign/vec4 v0x5ce4d0fc35a0_0, 0;
    %jmp T_22.1;
T_22.0 ;
    %load/vec4 v0x5ce4d11de7c0_0;
    %flag_set/vec4 11;
    %flag_get/vec4 11;
    %jmp/0 T_22.6, 11;
    %load/vec4 v0x5ce4d11de540_0;
    %and;
T_22.6;
    %flag_set/vec4 10;
    %flag_get/vec4 10;
    %jmp/0 T_22.5, 10;
    %load/vec4 v0x5ce4d11deb00_0;
    %flag_set/vec4 10;
    %flag_get/vec4 10;
    %jmp/0 T_22.7, 10;
    %load/vec4 v0x5ce4d11de960_0;
    %and;
T_22.7;
    %nor/r;
    %and;
T_22.5;
    %flag_set/vec4 9;
    %flag_get/vec4 9;
    %jmp/0 T_22.4, 9;
    %load/vec4 v0x5ce4d0ffa8a0_0;
    %pad/u 32;
    %cmpi/u 7, 0, 32;
    %flag_get/vec4 5;
    %and;
T_22.4;
    %flag_set/vec4 8;
    %jmp/0xz  T_22.2, 8;
    %load/vec4 v0x5ce4d0ffa8a0_0;
    %addi 1, 0, 3;
    %assign/vec4 v0x5ce4d0ffa8a0_0, 0;
T_22.2 ;
    %load/vec4 v0x5ce4d11de7c0_0;
    %flag_set/vec4 11;
    %flag_get/vec4 11;
    %jmp/0 T_22.12, 11;
    %load/vec4 v0x5ce4d11de540_0;
    %and;
T_22.12;
    %nor/r;
    %flag_set/vec4 10;
    %flag_get/vec4 10;
    %jmp/0 T_22.11, 10;
    %load/vec4 v0x5ce4d11deb00_0;
    %flag_set/vec4 10;
    %flag_get/vec4 10;
    %jmp/0 T_22.13, 10;
    %load/vec4 v0x5ce4d11de960_0;
    %and;
T_22.13;
    %and;
T_22.11;
    %flag_set/vec4 9;
    %flag_get/vec4 9;
    %jmp/0 T_22.10, 9;
    %pushi/vec4 0, 0, 32;
    %load/vec4 v0x5ce4d0ffa8a0_0;
    %pad/u 32;
    %cmp/u;
    %flag_get/vec4 5;
    %and;
T_22.10;
    %flag_set/vec4 8;
    %jmp/0xz  T_22.8, 8;
    %load/vec4 v0x5ce4d0ffa8a0_0;
    %subi 1, 0, 3;
    %assign/vec4 v0x5ce4d0ffa8a0_0, 0;
T_22.8 ;
    %pushi/vec4 0, 0, 1;
    %assign/vec4 v0x5ce4d0fd2000_0, 0;
    %pushi/vec4 0, 0, 1;
    %assign/vec4 v0x5ce4d0fbd920_0, 0;
    %load/vec4 v0x5ce4d11fd4c0_0;
    %cmpi/e 11, 0, 32;
    %flag_get/vec4 4;
    %jmp/0 T_22.16, 4;
    %load/vec4 v0x5ce4d0fd2420_0;
    %and;
T_22.16;
    %flag_set/vec4 8;
    %jmp/0xz  T_22.14, 8;
    %pushi/vec4 1, 0, 1;
    %assign/vec4 v0x5ce4d0fd2000_0, 0;
    %pushi/vec4 1, 0, 8;
    %assign/vec4 v0x5ce4d0fdffe0_0, 0;
    %load/vec4 v0x5ce4d11f91e0_0;
    %assign/vec4 v0x5ce4d0fee740_0, 0;
    %load/vec4 v0x5ce4d11fd380_0;
    %ix/load 4, 3, 0;
    %flag_set/imm 4, 0;
    %shiftr 4;
    %pad/u 33;
    %assign/vec4 v0x5ce4d0fedb70_0, 0;
    %load/vec4 v0x5ce4d11fd420_0;
    %ix/load 4, 3, 0;
    %flag_set/imm 4, 0;
    %shiftr 4;
    %pad/u 32;
    %assign/vec4 v0x5ce4d0fed7f0_0, 0;
    %pushi/vec4 1, 0, 32;
    %assign/vec4 v0x5ce4d0fecbb0_0, 0;
    %load/vec4 v0x5ce4d11fd380_0;
    %ix/load 4, 3, 0;
    %flag_set/imm 4, 0;
    %shiftr 4;
    %pad/u 33;
    %assign/vec4 v0x5ce4d0fecb10_0, 0;
    %pushi/vec4 1, 0, 32;
    %assign/vec4 v0x5ce4d0fed5e0_0, 0;
T_22.14 ;
    %load/vec4 v0x5ce4d0fd2380_0;
    %cmpi/e 0, 0, 32;
    %flag_get/vec4 4;
    %jmp/0 T_22.19, 4;
    %load/vec4 v0x5ce4d0fd2000_0;
    %and;
T_22.19;
    %flag_set/vec4 8;
    %jmp/0xz  T_22.17, 8;
    %pushi/vec4 1, 0, 1;
    %assign/vec4 v0x5ce4d0fdfd40_0, 0;
T_22.17 ;
    %load/vec4 v0x5ce4d0fd2000_0;
    %flag_set/vec4 9;
    %flag_get/vec4 9;
    %jmp/0 T_22.22, 9;
    %load/vec4 v0x5ce4d0fdfa10_0;
    %and;
T_22.22;
    %flag_set/vec4 8;
    %jmp/0xz  T_22.20, 8;
    %pushi/vec4 1, 0, 1;
    %assign/vec4 v0x5ce4d0fd2000_0, 0;
T_22.20 ;
    %load/vec4 v0x5ce4d0fd2380_0;
    %cmpi/e 0, 0, 32;
    %flag_get/vec4 4;
    %jmp/0 T_22.28, 4;
    %load/vec4 v0x5ce4d0fd2000_0;
    %flag_set/vec4 12;
    %flag_get/vec4 12;
    %jmp/1 T_22.29, 12;
    %load/vec4 v0x5ce4d0ff9e80_0;
    %or;
T_22.29;
    %and;
T_22.28;
    %flag_set/vec4 11;
    %flag_get/vec4 11;
    %jmp/0 T_22.27, 11;
    %load/vec4 v0x5ce4d0fdfa10_0;
    %nor/r;
    %and;
T_22.27;
    %flag_set/vec4 10;
    %flag_get/vec4 10;
    %jmp/0 T_22.26, 10;
    %load/vec4 v0x5ce4d0fedb70_0;
    %cmpi/u 256, 0, 33;
    %flag_get/vec4 4;
    %flag_get/vec4 5;
    %or;
    %and;
T_22.26;
    %flag_set/vec4 9;
    %flag_get/vec4 9;
    %jmp/0 T_22.25, 9;
    %pushi/vec4 4096, 0, 33;
    %load/vec4 v0x5ce4d11f9280_0;
    %pad/u 33;
    %pushi/vec4 4095, 0, 33;
    %and;
    %load/vec4 v0x5ce4d0fedb70_0;
    %ix/load 4, 3, 0;
    %flag_set/imm 4, 0;
    %shiftl 4;
    %add;
    %cmp/u;
    %flag_get/vec4 4;
    %flag_get/vec4 5;
    %or;
    %and;
T_22.25;
    %flag_set/vec4 8;
    %jmp/0xz  T_22.23, 8;
    %pushi/vec4 4096, 0, 33;
    %load/vec4 v0x5ce4d11f9320_0;
    %pad/u 33;
    %pushi/vec4 4095, 0, 33;
    %and;
    %sub;
    %ix/load 4, 3, 0;
    %flag_set/imm 4, 0;
    %shiftr 4;
    %assign/vec4 v0x5ce4d0ff9f40_0, 0;
    %load/vec4 v0x5ce4d0fedb70_0;
    %pushi/vec4 4096, 0, 33;
    %load/vec4 v0x5ce4d11f93c0_0;
    %pad/u 33;
    %pushi/vec4 4095, 0, 33;
    %and;
    %sub;
    %ix/load 4, 3, 0;
    %flag_set/imm 4, 0;
    %shiftr 4;
    %sub;
    %assign/vec4 v0x5ce4d0fedb70_0, 0;
    %jmp T_22.24;
T_22.23 ;
    %load/vec4 v0x5ce4d0fd2380_0;
    %cmpi/e 0, 0, 32;
    %flag_get/vec4 4;
    %jmp/0 T_22.34, 4;
    %load/vec4 v0x5ce4d0fd2000_0;
    %flag_set/vec4 11;
    %flag_get/vec4 11;
    %jmp/1 T_22.35, 11;
    %load/vec4 v0x5ce4d0ff9e80_0;
    %or;
T_22.35;
    %and;
T_22.34;
    %flag_set/vec4 10;
    %flag_get/vec4 10;
    %jmp/0 T_22.33, 10;
    %load/vec4 v0x5ce4d0fdfa10_0;
    %nor/r;
    %and;
T_22.33;
    %flag_set/vec4 9;
    %flag_get/vec4 9;
    %jmp/0 T_22.32, 9;
    %load/vec4 v0x5ce4d0fedb70_0;
    %cmpi/u 256, 0, 33;
    %flag_get/vec4 4;
    %flag_get/vec4 5;
    %or;
    %and;
T_22.32;
    %flag_set/vec4 8;
    %jmp/0xz  T_22.30, 8;
    %load/vec4 v0x5ce4d0fedb70_0;
    %assign/vec4 v0x5ce4d0ff9f40_0, 0;
    %pushi/vec4 0, 0, 33;
    %assign/vec4 v0x5ce4d0fedb70_0, 0;
    %jmp T_22.31;
T_22.30 ;
    %load/vec4 v0x5ce4d0fd2380_0;
    %cmpi/e 0, 0, 32;
    %flag_get/vec4 4;
    %jmp/0 T_22.40, 4;
    %load/vec4 v0x5ce4d0fd2000_0;
    %flag_set/vec4 11;
    %flag_get/vec4 11;
    %jmp/1 T_22.41, 11;
    %load/vec4 v0x5ce4d0ff9e80_0;
    %or;
T_22.41;
    %and;
T_22.40;
    %flag_set/vec4 10;
    %flag_get/vec4 10;
    %jmp/0 T_22.39, 10;
    %load/vec4 v0x5ce4d0fdfa10_0;
    %nor/r;
    %and;
T_22.39;
    %flag_set/vec4 9;
    %flag_get/vec4 9;
    %jmp/0 T_22.38, 9;
    %pushi/vec4 4096, 0, 32;
    %load/vec4 v0x5ce4d11f9460_0;
    %pushi/vec4 4095, 0, 32;
    %and;
    %addi 2048, 0, 32;
    %cmp/u;
    %flag_get/vec4 4;
    %flag_get/vec4 5;
    %or;
    %and;
T_22.38;
    %flag_set/vec4 8;
    %jmp/0xz  T_22.36, 8;
    %pushi/vec4 4096, 0, 33;
    %load/vec4 v0x5ce4d11f9500_0;
    %pad/u 33;
    %pushi/vec4 4095, 0, 33;
    %and;
    %sub;
    %ix/load 4, 3, 0;
    %flag_set/imm 4, 0;
    %shiftr 4;
    %assign/vec4 v0x5ce4d0ff9f40_0, 0;
    %load/vec4 v0x5ce4d0fedb70_0;
    %pushi/vec4 4096, 0, 33;
    %load/vec4 v0x5ce4d11f95a0_0;
    %pad/u 33;
    %pushi/vec4 4095, 0, 33;
    %and;
    %sub;
    %ix/load 4, 3, 0;
    %flag_set/imm 4, 0;
    %shiftr 4;
    %sub;
    %assign/vec4 v0x5ce4d0fedb70_0, 0;
    %jmp T_22.37;
T_22.36 ;
    %load/vec4 v0x5ce4d0fd2380_0;
    %cmpi/e 0, 0, 32;
    %flag_get/vec4 4;
    %jmp/0 T_22.45, 4;
    %load/vec4 v0x5ce4d0fd2000_0;
    %flag_set/vec4 10;
    %flag_get/vec4 10;
    %jmp/1 T_22.46, 10;
    %load/vec4 v0x5ce4d0ff9e80_0;
    %or;
T_22.46;
    %and;
T_22.45;
    %flag_set/vec4 9;
    %flag_get/vec4 9;
    %jmp/0 T_22.44, 9;
    %load/vec4 v0x5ce4d0fdfa10_0;
    %nor/r;
    %and;
T_22.44;
    %flag_set/vec4 8;
    %jmp/0xz  T_22.42, 8;
    %pushi/vec4 256, 0, 33;
    %assign/vec4 v0x5ce4d0ff9f40_0, 0;
    %load/vec4 v0x5ce4d0fedb70_0;
    %subi 256, 0, 33;
    %assign/vec4 v0x5ce4d0fedb70_0, 0;
T_22.42 ;
T_22.37 ;
T_22.31 ;
T_22.24 ;
    %load/vec4 v0x5ce4d0fd2380_0;
    %cmpi/e 1, 0, 32;
    %flag_get/vec4 4;
    %jmp/0 T_22.49, 4;
    %load/vec4 v0x5ce4d11f3010_0;
    %flag_set/vec4 9;
    %flag_get/vec4 9;
    %jmp/1 T_22.50, 9;
    %load/vec4 v0x5ce4d11f31f0_0;
    %nor/r;
    %or;
T_22.50;
    %and;
T_22.49;
    %flag_set/vec4 8;
    %jmp/0xz  T_22.47, 8;
    %load/vec4 v0x5ce4d0fee740_0;
    %pad/u 33;
    %load/vec4 v0x5ce4d0ff9f40_0;
    %ix/load 4, 3, 0;
    %flag_set/imm 4, 0;
    %shiftl 4;
    %add;
    %pad/u 32;
    %assign/vec4 v0x5ce4d0fee740_0, 0;
T_22.47 ;
    %load/vec4 v0x5ce4d0fd2380_0;
    %cmpi/e 1, 0, 32;
    %flag_get/vec4 4;
    %jmp/0 T_22.54, 4;
    %load/vec4 v0x5ce4d11f3010_0;
    %flag_set/vec4 10;
    %flag_get/vec4 10;
    %jmp/1 T_22.55, 10;
    %load/vec4 v0x5ce4d11f31f0_0;
    %nor/r;
    %or;
T_22.55;
    %and;
T_22.54;
    %flag_set/vec4 9;
    %flag_get/vec4 9;
    %jmp/0 T_22.53, 9;
    %load/vec4 v0x5ce4d0fedb70_0;
    %pushi/vec4 0, 0, 33;
    %cmp/e;
    %flag_get/vec4 4;
    %and;
T_22.53;
    %flag_set/vec4 8;
    %jmp/0xz  T_22.51, 8;
    %pushi/vec4 0, 0, 1;
    %assign/vec4 v0x5ce4d0fdfd40_0, 0;
T_22.51 ;
    %load/vec4 v0x5ce4d0ff9820_0;
    %cmpi/e 0, 0, 32;
    %flag_get/vec4 4;
    %jmp/0 T_22.58, 4;
    %load/vec4 v0x5ce4d0ff9780_0;
    %nor/r;
    %flag_set/vec4 10;
    %flag_get/vec4 10;
    %jmp/0 T_22.60, 10;
    %load/vec4 v0x5ce4d0fdf720_0;
    %nor/r;
    %and;
T_22.60;
    %flag_set/vec4 9;
    %flag_get/vec4 9;
    %jmp/0 T_22.59, 9;
    %load/vec4 v0x5ce4d0fdfc60_0;
    %pad/u 32;
    %pushi/vec4 1, 0, 32;
    %cmp/e;
    %flag_get/vec4 4;
    %and;
T_22.59;
    %and;
T_22.58;
    %flag_set/vec4 8;
    %jmp/0xz  T_22.56, 8;
    %pushi/vec4 1, 0, 1;
    %assign/vec4 v0x5ce4d0ff9780_0, 0;
    %load/vec4 v0x5ce4d0fdfc60_0;
    %assign/vec4 v0x5ce4d0fe00a0_0, 0;
    %load/vec4 v0x5ce4d0fed500_0;
    %assign/vec4 v0x5ce4d0fed8b0_0, 0;
    %load/vec4 v0x5ce4d0fe0440_0;
    %assign/vec4 v0x5ce4d0fe0360_0, 0;
    %load/vec4 v0x5ce4d0e8e220_0;
    %assign/vec4 v0x5ce4d0e8e140_0, 0;
    %load/vec4 v0x5ce4d0fed2d0_0;
    %assign/vec4 v0x5ce4d0fed210_0, 0;
T_22.56 ;
    %load/vec4 v0x5ce4d0ff9820_0;
    %cmpi/e 2, 0, 32;
    %flag_get/vec4 4;
    %jmp/0 T_22.63, 4;
    %load/vec4 v0x5ce4d0fd1d20_0;
    %and;
T_22.63;
    %flag_set/vec4 8;
    %jmp/0xz  T_22.61, 8;
    %load/vec4 v0x5ce4d0e8e140_0;
    %subi 1, 0, 33;
    %assign/vec4 v0x5ce4d0e8e140_0, 0;
T_22.61 ;
    %load/vec4 v0x5ce4d0ff9820_0;
    %cmpi/e 2, 0, 32;
    %flag_get/vec4 4;
    %jmp/0 T_22.67, 4;
    %load/vec4 v0x5ce4d0fd1d20_0;
    %and;
T_22.67;
    %flag_set/vec4 9;
    %flag_get/vec4 9;
    %jmp/0 T_22.66, 9;
    %load/vec4 v0x5ce4d0e8e140_0;
    %cmpi/u 1, 0, 33;
    %flag_get/vec4 4;
    %flag_get/vec4 5;
    %or;
    %and;
T_22.66;
    %flag_set/vec4 8;
    %jmp/0xz  T_22.64, 8;
    %pushi/vec4 0, 0, 1;
    %assign/vec4 v0x5ce4d0ff9780_0, 0;
T_22.64 ;
    %load/vec4 v0x5ce4d11fd4c0_0;
    %cmpi/e 14, 0, 32;
    %flag_get/vec4 4;
    %jmp/0 T_22.70, 4;
    %load/vec4 v0x5ce4d0fbdcd0_0;
    %and;
T_22.70;
    %flag_set/vec4 8;
    %jmp/0xz  T_22.68, 8;
    %pushi/vec4 1, 0, 1;
    %assign/vec4 v0x5ce4d0fbd920_0, 0;
    %pushi/vec4 1, 0, 8;
    %assign/vec4 v0x5ce4d0fc1650_0, 0;
    %load/vec4 v0x5ce4d11f8d80_0;
    %assign/vec4 v0x5ce4d0fc4200_0, 0;
    %pushi/vec4 8, 0, 33;
    %assign/vec4 v0x5ce4d0fc42e0_0, 0;
    %load/vec4 v0x5ce4d11fd420_0;
    %ix/load 4, 3, 0;
    %flag_set/imm 4, 0;
    %shiftr 4;
    %pad/u 32;
    %assign/vec4 v0x5ce4d0fc3f70_0, 0;
    %pushi/vec4 1, 0, 32;
    %assign/vec4 v0x5ce4d0fc1d80_0, 0;
    %pushi/vec4 8, 0, 33;
    %assign/vec4 v0x5ce4d0fc2210_0, 0;
    %pushi/vec4 1, 0, 32;
    %assign/vec4 v0x5ce4d0fc34c0_0, 0;
T_22.68 ;
    %load/vec4 v0x5ce4d0fbe4a0_0;
    %cmpi/e 0, 0, 32;
    %flag_get/vec4 4;
    %jmp/0 T_22.73, 4;
    %load/vec4 v0x5ce4d0fbd920_0;
    %and;
T_22.73;
    %flag_set/vec4 8;
    %jmp/0xz  T_22.71, 8;
    %pushi/vec4 1, 0, 1;
    %assign/vec4 v0x5ce4d0fbf110_0, 0;
T_22.71 ;
    %load/vec4 v0x5ce4d0fbd920_0;
    %flag_set/vec4 9;
    %flag_get/vec4 9;
    %jmp/0 T_22.76, 9;
    %load/vec4 v0x5ce4d0fbed30_0;
    %and;
T_22.76;
    %flag_set/vec4 8;
    %jmp/0xz  T_22.74, 8;
    %pushi/vec4 1, 0, 1;
    %assign/vec4 v0x5ce4d0fbd920_0, 0;
T_22.74 ;
    %load/vec4 v0x5ce4d0fbe4a0_0;
    %cmpi/e 0, 0, 32;
    %flag_get/vec4 4;
    %jmp/0 T_22.82, 4;
    %load/vec4 v0x5ce4d0fbd920_0;
    %flag_set/vec4 12;
    %flag_get/vec4 12;
    %jmp/1 T_22.83, 12;
    %load/vec4 v0x5ce4d0fd1060_0;
    %or;
T_22.83;
    %and;
T_22.82;
    %flag_set/vec4 11;
    %flag_get/vec4 11;
    %jmp/0 T_22.81, 11;
    %load/vec4 v0x5ce4d0fbed30_0;
    %nor/r;
    %and;
T_22.81;
    %flag_set/vec4 10;
    %flag_get/vec4 10;
    %jmp/0 T_22.80, 10;
    %load/vec4 v0x5ce4d0fc42e0_0;
    %cmpi/u 256, 0, 33;
    %flag_get/vec4 4;
    %flag_get/vec4 5;
    %or;
    %and;
T_22.80;
    %flag_set/vec4 9;
    %flag_get/vec4 9;
    %jmp/0 T_22.79, 9;
    %pushi/vec4 4096, 0, 33;
    %load/vec4 v0x5ce4d11f8e20_0;
    %pad/u 33;
    %pushi/vec4 4095, 0, 33;
    %and;
    %load/vec4 v0x5ce4d0fc42e0_0;
    %ix/load 4, 3, 0;
    %flag_set/imm 4, 0;
    %shiftl 4;
    %add;
    %cmp/u;
    %flag_get/vec4 4;
    %flag_get/vec4 5;
    %or;
    %and;
T_22.79;
    %flag_set/vec4 8;
    %jmp/0xz  T_22.77, 8;
    %pushi/vec4 4096, 0, 33;
    %load/vec4 v0x5ce4d11f8ec0_0;
    %pad/u 33;
    %pushi/vec4 4095, 0, 33;
    %and;
    %sub;
    %ix/load 4, 3, 0;
    %flag_set/imm 4, 0;
    %shiftr 4;
    %assign/vec4 v0x5ce4d0fd0b50_0, 0;
    %load/vec4 v0x5ce4d0fc42e0_0;
    %pushi/vec4 4096, 0, 33;
    %load/vec4 v0x5ce4d11f8f60_0;
    %pad/u 33;
    %pushi/vec4 4095, 0, 33;
    %and;
    %sub;
    %ix/load 4, 3, 0;
    %flag_set/imm 4, 0;
    %shiftr 4;
    %sub;
    %assign/vec4 v0x5ce4d0fc42e0_0, 0;
    %jmp T_22.78;
T_22.77 ;
    %load/vec4 v0x5ce4d0fbe4a0_0;
    %cmpi/e 0, 0, 32;
    %flag_get/vec4 4;
    %jmp/0 T_22.88, 4;
    %load/vec4 v0x5ce4d0fbd920_0;
    %flag_set/vec4 11;
    %flag_get/vec4 11;
    %jmp/1 T_22.89, 11;
    %load/vec4 v0x5ce4d0fd1060_0;
    %or;
T_22.89;
    %and;
T_22.88;
    %flag_set/vec4 10;
    %flag_get/vec4 10;
    %jmp/0 T_22.87, 10;
    %load/vec4 v0x5ce4d0fbed30_0;
    %nor/r;
    %and;
T_22.87;
    %flag_set/vec4 9;
    %flag_get/vec4 9;
    %jmp/0 T_22.86, 9;
    %load/vec4 v0x5ce4d0fc42e0_0;
    %cmpi/u 256, 0, 33;
    %flag_get/vec4 4;
    %flag_get/vec4 5;
    %or;
    %and;
T_22.86;
    %flag_set/vec4 8;
    %jmp/0xz  T_22.84, 8;
    %load/vec4 v0x5ce4d0fc42e0_0;
    %assign/vec4 v0x5ce4d0fd0b50_0, 0;
    %pushi/vec4 0, 0, 33;
    %assign/vec4 v0x5ce4d0fc42e0_0, 0;
    %jmp T_22.85;
T_22.84 ;
    %load/vec4 v0x5ce4d0fbe4a0_0;
    %cmpi/e 0, 0, 32;
    %flag_get/vec4 4;
    %jmp/0 T_22.94, 4;
    %load/vec4 v0x5ce4d0fbd920_0;
    %flag_set/vec4 11;
    %flag_get/vec4 11;
    %jmp/1 T_22.95, 11;
    %load/vec4 v0x5ce4d0fd1060_0;
    %or;
T_22.95;
    %and;
T_22.94;
    %flag_set/vec4 10;
    %flag_get/vec4 10;
    %jmp/0 T_22.93, 10;
    %load/vec4 v0x5ce4d0fbed30_0;
    %nor/r;
    %and;
T_22.93;
    %flag_set/vec4 9;
    %flag_get/vec4 9;
    %jmp/0 T_22.92, 9;
    %pushi/vec4 4096, 0, 32;
    %load/vec4 v0x5ce4d11f9000_0;
    %pushi/vec4 4095, 0, 32;
    %and;
    %addi 2048, 0, 32;
    %cmp/u;
    %flag_get/vec4 4;
    %flag_get/vec4 5;
    %or;
    %and;
T_22.92;
    %flag_set/vec4 8;
    %jmp/0xz  T_22.90, 8;
    %pushi/vec4 4096, 0, 33;
    %load/vec4 v0x5ce4d11f90a0_0;
    %pad/u 33;
    %pushi/vec4 4095, 0, 33;
    %and;
    %sub;
    %ix/load 4, 3, 0;
    %flag_set/imm 4, 0;
    %shiftr 4;
    %assign/vec4 v0x5ce4d0fd0b50_0, 0;
    %load/vec4 v0x5ce4d0fc42e0_0;
    %pushi/vec4 4096, 0, 33;
    %load/vec4 v0x5ce4d11f9140_0;
    %pad/u 33;
    %pushi/vec4 4095, 0, 33;
    %and;
    %sub;
    %ix/load 4, 3, 0;
    %flag_set/imm 4, 0;
    %shiftr 4;
    %sub;
    %assign/vec4 v0x5ce4d0fc42e0_0, 0;
    %jmp T_22.91;
T_22.90 ;
    %load/vec4 v0x5ce4d0fbe4a0_0;
    %cmpi/e 0, 0, 32;
    %flag_get/vec4 4;
    %jmp/0 T_22.99, 4;
    %load/vec4 v0x5ce4d0fbd920_0;
    %flag_set/vec4 10;
    %flag_get/vec4 10;
    %jmp/1 T_22.100, 10;
    %load/vec4 v0x5ce4d0fd1060_0;
    %or;
T_22.100;
    %and;
T_22.99;
    %flag_set/vec4 9;
    %flag_get/vec4 9;
    %jmp/0 T_22.98, 9;
    %load/vec4 v0x5ce4d0fbed30_0;
    %nor/r;
    %and;
T_22.98;
    %flag_set/vec4 8;
    %jmp/0xz  T_22.96, 8;
    %pushi/vec4 256, 0, 33;
    %assign/vec4 v0x5ce4d0fd0b50_0, 0;
    %load/vec4 v0x5ce4d0fc42e0_0;
    %subi 256, 0, 33;
    %assign/vec4 v0x5ce4d0fc42e0_0, 0;
T_22.96 ;
T_22.91 ;
T_22.85 ;
T_22.78 ;
    %load/vec4 v0x5ce4d0fbe4a0_0;
    %cmpi/e 1, 0, 32;
    %flag_get/vec4 4;
    %jmp/0 T_22.103, 4;
    %load/vec4 v0x5ce4d0fbe4a0_0;
    %cmpi/e 1, 0, 32;
    %flag_get/vec4 4;
    %jmp/0 T_22.106, 4;
    %load/vec4 v0x5ce4d0fbed30_0;
    %nor/r;
    %and;
T_22.106;
    %flag_set/vec4 10;
    %flag_get/vec4 10;
    %jmp/0 T_22.105, 10;
    %load/vec4 v0x5ce4d11de540_0;
    %flag_set/vec4 10;
    %flag_get/vec4 10;
    %jmp/1 T_22.107, 10;
    %load/vec4 v0x5ce4d11de7c0_0;
    %nor/r;
    %or;
T_22.107;
    %and;
T_22.105;
    %flag_set/vec4 9;
    %flag_get/vec4 9;
    %jmp/0 T_22.104, 9;
    %load/vec4 v0x5ce4d0ffa8a0_0;
    %pad/u 32;
    %cmpi/u 6, 0, 32;
    %flag_get/vec4 5;
    %and;
T_22.104;
    %and;
T_22.103;
    %flag_set/vec4 8;
    %jmp/0xz  T_22.101, 8;
    %load/vec4 v0x5ce4d0fc4200_0;
    %pad/u 33;
    %load/vec4 v0x5ce4d0fd0b50_0;
    %ix/load 4, 3, 0;
    %flag_set/imm 4, 0;
    %shiftl 4;
    %add;
    %pad/u 32;
    %assign/vec4 v0x5ce4d0fc4200_0, 0;
T_22.101 ;
    %load/vec4 v0x5ce4d0fbe4a0_0;
    %cmpi/e 1, 0, 32;
    %flag_get/vec4 4;
    %jmp/0 T_22.111, 4;
    %load/vec4 v0x5ce4d0fbe4a0_0;
    %cmpi/e 1, 0, 32;
    %flag_get/vec4 4;
    %jmp/0 T_22.114, 4;
    %load/vec4 v0x5ce4d0fbed30_0;
    %nor/r;
    %and;
T_22.114;
    %flag_set/vec4 11;
    %flag_get/vec4 11;
    %jmp/0 T_22.113, 11;
    %load/vec4 v0x5ce4d11de540_0;
    %flag_set/vec4 11;
    %flag_get/vec4 11;
    %jmp/1 T_22.115, 11;
    %load/vec4 v0x5ce4d11de7c0_0;
    %nor/r;
    %or;
T_22.115;
    %and;
T_22.113;
    %flag_set/vec4 10;
    %flag_get/vec4 10;
    %jmp/0 T_22.112, 10;
    %load/vec4 v0x5ce4d0ffa8a0_0;
    %pad/u 32;
    %cmpi/u 6, 0, 32;
    %flag_get/vec4 5;
    %and;
T_22.112;
    %and;
T_22.111;
    %flag_set/vec4 9;
    %flag_get/vec4 9;
    %jmp/0 T_22.110, 9;
    %load/vec4 v0x5ce4d0fc42e0_0;
    %pushi/vec4 0, 0, 33;
    %cmp/e;
    %flag_get/vec4 4;
    %and;
T_22.110;
    %flag_set/vec4 8;
    %jmp/0xz  T_22.108, 8;
    %pushi/vec4 0, 0, 1;
    %assign/vec4 v0x5ce4d0fbf110_0, 0;
T_22.108 ;
    %load/vec4 v0x5ce4d0fc4580_0;
    %cmpi/e 0, 0, 32;
    %flag_get/vec4 4;
    %jmp/0 T_22.118, 4;
    %load/vec4 v0x5ce4d0fd0c30_0;
    %nor/r;
    %flag_set/vec4 10;
    %flag_get/vec4 10;
    %jmp/0 T_22.120, 10;
    %load/vec4 v0x5ce4d0fbe9b0_0;
    %nor/r;
    %and;
T_22.120;
    %flag_set/vec4 9;
    %flag_get/vec4 9;
    %jmp/0 T_22.119, 9;
    %load/vec4 v0x5ce4d0fc12a0_0;
    %pad/u 32;
    %pushi/vec4 1, 0, 32;
    %cmp/e;
    %flag_get/vec4 4;
    %and;
T_22.119;
    %and;
T_22.118;
    %flag_set/vec4 8;
    %jmp/0xz  T_22.116, 8;
    %pushi/vec4 1, 0, 1;
    %assign/vec4 v0x5ce4d0fd0c30_0, 0;
    %load/vec4 v0x5ce4d0fc12a0_0;
    %assign/vec4 v0x5ce4d0fc11c0_0, 0;
    %load/vec4 v0x5ce4d0fc3ca0_0;
    %assign/vec4 v0x5ce4d0fc3bc0_0, 0;
    %load/vec4 v0x5ce4d0fc1570_0;
    %assign/vec4 v0x5ce4d0fc1e60_0, 0;
    %load/vec4 v0x5ce4d0fbd880_0;
    %assign/vec4 v0x5ce4d0fbdd70_0, 0;
    %load/vec4 v0x5ce4d0fc2130_0;
    %assign/vec4 v0x5ce4d0fc35a0_0, 0;
T_22.116 ;
    %load/vec4 v0x5ce4d0fc4580_0;
    %cmpi/e 1, 0, 32;
    %jmp/0xz  T_22.121, 4;
    %pushi/vec4 0, 0, 33;
    %assign/vec4 v0x5ce4d0fbdd70_0, 0;
T_22.121 ;
    %load/vec4 v0x5ce4d0fc4580_0;
    %cmpi/e 2, 0, 32;
    %flag_get/vec4 4;
    %jmp/0 T_22.125, 4;
    %load/vec4 v0x5ce4d0fbe9b0_0;
    %nor/r;
    %flag_set/vec4 9;
    %flag_get/vec4 9;
    %jmp/0 T_22.126, 9;
    %load/vec4 v0x5ce4d0fbdd70_0;
    %pushi/vec4 0, 0, 33;
    %cmp/e;
    %flag_get/vec4 4;
    %and;
T_22.126;
    %and;
T_22.125;
    %flag_set/vec4 8;
    %jmp/0xz  T_22.123, 8;
    %load/vec4 v0x5ce4d0fbd880_0;
    %assign/vec4 v0x5ce4d0fbdd70_0, 0;
T_22.123 ;
    %load/vec4 v0x5ce4d0fc4580_0;
    %cmpi/e 2, 0, 32;
    %flag_get/vec4 4;
    %jmp/0 T_22.130, 4;
    %load/vec4 v0x5ce4d11fcde0_0;
    %and;
T_22.130;
    %flag_set/vec4 9;
    %flag_get/vec4 9;
    %jmp/0 T_22.129, 9;
    %load/vec4 v0x5ce4d0fd0fa0_0;
    %flag_set/vec4 9;
    %jmp/1 T_22.132, 9;
    %load/vec4 v0x5ce4d0fbc590_0;
    %nor/r;
    %flag_set/vec4 10;
    %flag_or 9, 10;
T_22.132;
    %flag_get/vec4 9;
    %jmp/0 T_22.131, 9;
    %pushi/vec4 0, 0, 33;
    %load/vec4 v0x5ce4d0fbdd70_0;
    %cmp/u;
    %flag_get/vec4 5;
    %and;
T_22.131;
    %and;
T_22.129;
    %flag_set/vec4 8;
    %jmp/0xz  T_22.127, 8;
    %load/vec4 v0x5ce4d0fbdd70_0;
    %subi 1, 0, 33;
    %assign/vec4 v0x5ce4d0fbdd70_0, 0;
T_22.127 ;
    %load/vec4 v0x5ce4d0fc4580_0;
    %cmpi/e 2, 0, 32;
    %flag_get/vec4 4;
    %jmp/0 T_22.136, 4;
    %load/vec4 v0x5ce4d0fc11c0_0;
    %pad/u 32;
    %cmpi/e 1, 0, 32;
    %flag_get/vec4 4;
    %jmp/0 T_22.138, 4;
    %load/vec4 v0x5ce4d11fcde0_0;
    %and;
T_22.138;
    %flag_set/vec4 10;
    %flag_get/vec4 10;
    %jmp/0 T_22.137, 10;
    %load/vec4 v0x5ce4d0fd0fa0_0;
    %flag_set/vec4 10;
    %jmp/1 T_22.140, 10;
    %load/vec4 v0x5ce4d0fbc590_0;
    %nor/r;
    %flag_set/vec4 11;
    %flag_or 10, 11;
T_22.140;
    %flag_get/vec4 10;
    %jmp/0 T_22.139, 10;
    %pushi/vec4 0, 0, 33;
    %load/vec4 v0x5ce4d0fbdd70_0;
    %cmp/u;
    %flag_get/vec4 5;
    %and;
T_22.139;
    %and;
T_22.137;
    %and;
T_22.136;
    %flag_set/vec4 9;
    %flag_get/vec4 9;
    %jmp/0 T_22.135, 9;
    %load/vec4 v0x5ce4d11fcb60_0;
    %and;
T_22.135;
    %flag_set/vec4 8;
    %jmp/0xz  T_22.133, 8;
    %pushi/vec4 0, 0, 1;
    %assign/vec4 v0x5ce4d0fd0c30_0, 0;
T_22.133 ;
T_22.1 ;
    %jmp T_22;
    .thread T_22;
    .scope S_0x5ce4d0f8ef90;
T_23 ;
    %wait E_0x5ce4d0b85470;
    %load/vec4 v0x5ce4d1008020_0;
    %flag_set/vec4 8;
    %jmp/0xz  T_23.0, 8;
    %pushi/vec4 0, 0, 4;
    %assign/vec4 v0x5ce4d11f8740_0, 0;
    %pushi/vec4 0, 0, 1;
    %assign/vec4 v0x5ce4d0ffb3b0_0, 0;
    %jmp T_23.1;
T_23.0 ;
    %load/vec4 v0x5ce4d0fdef80_0;
    %flag_set/vec4 10;
    %flag_get/vec4 10;
    %jmp/0 T_23.5, 10;
    %load/vec4 v0x5ce4d0fdf020_0;
    %nor/r;
    %and;
T_23.5;
    %flag_set/vec4 9;
    %flag_get/vec4 9;
    %jmp/0 T_23.4, 9;
    %load/vec4 v0x5ce4d0fdf680_0;
    %flag_set/vec4 9;
    %flag_get/vec4 9;
    %jmp/0 T_23.6, 9;
    %load/vec4 v0x5ce4d0fdf720_0;
    %nor/r;
    %and;
T_23.6;
    %and;
T_23.4;
    %flag_set/vec4 8;
    %jmp/0xz  T_23.2, 8;
    %load/vec4 v0x5ce4d11f8740_0;
    %assign/vec4 v0x5ce4d11f8740_0, 0;
    %jmp T_23.3;
T_23.2 ;
    %load/vec4 v0x5ce4d0fdef80_0;
    %flag_set/vec4 9;
    %flag_get/vec4 9;
    %jmp/0 T_23.9, 9;
    %load/vec4 v0x5ce4d0fdf020_0;
    %nor/r;
    %and;
T_23.9;
    %flag_set/vec4 8;
    %jmp/0xz  T_23.7, 8;
    %load/vec4 v0x5ce4d11f8740_0;
    %addi 1, 0, 4;
    %assign/vec4 v0x5ce4d11f8740_0, 0;
    %jmp T_23.8;
T_23.7 ;
    %load/vec4 v0x5ce4d0fdf680_0;
    %flag_set/vec4 9;
    %flag_get/vec4 9;
    %jmp/0 T_23.12, 9;
    %load/vec4 v0x5ce4d0fdf720_0;
    %nor/r;
    %and;
T_23.12;
    %flag_set/vec4 8;
    %jmp/0xz  T_23.10, 8;
    %load/vec4 v0x5ce4d11f8740_0;
    %subi 1, 0, 4;
    %assign/vec4 v0x5ce4d11f8740_0, 0;
T_23.10 ;
T_23.8 ;
T_23.3 ;
    %load/vec4 v0x5ce4d11f29d0_0;
    %assign/vec4 v0x5ce4d0ffb3b0_0, 0;
T_23.1 ;
    %jmp T_23;
    .thread T_23;
    .scope S_0x5ce4d0f8ef90;
T_24 ;
    %wait E_0x5ce4d0b85470;
    %load/vec4 v0x5ce4d1008020_0;
    %flag_set/vec4 8;
    %jmp/0xz  T_24.0, 8;
    %pushi/vec4 0, 0, 4;
    %assign/vec4 v0x5ce4d11f87e0_0, 0;
    %pushi/vec4 0, 0, 1;
    %assign/vec4 v0x5ce4d1007450_0, 0;
    %pushi/vec4 0, 0, 1;
    %assign/vec4 v0x5ce4d1007510_0, 0;
    %jmp T_24.1;
T_24.0 ;
    %load/vec4 v0x5ce4d0fbea80_0;
    %flag_set/vec4 10;
    %flag_get/vec4 10;
    %jmp/0 T_24.5, 10;
    %load/vec4 v0x5ce4d0fbe6c0_0;
    %nor/r;
    %and;
T_24.5;
    %flag_set/vec4 9;
    %flag_get/vec4 9;
    %jmp/0 T_24.4, 9;
    %load/vec4 v0x5ce4d0fbee00_0;
    %flag_set/vec4 9;
    %flag_get/vec4 9;
    %jmp/0 T_24.6, 9;
    %load/vec4 v0x5ce4d0fbe9b0_0;
    %nor/r;
    %and;
T_24.6;
    %and;
T_24.4;
    %flag_set/vec4 8;
    %jmp/0xz  T_24.2, 8;
    %load/vec4 v0x5ce4d11f87e0_0;
    %assign/vec4 v0x5ce4d11f87e0_0, 0;
    %jmp T_24.3;
T_24.2 ;
    %load/vec4 v0x5ce4d0fbea80_0;
    %flag_set/vec4 9;
    %flag_get/vec4 9;
    %jmp/0 T_24.9, 9;
    %load/vec4 v0x5ce4d0fbe6c0_0;
    %nor/r;
    %and;
T_24.9;
    %flag_set/vec4 8;
    %jmp/0xz  T_24.7, 8;
    %load/vec4 v0x5ce4d11f87e0_0;
    %addi 1, 0, 4;
    %assign/vec4 v0x5ce4d11f87e0_0, 0;
    %jmp T_24.8;
T_24.7 ;
    %load/vec4 v0x5ce4d0fbee00_0;
    %flag_set/vec4 9;
    %flag_get/vec4 9;
    %jmp/0 T_24.12, 9;
    %load/vec4 v0x5ce4d0fbe9b0_0;
    %nor/r;
    %and;
T_24.12;
    %flag_set/vec4 8;
    %jmp/0xz  T_24.10, 8;
    %load/vec4 v0x5ce4d11f87e0_0;
    %subi 1, 0, 4;
    %assign/vec4 v0x5ce4d11f87e0_0, 0;
T_24.10 ;
T_24.8 ;
T_24.3 ;
    %load/vec4 v0x5ce4d11f22f0_0;
    %assign/vec4 v0x5ce4d1007450_0, 0;
    %load/vec4 v0x5ce4d11f2390_0;
    %assign/vec4 v0x5ce4d1007510_0, 0;
T_24.1 ;
    %jmp T_24;
    .thread T_24;
    .scope S_0x5ce4d0f8ef90;
T_25 ;
    %wait E_0x5ce4d0b85470;
    %load/vec4 v0x5ce4d1008020_0;
    %flag_set/vec4 8;
    %jmp/0xz  T_25.0, 8;
    %pushi/vec4 0, 0, 128;
    %assign/vec4 v0x5ce4d11f8060_0, 0;
    %pushi/vec4 0, 0, 1;
    %assign/vec4 v0x5ce4d11f8240_0, 0;
    %pushi/vec4 0, 0, 1;
    %assign/vec4 v0x5ce4d11f8100_0, 0;
    %pushi/vec4 0, 0, 1;
    %assign/vec4 v0x5ce4d0f87cd0_0, 0;
    %jmp T_25.1;
T_25.0 ;
    %load/vec4 v0x5ce4d0f87cd0_0;
    %flag_set/vec4 8;
    %jmp/0xz  T_25.2, 8;
    %pushi/vec4 0, 0, 1;
    %assign/vec4 v0x5ce4d11f8240_0, 0;
    %pushi/vec4 0, 0, 1;
    %assign/vec4 v0x5ce4d11f8100_0, 0;
T_25.2 ;
    %load/vec4 v0x5ce4d0f843a0_0;
    %cmpi/e 2, 0, 32;
    %flag_get/vec4 4;
    %jmp/0 T_25.10, 4;
    %load/vec4 v0x5ce4d0f7aa70_0;
    %pad/u 32;
    %pushi/vec4 1, 0, 32;
    %cmp/e;
    %flag_get/vec4 4;
    %and;
T_25.10;
    %flag_set/vec4 12;
    %flag_get/vec4 12;
    %jmp/0 T_25.9, 12;
    %load/vec4 v0x5ce4d0f72580_0;
    %pad/u 32;
    %pushi/vec4 1, 0, 32;
    %cmp/e;
    %flag_get/vec4 4;
    %and;
T_25.9;
    %flag_set/vec4 11;
    %flag_get/vec4 11;
    %jmp/0 T_25.8, 11;
    %load/vec4 v0x5ce4d11fce80_0;
    %and;
T_25.8;
    %flag_set/vec4 10;
    %flag_get/vec4 10;
    %jmp/0 T_25.7, 10;
    %load/vec4 v0x5ce4d11f81a0_0;
    %flag_set/vec4 10;
    %jmp/1 T_25.12, 10;
    %load/vec4 v0x5ce4d11f8240_0;
    %nor/r;
    %flag_set/vec4 11;
    %flag_or 10, 11;
T_25.12;
    %flag_get/vec4 10;
    %jmp/1 T_25.11, 10;
    %pushi/vec4 0, 0, 32;
    %load/vec4 v0x5ce4d0f72580_0;
    %pad/u 32;
    %cmp/u;
    %flag_get/vec4 5;
    %or;
T_25.11;
    %and;
T_25.7;
    %flag_set/vec4 9;
    %flag_get/vec4 9;
    %jmp/0 T_25.6, 9;
    %load/vec4 v0x5ce4d11f81a0_0;
    %flag_set/vec4 9;
    %flag_get/vec4 9;
    %jmp/1 T_25.13, 9;
    %load/vec4 v0x5ce4d11f8240_0;
    %nor/r;
    %or;
T_25.13;
    %and;
T_25.6;
    %flag_set/vec4 8;
    %jmp/0xz  T_25.4, 8;
    %load/vec4 v0x5ce4d11fc980_0;
    %load/vec4 v0x5ce4d0f496d0_0;
    %parti/s 64, 64, 8;
    %concat/vec4; draw_concat_vec4
    %assign/vec4 v0x5ce4d11f8060_0, 0;
    %pushi/vec4 1, 0, 1;
    %assign/vec4 v0x5ce4d11f8240_0, 0;
    %load/vec4 v0x5ce4d11fcc00_0;
    %flag_set/vec4 8;
    %flag_get/vec4 8;
    %jmp/1 T_25.14, 8;
    %load/vec4 v0x5ce4d0f73ba0_0;
    %cmpi/u 1, 0, 33;
    %flag_get/vec4 4;
    %flag_get/vec4 5;
    %or;
    %or;
T_25.14;
    %assign/vec4 v0x5ce4d11f8100_0, 0;
T_25.4 ;
    %pushi/vec4 1, 0, 1;
    %assign/vec4 v0x5ce4d0f87cd0_0, 0;
    %load/vec4 v0x5ce4d11f8240_0;
    %flag_set/vec4 9;
    %flag_get/vec4 9;
    %jmp/0 T_25.17, 9;
    %load/vec4 v0x5ce4d11f81a0_0;
    %nor/r;
    %and;
T_25.17;
    %flag_set/vec4 8;
    %jmp/0xz  T_25.15, 8;
    %load/vec4 v0x5ce4d11f8240_0;
    %assign/vec4 v0x5ce4d11f8240_0, 0;
    %load/vec4 v0x5ce4d11f8100_0;
    %assign/vec4 v0x5ce4d11f8100_0, 0;
T_25.15 ;
T_25.1 ;
    %jmp T_25;
    .thread T_25;
    .scope S_0x5ce4d0f8ef90;
T_26 ;
    %wait E_0x5ce4d0b85470;
    %load/vec4 v0x5ce4d1008020_0;
    %flag_set/vec4 8;
    %jmp/0xz  T_26.0, 8;
    %pushi/vec4 0, 0, 1;
    %assign/vec4 v0x5ce4d0f87d90_0, 0;
    %pushi/vec4 0, 0, 8;
    %assign/vec4 v0x5ce4d0f7aa70_0, 0;
    %pushi/vec4 0, 0, 32;
    %assign/vec4 v0x5ce4d0f824c0_0, 0;
    %pushi/vec4 0, 0, 32;
    %assign/vec4 v0x5ce4d0f7d7d0_0, 0;
    %pushi/vec4 0, 0, 33;
    %assign/vec4 v0x5ce4d0f73ba0_0, 0;
    %jmp T_26.1;
T_26.0 ;
    %load/vec4 v0x5ce4d0f843a0_0;
    %cmpi/e 0, 0, 32;
    %flag_get/vec4 4;
    %jmp/0 T_26.4, 4;
    %load/vec4 v0x5ce4d0f87d90_0;
    %nor/r;
    %flag_set/vec4 10;
    %flag_get/vec4 10;
    %jmp/0 T_26.6, 10;
    %load/vec4 v0x5ce4d0f76fc0_0;
    %nor/r;
    %and;
T_26.6;
    %flag_set/vec4 9;
    %flag_get/vec4 9;
    %jmp/0 T_26.5, 9;
    %load/vec4 v0x5ce4d0f79e20_0;
    %pad/u 32;
    %pushi/vec4 1, 0, 32;
    %cmp/e;
    %flag_get/vec4 4;
    %and;
T_26.5;
    %and;
T_26.4;
    %flag_set/vec4 8;
    %jmp/0xz  T_26.2, 8;
    %pushi/vec4 1, 0, 1;
    %assign/vec4 v0x5ce4d0f87d90_0, 0;
    %load/vec4 v0x5ce4d0f79e20_0;
    %assign/vec4 v0x5ce4d0f7aa70_0, 0;
    %load/vec4 v0x5ce4d0f7d710_0;
    %assign/vec4 v0x5ce4d0f824c0_0, 0;
    %load/vec4 v0x5ce4d0f7a990_0;
    %assign/vec4 v0x5ce4d0f7d7d0_0, 0;
    %load/vec4 v0x5ce4d0f724e0_0;
    %ix/load 4, 1, 0;
    %flag_set/imm 4, 0;
    %shiftr 4;
    %load/vec4 v0x5ce4d0f724e0_0;
    %pushi/vec4 1, 0, 33;
    %and;
    %cmpi/u 0, 0, 33;
    %flag_or 5, 4; GT is !LE
    %flag_inv 5;
    %flag_mov 8, 5;
    %jmp/0 T_26.7, 8;
    %pushi/vec4 1, 0, 33;
    %jmp/1 T_26.8, 8;
T_26.7 ; End of true expr.
    %pushi/vec4 0, 0, 33;
    %jmp/0 T_26.8, 8;
 ; End of false expr.
    %blend;
T_26.8;
    %add;
    %ix/load 4, 1, 0;
    %flag_set/imm 4, 0;
    %shiftl 4;
    %assign/vec4 v0x5ce4d0f73ba0_0, 0;
T_26.2 ;
    %load/vec4 v0x5ce4d0f843a0_0;
    %cmpi/e 2, 0, 32;
    %flag_get/vec4 4;
    %jmp/0 T_26.12, 4;
    %load/vec4 v0x5ce4d11fce80_0;
    %and;
T_26.12;
    %flag_set/vec4 9;
    %flag_get/vec4 9;
    %jmp/0 T_26.11, 9;
    %load/vec4 v0x5ce4d11f81a0_0;
    %flag_set/vec4 9;
    %jmp/1 T_26.14, 9;
    %load/vec4 v0x5ce4d11f8240_0;
    %nor/r;
    %flag_set/vec4 10;
    %flag_or 9, 10;
T_26.14;
    %flag_get/vec4 9;
    %jmp/1 T_26.13, 9;
    %pushi/vec4 0, 0, 32;
    %load/vec4 v0x5ce4d0f72580_0;
    %pad/u 32;
    %cmp/u;
    %flag_get/vec4 5;
    %or;
T_26.13;
    %and;
T_26.11;
    %flag_set/vec4 8;
    %jmp/0xz  T_26.9, 8;
    %load/vec4 v0x5ce4d0f73ba0_0;
    %subi 1, 0, 33;
    %assign/vec4 v0x5ce4d0f73ba0_0, 0;
T_26.9 ;
    %load/vec4 v0x5ce4d0f843a0_0;
    %cmpi/e 2, 0, 32;
    %flag_get/vec4 4;
    %jmp/0 T_26.20, 4;
    %load/vec4 v0x5ce4d0f72580_0;
    %pad/u 32;
    %pushi/vec4 1, 0, 32;
    %cmp/e;
    %flag_get/vec4 4;
    %and;
T_26.20;
    %flag_set/vec4 11;
    %flag_get/vec4 11;
    %jmp/0 T_26.19, 11;
    %load/vec4 v0x5ce4d11fce80_0;
    %and;
T_26.19;
    %flag_set/vec4 10;
    %flag_get/vec4 10;
    %jmp/0 T_26.18, 10;
    %load/vec4 v0x5ce4d11f81a0_0;
    %flag_set/vec4 10;
    %jmp/1 T_26.22, 10;
    %load/vec4 v0x5ce4d11f8240_0;
    %nor/r;
    %flag_set/vec4 11;
    %flag_or 10, 11;
T_26.22;
    %flag_get/vec4 10;
    %jmp/1 T_26.21, 10;
    %pushi/vec4 0, 0, 32;
    %load/vec4 v0x5ce4d0f72580_0;
    %pad/u 32;
    %cmp/u;
    %flag_get/vec4 5;
    %or;
T_26.21;
    %and;
T_26.18;
    %flag_set/vec4 9;
    %flag_get/vec4 9;
    %jmp/0 T_26.17, 9;
    %load/vec4 v0x5ce4d11fcc00_0;
    %and;
T_26.17;
    %flag_set/vec4 8;
    %jmp/0xz  T_26.15, 8;
    %pushi/vec4 0, 0, 1;
    %assign/vec4 v0x5ce4d0f87d90_0, 0;
T_26.15 ;
T_26.1 ;
    %jmp T_26;
    .thread T_26;
    .scope S_0x5ce4d0f8ef90;
T_27 ;
    %wait E_0x5ce4d0b85470;
    %load/vec4 v0x5ce4d1008020_0;
    %flag_set/vec4 8;
    %jmp/0xz  T_27.0, 8;
    %pushi/vec4 0, 0, 4;
    %assign/vec4 v0x5ce4d11f8a60_0, 0;
    %pushi/vec4 0, 0, 1;
    %assign/vec4 v0x5ce4d1007190_0, 0;
    %jmp T_27.1;
T_27.0 ;
    %load/vec4 v0x5ce4d0f77090_0;
    %flag_set/vec4 10;
    %flag_get/vec4 10;
    %jmp/0 T_27.5, 10;
    %load/vec4 v0x5ce4d0f750e0_0;
    %nor/r;
    %and;
T_27.5;
    %flag_set/vec4 9;
    %flag_get/vec4 9;
    %jmp/0 T_27.4, 9;
    %load/vec4 v0x5ce4d0f2a3f0_0;
    %flag_set/vec4 9;
    %flag_get/vec4 9;
    %jmp/0 T_27.6, 9;
    %load/vec4 v0x5ce4d0f76fc0_0;
    %nor/r;
    %and;
T_27.6;
    %and;
T_27.4;
    %flag_set/vec4 8;
    %jmp/0xz  T_27.2, 8;
    %load/vec4 v0x5ce4d11f8a60_0;
    %assign/vec4 v0x5ce4d11f8a60_0, 0;
    %jmp T_27.3;
T_27.2 ;
    %load/vec4 v0x5ce4d0f77090_0;
    %flag_set/vec4 9;
    %flag_get/vec4 9;
    %jmp/0 T_27.9, 9;
    %load/vec4 v0x5ce4d0f750e0_0;
    %nor/r;
    %and;
T_27.9;
    %flag_set/vec4 8;
    %jmp/0xz  T_27.7, 8;
    %load/vec4 v0x5ce4d11f8a60_0;
    %addi 1, 0, 4;
    %assign/vec4 v0x5ce4d11f8a60_0, 0;
    %jmp T_27.8;
T_27.7 ;
    %load/vec4 v0x5ce4d0f2a3f0_0;
    %flag_set/vec4 9;
    %flag_get/vec4 9;
    %jmp/0 T_27.12, 9;
    %load/vec4 v0x5ce4d0f76fc0_0;
    %nor/r;
    %and;
T_27.12;
    %flag_set/vec4 8;
    %jmp/0xz  T_27.10, 8;
    %load/vec4 v0x5ce4d11f8a60_0;
    %subi 1, 0, 4;
    %assign/vec4 v0x5ce4d11f8a60_0, 0;
T_27.10 ;
T_27.8 ;
T_27.3 ;
    %load/vec4 v0x5ce4d11f24d0_0;
    %assign/vec4 v0x5ce4d1007190_0, 0;
T_27.1 ;
    %jmp T_27;
    .thread T_27;
    .scope S_0x5ce4d0f8ef90;
T_28 ;
    %wait E_0x5ce4d0b85470;
    %load/vec4 v0x5ce4d1008020_0;
    %flag_set/vec4 8;
    %jmp/0xz  T_28.0, 8;
    %pushi/vec4 0, 0, 128;
    %assign/vec4 v0x5ce4d11f7de0_0, 0;
    %pushi/vec4 0, 0, 1;
    %assign/vec4 v0x5ce4d11f7fc0_0, 0;
    %pushi/vec4 0, 0, 1;
    %assign/vec4 v0x5ce4d11f7e80_0, 0;
    %pushi/vec4 0, 0, 1;
    %assign/vec4 v0x5ce4d0f5b130_0, 0;
    %jmp T_28.1;
T_28.0 ;
    %load/vec4 v0x5ce4d0f5b130_0;
    %flag_set/vec4 8;
    %jmp/0xz  T_28.2, 8;
    %pushi/vec4 0, 0, 1;
    %assign/vec4 v0x5ce4d11f7fc0_0, 0;
    %pushi/vec4 0, 0, 1;
    %assign/vec4 v0x5ce4d11f7e80_0, 0;
T_28.2 ;
    %load/vec4 v0x5ce4d0f593a0_0;
    %cmpi/e 2, 0, 32;
    %flag_get/vec4 4;
    %jmp/0 T_28.10, 4;
    %load/vec4 v0x5ce4d0f6d800_0;
    %pad/u 32;
    %pushi/vec4 1, 0, 32;
    %cmp/e;
    %flag_get/vec4 4;
    %and;
T_28.10;
    %flag_set/vec4 12;
    %flag_get/vec4 12;
    %jmp/0 T_28.9, 12;
    %load/vec4 v0x5ce4d0f8a390_0;
    %pad/u 32;
    %pushi/vec4 1, 0, 32;
    %cmp/e;
    %flag_get/vec4 4;
    %and;
T_28.9;
    %flag_set/vec4 11;
    %flag_get/vec4 11;
    %jmp/0 T_28.8, 11;
    %load/vec4 v0x5ce4d11fcf20_0;
    %and;
T_28.8;
    %flag_set/vec4 10;
    %flag_get/vec4 10;
    %jmp/0 T_28.7, 10;
    %load/vec4 v0x5ce4d11f7f20_0;
    %flag_set/vec4 10;
    %jmp/1 T_28.12, 10;
    %load/vec4 v0x5ce4d11f7fc0_0;
    %nor/r;
    %flag_set/vec4 11;
    %flag_or 10, 11;
T_28.12;
    %flag_get/vec4 10;
    %jmp/1 T_28.11, 10;
    %pushi/vec4 0, 0, 32;
    %load/vec4 v0x5ce4d0f8a390_0;
    %pad/u 32;
    %cmp/u;
    %flag_get/vec4 5;
    %or;
T_28.11;
    %and;
T_28.7;
    %flag_set/vec4 9;
    %flag_get/vec4 9;
    %jmp/0 T_28.6, 9;
    %load/vec4 v0x5ce4d11f7f20_0;
    %flag_set/vec4 9;
    %flag_get/vec4 9;
    %jmp/1 T_28.13, 9;
    %load/vec4 v0x5ce4d11f7fc0_0;
    %nor/r;
    %or;
T_28.13;
    %and;
T_28.6;
    %flag_set/vec4 8;
    %jmp/0xz  T_28.4, 8;
    %load/vec4 v0x5ce4d11fca20_0;
    %load/vec4 v0x5ce4d0f8a430_0;
    %parti/s 64, 64, 8;
    %concat/vec4; draw_concat_vec4
    %assign/vec4 v0x5ce4d11f7de0_0, 0;
    %pushi/vec4 1, 0, 1;
    %assign/vec4 v0x5ce4d11f7fc0_0, 0;
    %load/vec4 v0x5ce4d11fcca0_0;
    %flag_set/vec4 8;
    %flag_get/vec4 8;
    %jmp/1 T_28.14, 8;
    %load/vec4 v0x5ce4d0f3bcf0_0;
    %cmpi/u 1, 0, 33;
    %flag_get/vec4 4;
    %flag_get/vec4 5;
    %or;
    %or;
T_28.14;
    %assign/vec4 v0x5ce4d11f7e80_0, 0;
T_28.4 ;
    %pushi/vec4 1, 0, 1;
    %assign/vec4 v0x5ce4d0f5b130_0, 0;
    %load/vec4 v0x5ce4d11f7fc0_0;
    %flag_set/vec4 9;
    %flag_get/vec4 9;
    %jmp/0 T_28.17, 9;
    %load/vec4 v0x5ce4d11f7f20_0;
    %nor/r;
    %and;
T_28.17;
    %flag_set/vec4 8;
    %jmp/0xz  T_28.15, 8;
    %load/vec4 v0x5ce4d11f7fc0_0;
    %assign/vec4 v0x5ce4d11f7fc0_0, 0;
    %load/vec4 v0x5ce4d11f7e80_0;
    %assign/vec4 v0x5ce4d11f7e80_0, 0;
T_28.15 ;
T_28.1 ;
    %jmp T_28;
    .thread T_28;
    .scope S_0x5ce4d0f8ef90;
T_29 ;
    %wait E_0x5ce4d0b85470;
    %load/vec4 v0x5ce4d1008020_0;
    %flag_set/vec4 8;
    %jmp/0xz  T_29.0, 8;
    %pushi/vec4 0, 0, 1;
    %assign/vec4 v0x5ce4d0f59b20_0, 0;
    %pushi/vec4 0, 0, 8;
    %assign/vec4 v0x5ce4d0f6d800_0, 0;
    %pushi/vec4 0, 0, 32;
    %assign/vec4 v0x5ce4d0f6f4f0_0, 0;
    %pushi/vec4 0, 0, 32;
    %assign/vec4 v0x5ce4d0f6df80_0, 0;
    %pushi/vec4 0, 0, 33;
    %assign/vec4 v0x5ce4d0f3bcf0_0, 0;
    %jmp T_29.1;
T_29.0 ;
    %load/vec4 v0x5ce4d0f593a0_0;
    %cmpi/e 0, 0, 32;
    %flag_get/vec4 4;
    %jmp/0 T_29.4, 4;
    %load/vec4 v0x5ce4d0f59b20_0;
    %nor/r;
    %flag_set/vec4 10;
    %flag_get/vec4 10;
    %jmp/0 T_29.6, 10;
    %load/vec4 v0x5ce4d0f63df0_0;
    %nor/r;
    %and;
T_29.6;
    %flag_set/vec4 9;
    %flag_get/vec4 9;
    %jmp/0 T_29.5, 9;
    %load/vec4 v0x5ce4d0f6d8e0_0;
    %pad/u 32;
    %pushi/vec4 1, 0, 32;
    %cmp/e;
    %flag_get/vec4 4;
    %and;
T_29.5;
    %and;
T_29.4;
    %flag_set/vec4 8;
    %jmp/0xz  T_29.2, 8;
    %pushi/vec4 1, 0, 1;
    %assign/vec4 v0x5ce4d0f59b20_0, 0;
    %load/vec4 v0x5ce4d0f6d8e0_0;
    %assign/vec4 v0x5ce4d0f6d800_0, 0;
    %load/vec4 v0x5ce4d0f6f5d0_0;
    %assign/vec4 v0x5ce4d0f6f4f0_0, 0;
    %load/vec4 v0x5ce4d0f6e060_0;
    %assign/vec4 v0x5ce4d0f6df80_0, 0;
    %load/vec4 v0x5ce4d0f3bd90_0;
    %ix/load 4, 1, 0;
    %flag_set/imm 4, 0;
    %shiftr 4;
    %load/vec4 v0x5ce4d0f3bd90_0;
    %pushi/vec4 1, 0, 33;
    %and;
    %cmpi/u 0, 0, 33;
    %flag_or 5, 4; GT is !LE
    %flag_inv 5;
    %flag_mov 8, 5;
    %jmp/0 T_29.7, 8;
    %pushi/vec4 1, 0, 33;
    %jmp/1 T_29.8, 8;
T_29.7 ; End of true expr.
    %pushi/vec4 0, 0, 33;
    %jmp/0 T_29.8, 8;
 ; End of false expr.
    %blend;
T_29.8;
    %add;
    %ix/load 4, 1, 0;
    %flag_set/imm 4, 0;
    %shiftl 4;
    %assign/vec4 v0x5ce4d0f3bcf0_0, 0;
T_29.2 ;
    %load/vec4 v0x5ce4d0f593a0_0;
    %cmpi/e 2, 0, 32;
    %flag_get/vec4 4;
    %jmp/0 T_29.12, 4;
    %load/vec4 v0x5ce4d11fcf20_0;
    %and;
T_29.12;
    %flag_set/vec4 9;
    %flag_get/vec4 9;
    %jmp/0 T_29.11, 9;
    %load/vec4 v0x5ce4d11f7f20_0;
    %flag_set/vec4 9;
    %jmp/1 T_29.14, 9;
    %load/vec4 v0x5ce4d11f7fc0_0;
    %nor/r;
    %flag_set/vec4 10;
    %flag_or 9, 10;
T_29.14;
    %flag_get/vec4 9;
    %jmp/1 T_29.13, 9;
    %pushi/vec4 0, 0, 32;
    %load/vec4 v0x5ce4d0f8a390_0;
    %pad/u 32;
    %cmp/u;
    %flag_get/vec4 5;
    %or;
T_29.13;
    %and;
T_29.11;
    %flag_set/vec4 8;
    %jmp/0xz  T_29.9, 8;
    %load/vec4 v0x5ce4d0f3bcf0_0;
    %subi 1, 0, 33;
    %assign/vec4 v0x5ce4d0f3bcf0_0, 0;
T_29.9 ;
    %load/vec4 v0x5ce4d0f593a0_0;
    %cmpi/e 2, 0, 32;
    %flag_get/vec4 4;
    %jmp/0 T_29.20, 4;
    %load/vec4 v0x5ce4d0f8a390_0;
    %pad/u 32;
    %pushi/vec4 1, 0, 32;
    %cmp/e;
    %flag_get/vec4 4;
    %and;
T_29.20;
    %flag_set/vec4 11;
    %flag_get/vec4 11;
    %jmp/0 T_29.19, 11;
    %load/vec4 v0x5ce4d11fcf20_0;
    %and;
T_29.19;
    %flag_set/vec4 10;
    %flag_get/vec4 10;
    %jmp/0 T_29.18, 10;
    %load/vec4 v0x5ce4d11f7f20_0;
    %flag_set/vec4 10;
    %jmp/1 T_29.22, 10;
    %load/vec4 v0x5ce4d11f7fc0_0;
    %nor/r;
    %flag_set/vec4 11;
    %flag_or 10, 11;
T_29.22;
    %flag_get/vec4 10;
    %jmp/1 T_29.21, 10;
    %pushi/vec4 0, 0, 32;
    %load/vec4 v0x5ce4d0f8a390_0;
    %pad/u 32;
    %cmp/u;
    %flag_get/vec4 5;
    %or;
T_29.21;
    %and;
T_29.18;
    %flag_set/vec4 9;
    %flag_get/vec4 9;
    %jmp/0 T_29.17, 9;
    %load/vec4 v0x5ce4d11fcca0_0;
    %and;
T_29.17;
    %flag_set/vec4 8;
    %jmp/0xz  T_29.15, 8;
    %pushi/vec4 0, 0, 1;
    %assign/vec4 v0x5ce4d0f59b20_0, 0;
T_29.15 ;
T_29.1 ;
    %jmp T_29;
    .thread T_29;
    .scope S_0x5ce4d0f8ef90;
T_30 ;
    %wait E_0x5ce4d0b85470;
    %load/vec4 v0x5ce4d1008020_0;
    %flag_set/vec4 8;
    %jmp/0xz  T_30.0, 8;
    %pushi/vec4 0, 0, 4;
    %assign/vec4 v0x5ce4d11f89c0_0, 0;
    %pushi/vec4 0, 0, 1;
    %assign/vec4 v0x5ce4d1006af0_0, 0;
    %jmp T_30.1;
T_30.0 ;
    %load/vec4 v0x5ce4d0f635d0_0;
    %flag_set/vec4 10;
    %flag_get/vec4 10;
    %jmp/0 T_30.5, 10;
    %load/vec4 v0x5ce4d0f636a0_0;
    %nor/r;
    %and;
T_30.5;
    %flag_set/vec4 9;
    %flag_get/vec4 9;
    %jmp/0 T_30.4, 9;
    %load/vec4 v0x5ce4d0f63d50_0;
    %flag_set/vec4 9;
    %flag_get/vec4 9;
    %jmp/0 T_30.6, 9;
    %load/vec4 v0x5ce4d0f63df0_0;
    %nor/r;
    %and;
T_30.6;
    %and;
T_30.4;
    %flag_set/vec4 8;
    %jmp/0xz  T_30.2, 8;
    %load/vec4 v0x5ce4d11f89c0_0;
    %assign/vec4 v0x5ce4d11f89c0_0, 0;
    %jmp T_30.3;
T_30.2 ;
    %load/vec4 v0x5ce4d0f635d0_0;
    %flag_set/vec4 9;
    %flag_get/vec4 9;
    %jmp/0 T_30.9, 9;
    %load/vec4 v0x5ce4d0f636a0_0;
    %nor/r;
    %and;
T_30.9;
    %flag_set/vec4 8;
    %jmp/0xz  T_30.7, 8;
    %load/vec4 v0x5ce4d11f89c0_0;
    %addi 1, 0, 4;
    %assign/vec4 v0x5ce4d11f89c0_0, 0;
    %jmp T_30.8;
T_30.7 ;
    %load/vec4 v0x5ce4d0f63d50_0;
    %flag_set/vec4 9;
    %flag_get/vec4 9;
    %jmp/0 T_30.12, 9;
    %load/vec4 v0x5ce4d0f63df0_0;
    %nor/r;
    %and;
T_30.12;
    %flag_set/vec4 8;
    %jmp/0xz  T_30.10, 8;
    %load/vec4 v0x5ce4d11f89c0_0;
    %subi 1, 0, 4;
    %assign/vec4 v0x5ce4d11f89c0_0, 0;
T_30.10 ;
T_30.8 ;
T_30.3 ;
    %load/vec4 v0x5ce4d11f26b0_0;
    %assign/vec4 v0x5ce4d1006af0_0, 0;
T_30.1 ;
    %jmp T_30;
    .thread T_30;
    .scope S_0x5ce4d0f8ef90;
T_31 ;
    %wait E_0x5ce4d0b85470;
    %load/vec4 v0x5ce4d1008020_0;
    %flag_set/vec4 8;
    %jmp/0xz  T_31.0, 8;
    %pushi/vec4 0, 0, 1;
    %assign/vec4 v0x5ce4d100fcd0_0, 0;
    %pushi/vec4 0, 0, 8;
    %assign/vec4 v0x5ce4d0ff7960_0, 0;
    %pushi/vec4 0, 0, 32;
    %assign/vec4 v0x5ce4d0feacd0_0, 0;
    %pushi/vec4 0, 0, 32;
    %assign/vec4 v0x5ce4d0fe8fc0_0, 0;
    %pushi/vec4 0, 0, 33;
    %assign/vec4 v0x5ce4d0fe9760_0, 0;
    %jmp T_31.1;
T_31.0 ;
    %load/vec4 v0x5ce4d100f530_0;
    %cmpi/e 0, 0, 32;
    %flag_get/vec4 4;
    %jmp/0 T_31.4, 4;
    %load/vec4 v0x5ce4d100fcd0_0;
    %nor/r;
    %flag_set/vec4 10;
    %flag_get/vec4 10;
    %jmp/0 T_31.6, 10;
    %load/vec4 v0x5ce4d101ddd0_0;
    %nor/r;
    %and;
T_31.6;
    %flag_set/vec4 9;
    %flag_get/vec4 9;
    %jmp/0 T_31.5, 9;
    %load/vec4 v0x5ce4d0ff6310_0;
    %pad/u 32;
    %pushi/vec4 1, 0, 32;
    %cmp/e;
    %flag_get/vec4 4;
    %and;
T_31.5;
    %and;
T_31.4;
    %flag_set/vec4 8;
    %jmp/0xz  T_31.2, 8;
    %pushi/vec4 1, 0, 1;
    %assign/vec4 v0x5ce4d100fcd0_0, 0;
    %load/vec4 v0x5ce4d0ff6310_0;
    %assign/vec4 v0x5ce4d0ff7960_0, 0;
    %load/vec4 v0x5ce4d0fe96a0_0;
    %assign/vec4 v0x5ce4d0feacd0_0, 0;
    %load/vec4 v0x5ce4d0ff7880_0;
    %assign/vec4 v0x5ce4d0fe8fc0_0, 0;
    %load/vec4 v0x5ce4d0fe8f20_0;
    %assign/vec4 v0x5ce4d0fe9760_0, 0;
T_31.2 ;
    %load/vec4 v0x5ce4d100f530_0;
    %cmpi/e 2, 0, 32;
    %flag_get/vec4 4;
    %jmp/0 T_31.11, 4;
    %load/vec4 v0x5ce4d0ff7960_0;
    %pad/u 32;
    %pushi/vec4 1, 0, 32;
    %cmp/e;
    %flag_get/vec4 4;
    %and;
T_31.11;
    %flag_set/vec4 10;
    %flag_get/vec4 10;
    %jmp/0 T_31.10, 10;
    %load/vec4 v0x5ce4d11f7a20_0;
    %and;
T_31.10;
    %flag_set/vec4 9;
    %flag_get/vec4 9;
    %jmp/0 T_31.9, 9;
    %load/vec4 v0x5ce4d101c1b0_0;
    %pad/u 32;
    %pushi/vec4 0, 0, 32;
    %cmp/e;
    %flag_get/vec4 4;
    %and;
T_31.9;
    %flag_set/vec4 8;
    %jmp/0xz  T_31.7, 8;
    %load/vec4 v0x5ce4d0fe9760_0;
    %subi 1, 0, 33;
    %assign/vec4 v0x5ce4d0fe9760_0, 0;
T_31.7 ;
    %load/vec4 v0x5ce4d100f530_0;
    %cmpi/e 2, 0, 32;
    %flag_get/vec4 4;
    %jmp/0 T_31.15, 4;
    %load/vec4 v0x5ce4d0ff7960_0;
    %pad/u 32;
    %pushi/vec4 1, 0, 32;
    %cmp/e;
    %flag_get/vec4 4;
    %and;
T_31.15;
    %flag_set/vec4 9;
    %flag_get/vec4 9;
    %jmp/0 T_31.14, 9;
    %pushi/vec4 0, 0, 32;
    %load/vec4 v0x5ce4d101c1b0_0;
    %pad/u 32;
    %cmp/u;
    %flag_get/vec4 5;
    %and;
T_31.14;
    %flag_set/vec4 8;
    %jmp/0xz  T_31.12, 8;
    %load/vec4 v0x5ce4d0fe9760_0;
    %subi 1, 0, 33;
    %assign/vec4 v0x5ce4d0fe9760_0, 0;
T_31.12 ;
    %load/vec4 v0x5ce4d100f530_0;
    %cmpi/e 2, 0, 32;
    %flag_get/vec4 4;
    %jmp/0 T_31.20, 4;
    %load/vec4 v0x5ce4d0fe9760_0;
    %cmpi/u 1, 0, 33;
    %flag_get/vec4 4;
    %flag_get/vec4 5;
    %or;
    %and;
T_31.20;
    %flag_set/vec4 10;
    %flag_get/vec4 10;
    %jmp/0 T_31.19, 10;
    %load/vec4 v0x5ce4d0ff7960_0;
    %pad/u 32;
    %pushi/vec4 1, 0, 32;
    %cmp/e;
    %flag_get/vec4 4;
    %and;
T_31.19;
    %flag_set/vec4 9;
    %flag_get/vec4 9;
    %jmp/0 T_31.18, 9;
    %pushi/vec4 0, 0, 32;
    %load/vec4 v0x5ce4d101c1b0_0;
    %pad/u 32;
    %cmp/u;
    %flag_get/vec4 5;
    %and;
T_31.18;
    %flag_set/vec4 8;
    %jmp/0xz  T_31.16, 8;
    %pushi/vec4 0, 0, 1;
    %assign/vec4 v0x5ce4d100fcd0_0, 0;
T_31.16 ;
    %load/vec4 v0x5ce4d100f530_0;
    %cmpi/e 2, 0, 32;
    %flag_get/vec4 4;
    %jmp/0 T_31.26, 4;
    %load/vec4 v0x5ce4d0fe9760_0;
    %cmpi/u 1, 0, 33;
    %flag_get/vec4 4;
    %flag_get/vec4 5;
    %or;
    %and;
T_31.26;
    %flag_set/vec4 11;
    %flag_get/vec4 11;
    %jmp/0 T_31.25, 11;
    %load/vec4 v0x5ce4d0ff7960_0;
    %pad/u 32;
    %pushi/vec4 1, 0, 32;
    %cmp/e;
    %flag_get/vec4 4;
    %and;
T_31.25;
    %flag_set/vec4 10;
    %flag_get/vec4 10;
    %jmp/0 T_31.24, 10;
    %load/vec4 v0x5ce4d11f7a20_0;
    %and;
T_31.24;
    %flag_set/vec4 9;
    %flag_get/vec4 9;
    %jmp/0 T_31.23, 9;
    %load/vec4 v0x5ce4d101c1b0_0;
    %pad/u 32;
    %pushi/vec4 0, 0, 32;
    %cmp/e;
    %flag_get/vec4 4;
    %and;
T_31.23;
    %flag_set/vec4 8;
    %jmp/0xz  T_31.21, 8;
    %pushi/vec4 0, 0, 1;
    %assign/vec4 v0x5ce4d100fcd0_0, 0;
T_31.21 ;
T_31.1 ;
    %jmp T_31;
    .thread T_31;
    .scope S_0x5ce4d0f8ef90;
T_32 ;
    %wait E_0x5ce4d0b85470;
    %load/vec4 v0x5ce4d1008020_0;
    %flag_set/vec4 8;
    %jmp/0xz  T_32.0, 8;
    %pushi/vec4 0, 0, 4;
    %assign/vec4 v0x5ce4d11f8880_0, 0;
    %pushi/vec4 0, 0, 1;
    %assign/vec4 v0x5ce4d1006ec0_0, 0;
    %jmp T_32.1;
T_32.0 ;
    %load/vec4 v0x5ce4d101dea0_0;
    %flag_set/vec4 10;
    %flag_get/vec4 10;
    %jmp/0 T_32.5, 10;
    %load/vec4 v0x5ce4d101c860_0;
    %nor/r;
    %and;
T_32.5;
    %flag_set/vec4 9;
    %flag_get/vec4 9;
    %jmp/0 T_32.4, 9;
    %load/vec4 v0x5ce4d0ff5c30_0;
    %flag_set/vec4 9;
    %flag_get/vec4 9;
    %jmp/0 T_32.6, 9;
    %load/vec4 v0x5ce4d101ddd0_0;
    %nor/r;
    %and;
T_32.6;
    %and;
T_32.4;
    %flag_set/vec4 8;
    %jmp/0xz  T_32.2, 8;
    %load/vec4 v0x5ce4d11f8880_0;
    %assign/vec4 v0x5ce4d11f8880_0, 0;
    %jmp T_32.3;
T_32.2 ;
    %load/vec4 v0x5ce4d101dea0_0;
    %flag_set/vec4 9;
    %flag_get/vec4 9;
    %jmp/0 T_32.9, 9;
    %load/vec4 v0x5ce4d101c860_0;
    %nor/r;
    %and;
T_32.9;
    %flag_set/vec4 8;
    %jmp/0xz  T_32.7, 8;
    %load/vec4 v0x5ce4d11f8880_0;
    %addi 1, 0, 4;
    %assign/vec4 v0x5ce4d11f8880_0, 0;
    %jmp T_32.8;
T_32.7 ;
    %load/vec4 v0x5ce4d0ff5c30_0;
    %flag_set/vec4 9;
    %flag_get/vec4 9;
    %jmp/0 T_32.12, 9;
    %load/vec4 v0x5ce4d101ddd0_0;
    %nor/r;
    %and;
T_32.12;
    %flag_set/vec4 8;
    %jmp/0xz  T_32.10, 8;
    %load/vec4 v0x5ce4d11f8880_0;
    %subi 1, 0, 4;
    %assign/vec4 v0x5ce4d11f8880_0, 0;
T_32.10 ;
T_32.8 ;
T_32.3 ;
    %load/vec4 v0x5ce4d11f2610_0;
    %assign/vec4 v0x5ce4d1006ec0_0, 0;
T_32.1 ;
    %jmp T_32;
    .thread T_32;
    .scope S_0x5ce4d0f8ef90;
T_33 ;
    %wait E_0x5ce4d0b85470;
    %load/vec4 v0x5ce4d1008020_0;
    %flag_set/vec4 8;
    %jmp/0xz  T_33.0, 8;
    %pushi/vec4 0, 0, 128;
    %assign/vec4 v0x5ce4d11f82e0_0, 0;
    %pushi/vec4 0, 0, 1;
    %assign/vec4 v0x5ce4d11f84c0_0, 0;
    %pushi/vec4 0, 0, 1;
    %assign/vec4 v0x5ce4d11f8380_0, 0;
    %pushi/vec4 0, 0, 1;
    %assign/vec4 v0x5ce4d0f497b0_0, 0;
    %jmp T_33.1;
T_33.0 ;
    %load/vec4 v0x5ce4d0f497b0_0;
    %flag_set/vec4 8;
    %jmp/0xz  T_33.2, 8;
    %pushi/vec4 0, 0, 1;
    %assign/vec4 v0x5ce4d11f84c0_0, 0;
    %pushi/vec4 0, 0, 1;
    %assign/vec4 v0x5ce4d11f8380_0, 0;
T_33.2 ;
    %load/vec4 v0x5ce4d104b280_0;
    %cmpi/e 2, 0, 32;
    %flag_get/vec4 4;
    %jmp/0 T_33.10, 4;
    %load/vec4 v0x5ce4d1042ec0_0;
    %pad/u 32;
    %pushi/vec4 1, 0, 32;
    %cmp/e;
    %flag_get/vec4 4;
    %and;
T_33.10;
    %flag_set/vec4 12;
    %flag_get/vec4 12;
    %jmp/0 T_33.9, 12;
    %load/vec4 v0x5ce4d103eba0_0;
    %pad/u 32;
    %pushi/vec4 1, 0, 32;
    %cmp/e;
    %flag_get/vec4 4;
    %and;
T_33.9;
    %flag_set/vec4 11;
    %flag_get/vec4 11;
    %jmp/0 T_33.8, 11;
    %load/vec4 v0x5ce4d11fcfc0_0;
    %and;
T_33.8;
    %flag_set/vec4 10;
    %flag_get/vec4 10;
    %jmp/0 T_33.7, 10;
    %load/vec4 v0x5ce4d11f8420_0;
    %flag_set/vec4 10;
    %jmp/1 T_33.12, 10;
    %load/vec4 v0x5ce4d11f84c0_0;
    %nor/r;
    %flag_set/vec4 11;
    %flag_or 10, 11;
T_33.12;
    %flag_get/vec4 10;
    %jmp/1 T_33.11, 10;
    %pushi/vec4 0, 0, 32;
    %load/vec4 v0x5ce4d103eba0_0;
    %pad/u 32;
    %cmp/u;
    %flag_get/vec4 5;
    %or;
T_33.11;
    %and;
T_33.7;
    %flag_set/vec4 9;
    %flag_get/vec4 9;
    %jmp/0 T_33.6, 9;
    %load/vec4 v0x5ce4d11f8420_0;
    %flag_set/vec4 9;
    %flag_get/vec4 9;
    %jmp/1 T_33.13, 9;
    %load/vec4 v0x5ce4d11f84c0_0;
    %nor/r;
    %or;
T_33.13;
    %and;
T_33.6;
    %flag_set/vec4 8;
    %jmp/0xz  T_33.4, 8;
    %load/vec4 v0x5ce4d11fcac0_0;
    %load/vec4 v0x5ce4d103ec60_0;
    %parti/s 64, 64, 8;
    %concat/vec4; draw_concat_vec4
    %assign/vec4 v0x5ce4d11f82e0_0, 0;
    %pushi/vec4 1, 0, 1;
    %assign/vec4 v0x5ce4d11f84c0_0, 0;
    %load/vec4 v0x5ce4d11fcd40_0;
    %flag_set/vec4 8;
    %flag_get/vec4 8;
    %jmp/1 T_33.14, 8;
    %load/vec4 v0x5ce4d103f6d0_0;
    %cmpi/u 1, 0, 33;
    %flag_get/vec4 4;
    %flag_get/vec4 5;
    %or;
    %or;
T_33.14;
    %assign/vec4 v0x5ce4d11f8380_0, 0;
T_33.4 ;
    %pushi/vec4 1, 0, 1;
    %assign/vec4 v0x5ce4d0f497b0_0, 0;
    %load/vec4 v0x5ce4d11f84c0_0;
    %flag_set/vec4 9;
    %flag_get/vec4 9;
    %jmp/0 T_33.17, 9;
    %load/vec4 v0x5ce4d11f8420_0;
    %nor/r;
    %and;
T_33.17;
    %flag_set/vec4 8;
    %jmp/0xz  T_33.15, 8;
    %load/vec4 v0x5ce4d11f84c0_0;
    %assign/vec4 v0x5ce4d11f84c0_0, 0;
    %load/vec4 v0x5ce4d11f8380_0;
    %assign/vec4 v0x5ce4d11f8380_0, 0;
T_33.15 ;
T_33.1 ;
    %jmp T_33;
    .thread T_33;
    .scope S_0x5ce4d0f8ef90;
T_34 ;
    %wait E_0x5ce4d0b85470;
    %load/vec4 v0x5ce4d1008020_0;
    %flag_set/vec4 8;
    %jmp/0xz  T_34.0, 8;
    %pushi/vec4 0, 0, 1;
    %assign/vec4 v0x5ce4d1054d10_0, 0;
    %pushi/vec4 0, 0, 8;
    %assign/vec4 v0x5ce4d1042ec0_0, 0;
    %pushi/vec4 0, 0, 32;
    %assign/vec4 v0x5ce4d1044520_0, 0;
    %pushi/vec4 0, 0, 32;
    %assign/vec4 v0x5ce4d10439f0_0, 0;
    %pushi/vec4 0, 0, 33;
    %assign/vec4 v0x5ce4d103f6d0_0, 0;
    %jmp T_34.1;
T_34.0 ;
    %load/vec4 v0x5ce4d104b280_0;
    %cmpi/e 0, 0, 32;
    %flag_get/vec4 4;
    %jmp/0 T_34.4, 4;
    %load/vec4 v0x5ce4d1054d10_0;
    %nor/r;
    %flag_set/vec4 10;
    %flag_get/vec4 10;
    %jmp/0 T_34.6, 10;
    %load/vec4 v0x5ce4d1041930_0;
    %nor/r;
    %and;
T_34.6;
    %flag_set/vec4 9;
    %flag_get/vec4 9;
    %jmp/0 T_34.5, 9;
    %load/vec4 v0x5ce4d1042fa0_0;
    %pad/u 32;
    %pushi/vec4 1, 0, 32;
    %cmp/e;
    %flag_get/vec4 4;
    %and;
T_34.5;
    %and;
T_34.4;
    %flag_set/vec4 8;
    %jmp/0xz  T_34.2, 8;
    %pushi/vec4 1, 0, 1;
    %assign/vec4 v0x5ce4d1054d10_0, 0;
    %load/vec4 v0x5ce4d1042fa0_0;
    %assign/vec4 v0x5ce4d1042ec0_0, 0;
    %load/vec4 v0x5ce4d1044600_0;
    %assign/vec4 v0x5ce4d1044520_0, 0;
    %load/vec4 v0x5ce4d1043ab0_0;
    %assign/vec4 v0x5ce4d10439f0_0, 0;
    %load/vec4 v0x5ce4d103f770_0;
    %ix/load 4, 1, 0;
    %flag_set/imm 4, 0;
    %shiftr 4;
    %load/vec4 v0x5ce4d103f770_0;
    %pushi/vec4 1, 0, 33;
    %and;
    %cmpi/u 0, 0, 33;
    %flag_or 5, 4; GT is !LE
    %flag_inv 5;
    %flag_mov 8, 5;
    %jmp/0 T_34.7, 8;
    %pushi/vec4 1, 0, 33;
    %jmp/1 T_34.8, 8;
T_34.7 ; End of true expr.
    %pushi/vec4 0, 0, 33;
    %jmp/0 T_34.8, 8;
 ; End of false expr.
    %blend;
T_34.8;
    %add;
    %ix/load 4, 1, 0;
    %flag_set/imm 4, 0;
    %shiftl 4;
    %assign/vec4 v0x5ce4d103f6d0_0, 0;
T_34.2 ;
    %load/vec4 v0x5ce4d104b280_0;
    %cmpi/e 2, 0, 32;
    %flag_get/vec4 4;
    %jmp/0 T_34.12, 4;
    %load/vec4 v0x5ce4d11fcfc0_0;
    %and;
T_34.12;
    %flag_set/vec4 9;
    %flag_get/vec4 9;
    %jmp/0 T_34.11, 9;
    %load/vec4 v0x5ce4d11f8420_0;
    %flag_set/vec4 9;
    %jmp/1 T_34.14, 9;
    %load/vec4 v0x5ce4d11f84c0_0;
    %nor/r;
    %flag_set/vec4 10;
    %flag_or 9, 10;
T_34.14;
    %flag_get/vec4 9;
    %jmp/1 T_34.13, 9;
    %pushi/vec4 0, 0, 32;
    %load/vec4 v0x5ce4d103eba0_0;
    %pad/u 32;
    %cmp/u;
    %flag_get/vec4 5;
    %or;
T_34.13;
    %and;
T_34.11;
    %flag_set/vec4 8;
    %jmp/0xz  T_34.9, 8;
    %load/vec4 v0x5ce4d103f6d0_0;
    %subi 1, 0, 33;
    %assign/vec4 v0x5ce4d103f6d0_0, 0;
T_34.9 ;
    %load/vec4 v0x5ce4d104b280_0;
    %cmpi/e 2, 0, 32;
    %flag_get/vec4 4;
    %jmp/0 T_34.20, 4;
    %load/vec4 v0x5ce4d103eba0_0;
    %pad/u 32;
    %pushi/vec4 1, 0, 32;
    %cmp/e;
    %flag_get/vec4 4;
    %and;
T_34.20;
    %flag_set/vec4 11;
    %flag_get/vec4 11;
    %jmp/0 T_34.19, 11;
    %load/vec4 v0x5ce4d11fcfc0_0;
    %and;
T_34.19;
    %flag_set/vec4 10;
    %flag_get/vec4 10;
    %jmp/0 T_34.18, 10;
    %load/vec4 v0x5ce4d11f8420_0;
    %flag_set/vec4 10;
    %jmp/1 T_34.22, 10;
    %load/vec4 v0x5ce4d11f84c0_0;
    %nor/r;
    %flag_set/vec4 11;
    %flag_or 10, 11;
T_34.22;
    %flag_get/vec4 10;
    %jmp/1 T_34.21, 10;
    %pushi/vec4 0, 0, 32;
    %load/vec4 v0x5ce4d103eba0_0;
    %pad/u 32;
    %cmp/u;
    %flag_get/vec4 5;
    %or;
T_34.21;
    %and;
T_34.18;
    %flag_set/vec4 9;
    %flag_get/vec4 9;
    %jmp/0 T_34.17, 9;
    %load/vec4 v0x5ce4d11fcd40_0;
    %and;
T_34.17;
    %flag_set/vec4 8;
    %jmp/0xz  T_34.15, 8;
    %pushi/vec4 0, 0, 1;
    %assign/vec4 v0x5ce4d1054d10_0, 0;
T_34.15 ;
T_34.1 ;
    %jmp T_34;
    .thread T_34;
    .scope S_0x5ce4d0f8ef90;
T_35 ;
    %wait E_0x5ce4d0b85470;
    %load/vec4 v0x5ce4d1008020_0;
    %flag_set/vec4 8;
    %jmp/0xz  T_35.0, 8;
    %pushi/vec4 0, 0, 4;
    %assign/vec4 v0x5ce4d11f8b00_0, 0;
    %pushi/vec4 0, 0, 1;
    %assign/vec4 v0x5ce4d10064d0_0, 0;
    %jmp T_35.1;
T_35.0 ;
    %load/vec4 v0x5ce4d1040d30_0;
    %flag_set/vec4 10;
    %flag_get/vec4 10;
    %jmp/0 T_35.5, 10;
    %load/vec4 v0x5ce4d1040dd0_0;
    %nor/r;
    %and;
T_35.5;
    %flag_set/vec4 9;
    %flag_get/vec4 9;
    %jmp/0 T_35.4, 9;
    %load/vec4 v0x5ce4d1041860_0;
    %flag_set/vec4 9;
    %flag_get/vec4 9;
    %jmp/0 T_35.6, 9;
    %load/vec4 v0x5ce4d1041930_0;
    %nor/r;
    %and;
T_35.6;
    %and;
T_35.4;
    %flag_set/vec4 8;
    %jmp/0xz  T_35.2, 8;
    %load/vec4 v0x5ce4d11f8b00_0;
    %assign/vec4 v0x5ce4d11f8b00_0, 0;
    %jmp T_35.3;
T_35.2 ;
    %load/vec4 v0x5ce4d1040d30_0;
    %flag_set/vec4 9;
    %flag_get/vec4 9;
    %jmp/0 T_35.9, 9;
    %load/vec4 v0x5ce4d1040dd0_0;
    %nor/r;
    %and;
T_35.9;
    %flag_set/vec4 8;
    %jmp/0xz  T_35.7, 8;
    %load/vec4 v0x5ce4d11f8b00_0;
    %addi 1, 0, 4;
    %assign/vec4 v0x5ce4d11f8b00_0, 0;
    %jmp T_35.8;
T_35.7 ;
    %load/vec4 v0x5ce4d1041860_0;
    %flag_set/vec4 9;
    %flag_get/vec4 9;
    %jmp/0 T_35.12, 9;
    %load/vec4 v0x5ce4d1041930_0;
    %nor/r;
    %and;
T_35.12;
    %flag_set/vec4 8;
    %jmp/0xz  T_35.10, 8;
    %load/vec4 v0x5ce4d11f8b00_0;
    %subi 1, 0, 4;
    %assign/vec4 v0x5ce4d11f8b00_0, 0;
T_35.10 ;
T_35.8 ;
T_35.3 ;
    %load/vec4 v0x5ce4d11f2890_0;
    %assign/vec4 v0x5ce4d10064d0_0, 0;
T_35.1 ;
    %jmp T_35;
    .thread T_35;
    .scope S_0x5ce4d0f8ef90;
T_36 ;
    %wait E_0x5ce4d0b85470;
    %load/vec4 v0x5ce4d1008020_0;
    %flag_set/vec4 8;
    %jmp/0xz  T_36.0, 8;
    %pushi/vec4 0, 0, 1;
    %assign/vec4 v0x5ce4d1002f80_0, 0;
    %pushi/vec4 0, 0, 8;
    %assign/vec4 v0x5ce4d0fcebf0_0, 0;
    %pushi/vec4 0, 0, 32;
    %assign/vec4 v0x5ce4d0fdcc30_0, 0;
    %pushi/vec4 0, 0, 32;
    %assign/vec4 v0x5ce4d0fdaf40_0, 0;
    %pushi/vec4 0, 0, 33;
    %assign/vec4 v0x5ce4d0fdb6c0_0, 0;
    %jmp T_36.1;
T_36.0 ;
    %load/vec4 v0x5ce4d1002800_0;
    %cmpi/e 0, 0, 32;
    %flag_get/vec4 4;
    %jmp/0 T_36.4, 4;
    %load/vec4 v0x5ce4d1002f80_0;
    %nor/r;
    %flag_set/vec4 10;
    %flag_get/vec4 10;
    %jmp/0 T_36.6, 10;
    %load/vec4 v0x5ce4d0fccfa0_0;
    %nor/r;
    %and;
T_36.6;
    %flag_set/vec4 9;
    %flag_get/vec4 9;
    %jmp/0 T_36.5, 9;
    %load/vec4 v0x5ce4d0fcecd0_0;
    %pad/u 32;
    %pushi/vec4 1, 0, 32;
    %cmp/e;
    %flag_get/vec4 4;
    %and;
T_36.5;
    %and;
T_36.4;
    %flag_set/vec4 8;
    %jmp/0xz  T_36.2, 8;
    %pushi/vec4 1, 0, 1;
    %assign/vec4 v0x5ce4d1002f80_0, 0;
    %load/vec4 v0x5ce4d0fcecd0_0;
    %assign/vec4 v0x5ce4d0fcebf0_0, 0;
    %load/vec4 v0x5ce4d0fdccf0_0;
    %assign/vec4 v0x5ce4d0fdcc30_0, 0;
    %load/vec4 v0x5ce4d0fdb020_0;
    %assign/vec4 v0x5ce4d0fdaf40_0, 0;
    %load/vec4 v0x5ce4d0fdb7a0_0;
    %assign/vec4 v0x5ce4d0fdb6c0_0, 0;
T_36.2 ;
    %load/vec4 v0x5ce4d1002800_0;
    %cmpi/e 2, 0, 32;
    %flag_get/vec4 4;
    %jmp/0 T_36.11, 4;
    %load/vec4 v0x5ce4d0fcebf0_0;
    %pad/u 32;
    %pushi/vec4 1, 0, 32;
    %cmp/e;
    %flag_get/vec4 4;
    %and;
T_36.11;
    %flag_set/vec4 10;
    %flag_get/vec4 10;
    %jmp/0 T_36.10, 10;
    %load/vec4 v0x5ce4d11f7ca0_0;
    %and;
T_36.10;
    %flag_set/vec4 9;
    %flag_get/vec4 9;
    %jmp/0 T_36.9, 9;
    %load/vec4 v0x5ce4d0f37c40_0;
    %pad/u 32;
    %pushi/vec4 0, 0, 32;
    %cmp/e;
    %flag_get/vec4 4;
    %and;
T_36.9;
    %flag_set/vec4 8;
    %jmp/0xz  T_36.7, 8;
    %load/vec4 v0x5ce4d0fdb6c0_0;
    %subi 1, 0, 33;
    %assign/vec4 v0x5ce4d0fdb6c0_0, 0;
T_36.7 ;
    %load/vec4 v0x5ce4d1002800_0;
    %cmpi/e 2, 0, 32;
    %flag_get/vec4 4;
    %jmp/0 T_36.15, 4;
    %load/vec4 v0x5ce4d0fcebf0_0;
    %pad/u 32;
    %pushi/vec4 1, 0, 32;
    %cmp/e;
    %flag_get/vec4 4;
    %and;
T_36.15;
    %flag_set/vec4 9;
    %flag_get/vec4 9;
    %jmp/0 T_36.14, 9;
    %pushi/vec4 0, 0, 32;
    %load/vec4 v0x5ce4d0f37c40_0;
    %pad/u 32;
    %cmp/u;
    %flag_get/vec4 5;
    %and;
T_36.14;
    %flag_set/vec4 8;
    %jmp/0xz  T_36.12, 8;
    %load/vec4 v0x5ce4d0fdb6c0_0;
    %subi 1, 0, 33;
    %assign/vec4 v0x5ce4d0fdb6c0_0, 0;
T_36.12 ;
    %load/vec4 v0x5ce4d1002800_0;
    %cmpi/e 2, 0, 32;
    %flag_get/vec4 4;
    %jmp/0 T_36.20, 4;
    %load/vec4 v0x5ce4d0fdb6c0_0;
    %cmpi/u 1, 0, 33;
    %flag_get/vec4 4;
    %flag_get/vec4 5;
    %or;
    %and;
T_36.20;
    %flag_set/vec4 10;
    %flag_get/vec4 10;
    %jmp/0 T_36.19, 10;
    %load/vec4 v0x5ce4d0fcebf0_0;
    %pad/u 32;
    %pushi/vec4 1, 0, 32;
    %cmp/e;
    %flag_get/vec4 4;
    %and;
T_36.19;
    %flag_set/vec4 9;
    %flag_get/vec4 9;
    %jmp/0 T_36.18, 9;
    %pushi/vec4 0, 0, 32;
    %load/vec4 v0x5ce4d0f37c40_0;
    %pad/u 32;
    %cmp/u;
    %flag_get/vec4 5;
    %and;
T_36.18;
    %flag_set/vec4 8;
    %jmp/0xz  T_36.16, 8;
    %pushi/vec4 0, 0, 1;
    %assign/vec4 v0x5ce4d1002f80_0, 0;
T_36.16 ;
    %load/vec4 v0x5ce4d1002800_0;
    %cmpi/e 2, 0, 32;
    %flag_get/vec4 4;
    %jmp/0 T_36.26, 4;
    %load/vec4 v0x5ce4d0fdb6c0_0;
    %cmpi/u 1, 0, 33;
    %flag_get/vec4 4;
    %flag_get/vec4 5;
    %or;
    %and;
T_36.26;
    %flag_set/vec4 11;
    %flag_get/vec4 11;
    %jmp/0 T_36.25, 11;
    %load/vec4 v0x5ce4d0fcebf0_0;
    %pad/u 32;
    %pushi/vec4 1, 0, 32;
    %cmp/e;
    %flag_get/vec4 4;
    %and;
T_36.25;
    %flag_set/vec4 10;
    %flag_get/vec4 10;
    %jmp/0 T_36.24, 10;
    %load/vec4 v0x5ce4d11f7ca0_0;
    %and;
T_36.24;
    %flag_set/vec4 9;
    %flag_get/vec4 9;
    %jmp/0 T_36.23, 9;
    %load/vec4 v0x5ce4d0f37c40_0;
    %pad/u 32;
    %pushi/vec4 0, 0, 32;
    %cmp/e;
    %flag_get/vec4 4;
    %and;
T_36.23;
    %flag_set/vec4 8;
    %jmp/0xz  T_36.21, 8;
    %pushi/vec4 0, 0, 1;
    %assign/vec4 v0x5ce4d1002f80_0, 0;
T_36.21 ;
T_36.1 ;
    %jmp T_36;
    .thread T_36;
    .scope S_0x5ce4d0f8ef90;
T_37 ;
    %wait E_0x5ce4d0b85470;
    %load/vec4 v0x5ce4d1008020_0;
    %flag_set/vec4 8;
    %jmp/0xz  T_37.0, 8;
    %pushi/vec4 0, 0, 4;
    %assign/vec4 v0x5ce4d11f8920_0, 0;
    %pushi/vec4 0, 0, 1;
    %assign/vec4 v0x5ce4d10063f0_0, 0;
    %jmp T_37.1;
T_37.0 ;
    %load/vec4 v0x5ce4d0f39930_0;
    %flag_set/vec4 10;
    %flag_get/vec4 10;
    %jmp/0 T_37.5, 10;
    %load/vec4 v0x5ce4d0f39a00_0;
    %nor/r;
    %and;
T_37.5;
    %flag_set/vec4 9;
    %flag_get/vec4 9;
    %jmp/0 T_37.4, 9;
    %load/vec4 v0x5ce4d0fccf00_0;
    %flag_set/vec4 9;
    %flag_get/vec4 9;
    %jmp/0 T_37.6, 9;
    %load/vec4 v0x5ce4d0fccfa0_0;
    %nor/r;
    %and;
T_37.6;
    %and;
T_37.4;
    %flag_set/vec4 8;
    %jmp/0xz  T_37.2, 8;
    %load/vec4 v0x5ce4d11f8920_0;
    %assign/vec4 v0x5ce4d11f8920_0, 0;
    %jmp T_37.3;
T_37.2 ;
    %load/vec4 v0x5ce4d0f39930_0;
    %flag_set/vec4 9;
    %flag_get/vec4 9;
    %jmp/0 T_37.9, 9;
    %load/vec4 v0x5ce4d0f39a00_0;
    %nor/r;
    %and;
T_37.9;
    %flag_set/vec4 8;
    %jmp/0xz  T_37.7, 8;
    %load/vec4 v0x5ce4d11f8920_0;
    %addi 1, 0, 4;
    %assign/vec4 v0x5ce4d11f8920_0, 0;
    %jmp T_37.8;
T_37.7 ;
    %load/vec4 v0x5ce4d0fccf00_0;
    %flag_set/vec4 9;
    %flag_get/vec4 9;
    %jmp/0 T_37.12, 9;
    %load/vec4 v0x5ce4d0fccfa0_0;
    %nor/r;
    %and;
T_37.12;
    %flag_set/vec4 8;
    %jmp/0xz  T_37.10, 8;
    %load/vec4 v0x5ce4d11f8920_0;
    %subi 1, 0, 4;
    %assign/vec4 v0x5ce4d11f8920_0, 0;
T_37.10 ;
T_37.8 ;
T_37.3 ;
    %load/vec4 v0x5ce4d11f27f0_0;
    %assign/vec4 v0x5ce4d10063f0_0, 0;
T_37.1 ;
    %jmp T_37;
    .thread T_37;
    .scope S_0x5ce4d0f8ef90;
T_38 ;
    %wait E_0x5ce4d0b85470;
    %load/vec4 v0x5ce4d1008020_0;
    %flag_set/vec4 8;
    %jmp/0xz  T_38.0, 8;
    %pushi/vec4 0, 0, 1;
    %assign/vec4 v0x5ce4d10070d0_0, 0;
    %pushi/vec4 0, 0, 1;
    %assign/vec4 v0x5ce4d1006de0_0, 0;
    %pushi/vec4 0, 0, 1;
    %assign/vec4 v0x5ce4d1006bb0_0, 0;
    %pushi/vec4 0, 0, 1;
    %assign/vec4 v0x5ce4d0ffb2f0_0, 0;
    %jmp T_38.1;
T_38.0 ;
    %load/vec4 v0x5ce4d11f2430_0;
    %assign/vec4 v0x5ce4d10070d0_0, 0;
    %load/vec4 v0x5ce4d11f2570_0;
    %assign/vec4 v0x5ce4d1006de0_0, 0;
    %load/vec4 v0x5ce4d11f2750_0;
    %assign/vec4 v0x5ce4d1006bb0_0, 0;
    %load/vec4 v0x5ce4d11f2930_0;
    %assign/vec4 v0x5ce4d0ffb2f0_0, 0;
T_38.1 ;
    %jmp T_38;
    .thread T_38;
    .scope S_0x5ce4d0f8ef90;
T_39 ;
    %wait E_0x5ce4d0b85470;
    %load/vec4 v0x5ce4d1008020_0;
    %flag_set/vec4 8;
    %jmp/0xz  T_39.0, 8;
    %pushi/vec4 0, 0, 32;
    %assign/vec4 v0x5ce4d11fd4c0_0, 0;
    %pushi/vec4 0, 0, 64;
    %assign/vec4 v0x5ce4d11f8ce0_0, 0;
    %pushi/vec4 0, 0, 64;
    %assign/vec4 v0x5ce4d11fd420_0, 0;
    %pushi/vec4 0, 0, 64;
    %assign/vec4 v0x5ce4d11fd380_0, 0;
    %pushi/vec4 0, 0, 64;
    %assign/vec4 v0x5ce4d11f8c40_0, 0;
    %pushi/vec4 0, 0, 64;
    %assign/vec4 v0x5ce4d11f8ba0_0, 0;
    %jmp T_39.1;
T_39.0 ;
    %load/vec4 v0x5ce4d11fd4c0_0;
    %dup/vec4;
    %pushi/vec4 0, 0, 32;
    %cmp/u;
    %jmp/1 T_39.2, 6;
    %dup/vec4;
    %pushi/vec4 1, 0, 32;
    %cmp/u;
    %jmp/1 T_39.3, 6;
    %dup/vec4;
    %pushi/vec4 2, 0, 32;
    %cmp/u;
    %jmp/1 T_39.4, 6;
    %dup/vec4;
    %pushi/vec4 3, 0, 32;
    %cmp/u;
    %jmp/1 T_39.5, 6;
    %dup/vec4;
    %pushi/vec4 4, 0, 32;
    %cmp/u;
    %jmp/1 T_39.6, 6;
    %dup/vec4;
    %pushi/vec4 5, 0, 32;
    %cmp/u;
    %jmp/1 T_39.7, 6;
    %dup/vec4;
    %pushi/vec4 6, 0, 32;
    %cmp/u;
    %jmp/1 T_39.8, 6;
    %dup/vec4;
    %pushi/vec4 7, 0, 32;
    %cmp/u;
    %jmp/1 T_39.9, 6;
    %dup/vec4;
    %pushi/vec4 8, 0, 32;
    %cmp/u;
    %jmp/1 T_39.10, 6;
    %dup/vec4;
    %pushi/vec4 9, 0, 32;
    %cmp/u;
    %jmp/1 T_39.11, 6;
    %dup/vec4;
    %pushi/vec4 10, 0, 32;
    %cmp/u;
    %jmp/1 T_39.12, 6;
    %dup/vec4;
    %pushi/vec4 11, 0, 32;
    %cmp/u;
    %jmp/1 T_39.13, 6;
    %dup/vec4;
    %pushi/vec4 12, 0, 32;
    %cmp/u;
    %jmp/1 T_39.14, 6;
    %dup/vec4;
    %pushi/vec4 13, 0, 32;
    %cmp/u;
    %jmp/1 T_39.15, 6;
    %dup/vec4;
    %pushi/vec4 14, 0, 32;
    %cmp/u;
    %jmp/1 T_39.16, 6;
    %dup/vec4;
    %pushi/vec4 15, 0, 32;
    %cmp/u;
    %jmp/1 T_39.17, 6;
    %dup/vec4;
    %pushi/vec4 16, 0, 32;
    %cmp/u;
    %jmp/1 T_39.18, 6;
    %dup/vec4;
    %pushi/vec4 17, 0, 32;
    %cmp/u;
    %jmp/1 T_39.19, 6;
    %dup/vec4;
    %pushi/vec4 18, 0, 32;
    %cmp/u;
    %jmp/1 T_39.20, 6;
    %dup/vec4;
    %pushi/vec4 19, 0, 32;
    %cmp/u;
    %jmp/1 T_39.21, 6;
    %dup/vec4;
    %pushi/vec4 20, 0, 32;
    %cmp/u;
    %jmp/1 T_39.22, 6;
    %dup/vec4;
    %pushi/vec4 21, 0, 32;
    %cmp/u;
    %jmp/1 T_39.23, 6;
    %dup/vec4;
    %pushi/vec4 22, 0, 32;
    %cmp/u;
    %jmp/1 T_39.24, 6;
    %dup/vec4;
    %pushi/vec4 23, 0, 32;
    %cmp/u;
    %jmp/1 T_39.25, 6;
    %dup/vec4;
    %pushi/vec4 24, 0, 32;
    %cmp/u;
    %jmp/1 T_39.26, 6;
    %dup/vec4;
    %pushi/vec4 25, 0, 32;
    %cmp/u;
    %jmp/1 T_39.27, 6;
    %dup/vec4;
    %pushi/vec4 26, 0, 32;
    %cmp/u;
    %jmp/1 T_39.28, 6;
    %dup/vec4;
    %pushi/vec4 27, 0, 32;
    %cmp/u;
    %jmp/1 T_39.29, 6;
    %dup/vec4;
    %pushi/vec4 28, 0, 32;
    %cmp/u;
    %jmp/1 T_39.30, 6;
    %dup/vec4;
    %pushi/vec4 29, 0, 32;
    %cmp/u;
    %jmp/1 T_39.31, 6;
    %dup/vec4;
    %pushi/vec4 30, 0, 32;
    %cmp/u;
    %jmp/1 T_39.32, 6;
    %dup/vec4;
    %pushi/vec4 31, 0, 32;
    %cmp/u;
    %jmp/1 T_39.33, 6;
    %dup/vec4;
    %pushi/vec4 32, 0, 32;
    %cmp/u;
    %jmp/1 T_39.34, 6;
    %dup/vec4;
    %pushi/vec4 33, 0, 32;
    %cmp/u;
    %jmp/1 T_39.35, 6;
    %dup/vec4;
    %pushi/vec4 34, 0, 32;
    %cmp/u;
    %jmp/1 T_39.36, 6;
    %dup/vec4;
    %pushi/vec4 35, 0, 32;
    %cmp/u;
    %jmp/1 T_39.37, 6;
    %dup/vec4;
    %pushi/vec4 36, 0, 32;
    %cmp/u;
    %jmp/1 T_39.38, 6;
    %dup/vec4;
    %pushi/vec4 37, 0, 32;
    %cmp/u;
    %jmp/1 T_39.39, 6;
    %jmp T_39.40;
T_39.2 ;
    %pushi/vec4 1, 0, 32;
    %assign/vec4 v0x5ce4d11fd4c0_0, 0;
    %jmp T_39.40;
T_39.3 ;
    %pushi/vec4 2, 0, 32;
    %assign/vec4 v0x5ce4d11fd4c0_0, 0;
    %jmp T_39.40;
T_39.4 ;
    %load/vec4 v0x5ce4d106c4b0_0;
    %cmpi/e 1, 0, 64;
    %jmp/0xz  T_39.41, 4;
    %pushi/vec4 3, 0, 32;
    %assign/vec4 v0x5ce4d11fd4c0_0, 0;
T_39.41 ;
    %jmp T_39.40;
T_39.5 ;
    %load/vec4 v0x5ce4d10dba80_0;
    %assign/vec4 v0x5ce4d11f8ce0_0, 0;
    %pushi/vec4 4, 0, 32;
    %assign/vec4 v0x5ce4d11fd4c0_0, 0;
    %jmp T_39.40;
T_39.6 ;
    %load/vec4 v0x5ce4d10dbb60_0;
    %assign/vec4 v0x5ce4d11fd420_0, 0;
    %pushi/vec4 5, 0, 32;
    %assign/vec4 v0x5ce4d11fd4c0_0, 0;
    %jmp T_39.40;
T_39.7 ;
    %load/vec4 v0x5ce4d1087d80_0;
    %assign/vec4 v0x5ce4d11fd380_0, 0;
    %pushi/vec4 6, 0, 32;
    %assign/vec4 v0x5ce4d11fd4c0_0, 0;
    %jmp T_39.40;
T_39.8 ;
    %load/vec4 v0x5ce4d1087e60_0;
    %assign/vec4 v0x5ce4d11f8c40_0, 0;
    %pushi/vec4 7, 0, 32;
    %assign/vec4 v0x5ce4d11fd4c0_0, 0;
    %jmp T_39.40;
T_39.9 ;
    %load/vec4 v0x5ce4d1057d00_0;
    %assign/vec4 v0x5ce4d11f8ba0_0, 0;
    %pushi/vec4 8, 0, 32;
    %assign/vec4 v0x5ce4d11fd4c0_0, 0;
    %jmp T_39.40;
T_39.10 ;
    %pushi/vec4 9, 0, 32;
    %assign/vec4 v0x5ce4d11fd4c0_0, 0;
    %jmp T_39.40;
T_39.11 ;
    %load/vec4 v0x5ce4d11f8ba0_0;
    %cmpi/e 1, 0, 64;
    %jmp/0xz  T_39.43, 4;
    %pushi/vec4 10, 0, 32;
    %assign/vec4 v0x5ce4d11fd4c0_0, 0;
    %jmp T_39.44;
T_39.43 ;
    %pushi/vec4 17, 0, 32;
    %assign/vec4 v0x5ce4d11fd4c0_0, 0;
T_39.44 ;
    %jmp T_39.40;
T_39.12 ;
    %load/vec4 v0x5ce4d11f8c40_0;
    %cmpi/e 0, 0, 64;
    %jmp/0xz  T_39.45, 4;
    %pushi/vec4 11, 0, 32;
    %assign/vec4 v0x5ce4d11fd4c0_0, 0;
    %jmp T_39.46;
T_39.45 ;
    %pushi/vec4 14, 0, 32;
    %assign/vec4 v0x5ce4d11fd4c0_0, 0;
T_39.46 ;
    %jmp T_39.40;
T_39.13 ;
    %load/vec4 v0x5ce4d0fd2420_0;
    %flag_set/vec4 8;
    %jmp/0xz  T_39.47, 8;
    %pushi/vec4 12, 0, 32;
    %assign/vec4 v0x5ce4d11fd4c0_0, 0;
T_39.47 ;
    %jmp T_39.40;
T_39.14 ;
    %load/vec4 v0x5ce4d0fedc50_0;
    %flag_set/vec4 8;
    %jmp/0xz  T_39.49, 8;
    %pushi/vec4 13, 0, 32;
    %assign/vec4 v0x5ce4d11fd4c0_0, 0;
T_39.49 ;
    %jmp T_39.40;
T_39.15 ;
    %pushi/vec4 16, 0, 32;
    %assign/vec4 v0x5ce4d11fd4c0_0, 0;
    %jmp T_39.40;
T_39.16 ;
    %load/vec4 v0x5ce4d0fbdcd0_0;
    %flag_set/vec4 8;
    %jmp/0xz  T_39.51, 8;
    %pushi/vec4 15, 0, 32;
    %assign/vec4 v0x5ce4d11fd4c0_0, 0;
T_39.51 ;
    %jmp T_39.40;
T_39.17 ;
    %load/vec4 v0x5ce4d0fc3eb0_0;
    %flag_set/vec4 9;
    %flag_get/vec4 9;
    %jmp/0 T_39.55, 9;
    %load/vec4 v0x5ce4d0ffa7e0_0;
    %nor/r;
    %and;
T_39.55;
    %flag_set/vec4 8;
    %jmp/0xz  T_39.53, 8;
    %pushi/vec4 16, 0, 32;
    %assign/vec4 v0x5ce4d11fd4c0_0, 0;
T_39.53 ;
    %jmp T_39.40;
T_39.18 ;
    %pushi/vec4 35, 0, 32;
    %assign/vec4 v0x5ce4d11fd4c0_0, 0;
    %jmp T_39.40;
T_39.19 ;
    %load/vec4 v0x5ce4d11f8ba0_0;
    %cmpi/e 2, 0, 64;
    %jmp/0xz  T_39.56, 4;
    %pushi/vec4 18, 0, 32;
    %assign/vec4 v0x5ce4d11fd4c0_0, 0;
    %jmp T_39.57;
T_39.56 ;
    %pushi/vec4 22, 0, 32;
    %assign/vec4 v0x5ce4d11fd4c0_0, 0;
T_39.57 ;
    %jmp T_39.40;
T_39.20 ;
    %load/vec4 v0x5ce4d11f8c40_0;
    %cmpi/e 1, 0, 64;
    %jmp/0xz  T_39.58, 4;
    %pushi/vec4 19, 0, 32;
    %assign/vec4 v0x5ce4d11fd4c0_0, 0;
    %jmp T_39.59;
T_39.58 ;
    %pushi/vec4 21, 0, 32;
    %assign/vec4 v0x5ce4d11fd4c0_0, 0;
T_39.59 ;
    %jmp T_39.40;
T_39.21 ;
    %load/vec4 v0x5ce4d0f2a320_0;
    %nor/r;
    %flag_set/vec4 8;
    %jmp/0xz  T_39.60, 8;
    %pushi/vec4 20, 0, 32;
    %assign/vec4 v0x5ce4d11fd4c0_0, 0;
T_39.60 ;
    %jmp T_39.40;
T_39.22 ;
    %load/vec4 v0x5ce4d0f82420_0;
    %flag_set/vec4 8;
    %jmp/0xz  T_39.62, 8;
    %pushi/vec4 21, 0, 32;
    %assign/vec4 v0x5ce4d11fd4c0_0, 0;
T_39.62 ;
    %jmp T_39.40;
T_39.23 ;
    %pushi/vec4 35, 0, 32;
    %assign/vec4 v0x5ce4d11fd4c0_0, 0;
    %jmp T_39.40;
T_39.24 ;
    %load/vec4 v0x5ce4d11f8ba0_0;
    %cmpi/e 4, 0, 64;
    %jmp/0xz  T_39.64, 4;
    %pushi/vec4 23, 0, 32;
    %assign/vec4 v0x5ce4d11fd4c0_0, 0;
    %jmp T_39.65;
T_39.64 ;
    %pushi/vec4 28, 0, 32;
    %assign/vec4 v0x5ce4d11fd4c0_0, 0;
T_39.65 ;
    %jmp T_39.40;
T_39.25 ;
    %load/vec4 v0x5ce4d11f8c40_0;
    %cmpi/e 0, 0, 64;
    %jmp/0xz  T_39.66, 4;
    %pushi/vec4 24, 0, 32;
    %assign/vec4 v0x5ce4d11fd4c0_0, 0;
    %jmp T_39.67;
T_39.66 ;
    %pushi/vec4 26, 0, 32;
    %assign/vec4 v0x5ce4d11fd4c0_0, 0;
T_39.67 ;
    %jmp T_39.40;
T_39.26 ;
    %load/vec4 v0x5ce4d0ff5b90_0;
    %nor/r;
    %flag_set/vec4 8;
    %jmp/0xz  T_39.68, 8;
    %pushi/vec4 25, 0, 32;
    %assign/vec4 v0x5ce4d11fd4c0_0, 0;
T_39.68 ;
    %jmp T_39.40;
T_39.27 ;
    %pushi/vec4 27, 0, 32;
    %assign/vec4 v0x5ce4d11fd4c0_0, 0;
    %jmp T_39.40;
T_39.28 ;
    %load/vec4 v0x5ce4d0f65390_0;
    %nor/r;
    %flag_set/vec4 8;
    %jmp/0xz  T_39.70, 8;
    %pushi/vec4 27, 0, 32;
    %assign/vec4 v0x5ce4d11fd4c0_0, 0;
T_39.70 ;
    %jmp T_39.40;
T_39.29 ;
    %pushi/vec4 35, 0, 32;
    %assign/vec4 v0x5ce4d11fd4c0_0, 0;
    %jmp T_39.40;
T_39.30 ;
    %load/vec4 v0x5ce4d11f8ba0_0;
    %cmpi/e 8, 0, 64;
    %jmp/0xz  T_39.72, 4;
    %pushi/vec4 29, 0, 32;
    %assign/vec4 v0x5ce4d11fd4c0_0, 0;
    %jmp T_39.73;
T_39.72 ;
    %pushi/vec4 35, 0, 32;
    %assign/vec4 v0x5ce4d11fd4c0_0, 0;
T_39.73 ;
    %jmp T_39.40;
T_39.31 ;
    %load/vec4 v0x5ce4d11f8c40_0;
    %cmpi/e 0, 0, 64;
    %jmp/0xz  T_39.74, 4;
    %pushi/vec4 30, 0, 32;
    %assign/vec4 v0x5ce4d11fd4c0_0, 0;
    %jmp T_39.75;
T_39.74 ;
    %pushi/vec4 33, 0, 32;
    %assign/vec4 v0x5ce4d11fd4c0_0, 0;
T_39.75 ;
    %jmp T_39.40;
T_39.32 ;
    %load/vec4 v0x5ce4d0fcd750_0;
    %nor/r;
    %flag_set/vec4 8;
    %jmp/0xz  T_39.76, 8;
    %pushi/vec4 31, 0, 32;
    %assign/vec4 v0x5ce4d11fd4c0_0, 0;
T_39.76 ;
    %jmp T_39.40;
T_39.33 ;
    %load/vec4 v0x5ce4d10028a0_0;
    %flag_set/vec4 8;
    %jmp/0xz  T_39.78, 8;
    %pushi/vec4 32, 0, 32;
    %assign/vec4 v0x5ce4d11fd4c0_0, 0;
T_39.78 ;
    %jmp T_39.40;
T_39.34 ;
    %pushi/vec4 34, 0, 32;
    %assign/vec4 v0x5ce4d11fd4c0_0, 0;
    %jmp T_39.40;
T_39.35 ;
    %load/vec4 v0x5ce4d1042460_0;
    %nor/r;
    %flag_set/vec4 8;
    %jmp/0xz  T_39.80, 8;
    %pushi/vec4 34, 0, 32;
    %assign/vec4 v0x5ce4d11fd4c0_0, 0;
T_39.80 ;
    %jmp T_39.40;
T_39.36 ;
    %pushi/vec4 35, 0, 32;
    %assign/vec4 v0x5ce4d11fd4c0_0, 0;
    %jmp T_39.40;
T_39.37 ;
    %pushi/vec4 36, 0, 32;
    %assign/vec4 v0x5ce4d11fd4c0_0, 0;
    %jmp T_39.40;
T_39.38 ;
    %pushi/vec4 37, 0, 32;
    %assign/vec4 v0x5ce4d11fd4c0_0, 0;
    %jmp T_39.40;
T_39.39 ;
    %pushi/vec4 1, 0, 32;
    %assign/vec4 v0x5ce4d11fd4c0_0, 0;
    %jmp T_39.40;
T_39.40 ;
    %pop/vec4 1;
T_39.1 ;
    %jmp T_39;
    .thread T_39;
    .scope S_0x5ce4d0f8ef90;
T_40 ;
    %wait E_0x5ce4d0b85470;
    %load/vec4 v0x5ce4d1008020_0;
    %flag_set/vec4 8;
    %jmp/0xz  T_40.0, 8;
    %pushi/vec4 0, 0, 32;
    %assign/vec4 v0x5ce4d0fd2380_0, 0;
    %pushi/vec4 0, 0, 1;
    %assign/vec4 v0x5ce4d0ff9e80_0, 0;
    %jmp T_40.1;
T_40.0 ;
    %load/vec4 v0x5ce4d0fd2380_0;
    %dup/vec4;
    %pushi/vec4 0, 0, 32;
    %cmp/u;
    %jmp/1 T_40.2, 6;
    %dup/vec4;
    %pushi/vec4 1, 0, 32;
    %cmp/u;
    %jmp/1 T_40.3, 6;
    %jmp T_40.4;
T_40.2 ;
    %load/vec4 v0x5ce4d0fd2380_0;
    %cmpi/e 0, 0, 32;
    %flag_get/vec4 4;
    %jmp/0 T_40.8, 4;
    %load/vec4 v0x5ce4d0fd2000_0;
    %flag_set/vec4 10;
    %flag_get/vec4 10;
    %jmp/1 T_40.9, 10;
    %load/vec4 v0x5ce4d0ff9e80_0;
    %or;
T_40.9;
    %and;
T_40.8;
    %flag_set/vec4 9;
    %flag_get/vec4 9;
    %jmp/0 T_40.7, 9;
    %load/vec4 v0x5ce4d0fdfa10_0;
    %nor/r;
    %and;
T_40.7;
    %flag_set/vec4 8;
    %jmp/0xz  T_40.5, 8;
    %pushi/vec4 1, 0, 32;
    %assign/vec4 v0x5ce4d0fd2380_0, 0;
T_40.5 ;
    %jmp T_40.4;
T_40.3 ;
    %load/vec4 v0x5ce4d11f3010_0;
    %flag_set/vec4 8;
    %jmp/1 T_40.12, 8;
    %load/vec4 v0x5ce4d11f31f0_0;
    %nor/r;
    %flag_set/vec4 9;
    %flag_or 8, 9;
T_40.12;
    %jmp/0xz  T_40.10, 8;
    %pushi/vec4 1, 0, 1;
    %assign/vec4 v0x5ce4d0ff9e80_0, 0;
T_40.10 ;
    %load/vec4 v0x5ce4d11f3010_0;
    %flag_set/vec4 9;
    %jmp/1 T_40.16, 9;
    %load/vec4 v0x5ce4d11f31f0_0;
    %nor/r;
    %flag_set/vec4 10;
    %flag_or 9, 10;
T_40.16;
    %flag_get/vec4 9;
    %jmp/0 T_40.15, 9;
    %load/vec4 v0x5ce4d0fedb70_0;
    %pushi/vec4 0, 0, 33;
    %cmp/e;
    %flag_get/vec4 4;
    %and;
T_40.15;
    %flag_set/vec4 8;
    %jmp/0xz  T_40.13, 8;
    %pushi/vec4 0, 0, 1;
    %assign/vec4 v0x5ce4d0ff9e80_0, 0;
T_40.13 ;
    %load/vec4 v0x5ce4d11f3010_0;
    %flag_set/vec4 8;
    %jmp/1 T_40.19, 8;
    %load/vec4 v0x5ce4d11f31f0_0;
    %nor/r;
    %flag_set/vec4 9;
    %flag_or 8, 9;
T_40.19;
    %jmp/0xz  T_40.17, 8;
    %pushi/vec4 0, 0, 32;
    %assign/vec4 v0x5ce4d0fd2380_0, 0;
T_40.17 ;
    %jmp T_40.4;
T_40.4 ;
    %pop/vec4 1;
T_40.1 ;
    %jmp T_40;
    .thread T_40;
    .scope S_0x5ce4d0f8ef90;
T_41 ;
    %wait E_0x5ce4d0b85470;
    %load/vec4 v0x5ce4d1008020_0;
    %flag_set/vec4 8;
    %jmp/0xz  T_41.0, 8;
    %pushi/vec4 0, 0, 32;
    %assign/vec4 v0x5ce4d0ff9820_0, 0;
    %jmp T_41.1;
T_41.0 ;
    %load/vec4 v0x5ce4d0ff9820_0;
    %dup/vec4;
    %pushi/vec4 0, 0, 32;
    %cmp/u;
    %jmp/1 T_41.2, 6;
    %dup/vec4;
    %pushi/vec4 1, 0, 32;
    %cmp/u;
    %jmp/1 T_41.3, 6;
    %dup/vec4;
    %pushi/vec4 2, 0, 32;
    %cmp/u;
    %jmp/1 T_41.4, 6;
    %jmp T_41.5;
T_41.2 ;
    %load/vec4 v0x5ce4d0ff9780_0;
    %nor/r;
    %flag_set/vec4 10;
    %flag_get/vec4 10;
    %jmp/0 T_41.9, 10;
    %load/vec4 v0x5ce4d0fdf720_0;
    %nor/r;
    %and;
T_41.9;
    %flag_set/vec4 9;
    %flag_get/vec4 9;
    %jmp/0 T_41.8, 9;
    %load/vec4 v0x5ce4d0fdfc60_0;
    %pad/u 32;
    %pushi/vec4 1, 0, 32;
    %cmp/e;
    %flag_get/vec4 4;
    %and;
T_41.8;
    %flag_set/vec4 8;
    %jmp/0xz  T_41.6, 8;
    %pushi/vec4 1, 0, 32;
    %assign/vec4 v0x5ce4d0ff9820_0, 0;
T_41.6 ;
    %jmp T_41.5;
T_41.3 ;
    %pushi/vec4 2, 0, 32;
    %assign/vec4 v0x5ce4d0ff9820_0, 0;
    %jmp T_41.5;
T_41.4 ;
    %load/vec4 v0x5ce4d0fd1d20_0;
    %flag_set/vec4 9;
    %flag_get/vec4 9;
    %jmp/0 T_41.12, 9;
    %load/vec4 v0x5ce4d0e8e140_0;
    %cmpi/u 1, 0, 33;
    %flag_get/vec4 4;
    %flag_get/vec4 5;
    %or;
    %and;
T_41.12;
    %flag_set/vec4 8;
    %jmp/0xz  T_41.10, 8;
    %pushi/vec4 0, 0, 32;
    %assign/vec4 v0x5ce4d0ff9820_0, 0;
T_41.10 ;
    %jmp T_41.5;
T_41.5 ;
    %pop/vec4 1;
T_41.1 ;
    %jmp T_41;
    .thread T_41;
    .scope S_0x5ce4d0f8ef90;
T_42 ;
    %wait E_0x5ce4d0b85470;
    %load/vec4 v0x5ce4d1008020_0;
    %flag_set/vec4 8;
    %jmp/0xz  T_42.0, 8;
    %pushi/vec4 0, 0, 32;
    %assign/vec4 v0x5ce4d11febe0_0, 0;
    %pushi/vec4 0, 0, 9;
    %assign/vec4 v0x5ce4d11fe960_0, 0;
    %pushi/vec4 0, 0, 9;
    %assign/vec4 v0x5ce4d11fefa0_0, 0;
    %pushi/vec4 0, 0, 33;
    %assign/vec4 v0x5ce4d11fedc0_0, 0;
    %pushi/vec4 0, 0, 1;
    %assign/vec4 v0x5ce4d11fea00_0, 0;
    %jmp T_42.1;
T_42.0 ;
    %load/vec4 v0x5ce4d11febe0_0;
    %dup/vec4;
    %pushi/vec4 0, 0, 32;
    %cmp/u;
    %jmp/1 T_42.2, 6;
    %dup/vec4;
    %pushi/vec4 1, 0, 32;
    %cmp/u;
    %jmp/1 T_42.3, 6;
    %jmp T_42.4;
T_42.2 ;
    %load/vec4 v0x5ce4d0fed8b0_0;
    %pad/u 9;
    %assign/vec4 v0x5ce4d11fe960_0, 0;
    %load/vec4 v0x5ce4d0fe0360_0;
    %pad/u 9;
    %assign/vec4 v0x5ce4d11fefa0_0, 0;
    %load/vec4 v0x5ce4d0e8e140_0;
    %assign/vec4 v0x5ce4d11fedc0_0, 0;
    %pushi/vec4 0, 0, 1;
    %assign/vec4 v0x5ce4d11fea00_0, 0;
    %load/vec4 v0x5ce4d0ff9820_0;
    %cmpi/e 1, 0, 32;
    %flag_get/vec4 4;
    %jmp/0 T_42.8, 4;
    %load/vec4 v0x5ce4d0fe00a0_0;
    %pad/u 32;
    %pushi/vec4 1, 0, 32;
    %cmp/e;
    %flag_get/vec4 4;
    %and;
T_42.8;
    %flag_set/vec4 9;
    %flag_get/vec4 9;
    %jmp/0 T_42.7, 9;
    %pushi/vec4 0, 0, 33;
    %load/vec4 v0x5ce4d0e8e140_0;
    %cmp/u;
    %flag_get/vec4 5;
    %and;
T_42.7;
    %flag_set/vec4 8;
    %jmp/0xz  T_42.5, 8;
    %pushi/vec4 1, 0, 32;
    %assign/vec4 v0x5ce4d11febe0_0, 0;
T_42.5 ;
    %jmp T_42.4;
T_42.3 ;
    %load/vec4 v0x5ce4d0fd1d20_0;
    %flag_set/vec4 8;
    %jmp/0xz  T_42.9, 8;
    %load/vec4 v0x5ce4d11fe960_0;
    %load/vec4 v0x5ce4d11fefa0_0;
    %add;
    %assign/vec4 v0x5ce4d11fe960_0, 0;
    %load/vec4 v0x5ce4d11fedc0_0;
    %subi 1, 0, 33;
    %assign/vec4 v0x5ce4d11fedc0_0, 0;
    %pushi/vec4 0, 0, 1;
    %assign/vec4 v0x5ce4d11fea00_0, 0;
T_42.9 ;
    %load/vec4 v0x5ce4d0fd1d20_0;
    %flag_set/vec4 9;
    %flag_get/vec4 9;
    %jmp/0 T_42.13, 9;
    %load/vec4 v0x5ce4d11fedc0_0;
    %cmpi/u 1, 0, 33;
    %flag_get/vec4 4;
    %flag_get/vec4 5;
    %or;
    %and;
T_42.13;
    %flag_set/vec4 8;
    %jmp/0xz  T_42.11, 8;
    %pushi/vec4 1, 0, 1;
    %assign/vec4 v0x5ce4d11fea00_0, 0;
T_42.11 ;
    %load/vec4 v0x5ce4d0fd1d20_0;
    %flag_set/vec4 9;
    %flag_get/vec4 9;
    %jmp/0 T_42.16, 9;
    %pushi/vec4 0, 0, 1;
    %and;
T_42.16;
    %flag_set/vec4 8;
    %jmp/0xz  T_42.14, 8;
    %pushi/vec4 1, 0, 1;
    %assign/vec4 v0x5ce4d11fea00_0, 0;
T_42.14 ;
    %load/vec4 v0x5ce4d0fd1d20_0;
    %flag_set/vec4 9;
    %flag_get/vec4 9;
    %jmp/0 T_42.19, 9;
    %load/vec4 v0x5ce4d11fedc0_0;
    %cmpi/u 1, 0, 33;
    %flag_get/vec4 4;
    %flag_get/vec4 5;
    %or;
    %and;
T_42.19;
    %flag_set/vec4 8;
    %jmp/0xz  T_42.17, 8;
    %pushi/vec4 0, 0, 32;
    %assign/vec4 v0x5ce4d11febe0_0, 0;
T_42.17 ;
    %load/vec4 v0x5ce4d0fd1d20_0;
    %flag_set/vec4 9;
    %flag_get/vec4 9;
    %jmp/0 T_42.22, 9;
    %pushi/vec4 0, 0, 1;
    %and;
T_42.22;
    %flag_set/vec4 8;
    %jmp/0xz  T_42.20, 8;
    %pushi/vec4 0, 0, 32;
    %assign/vec4 v0x5ce4d11febe0_0, 0;
T_42.20 ;
    %jmp T_42.4;
T_42.4 ;
    %pop/vec4 1;
T_42.1 ;
    %jmp T_42;
    .thread T_42;
    .scope S_0x5ce4d0f8ef90;
T_43 ;
    %wait E_0x5ce4d0b85470;
    %load/vec4 v0x5ce4d1008020_0;
    %flag_set/vec4 8;
    %jmp/0xz  T_43.0, 8;
    %pushi/vec4 0, 0, 32;
    %assign/vec4 v0x5ce4d0fbe4a0_0, 0;
    %pushi/vec4 0, 0, 1;
    %assign/vec4 v0x5ce4d0fd1060_0, 0;
    %jmp T_43.1;
T_43.0 ;
    %load/vec4 v0x5ce4d0fbe4a0_0;
    %dup/vec4;
    %pushi/vec4 0, 0, 32;
    %cmp/u;
    %jmp/1 T_43.2, 6;
    %dup/vec4;
    %pushi/vec4 1, 0, 32;
    %cmp/u;
    %jmp/1 T_43.3, 6;
    %jmp T_43.4;
T_43.2 ;
    %load/vec4 v0x5ce4d0fbe4a0_0;
    %cmpi/e 0, 0, 32;
    %flag_get/vec4 4;
    %jmp/0 T_43.8, 4;
    %load/vec4 v0x5ce4d0fbd920_0;
    %flag_set/vec4 10;
    %flag_get/vec4 10;
    %jmp/1 T_43.9, 10;
    %load/vec4 v0x5ce4d0fd1060_0;
    %or;
T_43.9;
    %and;
T_43.8;
    %flag_set/vec4 9;
    %flag_get/vec4 9;
    %jmp/0 T_43.7, 9;
    %load/vec4 v0x5ce4d0fbed30_0;
    %nor/r;
    %and;
T_43.7;
    %flag_set/vec4 8;
    %jmp/0xz  T_43.5, 8;
    %pushi/vec4 1, 0, 32;
    %assign/vec4 v0x5ce4d0fbe4a0_0, 0;
T_43.5 ;
    %jmp T_43.4;
T_43.3 ;
    %load/vec4 v0x5ce4d0fbe4a0_0;
    %cmpi/e 1, 0, 32;
    %flag_get/vec4 4;
    %jmp/0 T_43.14, 4;
    %load/vec4 v0x5ce4d0fbed30_0;
    %nor/r;
    %and;
T_43.14;
    %flag_set/vec4 10;
    %flag_get/vec4 10;
    %jmp/0 T_43.13, 10;
    %load/vec4 v0x5ce4d11de540_0;
    %flag_set/vec4 10;
    %flag_get/vec4 10;
    %jmp/1 T_43.15, 10;
    %load/vec4 v0x5ce4d11de7c0_0;
    %nor/r;
    %or;
T_43.15;
    %and;
T_43.13;
    %flag_set/vec4 9;
    %flag_get/vec4 9;
    %jmp/0 T_43.12, 9;
    %load/vec4 v0x5ce4d0ffa8a0_0;
    %pad/u 32;
    %cmpi/u 6, 0, 32;
    %flag_get/vec4 5;
    %and;
T_43.12;
    %flag_set/vec4 8;
    %jmp/0xz  T_43.10, 8;
    %pushi/vec4 1, 0, 1;
    %assign/vec4 v0x5ce4d0fd1060_0, 0;
T_43.10 ;
    %load/vec4 v0x5ce4d0fbe4a0_0;
    %cmpi/e 1, 0, 32;
    %flag_get/vec4 4;
    %jmp/0 T_43.21, 4;
    %load/vec4 v0x5ce4d0fbed30_0;
    %nor/r;
    %and;
T_43.21;
    %flag_set/vec4 11;
    %flag_get/vec4 11;
    %jmp/0 T_43.20, 11;
    %load/vec4 v0x5ce4d11de540_0;
    %flag_set/vec4 11;
    %flag_get/vec4 11;
    %jmp/1 T_43.22, 11;
    %load/vec4 v0x5ce4d11de7c0_0;
    %nor/r;
    %or;
T_43.22;
    %and;
T_43.20;
    %flag_set/vec4 10;
    %flag_get/vec4 10;
    %jmp/0 T_43.19, 10;
    %load/vec4 v0x5ce4d0ffa8a0_0;
    %pad/u 32;
    %cmpi/u 6, 0, 32;
    %flag_get/vec4 5;
    %and;
T_43.19;
    %flag_set/vec4 9;
    %flag_get/vec4 9;
    %jmp/0 T_43.18, 9;
    %load/vec4 v0x5ce4d0fc42e0_0;
    %pushi/vec4 0, 0, 33;
    %cmp/e;
    %flag_get/vec4 4;
    %and;
T_43.18;
    %flag_set/vec4 8;
    %jmp/0xz  T_43.16, 8;
    %pushi/vec4 0, 0, 1;
    %assign/vec4 v0x5ce4d0fd1060_0, 0;
T_43.16 ;
    %load/vec4 v0x5ce4d0fbe4a0_0;
    %cmpi/e 1, 0, 32;
    %flag_get/vec4 4;
    %jmp/0 T_43.27, 4;
    %load/vec4 v0x5ce4d0fbed30_0;
    %nor/r;
    %and;
T_43.27;
    %flag_set/vec4 10;
    %flag_get/vec4 10;
    %jmp/0 T_43.26, 10;
    %load/vec4 v0x5ce4d11de540_0;
    %flag_set/vec4 10;
    %flag_get/vec4 10;
    %jmp/1 T_43.28, 10;
    %load/vec4 v0x5ce4d11de7c0_0;
    %nor/r;
    %or;
T_43.28;
    %and;
T_43.26;
    %flag_set/vec4 9;
    %flag_get/vec4 9;
    %jmp/0 T_43.25, 9;
    %load/vec4 v0x5ce4d0ffa8a0_0;
    %pad/u 32;
    %cmpi/u 6, 0, 32;
    %flag_get/vec4 5;
    %and;
T_43.25;
    %flag_set/vec4 8;
    %jmp/0xz  T_43.23, 8;
    %pushi/vec4 0, 0, 32;
    %assign/vec4 v0x5ce4d0fbe4a0_0, 0;
T_43.23 ;
    %jmp T_43.4;
T_43.4 ;
    %pop/vec4 1;
T_43.1 ;
    %jmp T_43;
    .thread T_43;
    .scope S_0x5ce4d0f8ef90;
T_44 ;
    %wait E_0x5ce4d0b85470;
    %load/vec4 v0x5ce4d1008020_0;
    %flag_set/vec4 8;
    %jmp/0xz  T_44.0, 8;
    %pushi/vec4 0, 0, 32;
    %assign/vec4 v0x5ce4d0fc4580_0, 0;
    %jmp T_44.1;
T_44.0 ;
    %load/vec4 v0x5ce4d0fc4580_0;
    %dup/vec4;
    %pushi/vec4 0, 0, 32;
    %cmp/u;
    %jmp/1 T_44.2, 6;
    %dup/vec4;
    %pushi/vec4 1, 0, 32;
    %cmp/u;
    %jmp/1 T_44.3, 6;
    %dup/vec4;
    %pushi/vec4 2, 0, 32;
    %cmp/u;
    %jmp/1 T_44.4, 6;
    %jmp T_44.5;
T_44.2 ;
    %load/vec4 v0x5ce4d0fd0c30_0;
    %nor/r;
    %flag_set/vec4 10;
    %flag_get/vec4 10;
    %jmp/0 T_44.9, 10;
    %load/vec4 v0x5ce4d0fbe9b0_0;
    %nor/r;
    %and;
T_44.9;
    %flag_set/vec4 9;
    %flag_get/vec4 9;
    %jmp/0 T_44.8, 9;
    %load/vec4 v0x5ce4d0fc12a0_0;
    %pad/u 32;
    %pushi/vec4 1, 0, 32;
    %cmp/e;
    %flag_get/vec4 4;
    %and;
T_44.8;
    %flag_set/vec4 8;
    %jmp/0xz  T_44.6, 8;
    %pushi/vec4 1, 0, 32;
    %assign/vec4 v0x5ce4d0fc4580_0, 0;
T_44.6 ;
    %jmp T_44.5;
T_44.3 ;
    %pushi/vec4 2, 0, 32;
    %assign/vec4 v0x5ce4d0fc4580_0, 0;
    %jmp T_44.5;
T_44.4 ;
    %load/vec4 v0x5ce4d0fc11c0_0;
    %pad/u 32;
    %cmpi/e 1, 0, 32;
    %flag_get/vec4 4;
    %jmp/0 T_44.14, 4;
    %load/vec4 v0x5ce4d11fcde0_0;
    %and;
T_44.14;
    %flag_set/vec4 10;
    %flag_get/vec4 10;
    %jmp/0 T_44.13, 10;
    %load/vec4 v0x5ce4d0fd0fa0_0;
    %flag_set/vec4 10;
    %jmp/1 T_44.16, 10;
    %load/vec4 v0x5ce4d0fbc590_0;
    %nor/r;
    %flag_set/vec4 11;
    %flag_or 10, 11;
T_44.16;
    %flag_get/vec4 10;
    %jmp/0 T_44.15, 10;
    %pushi/vec4 0, 0, 33;
    %load/vec4 v0x5ce4d0fbdd70_0;
    %cmp/u;
    %flag_get/vec4 5;
    %and;
T_44.15;
    %and;
T_44.13;
    %flag_set/vec4 9;
    %flag_get/vec4 9;
    %jmp/0 T_44.12, 9;
    %load/vec4 v0x5ce4d11fcb60_0;
    %and;
T_44.12;
    %flag_set/vec4 8;
    %jmp/0xz  T_44.10, 8;
    %pushi/vec4 0, 0, 32;
    %assign/vec4 v0x5ce4d0fc4580_0, 0;
T_44.10 ;
    %jmp T_44.5;
T_44.5 ;
    %pop/vec4 1;
T_44.1 ;
    %jmp T_44;
    .thread T_44;
    .scope S_0x5ce4d0f8ef90;
T_45 ;
    %wait E_0x5ce4d0b85470;
    %load/vec4 v0x5ce4d1008020_0;
    %flag_set/vec4 8;
    %jmp/0xz  T_45.0, 8;
    %pushi/vec4 0, 0, 32;
    %assign/vec4 v0x5ce4d11fc3e0_0, 0;
    %pushi/vec4 0, 0, 9;
    %assign/vec4 v0x5ce4d11fc160_0, 0;
    %pushi/vec4 0, 0, 9;
    %assign/vec4 v0x5ce4d11fd060_0, 0;
    %pushi/vec4 0, 0, 33;
    %assign/vec4 v0x5ce4d11fc660_0, 0;
    %pushi/vec4 0, 0, 1;
    %assign/vec4 v0x5ce4d11fcde0_0, 0;
    %pushi/vec4 0, 0, 1;
    %assign/vec4 v0x5ce4d11fcb60_0, 0;
    %jmp T_45.1;
T_45.0 ;
    %load/vec4 v0x5ce4d11fc3e0_0;
    %dup/vec4;
    %pushi/vec4 0, 0, 32;
    %cmp/u;
    %jmp/1 T_45.2, 6;
    %dup/vec4;
    %pushi/vec4 1, 0, 32;
    %cmp/u;
    %jmp/1 T_45.3, 6;
    %jmp T_45.4;
T_45.2 ;
    %load/vec4 v0x5ce4d0fc3bc0_0;
    %pad/u 9;
    %assign/vec4 v0x5ce4d11fc160_0, 0;
    %load/vec4 v0x5ce4d0fc1e60_0;
    %pad/u 9;
    %assign/vec4 v0x5ce4d11fd060_0, 0;
    %load/vec4 v0x5ce4d0fbdd70_0;
    %assign/vec4 v0x5ce4d11fc660_0, 0;
    %pushi/vec4 0, 0, 1;
    %assign/vec4 v0x5ce4d11fcde0_0, 0;
    %pushi/vec4 0, 0, 1;
    %assign/vec4 v0x5ce4d11fcb60_0, 0;
    %load/vec4 v0x5ce4d0fc4580_0;
    %cmpi/e 1, 0, 32;
    %flag_get/vec4 4;
    %jmp/0 T_45.8, 4;
    %load/vec4 v0x5ce4d0fc11c0_0;
    %pad/u 32;
    %pushi/vec4 1, 0, 32;
    %cmp/e;
    %flag_get/vec4 4;
    %and;
T_45.8;
    %flag_set/vec4 9;
    %flag_get/vec4 9;
    %jmp/0 T_45.7, 9;
    %pushi/vec4 0, 0, 33;
    %load/vec4 v0x5ce4d0fbdd70_0;
    %cmp/u;
    %flag_get/vec4 5;
    %and;
T_45.7;
    %flag_set/vec4 8;
    %jmp/0xz  T_45.5, 8;
    %pushi/vec4 1, 0, 32;
    %assign/vec4 v0x5ce4d11fc3e0_0, 0;
T_45.5 ;
    %jmp T_45.4;
T_45.3 ;
    %load/vec4 v0x5ce4d0fd0fa0_0;
    %flag_set/vec4 10;
    %jmp/1 T_45.13, 10;
    %load/vec4 v0x5ce4d0fbc590_0;
    %nor/r;
    %flag_set/vec4 11;
    %flag_or 10, 11;
T_45.13;
    %flag_get/vec4 10;
    %jmp/0 T_45.12, 10;
    %pushi/vec4 0, 0, 33;
    %load/vec4 v0x5ce4d0fbdd70_0;
    %cmp/u;
    %flag_get/vec4 5;
    %and;
T_45.12;
    %flag_set/vec4 9;
    %flag_get/vec4 9;
    %jmp/0 T_45.11, 9;
    %pushi/vec4 0, 0, 33;
    %load/vec4 v0x5ce4d11fc660_0;
    %cmp/u;
    %flag_get/vec4 5;
    %and;
T_45.11;
    %flag_set/vec4 8;
    %jmp/0xz  T_45.9, 8;
    %load/vec4 v0x5ce4d11fc160_0;
    %load/vec4 v0x5ce4d11fd060_0;
    %add;
    %assign/vec4 v0x5ce4d11fc160_0, 0;
    %load/vec4 v0x5ce4d11fc660_0;
    %subi 1, 0, 33;
    %assign/vec4 v0x5ce4d11fc660_0, 0;
    %pushi/vec4 1, 0, 1;
    %assign/vec4 v0x5ce4d11fcde0_0, 0;
T_45.9 ;
    %load/vec4 v0x5ce4d0fd0fa0_0;
    %flag_set/vec4 10;
    %jmp/1 T_45.18, 10;
    %load/vec4 v0x5ce4d0fbc590_0;
    %nor/r;
    %flag_set/vec4 11;
    %flag_or 10, 11;
T_45.18;
    %flag_get/vec4 10;
    %jmp/0 T_45.17, 10;
    %pushi/vec4 0, 0, 33;
    %load/vec4 v0x5ce4d0fbdd70_0;
    %cmp/u;
    %flag_get/vec4 5;
    %and;
T_45.17;
    %flag_set/vec4 9;
    %flag_get/vec4 9;
    %jmp/0 T_45.16, 9;
    %load/vec4 v0x5ce4d11fc660_0;
    %cmpi/u 1, 0, 33;
    %flag_get/vec4 4;
    %flag_get/vec4 5;
    %or;
    %and;
T_45.16;
    %flag_set/vec4 8;
    %jmp/0xz  T_45.14, 8;
    %pushi/vec4 1, 0, 1;
    %assign/vec4 v0x5ce4d11fcb60_0, 0;
T_45.14 ;
    %load/vec4 v0x5ce4d11fcb60_0;
    %flag_set/vec4 10;
    %flag_get/vec4 10;
    %jmp/0 T_45.22, 10;
    %load/vec4 v0x5ce4d11fcde0_0;
    %and;
T_45.22;
    %flag_set/vec4 9;
    %flag_get/vec4 9;
    %jmp/0 T_45.21, 9;
    %load/vec4 v0x5ce4d0fd0fa0_0;
    %flag_set/vec4 9;
    %jmp/1 T_45.24, 9;
    %load/vec4 v0x5ce4d0fbc590_0;
    %nor/r;
    %flag_set/vec4 10;
    %flag_or 9, 10;
T_45.24;
    %flag_get/vec4 9;
    %jmp/0 T_45.23, 9;
    %pushi/vec4 0, 0, 33;
    %load/vec4 v0x5ce4d0fbdd70_0;
    %cmp/u;
    %flag_get/vec4 5;
    %and;
T_45.23;
    %and;
T_45.21;
    %flag_set/vec4 8;
    %jmp/0xz  T_45.19, 8;
    %pushi/vec4 0, 0, 1;
    %assign/vec4 v0x5ce4d11fcde0_0, 0;
    %pushi/vec4 0, 0, 1;
    %assign/vec4 v0x5ce4d11fcb60_0, 0;
T_45.19 ;
    %load/vec4 v0x5ce4d11fcb60_0;
    %flag_set/vec4 10;
    %flag_get/vec4 10;
    %jmp/0 T_45.28, 10;
    %load/vec4 v0x5ce4d11fcde0_0;
    %and;
T_45.28;
    %flag_set/vec4 9;
    %flag_get/vec4 9;
    %jmp/0 T_45.27, 9;
    %load/vec4 v0x5ce4d0fd0fa0_0;
    %flag_set/vec4 9;
    %jmp/1 T_45.30, 9;
    %load/vec4 v0x5ce4d0fbc590_0;
    %nor/r;
    %flag_set/vec4 10;
    %flag_or 9, 10;
T_45.30;
    %flag_get/vec4 9;
    %jmp/0 T_45.29, 9;
    %pushi/vec4 0, 0, 33;
    %load/vec4 v0x5ce4d0fbdd70_0;
    %cmp/u;
    %flag_get/vec4 5;
    %and;
T_45.29;
    %and;
T_45.27;
    %flag_set/vec4 8;
    %jmp/0xz  T_45.25, 8;
    %pushi/vec4 0, 0, 32;
    %assign/vec4 v0x5ce4d11fc3e0_0, 0;
T_45.25 ;
    %jmp T_45.4;
T_45.4 ;
    %pop/vec4 1;
T_45.1 ;
    %jmp T_45;
    .thread T_45;
    .scope S_0x5ce4d0f8ef90;
T_46 ;
    %wait E_0x5ce4d0b85470;
    %load/vec4 v0x5ce4d1008020_0;
    %flag_set/vec4 8;
    %jmp/0xz  T_46.0, 8;
    %pushi/vec4 0, 0, 32;
    %assign/vec4 v0x5ce4d0f843a0_0, 0;
    %pushi/vec4 0, 0, 1;
    %assign/vec4 v0x5ce4d0f72580_0, 0;
    %pushi/vec4 0, 0, 128;
    %assign/vec4 v0x5ce4d0f496d0_0, 0;
    %jmp T_46.1;
T_46.0 ;
    %load/vec4 v0x5ce4d0f843a0_0;
    %dup/vec4;
    %pushi/vec4 0, 0, 32;
    %cmp/u;
    %jmp/1 T_46.2, 6;
    %dup/vec4;
    %pushi/vec4 1, 0, 32;
    %cmp/u;
    %jmp/1 T_46.3, 6;
    %dup/vec4;
    %pushi/vec4 2, 0, 32;
    %cmp/u;
    %jmp/1 T_46.4, 6;
    %jmp T_46.5;
T_46.2 ;
    %load/vec4 v0x5ce4d0f87d90_0;
    %nor/r;
    %flag_set/vec4 10;
    %flag_get/vec4 10;
    %jmp/0 T_46.9, 10;
    %load/vec4 v0x5ce4d0f76fc0_0;
    %nor/r;
    %and;
T_46.9;
    %flag_set/vec4 9;
    %flag_get/vec4 9;
    %jmp/0 T_46.8, 9;
    %load/vec4 v0x5ce4d0f79e20_0;
    %pad/u 32;
    %pushi/vec4 1, 0, 32;
    %cmp/e;
    %flag_get/vec4 4;
    %and;
T_46.8;
    %flag_set/vec4 8;
    %jmp/0xz  T_46.6, 8;
    %pushi/vec4 1, 0, 32;
    %assign/vec4 v0x5ce4d0f843a0_0, 0;
T_46.6 ;
    %jmp T_46.5;
T_46.3 ;
    %pushi/vec4 0, 0, 1;
    %assign/vec4 v0x5ce4d0f72580_0, 0;
    %pushi/vec4 2, 0, 32;
    %assign/vec4 v0x5ce4d0f843a0_0, 0;
    %jmp T_46.5;
T_46.4 ;
    %load/vec4 v0x5ce4d11fce80_0;
    %flag_set/vec4 9;
    %flag_get/vec4 9;
    %jmp/0 T_46.12, 9;
    %load/vec4 v0x5ce4d11f81a0_0;
    %flag_set/vec4 9;
    %jmp/1 T_46.14, 9;
    %load/vec4 v0x5ce4d11f8240_0;
    %nor/r;
    %flag_set/vec4 10;
    %flag_or 9, 10;
T_46.14;
    %flag_get/vec4 9;
    %jmp/1 T_46.13, 9;
    %pushi/vec4 0, 0, 32;
    %load/vec4 v0x5ce4d0f72580_0;
    %pad/u 32;
    %cmp/u;
    %flag_get/vec4 5;
    %or;
T_46.13;
    %and;
T_46.12;
    %flag_set/vec4 8;
    %jmp/0xz  T_46.10, 8;
    %load/vec4 v0x5ce4d11fc980_0;
    %load/vec4 v0x5ce4d0f496d0_0;
    %parti/s 64, 64, 8;
    %concat/vec4; draw_concat_vec4
    %assign/vec4 v0x5ce4d0f496d0_0, 0;
    %load/vec4 v0x5ce4d0f72580_0;
    %pad/u 2;
    %addi 1, 0, 2;
    %pad/u 1;
    %assign/vec4 v0x5ce4d0f72580_0, 0;
T_46.10 ;
    %load/vec4 v0x5ce4d11fce80_0;
    %flag_set/vec4 10;
    %flag_get/vec4 10;
    %jmp/0 T_46.18, 10;
    %load/vec4 v0x5ce4d11f81a0_0;
    %flag_set/vec4 10;
    %jmp/1 T_46.20, 10;
    %load/vec4 v0x5ce4d11f8240_0;
    %nor/r;
    %flag_set/vec4 11;
    %flag_or 10, 11;
T_46.20;
    %flag_get/vec4 10;
    %jmp/1 T_46.19, 10;
    %pushi/vec4 0, 0, 32;
    %load/vec4 v0x5ce4d0f72580_0;
    %pad/u 32;
    %cmp/u;
    %flag_get/vec4 5;
    %or;
T_46.19;
    %and;
T_46.18;
    %flag_set/vec4 9;
    %flag_get/vec4 9;
    %jmp/0 T_46.17, 9;
    %load/vec4 v0x5ce4d0f72580_0;
    %pad/u 32;
    %pushi/vec4 1, 0, 32;
    %cmp/e;
    %flag_get/vec4 4;
    %and;
T_46.17;
    %flag_set/vec4 8;
    %jmp/0xz  T_46.15, 8;
    %pushi/vec4 0, 0, 1;
    %assign/vec4 v0x5ce4d0f72580_0, 0;
T_46.15 ;
    %load/vec4 v0x5ce4d0f72580_0;
    %pad/u 32;
    %cmpi/e 1, 0, 32;
    %flag_get/vec4 4;
    %jmp/0 T_46.25, 4;
    %load/vec4 v0x5ce4d11fce80_0;
    %and;
T_46.25;
    %flag_set/vec4 10;
    %flag_get/vec4 10;
    %jmp/0 T_46.24, 10;
    %load/vec4 v0x5ce4d11f81a0_0;
    %flag_set/vec4 10;
    %jmp/1 T_46.27, 10;
    %load/vec4 v0x5ce4d11f8240_0;
    %nor/r;
    %flag_set/vec4 11;
    %flag_or 10, 11;
T_46.27;
    %flag_get/vec4 10;
    %jmp/1 T_46.26, 10;
    %pushi/vec4 0, 0, 32;
    %load/vec4 v0x5ce4d0f72580_0;
    %pad/u 32;
    %cmp/u;
    %flag_get/vec4 5;
    %or;
T_46.26;
    %and;
T_46.24;
    %flag_set/vec4 9;
    %flag_get/vec4 9;
    %jmp/0 T_46.23, 9;
    %load/vec4 v0x5ce4d11fcc00_0;
    %and;
T_46.23;
    %flag_set/vec4 8;
    %jmp/0xz  T_46.21, 8;
    %pushi/vec4 0, 0, 32;
    %assign/vec4 v0x5ce4d0f843a0_0, 0;
T_46.21 ;
    %jmp T_46.5;
T_46.5 ;
    %pop/vec4 1;
T_46.1 ;
    %jmp T_46;
    .thread T_46;
    .scope S_0x5ce4d0f8ef90;
T_47 ;
    %wait E_0x5ce4d0b85470;
    %load/vec4 v0x5ce4d1008020_0;
    %flag_set/vec4 8;
    %jmp/0xz  T_47.0, 8;
    %pushi/vec4 0, 0, 32;
    %assign/vec4 v0x5ce4d11fc480_0, 0;
    %pushi/vec4 0, 0, 9;
    %assign/vec4 v0x5ce4d11fc200_0, 0;
    %pushi/vec4 0, 0, 9;
    %assign/vec4 v0x5ce4d11fd100_0, 0;
    %pushi/vec4 0, 0, 33;
    %assign/vec4 v0x5ce4d11fc700_0, 0;
    %pushi/vec4 0, 0, 1;
    %assign/vec4 v0x5ce4d11fce80_0, 0;
    %pushi/vec4 0, 0, 1;
    %assign/vec4 v0x5ce4d11fcc00_0, 0;
    %jmp T_47.1;
T_47.0 ;
    %load/vec4 v0x5ce4d11fc480_0;
    %dup/vec4;
    %pushi/vec4 0, 0, 32;
    %cmp/u;
    %jmp/1 T_47.2, 6;
    %dup/vec4;
    %pushi/vec4 1, 0, 32;
    %cmp/u;
    %jmp/1 T_47.3, 6;
    %jmp T_47.4;
T_47.2 ;
    %load/vec4 v0x5ce4d0f824c0_0;
    %pad/u 9;
    %assign/vec4 v0x5ce4d11fc200_0, 0;
    %load/vec4 v0x5ce4d0f7d7d0_0;
    %pad/u 9;
    %assign/vec4 v0x5ce4d11fd100_0, 0;
    %load/vec4 v0x5ce4d0f73ba0_0;
    %assign/vec4 v0x5ce4d11fc700_0, 0;
    %pushi/vec4 0, 0, 1;
    %assign/vec4 v0x5ce4d11fce80_0, 0;
    %pushi/vec4 0, 0, 1;
    %assign/vec4 v0x5ce4d11fcc00_0, 0;
    %load/vec4 v0x5ce4d0f843a0_0;
    %cmpi/e 1, 0, 32;
    %flag_get/vec4 4;
    %jmp/0 T_47.8, 4;
    %load/vec4 v0x5ce4d0f7aa70_0;
    %pad/u 32;
    %pushi/vec4 1, 0, 32;
    %cmp/e;
    %flag_get/vec4 4;
    %and;
T_47.8;
    %flag_set/vec4 9;
    %flag_get/vec4 9;
    %jmp/0 T_47.7, 9;
    %pushi/vec4 0, 0, 33;
    %load/vec4 v0x5ce4d0f73ba0_0;
    %cmp/u;
    %flag_get/vec4 5;
    %and;
T_47.7;
    %flag_set/vec4 8;
    %jmp/0xz  T_47.5, 8;
    %pushi/vec4 1, 0, 32;
    %assign/vec4 v0x5ce4d11fc480_0, 0;
T_47.5 ;
    %jmp T_47.4;
T_47.3 ;
    %load/vec4 v0x5ce4d11f81a0_0;
    %flag_set/vec4 9;
    %jmp/1 T_47.13, 9;
    %load/vec4 v0x5ce4d11f8240_0;
    %nor/r;
    %flag_set/vec4 10;
    %flag_or 9, 10;
T_47.13;
    %jmp/1 T_47.12, 9;
    %load/vec4 v0x5ce4d0f72580_0;
    %pad/u 32;
    %cmpi/u 0, 0, 32;
    %flag_or 5, 4; GT is !LE
    %flag_inv 5;
    %flag_or 9, 5;
T_47.12;
    %flag_get/vec4 9;
    %jmp/0 T_47.11, 9;
    %pushi/vec4 0, 0, 33;
    %load/vec4 v0x5ce4d11fc700_0;
    %cmp/u;
    %flag_get/vec4 5;
    %and;
T_47.11;
    %flag_set/vec4 8;
    %jmp/0xz  T_47.9, 8;
    %load/vec4 v0x5ce4d11fc200_0;
    %load/vec4 v0x5ce4d11fd100_0;
    %add;
    %assign/vec4 v0x5ce4d11fc200_0, 0;
    %load/vec4 v0x5ce4d11fc700_0;
    %subi 1, 0, 33;
    %assign/vec4 v0x5ce4d11fc700_0, 0;
    %pushi/vec4 1, 0, 1;
    %assign/vec4 v0x5ce4d11fce80_0, 0;
T_47.9 ;
    %load/vec4 v0x5ce4d11f81a0_0;
    %flag_set/vec4 9;
    %jmp/1 T_47.18, 9;
    %load/vec4 v0x5ce4d11f8240_0;
    %nor/r;
    %flag_set/vec4 10;
    %flag_or 9, 10;
T_47.18;
    %jmp/1 T_47.17, 9;
    %load/vec4 v0x5ce4d0f72580_0;
    %pad/u 32;
    %cmpi/u 0, 0, 32;
    %flag_or 5, 4; GT is !LE
    %flag_inv 5;
    %flag_or 9, 5;
T_47.17;
    %flag_get/vec4 9;
    %jmp/0 T_47.16, 9;
    %load/vec4 v0x5ce4d11fc700_0;
    %cmpi/u 1, 0, 33;
    %flag_get/vec4 4;
    %flag_get/vec4 5;
    %or;
    %and;
T_47.16;
    %flag_set/vec4 8;
    %jmp/0xz  T_47.14, 8;
    %pushi/vec4 1, 0, 1;
    %assign/vec4 v0x5ce4d11fcc00_0, 0;
T_47.14 ;
    %load/vec4 v0x5ce4d11fcc00_0;
    %flag_set/vec4 10;
    %flag_get/vec4 10;
    %jmp/0 T_47.22, 10;
    %load/vec4 v0x5ce4d11fce80_0;
    %and;
T_47.22;
    %flag_set/vec4 9;
    %flag_get/vec4 9;
    %jmp/0 T_47.21, 9;
    %load/vec4 v0x5ce4d11f81a0_0;
    %flag_set/vec4 9;
    %jmp/1 T_47.24, 9;
    %load/vec4 v0x5ce4d11f8240_0;
    %nor/r;
    %flag_set/vec4 10;
    %flag_or 9, 10;
T_47.24;
    %flag_get/vec4 9;
    %jmp/1 T_47.23, 9;
    %pushi/vec4 0, 0, 32;
    %load/vec4 v0x5ce4d0f72580_0;
    %pad/u 32;
    %cmp/u;
    %flag_get/vec4 5;
    %or;
T_47.23;
    %and;
T_47.21;
    %flag_set/vec4 8;
    %jmp/0xz  T_47.19, 8;
    %pushi/vec4 0, 0, 1;
    %assign/vec4 v0x5ce4d11fce80_0, 0;
    %pushi/vec4 0, 0, 1;
    %assign/vec4 v0x5ce4d11fcc00_0, 0;
T_47.19 ;
    %load/vec4 v0x5ce4d11fcc00_0;
    %flag_set/vec4 10;
    %flag_get/vec4 10;
    %jmp/0 T_47.28, 10;
    %load/vec4 v0x5ce4d11fce80_0;
    %and;
T_47.28;
    %flag_set/vec4 9;
    %flag_get/vec4 9;
    %jmp/0 T_47.27, 9;
    %load/vec4 v0x5ce4d11f81a0_0;
    %flag_set/vec4 9;
    %jmp/1 T_47.30, 9;
    %load/vec4 v0x5ce4d11f8240_0;
    %nor/r;
    %flag_set/vec4 10;
    %flag_or 9, 10;
T_47.30;
    %flag_get/vec4 9;
    %jmp/1 T_47.29, 9;
    %pushi/vec4 0, 0, 32;
    %load/vec4 v0x5ce4d0f72580_0;
    %pad/u 32;
    %cmp/u;
    %flag_get/vec4 5;
    %or;
T_47.29;
    %and;
T_47.27;
    %flag_set/vec4 8;
    %jmp/0xz  T_47.25, 8;
    %pushi/vec4 0, 0, 32;
    %assign/vec4 v0x5ce4d11fc480_0, 0;
T_47.25 ;
    %jmp T_47.4;
T_47.4 ;
    %pop/vec4 1;
T_47.1 ;
    %jmp T_47;
    .thread T_47;
    .scope S_0x5ce4d0f8ef90;
T_48 ;
    %wait E_0x5ce4d0b85470;
    %load/vec4 v0x5ce4d1008020_0;
    %flag_set/vec4 8;
    %jmp/0xz  T_48.0, 8;
    %pushi/vec4 0, 0, 32;
    %assign/vec4 v0x5ce4d100f530_0, 0;
    %pushi/vec4 0, 0, 1;
    %assign/vec4 v0x5ce4d101c1b0_0, 0;
    %pushi/vec4 0, 0, 1;
    %assign/vec4 v0x5ce4d1004590_0, 0;
    %pushi/vec4 0, 0, 128;
    %assign/vec4 v0x5ce4d10044f0_0, 0;
    %jmp T_48.1;
T_48.0 ;
    %load/vec4 v0x5ce4d100f530_0;
    %dup/vec4;
    %pushi/vec4 0, 0, 32;
    %cmp/u;
    %jmp/1 T_48.2, 6;
    %dup/vec4;
    %pushi/vec4 1, 0, 32;
    %cmp/u;
    %jmp/1 T_48.3, 6;
    %dup/vec4;
    %pushi/vec4 2, 0, 32;
    %cmp/u;
    %jmp/1 T_48.4, 6;
    %jmp T_48.5;
T_48.2 ;
    %load/vec4 v0x5ce4d100fcd0_0;
    %nor/r;
    %flag_set/vec4 10;
    %flag_get/vec4 10;
    %jmp/0 T_48.9, 10;
    %load/vec4 v0x5ce4d101ddd0_0;
    %nor/r;
    %and;
T_48.9;
    %flag_set/vec4 9;
    %flag_get/vec4 9;
    %jmp/0 T_48.8, 9;
    %load/vec4 v0x5ce4d0ff6310_0;
    %pad/u 32;
    %pushi/vec4 1, 0, 32;
    %cmp/e;
    %flag_get/vec4 4;
    %and;
T_48.8;
    %flag_set/vec4 8;
    %jmp/0xz  T_48.6, 8;
    %pushi/vec4 1, 0, 32;
    %assign/vec4 v0x5ce4d100f530_0, 0;
T_48.6 ;
    %jmp T_48.5;
T_48.3 ;
    %pushi/vec4 0, 0, 1;
    %assign/vec4 v0x5ce4d101c1b0_0, 0;
    %pushi/vec4 0, 0, 1;
    %assign/vec4 v0x5ce4d1004590_0, 0;
    %pushi/vec4 2, 0, 32;
    %assign/vec4 v0x5ce4d100f530_0, 0;
    %jmp T_48.5;
T_48.4 ;
    %load/vec4 v0x5ce4d0ff7960_0;
    %pad/u 32;
    %cmpi/e 1, 0, 32;
    %jmp/0xz  T_48.10, 4;
    %pushi/vec4 0, 0, 1;
    %assign/vec4 v0x5ce4d1004590_0, 0;
T_48.10 ;
    %load/vec4 v0x5ce4d0ff7960_0;
    %pad/u 32;
    %cmpi/e 1, 0, 32;
    %flag_get/vec4 4;
    %jmp/0 T_48.15, 4;
    %load/vec4 v0x5ce4d11f7a20_0;
    %and;
T_48.15;
    %flag_set/vec4 9;
    %flag_get/vec4 9;
    %jmp/0 T_48.14, 9;
    %load/vec4 v0x5ce4d101c1b0_0;
    %pad/u 32;
    %pushi/vec4 0, 0, 32;
    %cmp/e;
    %flag_get/vec4 4;
    %and;
T_48.14;
    %flag_set/vec4 8;
    %jmp/0xz  T_48.12, 8;
    %load/vec4 v0x5ce4d101c1b0_0;
    %pad/u 2;
    %addi 1, 0, 2;
    %pad/u 1;
    %assign/vec4 v0x5ce4d101c1b0_0, 0;
    %load/vec4 v0x5ce4d11f7840_0;
    %assign/vec4 v0x5ce4d10044f0_0, 0;
    %pushi/vec4 1, 0, 1;
    %assign/vec4 v0x5ce4d1004590_0, 0;
T_48.12 ;
    %load/vec4 v0x5ce4d0ff7960_0;
    %pad/u 32;
    %cmpi/e 1, 0, 32;
    %flag_get/vec4 4;
    %jmp/0 T_48.18, 4;
    %pushi/vec4 0, 0, 32;
    %load/vec4 v0x5ce4d101c1b0_0;
    %pad/u 32;
    %cmp/u;
    %flag_get/vec4 5;
    %and;
T_48.18;
    %flag_set/vec4 8;
    %jmp/0xz  T_48.16, 8;
    %load/vec4 v0x5ce4d101c1b0_0;
    %pad/u 2;
    %addi 1, 0, 2;
    %pad/u 1;
    %assign/vec4 v0x5ce4d101c1b0_0, 0;
    %load/vec4 v0x5ce4d10044f0_0;
    %ix/load 4, 64, 0;
    %flag_set/imm 4, 0;
    %shiftr 4;
    %assign/vec4 v0x5ce4d10044f0_0, 0;
    %pushi/vec4 1, 0, 1;
    %assign/vec4 v0x5ce4d1004590_0, 0;
T_48.16 ;
    %load/vec4 v0x5ce4d0ff7960_0;
    %pad/u 32;
    %cmpi/e 1, 0, 32;
    %flag_get/vec4 4;
    %jmp/0 T_48.21, 4;
    %load/vec4 v0x5ce4d101c1b0_0;
    %pad/u 32;
    %pushi/vec4 1, 0, 32;
    %cmp/e;
    %flag_get/vec4 4;
    %and;
T_48.21;
    %flag_set/vec4 8;
    %jmp/0xz  T_48.19, 8;
    %pushi/vec4 0, 0, 1;
    %assign/vec4 v0x5ce4d101c1b0_0, 0;
T_48.19 ;
    %load/vec4 v0x5ce4d0fe9760_0;
    %cmpi/u 1, 0, 33;
    %flag_or 5, 4;
    %flag_get/vec4 5;
    %jmp/0 T_48.25, 5;
    %load/vec4 v0x5ce4d0ff7960_0;
    %pad/u 32;
    %pushi/vec4 1, 0, 32;
    %cmp/e;
    %flag_get/vec4 4;
    %and;
T_48.25;
    %flag_set/vec4 9;
    %flag_get/vec4 9;
    %jmp/0 T_48.24, 9;
    %pushi/vec4 0, 0, 32;
    %load/vec4 v0x5ce4d101c1b0_0;
    %pad/u 32;
    %cmp/u;
    %flag_get/vec4 5;
    %and;
T_48.24;
    %flag_set/vec4 8;
    %jmp/0xz  T_48.22, 8;
    %pushi/vec4 0, 0, 32;
    %assign/vec4 v0x5ce4d100f530_0, 0;
T_48.22 ;
    %load/vec4 v0x5ce4d0fe9760_0;
    %cmpi/u 1, 0, 33;
    %flag_or 5, 4;
    %flag_get/vec4 5;
    %jmp/0 T_48.30, 5;
    %load/vec4 v0x5ce4d0ff7960_0;
    %pad/u 32;
    %pushi/vec4 1, 0, 32;
    %cmp/e;
    %flag_get/vec4 4;
    %and;
T_48.30;
    %flag_set/vec4 10;
    %flag_get/vec4 10;
    %jmp/0 T_48.29, 10;
    %load/vec4 v0x5ce4d11f7a20_0;
    %and;
T_48.29;
    %flag_set/vec4 9;
    %flag_get/vec4 9;
    %jmp/0 T_48.28, 9;
    %load/vec4 v0x5ce4d101c1b0_0;
    %pad/u 32;
    %pushi/vec4 0, 0, 32;
    %cmp/e;
    %flag_get/vec4 4;
    %and;
T_48.28;
    %flag_set/vec4 8;
    %jmp/0xz  T_48.26, 8;
    %pushi/vec4 0, 0, 32;
    %assign/vec4 v0x5ce4d100f530_0, 0;
T_48.26 ;
    %jmp T_48.5;
T_48.5 ;
    %pop/vec4 1;
T_48.1 ;
    %jmp T_48;
    .thread T_48;
    .scope S_0x5ce4d0f8ef90;
T_49 ;
    %wait E_0x5ce4d0b85470;
    %load/vec4 v0x5ce4d1008020_0;
    %flag_set/vec4 8;
    %jmp/0xz  T_49.0, 8;
    %pushi/vec4 0, 0, 32;
    %assign/vec4 v0x5ce4d11fec80_0, 0;
    %pushi/vec4 0, 0, 9;
    %assign/vec4 v0x5ce4d11fe820_0, 0;
    %pushi/vec4 0, 0, 9;
    %assign/vec4 v0x5ce4d11ff040_0, 0;
    %pushi/vec4 0, 0, 33;
    %assign/vec4 v0x5ce4d11fee60_0, 0;
    %pushi/vec4 0, 0, 1;
    %assign/vec4 v0x5ce4d11feaa0_0, 0;
    %jmp T_49.1;
T_49.0 ;
    %load/vec4 v0x5ce4d11fec80_0;
    %dup/vec4;
    %pushi/vec4 0, 0, 32;
    %cmp/u;
    %jmp/1 T_49.2, 6;
    %dup/vec4;
    %pushi/vec4 1, 0, 32;
    %cmp/u;
    %jmp/1 T_49.3, 6;
    %jmp T_49.4;
T_49.2 ;
    %load/vec4 v0x5ce4d0feacd0_0;
    %pad/u 9;
    %assign/vec4 v0x5ce4d11fe820_0, 0;
    %load/vec4 v0x5ce4d0fe8fc0_0;
    %pad/u 9;
    %assign/vec4 v0x5ce4d11ff040_0, 0;
    %load/vec4 v0x5ce4d0fe9760_0;
    %assign/vec4 v0x5ce4d11fee60_0, 0;
    %pushi/vec4 0, 0, 1;
    %assign/vec4 v0x5ce4d11feaa0_0, 0;
    %load/vec4 v0x5ce4d100f530_0;
    %cmpi/e 1, 0, 32;
    %flag_get/vec4 4;
    %jmp/0 T_49.8, 4;
    %load/vec4 v0x5ce4d0ff7960_0;
    %pad/u 32;
    %pushi/vec4 1, 0, 32;
    %cmp/e;
    %flag_get/vec4 4;
    %and;
T_49.8;
    %flag_set/vec4 9;
    %flag_get/vec4 9;
    %jmp/0 T_49.7, 9;
    %pushi/vec4 0, 0, 33;
    %load/vec4 v0x5ce4d0fe9760_0;
    %cmp/u;
    %flag_get/vec4 5;
    %and;
T_49.7;
    %flag_set/vec4 8;
    %jmp/0xz  T_49.5, 8;
    %pushi/vec4 1, 0, 32;
    %assign/vec4 v0x5ce4d11fec80_0, 0;
T_49.5 ;
    %jmp T_49.4;
T_49.3 ;
    %load/vec4 v0x5ce4d1004590_0;
    %flag_set/vec4 8;
    %jmp/0xz  T_49.9, 8;
    %load/vec4 v0x5ce4d11fe820_0;
    %load/vec4 v0x5ce4d11ff040_0;
    %add;
    %assign/vec4 v0x5ce4d11fe820_0, 0;
    %load/vec4 v0x5ce4d11fee60_0;
    %subi 1, 0, 33;
    %assign/vec4 v0x5ce4d11fee60_0, 0;
    %pushi/vec4 0, 0, 1;
    %assign/vec4 v0x5ce4d11feaa0_0, 0;
T_49.9 ;
    %load/vec4 v0x5ce4d1004590_0;
    %flag_set/vec4 9;
    %flag_get/vec4 9;
    %jmp/0 T_49.13, 9;
    %load/vec4 v0x5ce4d11fee60_0;
    %cmpi/u 1, 0, 33;
    %flag_get/vec4 4;
    %flag_get/vec4 5;
    %or;
    %and;
T_49.13;
    %flag_set/vec4 8;
    %jmp/0xz  T_49.11, 8;
    %pushi/vec4 1, 0, 1;
    %assign/vec4 v0x5ce4d11feaa0_0, 0;
T_49.11 ;
    %load/vec4 v0x5ce4d1004590_0;
    %flag_set/vec4 9;
    %flag_get/vec4 9;
    %jmp/0 T_49.16, 9;
    %pushi/vec4 0, 0, 1;
    %and;
T_49.16;
    %flag_set/vec4 8;
    %jmp/0xz  T_49.14, 8;
    %pushi/vec4 1, 0, 1;
    %assign/vec4 v0x5ce4d11feaa0_0, 0;
T_49.14 ;
    %load/vec4 v0x5ce4d1004590_0;
    %flag_set/vec4 9;
    %flag_get/vec4 9;
    %jmp/0 T_49.19, 9;
    %load/vec4 v0x5ce4d11fee60_0;
    %cmpi/u 1, 0, 33;
    %flag_get/vec4 4;
    %flag_get/vec4 5;
    %or;
    %and;
T_49.19;
    %flag_set/vec4 8;
    %jmp/0xz  T_49.17, 8;
    %pushi/vec4 0, 0, 32;
    %assign/vec4 v0x5ce4d11fec80_0, 0;
T_49.17 ;
    %load/vec4 v0x5ce4d1004590_0;
    %flag_set/vec4 9;
    %flag_get/vec4 9;
    %jmp/0 T_49.22, 9;
    %pushi/vec4 0, 0, 1;
    %and;
T_49.22;
    %flag_set/vec4 8;
    %jmp/0xz  T_49.20, 8;
    %pushi/vec4 0, 0, 32;
    %assign/vec4 v0x5ce4d11fec80_0, 0;
T_49.20 ;
    %jmp T_49.4;
T_49.4 ;
    %pop/vec4 1;
T_49.1 ;
    %jmp T_49;
    .thread T_49;
    .scope S_0x5ce4d0f8ef90;
T_50 ;
    %wait E_0x5ce4d0b85470;
    %load/vec4 v0x5ce4d1008020_0;
    %flag_set/vec4 8;
    %jmp/0xz  T_50.0, 8;
    %pushi/vec4 0, 0, 32;
    %assign/vec4 v0x5ce4d0f593a0_0, 0;
    %pushi/vec4 0, 0, 1;
    %assign/vec4 v0x5ce4d0f8a390_0, 0;
    %pushi/vec4 0, 0, 128;
    %assign/vec4 v0x5ce4d0f8a430_0, 0;
    %jmp T_50.1;
T_50.0 ;
    %load/vec4 v0x5ce4d0f593a0_0;
    %dup/vec4;
    %pushi/vec4 0, 0, 32;
    %cmp/u;
    %jmp/1 T_50.2, 6;
    %dup/vec4;
    %pushi/vec4 1, 0, 32;
    %cmp/u;
    %jmp/1 T_50.3, 6;
    %dup/vec4;
    %pushi/vec4 2, 0, 32;
    %cmp/u;
    %jmp/1 T_50.4, 6;
    %jmp T_50.5;
T_50.2 ;
    %load/vec4 v0x5ce4d0f59b20_0;
    %nor/r;
    %flag_set/vec4 10;
    %flag_get/vec4 10;
    %jmp/0 T_50.9, 10;
    %load/vec4 v0x5ce4d0f63df0_0;
    %nor/r;
    %and;
T_50.9;
    %flag_set/vec4 9;
    %flag_get/vec4 9;
    %jmp/0 T_50.8, 9;
    %load/vec4 v0x5ce4d0f6d8e0_0;
    %pad/u 32;
    %pushi/vec4 1, 0, 32;
    %cmp/e;
    %flag_get/vec4 4;
    %and;
T_50.8;
    %flag_set/vec4 8;
    %jmp/0xz  T_50.6, 8;
    %pushi/vec4 1, 0, 32;
    %assign/vec4 v0x5ce4d0f593a0_0, 0;
T_50.6 ;
    %jmp T_50.5;
T_50.3 ;
    %pushi/vec4 0, 0, 1;
    %assign/vec4 v0x5ce4d0f8a390_0, 0;
    %pushi/vec4 2, 0, 32;
    %assign/vec4 v0x5ce4d0f593a0_0, 0;
    %jmp T_50.5;
T_50.4 ;
    %load/vec4 v0x5ce4d11fcf20_0;
    %flag_set/vec4 9;
    %flag_get/vec4 9;
    %jmp/0 T_50.12, 9;
    %load/vec4 v0x5ce4d11f7f20_0;
    %flag_set/vec4 9;
    %jmp/1 T_50.14, 9;
    %load/vec4 v0x5ce4d11f7fc0_0;
    %nor/r;
    %flag_set/vec4 10;
    %flag_or 9, 10;
T_50.14;
    %flag_get/vec4 9;
    %jmp/1 T_50.13, 9;
    %pushi/vec4 0, 0, 32;
    %load/vec4 v0x5ce4d0f8a390_0;
    %pad/u 32;
    %cmp/u;
    %flag_get/vec4 5;
    %or;
T_50.13;
    %and;
T_50.12;
    %flag_set/vec4 8;
    %jmp/0xz  T_50.10, 8;
    %load/vec4 v0x5ce4d11fca20_0;
    %load/vec4 v0x5ce4d0f8a430_0;
    %parti/s 64, 64, 8;
    %concat/vec4; draw_concat_vec4
    %assign/vec4 v0x5ce4d0f8a430_0, 0;
    %load/vec4 v0x5ce4d0f8a390_0;
    %pad/u 2;
    %addi 1, 0, 2;
    %pad/u 1;
    %assign/vec4 v0x5ce4d0f8a390_0, 0;
T_50.10 ;
    %load/vec4 v0x5ce4d11fcf20_0;
    %flag_set/vec4 10;
    %flag_get/vec4 10;
    %jmp/0 T_50.18, 10;
    %load/vec4 v0x5ce4d11f7f20_0;
    %flag_set/vec4 10;
    %jmp/1 T_50.20, 10;
    %load/vec4 v0x5ce4d11f7fc0_0;
    %nor/r;
    %flag_set/vec4 11;
    %flag_or 10, 11;
T_50.20;
    %flag_get/vec4 10;
    %jmp/1 T_50.19, 10;
    %pushi/vec4 0, 0, 32;
    %load/vec4 v0x5ce4d0f8a390_0;
    %pad/u 32;
    %cmp/u;
    %flag_get/vec4 5;
    %or;
T_50.19;
    %and;
T_50.18;
    %flag_set/vec4 9;
    %flag_get/vec4 9;
    %jmp/0 T_50.17, 9;
    %load/vec4 v0x5ce4d0f8a390_0;
    %pad/u 32;
    %pushi/vec4 1, 0, 32;
    %cmp/e;
    %flag_get/vec4 4;
    %and;
T_50.17;
    %flag_set/vec4 8;
    %jmp/0xz  T_50.15, 8;
    %pushi/vec4 0, 0, 1;
    %assign/vec4 v0x5ce4d0f8a390_0, 0;
T_50.15 ;
    %load/vec4 v0x5ce4d0f8a390_0;
    %pad/u 32;
    %cmpi/e 1, 0, 32;
    %flag_get/vec4 4;
    %jmp/0 T_50.25, 4;
    %load/vec4 v0x5ce4d11fcf20_0;
    %and;
T_50.25;
    %flag_set/vec4 10;
    %flag_get/vec4 10;
    %jmp/0 T_50.24, 10;
    %load/vec4 v0x5ce4d11f7f20_0;
    %flag_set/vec4 10;
    %jmp/1 T_50.27, 10;
    %load/vec4 v0x5ce4d11f7fc0_0;
    %nor/r;
    %flag_set/vec4 11;
    %flag_or 10, 11;
T_50.27;
    %flag_get/vec4 10;
    %jmp/1 T_50.26, 10;
    %pushi/vec4 0, 0, 32;
    %load/vec4 v0x5ce4d0f8a390_0;
    %pad/u 32;
    %cmp/u;
    %flag_get/vec4 5;
    %or;
T_50.26;
    %and;
T_50.24;
    %flag_set/vec4 9;
    %flag_get/vec4 9;
    %jmp/0 T_50.23, 9;
    %load/vec4 v0x5ce4d11fcca0_0;
    %and;
T_50.23;
    %flag_set/vec4 8;
    %jmp/0xz  T_50.21, 8;
    %pushi/vec4 0, 0, 32;
    %assign/vec4 v0x5ce4d0f593a0_0, 0;
T_50.21 ;
    %jmp T_50.5;
T_50.5 ;
    %pop/vec4 1;
T_50.1 ;
    %jmp T_50;
    .thread T_50;
    .scope S_0x5ce4d0f8ef90;
T_51 ;
    %wait E_0x5ce4d0b85470;
    %load/vec4 v0x5ce4d1008020_0;
    %flag_set/vec4 8;
    %jmp/0xz  T_51.0, 8;
    %pushi/vec4 0, 0, 32;
    %assign/vec4 v0x5ce4d11fc520_0, 0;
    %pushi/vec4 0, 0, 9;
    %assign/vec4 v0x5ce4d11fc2a0_0, 0;
    %pushi/vec4 0, 0, 9;
    %assign/vec4 v0x5ce4d11fd1a0_0, 0;
    %pushi/vec4 0, 0, 33;
    %assign/vec4 v0x5ce4d11fc7a0_0, 0;
    %pushi/vec4 0, 0, 1;
    %assign/vec4 v0x5ce4d11fcf20_0, 0;
    %pushi/vec4 0, 0, 1;
    %assign/vec4 v0x5ce4d11fcca0_0, 0;
    %jmp T_51.1;
T_51.0 ;
    %load/vec4 v0x5ce4d11fc520_0;
    %dup/vec4;
    %pushi/vec4 0, 0, 32;
    %cmp/u;
    %jmp/1 T_51.2, 6;
    %dup/vec4;
    %pushi/vec4 1, 0, 32;
    %cmp/u;
    %jmp/1 T_51.3, 6;
    %jmp T_51.4;
T_51.2 ;
    %load/vec4 v0x5ce4d0f6f4f0_0;
    %pad/u 9;
    %assign/vec4 v0x5ce4d11fc2a0_0, 0;
    %load/vec4 v0x5ce4d0f6df80_0;
    %pad/u 9;
    %assign/vec4 v0x5ce4d11fd1a0_0, 0;
    %load/vec4 v0x5ce4d0f3bcf0_0;
    %assign/vec4 v0x5ce4d11fc7a0_0, 0;
    %pushi/vec4 0, 0, 1;
    %assign/vec4 v0x5ce4d11fcf20_0, 0;
    %pushi/vec4 0, 0, 1;
    %assign/vec4 v0x5ce4d11fcca0_0, 0;
    %load/vec4 v0x5ce4d0f593a0_0;
    %cmpi/e 1, 0, 32;
    %flag_get/vec4 4;
    %jmp/0 T_51.8, 4;
    %load/vec4 v0x5ce4d0f6d800_0;
    %pad/u 32;
    %pushi/vec4 1, 0, 32;
    %cmp/e;
    %flag_get/vec4 4;
    %and;
T_51.8;
    %flag_set/vec4 9;
    %flag_get/vec4 9;
    %jmp/0 T_51.7, 9;
    %pushi/vec4 0, 0, 33;
    %load/vec4 v0x5ce4d0f3bcf0_0;
    %cmp/u;
    %flag_get/vec4 5;
    %and;
T_51.7;
    %flag_set/vec4 8;
    %jmp/0xz  T_51.5, 8;
    %pushi/vec4 1, 0, 32;
    %assign/vec4 v0x5ce4d11fc520_0, 0;
T_51.5 ;
    %jmp T_51.4;
T_51.3 ;
    %load/vec4 v0x5ce4d11f7f20_0;
    %flag_set/vec4 9;
    %jmp/1 T_51.13, 9;
    %load/vec4 v0x5ce4d11f7fc0_0;
    %nor/r;
    %flag_set/vec4 10;
    %flag_or 9, 10;
T_51.13;
    %jmp/1 T_51.12, 9;
    %load/vec4 v0x5ce4d0f8a390_0;
    %pad/u 32;
    %cmpi/u 0, 0, 32;
    %flag_or 5, 4; GT is !LE
    %flag_inv 5;
    %flag_or 9, 5;
T_51.12;
    %flag_get/vec4 9;
    %jmp/0 T_51.11, 9;
    %pushi/vec4 0, 0, 33;
    %load/vec4 v0x5ce4d11fc7a0_0;
    %cmp/u;
    %flag_get/vec4 5;
    %and;
T_51.11;
    %flag_set/vec4 8;
    %jmp/0xz  T_51.9, 8;
    %load/vec4 v0x5ce4d11fc2a0_0;
    %load/vec4 v0x5ce4d11fd1a0_0;
    %add;
    %assign/vec4 v0x5ce4d11fc2a0_0, 0;
    %load/vec4 v0x5ce4d11fc7a0_0;
    %subi 1, 0, 33;
    %assign/vec4 v0x5ce4d11fc7a0_0, 0;
    %pushi/vec4 1, 0, 1;
    %assign/vec4 v0x5ce4d11fcf20_0, 0;
T_51.9 ;
    %load/vec4 v0x5ce4d11f7f20_0;
    %flag_set/vec4 9;
    %jmp/1 T_51.18, 9;
    %load/vec4 v0x5ce4d11f7fc0_0;
    %nor/r;
    %flag_set/vec4 10;
    %flag_or 9, 10;
T_51.18;
    %jmp/1 T_51.17, 9;
    %load/vec4 v0x5ce4d0f8a390_0;
    %pad/u 32;
    %cmpi/u 0, 0, 32;
    %flag_or 5, 4; GT is !LE
    %flag_inv 5;
    %flag_or 9, 5;
T_51.17;
    %flag_get/vec4 9;
    %jmp/0 T_51.16, 9;
    %load/vec4 v0x5ce4d11fc7a0_0;
    %cmpi/u 1, 0, 33;
    %flag_get/vec4 4;
    %flag_get/vec4 5;
    %or;
    %and;
T_51.16;
    %flag_set/vec4 8;
    %jmp/0xz  T_51.14, 8;
    %pushi/vec4 1, 0, 1;
    %assign/vec4 v0x5ce4d11fcca0_0, 0;
T_51.14 ;
    %load/vec4 v0x5ce4d11fcca0_0;
    %flag_set/vec4 10;
    %flag_get/vec4 10;
    %jmp/0 T_51.22, 10;
    %load/vec4 v0x5ce4d11fcf20_0;
    %and;
T_51.22;
    %flag_set/vec4 9;
    %flag_get/vec4 9;
    %jmp/0 T_51.21, 9;
    %load/vec4 v0x5ce4d11f7f20_0;
    %flag_set/vec4 9;
    %jmp/1 T_51.24, 9;
    %load/vec4 v0x5ce4d11f7fc0_0;
    %nor/r;
    %flag_set/vec4 10;
    %flag_or 9, 10;
T_51.24;
    %flag_get/vec4 9;
    %jmp/1 T_51.23, 9;
    %pushi/vec4 0, 0, 32;
    %load/vec4 v0x5ce4d0f8a390_0;
    %pad/u 32;
    %cmp/u;
    %flag_get/vec4 5;
    %or;
T_51.23;
    %and;
T_51.21;
    %flag_set/vec4 8;
    %jmp/0xz  T_51.19, 8;
    %pushi/vec4 0, 0, 1;
    %assign/vec4 v0x5ce4d11fcf20_0, 0;
    %pushi/vec4 0, 0, 1;
    %assign/vec4 v0x5ce4d11fcca0_0, 0;
T_51.19 ;
    %load/vec4 v0x5ce4d11fcca0_0;
    %flag_set/vec4 10;
    %flag_get/vec4 10;
    %jmp/0 T_51.28, 10;
    %load/vec4 v0x5ce4d11fcf20_0;
    %and;
T_51.28;
    %flag_set/vec4 9;
    %flag_get/vec4 9;
    %jmp/0 T_51.27, 9;
    %load/vec4 v0x5ce4d11f7f20_0;
    %flag_set/vec4 9;
    %jmp/1 T_51.30, 9;
    %load/vec4 v0x5ce4d11f7fc0_0;
    %nor/r;
    %flag_set/vec4 10;
    %flag_or 9, 10;
T_51.30;
    %flag_get/vec4 9;
    %jmp/1 T_51.29, 9;
    %pushi/vec4 0, 0, 32;
    %load/vec4 v0x5ce4d0f8a390_0;
    %pad/u 32;
    %cmp/u;
    %flag_get/vec4 5;
    %or;
T_51.29;
    %and;
T_51.27;
    %flag_set/vec4 8;
    %jmp/0xz  T_51.25, 8;
    %pushi/vec4 0, 0, 32;
    %assign/vec4 v0x5ce4d11fc520_0, 0;
T_51.25 ;
    %jmp T_51.4;
T_51.4 ;
    %pop/vec4 1;
T_51.1 ;
    %jmp T_51;
    .thread T_51;
    .scope S_0x5ce4d0f8ef90;
T_52 ;
    %wait E_0x5ce4d0b85470;
    %load/vec4 v0x5ce4d1008020_0;
    %flag_set/vec4 8;
    %jmp/0xz  T_52.0, 8;
    %pushi/vec4 0, 0, 32;
    %assign/vec4 v0x5ce4d1002800_0, 0;
    %pushi/vec4 0, 0, 1;
    %assign/vec4 v0x5ce4d0f37c40_0, 0;
    %pushi/vec4 0, 0, 1;
    %assign/vec4 v0x5ce4d0f5b090_0, 0;
    %pushi/vec4 0, 0, 128;
    %assign/vec4 v0x5ce4d0f37ce0_0, 0;
    %jmp T_52.1;
T_52.0 ;
    %load/vec4 v0x5ce4d1002800_0;
    %dup/vec4;
    %pushi/vec4 0, 0, 32;
    %cmp/u;
    %jmp/1 T_52.2, 6;
    %dup/vec4;
    %pushi/vec4 1, 0, 32;
    %cmp/u;
    %jmp/1 T_52.3, 6;
    %dup/vec4;
    %pushi/vec4 2, 0, 32;
    %cmp/u;
    %jmp/1 T_52.4, 6;
    %jmp T_52.5;
T_52.2 ;
    %load/vec4 v0x5ce4d1002f80_0;
    %nor/r;
    %flag_set/vec4 10;
    %flag_get/vec4 10;
    %jmp/0 T_52.9, 10;
    %load/vec4 v0x5ce4d0fccfa0_0;
    %nor/r;
    %and;
T_52.9;
    %flag_set/vec4 9;
    %flag_get/vec4 9;
    %jmp/0 T_52.8, 9;
    %load/vec4 v0x5ce4d0fcecd0_0;
    %pad/u 32;
    %pushi/vec4 1, 0, 32;
    %cmp/e;
    %flag_get/vec4 4;
    %and;
T_52.8;
    %flag_set/vec4 8;
    %jmp/0xz  T_52.6, 8;
    %pushi/vec4 1, 0, 32;
    %assign/vec4 v0x5ce4d1002800_0, 0;
T_52.6 ;
    %jmp T_52.5;
T_52.3 ;
    %pushi/vec4 0, 0, 1;
    %assign/vec4 v0x5ce4d0f37c40_0, 0;
    %pushi/vec4 0, 0, 1;
    %assign/vec4 v0x5ce4d0f5b090_0, 0;
    %pushi/vec4 2, 0, 32;
    %assign/vec4 v0x5ce4d1002800_0, 0;
    %jmp T_52.5;
T_52.4 ;
    %load/vec4 v0x5ce4d0fcebf0_0;
    %pad/u 32;
    %cmpi/e 1, 0, 32;
    %jmp/0xz  T_52.10, 4;
    %pushi/vec4 0, 0, 1;
    %assign/vec4 v0x5ce4d0f5b090_0, 0;
T_52.10 ;
    %load/vec4 v0x5ce4d0fcebf0_0;
    %pad/u 32;
    %cmpi/e 1, 0, 32;
    %flag_get/vec4 4;
    %jmp/0 T_52.15, 4;
    %load/vec4 v0x5ce4d11f7ca0_0;
    %and;
T_52.15;
    %flag_set/vec4 9;
    %flag_get/vec4 9;
    %jmp/0 T_52.14, 9;
    %load/vec4 v0x5ce4d0f37c40_0;
    %pad/u 32;
    %pushi/vec4 0, 0, 32;
    %cmp/e;
    %flag_get/vec4 4;
    %and;
T_52.14;
    %flag_set/vec4 8;
    %jmp/0xz  T_52.12, 8;
    %load/vec4 v0x5ce4d0f37c40_0;
    %pad/u 2;
    %addi 1, 0, 2;
    %pad/u 1;
    %assign/vec4 v0x5ce4d0f37c40_0, 0;
    %load/vec4 v0x5ce4d11f7ac0_0;
    %assign/vec4 v0x5ce4d0f37ce0_0, 0;
    %pushi/vec4 1, 0, 1;
    %assign/vec4 v0x5ce4d0f5b090_0, 0;
T_52.12 ;
    %load/vec4 v0x5ce4d0fcebf0_0;
    %pad/u 32;
    %cmpi/e 1, 0, 32;
    %flag_get/vec4 4;
    %jmp/0 T_52.18, 4;
    %pushi/vec4 0, 0, 32;
    %load/vec4 v0x5ce4d0f37c40_0;
    %pad/u 32;
    %cmp/u;
    %flag_get/vec4 5;
    %and;
T_52.18;
    %flag_set/vec4 8;
    %jmp/0xz  T_52.16, 8;
    %load/vec4 v0x5ce4d0f37c40_0;
    %pad/u 2;
    %addi 1, 0, 2;
    %pad/u 1;
    %assign/vec4 v0x5ce4d0f37c40_0, 0;
    %load/vec4 v0x5ce4d0f37ce0_0;
    %ix/load 4, 64, 0;
    %flag_set/imm 4, 0;
    %shiftr 4;
    %assign/vec4 v0x5ce4d0f37ce0_0, 0;
    %pushi/vec4 1, 0, 1;
    %assign/vec4 v0x5ce4d0f5b090_0, 0;
T_52.16 ;
    %load/vec4 v0x5ce4d0fcebf0_0;
    %pad/u 32;
    %cmpi/e 1, 0, 32;
    %flag_get/vec4 4;
    %jmp/0 T_52.21, 4;
    %load/vec4 v0x5ce4d0f37c40_0;
    %pad/u 32;
    %pushi/vec4 1, 0, 32;
    %cmp/e;
    %flag_get/vec4 4;
    %and;
T_52.21;
    %flag_set/vec4 8;
    %jmp/0xz  T_52.19, 8;
    %pushi/vec4 0, 0, 1;
    %assign/vec4 v0x5ce4d0f37c40_0, 0;
T_52.19 ;
    %load/vec4 v0x5ce4d0fdb6c0_0;
    %cmpi/u 1, 0, 33;
    %flag_or 5, 4;
    %flag_get/vec4 5;
    %jmp/0 T_52.25, 5;
    %load/vec4 v0x5ce4d0fcebf0_0;
    %pad/u 32;
    %pushi/vec4 1, 0, 32;
    %cmp/e;
    %flag_get/vec4 4;
    %and;
T_52.25;
    %flag_set/vec4 9;
    %flag_get/vec4 9;
    %jmp/0 T_52.24, 9;
    %pushi/vec4 0, 0, 32;
    %load/vec4 v0x5ce4d0f37c40_0;
    %pad/u 32;
    %cmp/u;
    %flag_get/vec4 5;
    %and;
T_52.24;
    %flag_set/vec4 8;
    %jmp/0xz  T_52.22, 8;
    %pushi/vec4 0, 0, 32;
    %assign/vec4 v0x5ce4d1002800_0, 0;
T_52.22 ;
    %load/vec4 v0x5ce4d0fdb6c0_0;
    %cmpi/u 1, 0, 33;
    %flag_or 5, 4;
    %flag_get/vec4 5;
    %jmp/0 T_52.30, 5;
    %load/vec4 v0x5ce4d0fcebf0_0;
    %pad/u 32;
    %pushi/vec4 1, 0, 32;
    %cmp/e;
    %flag_get/vec4 4;
    %and;
T_52.30;
    %flag_set/vec4 10;
    %flag_get/vec4 10;
    %jmp/0 T_52.29, 10;
    %load/vec4 v0x5ce4d11f7ca0_0;
    %and;
T_52.29;
    %flag_set/vec4 9;
    %flag_get/vec4 9;
    %jmp/0 T_52.28, 9;
    %load/vec4 v0x5ce4d0f37c40_0;
    %pad/u 32;
    %pushi/vec4 0, 0, 32;
    %cmp/e;
    %flag_get/vec4 4;
    %and;
T_52.28;
    %flag_set/vec4 8;
    %jmp/0xz  T_52.26, 8;
    %pushi/vec4 0, 0, 32;
    %assign/vec4 v0x5ce4d1002800_0, 0;
T_52.26 ;
    %jmp T_52.5;
T_52.5 ;
    %pop/vec4 1;
T_52.1 ;
    %jmp T_52;
    .thread T_52;
    .scope S_0x5ce4d0f8ef90;
T_53 ;
    %wait E_0x5ce4d0b85470;
    %load/vec4 v0x5ce4d1008020_0;
    %flag_set/vec4 8;
    %jmp/0xz  T_53.0, 8;
    %pushi/vec4 0, 0, 32;
    %assign/vec4 v0x5ce4d11fed20_0, 0;
    %pushi/vec4 0, 0, 9;
    %assign/vec4 v0x5ce4d11fe8c0_0, 0;
    %pushi/vec4 0, 0, 9;
    %assign/vec4 v0x5ce4d11ff0e0_0, 0;
    %pushi/vec4 0, 0, 33;
    %assign/vec4 v0x5ce4d11fef00_0, 0;
    %pushi/vec4 0, 0, 1;
    %assign/vec4 v0x5ce4d11feb40_0, 0;
    %jmp T_53.1;
T_53.0 ;
    %load/vec4 v0x5ce4d11fed20_0;
    %dup/vec4;
    %pushi/vec4 0, 0, 32;
    %cmp/u;
    %jmp/1 T_53.2, 6;
    %dup/vec4;
    %pushi/vec4 1, 0, 32;
    %cmp/u;
    %jmp/1 T_53.3, 6;
    %jmp T_53.4;
T_53.2 ;
    %load/vec4 v0x5ce4d0fdcc30_0;
    %pad/u 9;
    %assign/vec4 v0x5ce4d11fe8c0_0, 0;
    %load/vec4 v0x5ce4d0fdaf40_0;
    %pad/u 9;
    %assign/vec4 v0x5ce4d11ff0e0_0, 0;
    %load/vec4 v0x5ce4d0fdb6c0_0;
    %assign/vec4 v0x5ce4d11fef00_0, 0;
    %pushi/vec4 0, 0, 1;
    %assign/vec4 v0x5ce4d11feb40_0, 0;
    %load/vec4 v0x5ce4d1002800_0;
    %cmpi/e 1, 0, 32;
    %flag_get/vec4 4;
    %jmp/0 T_53.8, 4;
    %load/vec4 v0x5ce4d0fcebf0_0;
    %pad/u 32;
    %pushi/vec4 1, 0, 32;
    %cmp/e;
    %flag_get/vec4 4;
    %and;
T_53.8;
    %flag_set/vec4 9;
    %flag_get/vec4 9;
    %jmp/0 T_53.7, 9;
    %pushi/vec4 0, 0, 33;
    %load/vec4 v0x5ce4d0fdb6c0_0;
    %cmp/u;
    %flag_get/vec4 5;
    %and;
T_53.7;
    %flag_set/vec4 8;
    %jmp/0xz  T_53.5, 8;
    %pushi/vec4 1, 0, 32;
    %assign/vec4 v0x5ce4d11fed20_0, 0;
T_53.5 ;
    %jmp T_53.4;
T_53.3 ;
    %load/vec4 v0x5ce4d0f5b090_0;
    %flag_set/vec4 8;
    %jmp/0xz  T_53.9, 8;
    %load/vec4 v0x5ce4d11fe8c0_0;
    %load/vec4 v0x5ce4d11ff0e0_0;
    %add;
    %assign/vec4 v0x5ce4d11fe8c0_0, 0;
    %load/vec4 v0x5ce4d11fef00_0;
    %subi 1, 0, 33;
    %assign/vec4 v0x5ce4d11fef00_0, 0;
    %pushi/vec4 0, 0, 1;
    %assign/vec4 v0x5ce4d11feb40_0, 0;
T_53.9 ;
    %load/vec4 v0x5ce4d0f5b090_0;
    %flag_set/vec4 9;
    %flag_get/vec4 9;
    %jmp/0 T_53.13, 9;
    %load/vec4 v0x5ce4d11fef00_0;
    %cmpi/u 1, 0, 33;
    %flag_get/vec4 4;
    %flag_get/vec4 5;
    %or;
    %and;
T_53.13;
    %flag_set/vec4 8;
    %jmp/0xz  T_53.11, 8;
    %pushi/vec4 1, 0, 1;
    %assign/vec4 v0x5ce4d11feb40_0, 0;
T_53.11 ;
    %load/vec4 v0x5ce4d0f5b090_0;
    %flag_set/vec4 9;
    %flag_get/vec4 9;
    %jmp/0 T_53.16, 9;
    %pushi/vec4 0, 0, 1;
    %and;
T_53.16;
    %flag_set/vec4 8;
    %jmp/0xz  T_53.14, 8;
    %pushi/vec4 1, 0, 1;
    %assign/vec4 v0x5ce4d11feb40_0, 0;
T_53.14 ;
    %load/vec4 v0x5ce4d0f5b090_0;
    %flag_set/vec4 9;
    %flag_get/vec4 9;
    %jmp/0 T_53.19, 9;
    %load/vec4 v0x5ce4d11fef00_0;
    %cmpi/u 1, 0, 33;
    %flag_get/vec4 4;
    %flag_get/vec4 5;
    %or;
    %and;
T_53.19;
    %flag_set/vec4 8;
    %jmp/0xz  T_53.17, 8;
    %pushi/vec4 0, 0, 32;
    %assign/vec4 v0x5ce4d11fed20_0, 0;
T_53.17 ;
    %load/vec4 v0x5ce4d0f5b090_0;
    %flag_set/vec4 9;
    %flag_get/vec4 9;
    %jmp/0 T_53.22, 9;
    %pushi/vec4 0, 0, 1;
    %and;
T_53.22;
    %flag_set/vec4 8;
    %jmp/0xz  T_53.20, 8;
    %pushi/vec4 0, 0, 32;
    %assign/vec4 v0x5ce4d11fed20_0, 0;
T_53.20 ;
    %jmp T_53.4;
T_53.4 ;
    %pop/vec4 1;
T_53.1 ;
    %jmp T_53;
    .thread T_53;
    .scope S_0x5ce4d0f8ef90;
T_54 ;
    %wait E_0x5ce4d0b85470;
    %load/vec4 v0x5ce4d1008020_0;
    %flag_set/vec4 8;
    %jmp/0xz  T_54.0, 8;
    %pushi/vec4 0, 0, 32;
    %assign/vec4 v0x5ce4d104b280_0, 0;
    %pushi/vec4 0, 0, 1;
    %assign/vec4 v0x5ce4d103eba0_0, 0;
    %pushi/vec4 0, 0, 128;
    %assign/vec4 v0x5ce4d103ec60_0, 0;
    %jmp T_54.1;
T_54.0 ;
    %load/vec4 v0x5ce4d104b280_0;
    %dup/vec4;
    %pushi/vec4 0, 0, 32;
    %cmp/u;
    %jmp/1 T_54.2, 6;
    %dup/vec4;
    %pushi/vec4 1, 0, 32;
    %cmp/u;
    %jmp/1 T_54.3, 6;
    %dup/vec4;
    %pushi/vec4 2, 0, 32;
    %cmp/u;
    %jmp/1 T_54.4, 6;
    %jmp T_54.5;
T_54.2 ;
    %load/vec4 v0x5ce4d1054d10_0;
    %nor/r;
    %flag_set/vec4 10;
    %flag_get/vec4 10;
    %jmp/0 T_54.9, 10;
    %load/vec4 v0x5ce4d1041930_0;
    %nor/r;
    %and;
T_54.9;
    %flag_set/vec4 9;
    %flag_get/vec4 9;
    %jmp/0 T_54.8, 9;
    %load/vec4 v0x5ce4d1042fa0_0;
    %pad/u 32;
    %pushi/vec4 1, 0, 32;
    %cmp/e;
    %flag_get/vec4 4;
    %and;
T_54.8;
    %flag_set/vec4 8;
    %jmp/0xz  T_54.6, 8;
    %pushi/vec4 1, 0, 32;
    %assign/vec4 v0x5ce4d104b280_0, 0;
T_54.6 ;
    %jmp T_54.5;
T_54.3 ;
    %pushi/vec4 0, 0, 1;
    %assign/vec4 v0x5ce4d103eba0_0, 0;
    %pushi/vec4 2, 0, 32;
    %assign/vec4 v0x5ce4d104b280_0, 0;
    %jmp T_54.5;
T_54.4 ;
    %load/vec4 v0x5ce4d11fcfc0_0;
    %flag_set/vec4 9;
    %flag_get/vec4 9;
    %jmp/0 T_54.12, 9;
    %load/vec4 v0x5ce4d11f8420_0;
    %flag_set/vec4 9;
    %jmp/1 T_54.14, 9;
    %load/vec4 v0x5ce4d11f84c0_0;
    %nor/r;
    %flag_set/vec4 10;
    %flag_or 9, 10;
T_54.14;
    %flag_get/vec4 9;
    %jmp/1 T_54.13, 9;
    %pushi/vec4 0, 0, 32;
    %load/vec4 v0x5ce4d103eba0_0;
    %pad/u 32;
    %cmp/u;
    %flag_get/vec4 5;
    %or;
T_54.13;
    %and;
T_54.12;
    %flag_set/vec4 8;
    %jmp/0xz  T_54.10, 8;
    %load/vec4 v0x5ce4d11fcac0_0;
    %load/vec4 v0x5ce4d103ec60_0;
    %parti/s 64, 64, 8;
    %concat/vec4; draw_concat_vec4
    %assign/vec4 v0x5ce4d103ec60_0, 0;
    %load/vec4 v0x5ce4d103eba0_0;
    %pad/u 2;
    %addi 1, 0, 2;
    %pad/u 1;
    %assign/vec4 v0x5ce4d103eba0_0, 0;
T_54.10 ;
    %load/vec4 v0x5ce4d11fcfc0_0;
    %flag_set/vec4 10;
    %flag_get/vec4 10;
    %jmp/0 T_54.18, 10;
    %load/vec4 v0x5ce4d11f8420_0;
    %flag_set/vec4 10;
    %jmp/1 T_54.20, 10;
    %load/vec4 v0x5ce4d11f84c0_0;
    %nor/r;
    %flag_set/vec4 11;
    %flag_or 10, 11;
T_54.20;
    %flag_get/vec4 10;
    %jmp/1 T_54.19, 10;
    %pushi/vec4 0, 0, 32;
    %load/vec4 v0x5ce4d103eba0_0;
    %pad/u 32;
    %cmp/u;
    %flag_get/vec4 5;
    %or;
T_54.19;
    %and;
T_54.18;
    %flag_set/vec4 9;
    %flag_get/vec4 9;
    %jmp/0 T_54.17, 9;
    %load/vec4 v0x5ce4d103eba0_0;
    %pad/u 32;
    %pushi/vec4 1, 0, 32;
    %cmp/e;
    %flag_get/vec4 4;
    %and;
T_54.17;
    %flag_set/vec4 8;
    %jmp/0xz  T_54.15, 8;
    %pushi/vec4 0, 0, 1;
    %assign/vec4 v0x5ce4d103eba0_0, 0;
T_54.15 ;
    %load/vec4 v0x5ce4d103eba0_0;
    %pad/u 32;
    %cmpi/e 1, 0, 32;
    %flag_get/vec4 4;
    %jmp/0 T_54.25, 4;
    %load/vec4 v0x5ce4d11fcfc0_0;
    %and;
T_54.25;
    %flag_set/vec4 10;
    %flag_get/vec4 10;
    %jmp/0 T_54.24, 10;
    %load/vec4 v0x5ce4d11f8420_0;
    %flag_set/vec4 10;
    %jmp/1 T_54.27, 10;
    %load/vec4 v0x5ce4d11f84c0_0;
    %nor/r;
    %flag_set/vec4 11;
    %flag_or 10, 11;
T_54.27;
    %flag_get/vec4 10;
    %jmp/1 T_54.26, 10;
    %pushi/vec4 0, 0, 32;
    %load/vec4 v0x5ce4d103eba0_0;
    %pad/u 32;
    %cmp/u;
    %flag_get/vec4 5;
    %or;
T_54.26;
    %and;
T_54.24;
    %flag_set/vec4 9;
    %flag_get/vec4 9;
    %jmp/0 T_54.23, 9;
    %load/vec4 v0x5ce4d11fcd40_0;
    %and;
T_54.23;
    %flag_set/vec4 8;
    %jmp/0xz  T_54.21, 8;
    %pushi/vec4 0, 0, 32;
    %assign/vec4 v0x5ce4d104b280_0, 0;
T_54.21 ;
    %jmp T_54.5;
T_54.5 ;
    %pop/vec4 1;
T_54.1 ;
    %jmp T_54;
    .thread T_54;
    .scope S_0x5ce4d0f8ef90;
T_55 ;
    %wait E_0x5ce4d0b85470;
    %load/vec4 v0x5ce4d1008020_0;
    %flag_set/vec4 8;
    %jmp/0xz  T_55.0, 8;
    %pushi/vec4 0, 0, 32;
    %assign/vec4 v0x5ce4d11fc5c0_0, 0;
    %pushi/vec4 0, 0, 9;
    %assign/vec4 v0x5ce4d11fc340_0, 0;
    %pushi/vec4 0, 0, 9;
    %assign/vec4 v0x5ce4d11fd240_0, 0;
    %pushi/vec4 0, 0, 33;
    %assign/vec4 v0x5ce4d11fc840_0, 0;
    %pushi/vec4 0, 0, 1;
    %assign/vec4 v0x5ce4d11fcfc0_0, 0;
    %pushi/vec4 0, 0, 1;
    %assign/vec4 v0x5ce4d11fcd40_0, 0;
    %jmp T_55.1;
T_55.0 ;
    %load/vec4 v0x5ce4d11fc5c0_0;
    %dup/vec4;
    %pushi/vec4 0, 0, 32;
    %cmp/u;
    %jmp/1 T_55.2, 6;
    %dup/vec4;
    %pushi/vec4 1, 0, 32;
    %cmp/u;
    %jmp/1 T_55.3, 6;
    %jmp T_55.4;
T_55.2 ;
    %load/vec4 v0x5ce4d1044520_0;
    %pad/u 9;
    %assign/vec4 v0x5ce4d11fc340_0, 0;
    %load/vec4 v0x5ce4d10439f0_0;
    %pad/u 9;
    %assign/vec4 v0x5ce4d11fd240_0, 0;
    %load/vec4 v0x5ce4d103f6d0_0;
    %assign/vec4 v0x5ce4d11fc840_0, 0;
    %pushi/vec4 0, 0, 1;
    %assign/vec4 v0x5ce4d11fcfc0_0, 0;
    %pushi/vec4 0, 0, 1;
    %assign/vec4 v0x5ce4d11fcd40_0, 0;
    %load/vec4 v0x5ce4d104b280_0;
    %cmpi/e 1, 0, 32;
    %flag_get/vec4 4;
    %jmp/0 T_55.8, 4;
    %load/vec4 v0x5ce4d1042ec0_0;
    %pad/u 32;
    %pushi/vec4 1, 0, 32;
    %cmp/e;
    %flag_get/vec4 4;
    %and;
T_55.8;
    %flag_set/vec4 9;
    %flag_get/vec4 9;
    %jmp/0 T_55.7, 9;
    %pushi/vec4 0, 0, 33;
    %load/vec4 v0x5ce4d103f6d0_0;
    %cmp/u;
    %flag_get/vec4 5;
    %and;
T_55.7;
    %flag_set/vec4 8;
    %jmp/0xz  T_55.5, 8;
    %pushi/vec4 1, 0, 32;
    %assign/vec4 v0x5ce4d11fc5c0_0, 0;
T_55.5 ;
    %jmp T_55.4;
T_55.3 ;
    %load/vec4 v0x5ce4d11f8420_0;
    %flag_set/vec4 9;
    %jmp/1 T_55.13, 9;
    %load/vec4 v0x5ce4d11f84c0_0;
    %nor/r;
    %flag_set/vec4 10;
    %flag_or 9, 10;
T_55.13;
    %jmp/1 T_55.12, 9;
    %load/vec4 v0x5ce4d103eba0_0;
    %pad/u 32;
    %cmpi/u 0, 0, 32;
    %flag_or 5, 4; GT is !LE
    %flag_inv 5;
    %flag_or 9, 5;
T_55.12;
    %flag_get/vec4 9;
    %jmp/0 T_55.11, 9;
    %pushi/vec4 0, 0, 33;
    %load/vec4 v0x5ce4d11fc840_0;
    %cmp/u;
    %flag_get/vec4 5;
    %and;
T_55.11;
    %flag_set/vec4 8;
    %jmp/0xz  T_55.9, 8;
    %load/vec4 v0x5ce4d11fc340_0;
    %load/vec4 v0x5ce4d11fd240_0;
    %add;
    %assign/vec4 v0x5ce4d11fc340_0, 0;
    %load/vec4 v0x5ce4d11fc840_0;
    %subi 1, 0, 33;
    %assign/vec4 v0x5ce4d11fc840_0, 0;
    %pushi/vec4 1, 0, 1;
    %assign/vec4 v0x5ce4d11fcfc0_0, 0;
T_55.9 ;
    %load/vec4 v0x5ce4d11f8420_0;
    %flag_set/vec4 9;
    %jmp/1 T_55.18, 9;
    %load/vec4 v0x5ce4d11f84c0_0;
    %nor/r;
    %flag_set/vec4 10;
    %flag_or 9, 10;
T_55.18;
    %jmp/1 T_55.17, 9;
    %load/vec4 v0x5ce4d103eba0_0;
    %pad/u 32;
    %cmpi/u 0, 0, 32;
    %flag_or 5, 4; GT is !LE
    %flag_inv 5;
    %flag_or 9, 5;
T_55.17;
    %flag_get/vec4 9;
    %jmp/0 T_55.16, 9;
    %load/vec4 v0x5ce4d11fc840_0;
    %cmpi/u 1, 0, 33;
    %flag_get/vec4 4;
    %flag_get/vec4 5;
    %or;
    %and;
T_55.16;
    %flag_set/vec4 8;
    %jmp/0xz  T_55.14, 8;
    %pushi/vec4 1, 0, 1;
    %assign/vec4 v0x5ce4d11fcd40_0, 0;
T_55.14 ;
    %load/vec4 v0x5ce4d11fcd40_0;
    %flag_set/vec4 10;
    %flag_get/vec4 10;
    %jmp/0 T_55.22, 10;
    %load/vec4 v0x5ce4d11fcfc0_0;
    %and;
T_55.22;
    %flag_set/vec4 9;
    %flag_get/vec4 9;
    %jmp/0 T_55.21, 9;
    %load/vec4 v0x5ce4d11f8420_0;
    %flag_set/vec4 9;
    %jmp/1 T_55.24, 9;
    %load/vec4 v0x5ce4d11f84c0_0;
    %nor/r;
    %flag_set/vec4 10;
    %flag_or 9, 10;
T_55.24;
    %flag_get/vec4 9;
    %jmp/1 T_55.23, 9;
    %pushi/vec4 0, 0, 32;
    %load/vec4 v0x5ce4d103eba0_0;
    %pad/u 32;
    %cmp/u;
    %flag_get/vec4 5;
    %or;
T_55.23;
    %and;
T_55.21;
    %flag_set/vec4 8;
    %jmp/0xz  T_55.19, 8;
    %pushi/vec4 0, 0, 1;
    %assign/vec4 v0x5ce4d11fcfc0_0, 0;
    %pushi/vec4 0, 0, 1;
    %assign/vec4 v0x5ce4d11fcd40_0, 0;
T_55.19 ;
    %load/vec4 v0x5ce4d11fcd40_0;
    %flag_set/vec4 10;
    %flag_get/vec4 10;
    %jmp/0 T_55.28, 10;
    %load/vec4 v0x5ce4d11fcfc0_0;
    %and;
T_55.28;
    %flag_set/vec4 9;
    %flag_get/vec4 9;
    %jmp/0 T_55.27, 9;
    %load/vec4 v0x5ce4d11f8420_0;
    %flag_set/vec4 9;
    %jmp/1 T_55.30, 9;
    %load/vec4 v0x5ce4d11f84c0_0;
    %nor/r;
    %flag_set/vec4 10;
    %flag_or 9, 10;
T_55.30;
    %flag_get/vec4 9;
    %jmp/1 T_55.29, 9;
    %pushi/vec4 0, 0, 32;
    %load/vec4 v0x5ce4d103eba0_0;
    %pad/u 32;
    %cmp/u;
    %flag_get/vec4 5;
    %or;
T_55.29;
    %and;
T_55.27;
    %flag_set/vec4 8;
    %jmp/0xz  T_55.25, 8;
    %pushi/vec4 0, 0, 32;
    %assign/vec4 v0x5ce4d11fc5c0_0, 0;
T_55.25 ;
    %jmp T_55.4;
T_55.4 ;
    %pop/vec4 1;
T_55.1 ;
    %jmp T_55;
    .thread T_55;
    .scope S_0x5ce4d0f8f690;
T_56 ;
    %wait E_0x5ce4d0b84150;
    %load/vec4 v0x5ce4d1208950_0;
    %store/vec4 v0x5ce4d120c340_0, 0, 32;
    %jmp T_56;
    .thread T_56, $push;
    .scope S_0x5ce4d0f8f690;
T_57 ;
    %wait E_0x5ce4d0b60f70;
    %load/vec4 v0x5ce4d12089f0_0;
    %store/vec4 v0x5ce4d120c3e0_0, 0, 4;
    %jmp T_57;
    .thread T_57, $push;
    .scope S_0x5ce4d0f8f690;
T_58 ;
    %wait E_0x5ce4d0b60340;
    %load/vec4 v0x5ce4d1208a90_0;
    %store/vec4 v0x5ce4d120c480_0, 0, 3;
    %jmp T_58;
    .thread T_58, $push;
    .scope S_0x5ce4d0f8f690;
T_59 ;
    %wait E_0x5ce4d0b5f960;
    %load/vec4 v0x5ce4d1208b30_0;
    %store/vec4 v0x5ce4d120c5c0_0, 0, 1;
    %jmp T_59;
    .thread T_59, $push;
    .scope S_0x5ce4d0f8f690;
T_60 ;
    %wait E_0x5ce4d0b5eae0;
    %load/vec4 v0x5ce4d1208bd0_0;
    %store/vec4 v0x5ce4d120cac0_0, 0, 64;
    %jmp T_60;
    .thread T_60, $push;
    .scope S_0x5ce4d0f8f690;
T_61 ;
    %wait E_0x5ce4d0b86c30;
    %load/vec4 v0x5ce4d1208c70_0;
    %store/vec4 v0x5ce4d120cc00_0, 0, 8;
    %jmp T_61;
    .thread T_61, $push;
    .scope S_0x5ce4d0f8f690;
T_62 ;
    %wait E_0x5ce4d0b8d170;
    %load/vec4 v0x5ce4d1208d10_0;
    %store/vec4 v0x5ce4d120cca0_0, 0, 1;
    %jmp T_62;
    .thread T_62, $push;
    .scope S_0x5ce4d0f8f690;
T_63 ;
    %wait E_0x5ce4d0b8c790;
    %load/vec4 v0x5ce4d1208db0_0;
    %store/vec4 v0x5ce4d120c660_0, 0, 1;
    %jmp T_63;
    .thread T_63, $push;
    .scope S_0x5ce4d0f8f690;
T_64 ;
    %wait E_0x5ce4d0b8bdb0;
    %load/vec4 v0x5ce4d1208e50_0;
    %store/vec4 v0x5ce4d120c020_0, 0, 32;
    %jmp T_64;
    .thread T_64, $push;
    .scope S_0x5ce4d0f8f690;
T_65 ;
    %wait E_0x5ce4d0b8b190;
    %load/vec4 v0x5ce4d1208ef0_0;
    %store/vec4 v0x5ce4d120c0c0_0, 0, 4;
    %jmp T_65;
    .thread T_65, $push;
    .scope S_0x5ce4d0f8f690;
T_66 ;
    %wait E_0x5ce4d0b8a520;
    %load/vec4 v0x5ce4d1208f90_0;
    %store/vec4 v0x5ce4d120c160_0, 0, 3;
    %jmp T_66;
    .thread T_66, $push;
    .scope S_0x5ce4d0f8f690;
T_67 ;
    %wait E_0x5ce4d0b89960;
    %load/vec4 v0x5ce4d1209030_0;
    %store/vec4 v0x5ce4d120c2a0_0, 0, 1;
    %jmp T_67;
    .thread T_67, $push;
    .scope S_0x5ce4d0f8f690;
T_68 ;
    %wait E_0x5ce4d0b87610;
    %load/vec4 v0x5ce4d12090d0_0;
    %store/vec4 v0x5ce4d120c8e0_0, 0, 1;
    %jmp T_68;
    .thread T_68, $push;
    .scope S_0x5ce4d0f8f690;
T_69 ;
    %wait E_0x5ce4d0fcfe30;
    %load/vec4 v0x5ce4d1209170_0;
    %store/vec4 v0x5ce4d120d7e0_0, 0, 1;
    %jmp T_69;
    .thread T_69, $push;
    .scope S_0x5ce4d0f8f690;
T_70 ;
    %wait E_0x5ce4d0f48610;
    %load/vec4 v0x5ce4d1209210_0;
    %store/vec4 v0x5ce4d120cf20_0, 0, 128;
    %jmp T_70;
    .thread T_70, $push;
    .scope S_0x5ce4d0f8f690;
T_71 ;
    %wait E_0x5ce4d101f010;
    %load/vec4 v0x5ce4d12092b0_0;
    %store/vec4 v0x5ce4d120d100_0, 0, 1;
    %jmp T_71;
    .thread T_71, $push;
    .scope S_0x5ce4d0f8f690;
T_72 ;
    %wait E_0x5ce4d10123a0;
    %load/vec4 v0x5ce4d1209350_0;
    %store/vec4 v0x5ce4d120cfc0_0, 0, 1;
    %jmp T_72;
    .thread T_72, $push;
    .scope S_0x5ce4d0f8f690;
T_73 ;
    %vpi_call 2 566 "$readmemh", "memimg_spm.out", v0x5ce4d1205890 {0 0 0};
    %end;
    .thread T_73;
    .scope S_0x5ce4d0f8f690;
T_74 ;
    %wait E_0x5ce4d1005730;
    %load/vec4 v0x5ce4d12095d0_0;
    %store/vec4 v0x5ce4d120b440_0, 0, 1;
    %jmp T_74;
    .thread T_74, $push;
    .scope S_0x5ce4d0f8f690;
T_75 ;
    %wait E_0x5ce4d0ff8ac0;
    %load/vec4 v0x5ce4d1209670_0;
    %store/vec4 v0x5ce4d120be40_0, 0, 1;
    %jmp T_75;
    .thread T_75, $push;
    .scope S_0x5ce4d0f8f690;
T_76 ;
    %wait E_0x5ce4d0f3ab70;
    %load/vec4 v0x5ce4d1209710_0;
    %store/vec4 v0x5ce4d120b6c0_0, 0, 4;
    %jmp T_76;
    .thread T_76, $push;
    .scope S_0x5ce4d0f8f690;
T_77 ;
    %wait E_0x5ce4d0febe50;
    %load/vec4 v0x5ce4d12097b0_0;
    %store/vec4 v0x5ce4d120b800_0, 0, 2;
    %jmp T_77;
    .thread T_77, $push;
    .scope S_0x5ce4d0f8f690;
T_78 ;
    %wait E_0x5ce4d0fdde70;
    %load/vec4 v0x5ce4d1209850_0;
    %store/vec4 v0x5ce4d120b8a0_0, 0, 1;
    %jmp T_78;
    .thread T_78, $push;
    .scope S_0x5ce4d0f8f690;
T_79 ;
    %wait E_0x5ce4d11d52b0;
    %load/vec4 v0x5ce4d12098f0_0;
    %store/vec4 v0x5ce4d120acc0_0, 0, 1;
    %jmp T_79;
    .thread T_79, $push;
    .scope S_0x5ce4d0f8f690;
T_80 ;
    %wait E_0x5ce4d11d4b70;
    %load/vec4 v0x5ce4d1209990_0;
    %store/vec4 v0x5ce4d120b9e0_0, 0, 4;
    %jmp T_80;
    .thread T_80, $push;
    .scope S_0x5ce4d0f8f690;
T_81 ;
    %wait E_0x5ce4d0b0e6c0;
    %load/vec4 v0x5ce4d1209a30_0;
    %store/vec4 v0x5ce4d120b940_0, 0, 64;
    %jmp T_81;
    .thread T_81, $push;
    .scope S_0x5ce4d0f8f690;
T_82 ;
    %wait E_0x5ce4d0e593b0;
    %load/vec4 v0x5ce4d12042c0_0;
    %store/vec4 v0x5ce4d120bbc0_0, 0, 2;
    %jmp T_82;
    .thread T_82, $push;
    .scope S_0x5ce4d0f8f690;
T_83 ;
    %wait E_0x5ce4d0e5aff0;
    %load/vec4 v0x5ce4d1204380_0;
    %store/vec4 v0x5ce4d120ba80_0, 0, 1;
    %jmp T_83;
    .thread T_83, $push;
    .scope S_0x5ce4d0f8f690;
T_84 ;
    %wait E_0x5ce4d0e58b80;
    %load/vec4 v0x5ce4d1204440_0;
    %store/vec4 v0x5ce4d120bc60_0, 0, 1;
    %jmp T_84;
    .thread T_84, $push;
    .scope S_0x5ce4d0f8f690;
T_85 ;
    %pushi/vec4 0, 0, 1;
    %store/vec4 v0x5ce4d11ff220_0, 0, 1;
T_85.0 ;
    %delay 5, 0;
    %load/vec4 v0x5ce4d11ff220_0;
    %nor/r;
    %store/vec4 v0x5ce4d11ff220_0, 0, 1;
    %jmp T_85.0;
    %end;
    .thread T_85;
    .scope S_0x5ce4d0f8f690;
T_86 ;
    %pushi/vec4 0, 0, 1;
    %store/vec4 v0x5ce4d11ff2c0_0, 0, 1;
    %pushi/vec4 0, 0, 32;
    %store/vec4 v0x5ce4d120e5a0_0, 0, 32;
    %pushi/vec4 0, 0, 1;
    %store/vec4 v0x5ce4d120e820_0, 0, 1;
    %pushi/vec4 0, 0, 64;
    %store/vec4 v0x5ce4d1205610_0, 0, 64;
    %pushi/vec4 0, 0, 8;
    %store/vec4 v0x5ce4d1205750_0, 0, 8;
    %pushi/vec4 0, 0, 1;
    %store/vec4 v0x5ce4d12057f0_0, 0, 1;
    %pushi/vec4 0, 0, 72;
    %store/vec4 v0x5ce4d1207f50_0, 0, 72;
    %pushi/vec4 0, 0, 1;
    %store/vec4 v0x5ce4d1208770_0, 0, 1;
    %pushi/vec4 0, 0, 72;
    %store/vec4 v0x5ce4d1208630_0, 0, 72;
    %pushi/vec4 0, 0, 1;
    %store/vec4 v0x5ce4d12086d0_0, 0, 1;
    %pushi/vec4 0, 0, 32;
    %store/vec4 v0x5ce4d120e280_0, 0, 32;
    %pushi/vec4 0, 0, 1;
    %store/vec4 v0x5ce4d120e500_0, 0, 1;
    %pushi/vec4 0, 0, 64;
    %store/vec4 v0x5ce4d12077d0_0, 0, 64;
    %pushi/vec4 0, 0, 1;
    %store/vec4 v0x5ce4d1207eb0_0, 0, 1;
    %pushi/vec4 0, 0, 64;
    %store/vec4 v0x5ce4d1207d70_0, 0, 64;
    %pushi/vec4 0, 0, 1;
    %store/vec4 v0x5ce4d1207e10_0, 0, 1;
    %pushi/vec4 0, 0, 3;
    %store/vec4 v0x5ce4d1203aa0_0, 0, 3;
    %pushi/vec4 0, 0, 4;
    %store/vec4 v0x5ce4d120dec0_0, 0, 4;
    %pushi/vec4 0, 0, 8;
    %store/vec4 v0x5ce4d1207190_0, 0, 8;
    %pushi/vec4 0, 0, 32;
    %store/vec4 v0x5ce4d1206dd0_0, 0, 32;
    %pushi/vec4 0, 0, 32;
    %store/vec4 v0x5ce4d1207050_0, 0, 32;
    %pushi/vec4 0, 0, 33;
    %store/vec4 v0x5ce4d1206f10_0, 0, 33;
    %pushi/vec4 0, 0, 1;
    %store/vec4 v0x5ce4d1206bf0_0, 0, 1;
    %pushi/vec4 0, 0, 128;
    %store/vec4 v0x5ce4d120e000_0, 0, 128;
    %pushi/vec4 0, 0, 1;
    %store/vec4 v0x5ce4d120e1e0_0, 0, 1;
    %pushi/vec4 0, 0, 1;
    %store/vec4 v0x5ce4d120e0a0_0, 0, 1;
    %pushi/vec4 0, 0, 4;
    %store/vec4 v0x5ce4d120dc40_0, 0, 4;
    %pushi/vec4 0, 0, 8;
    %store/vec4 v0x5ce4d1203280_0, 0, 8;
    %pushi/vec4 0, 0, 32;
    %store/vec4 v0x5ce4d1203000_0, 0, 32;
    %pushi/vec4 0, 0, 32;
    %store/vec4 v0x5ce4d1203140_0, 0, 32;
    %pushi/vec4 0, 0, 33;
    %store/vec4 v0x5ce4d12038c0_0, 0, 33;
    %pushi/vec4 0, 0, 1;
    %store/vec4 v0x5ce4d1202e20_0, 0, 1;
    %pushi/vec4 0, 0, 128;
    %store/vec4 v0x5ce4d1211340_0, 0, 128;
    %pushi/vec4 0, 0, 1;
    %store/vec4 v0x5ce4d120fae0_0, 0, 1;
    %pushi/vec4 0, 0, 1;
    %store/vec4 v0x5ce4d120fea0_0, 0, 1;
    %pushi/vec4 0, 0, 1;
    %store/vec4 v0x5ce4d120f400_0, 0, 1;
    %pushi/vec4 0, 0, 64;
    %store/vec4 v0x5ce4d120ff40_0, 0, 64;
    %pushi/vec4 0, 0, 1;
    %store/vec4 v0x5ce4d120ffe0_0, 0, 1;
    %pushi/vec4 0, 0, 1;
    %store/vec4 v0x5ce4d12101c0_0, 0, 1;
    %pushi/vec4 0, 0, 32;
    %store/vec4 v0x5ce4d1205f70_0, 0, 32;
    %pushi/vec4 0, 0, 32;
    %store/vec4 v0x5ce4d1206510_0, 0, 32;
    %pushi/vec4 0, 0, 32;
    %store/vec4 v0x5ce4d1205930_0, 0, 32;
    %pushi/vec4 0, 0, 32;
    %store/vec4 v0x5ce4d12059d0_0, 0, 32;
    %pushi/vec4 0, 0, 4;
    %store/vec4 v0x5ce4d120de20_0, 0, 4;
    %pushi/vec4 0, 0, 4;
    %store/vec4 v0x5ce4d120dce0_0, 0, 4;
    %pushi/vec4 0, 0, 4;
    %store/vec4 v0x5ce4d120dd80_0, 0, 4;
    %pushi/vec4 0, 0, 1;
    %store/vec4 v0x5ce4d11ff400_0, 0, 1;
    %pushi/vec4 0, 0, 33;
    %store/vec4 v0x5ce4d12045e0_0, 0, 33;
    %pushi/vec4 0, 0, 32;
    %store/vec4 v0x5ce4d1204500_0, 0, 32;
    %pushi/vec4 0, 0, 33;
    %store/vec4 v0x5ce4d1206b50_0, 0, 33;
    %pushi/vec4 0, 0, 32;
    %store/vec4 v0x5ce4d1206ab0_0, 0, 32;
    %pushi/vec4 0, 0, 33;
    %store/vec4 v0x5ce4d1208810_0, 0, 33;
    %pushi/vec4 0, 0, 33;
    %store/vec4 v0x5ce4d1202ce0_0, 0, 33;
    %pushi/vec4 0, 0, 1;
    %store/vec4 v0x5ce4d11ff4a0_0, 0, 1;
    %pushi/vec4 0, 0, 1;
    %store/vec4 v0x5ce4d11ff540_0, 0, 1;
    %pushi/vec4 0, 0, 32;
    %store/vec4 v0x5ce4d11ff5e0_0, 0, 32;
    %pushi/vec4 0, 0, 1;
    %store/vec4 v0x5ce4d11ff360_0, 0, 1;
    %pushi/vec4 0, 0, 128;
    %store/vec4 v0x5ce4d1211e80_0, 0, 128;
    %pushi/vec4 0, 0, 1;
    %store/vec4 v0x5ce4d120dba0_0, 0, 1;
    %pushi/vec4 0, 0, 32;
    %store/vec4 v0x5ce4d1211660_0, 0, 32;
    %pushi/vec4 0, 0, 1;
    %store/vec4 v0x5ce4d1203b40_0, 0, 1;
    %pushi/vec4 0, 0, 64;
    %store/vec4 v0x5ce4d120cd40_0, 0, 64;
    %pushi/vec4 0, 0, 1;
    %store/vec4 v0x5ce4d1203f00_0, 0, 1;
    %pushi/vec4 0, 0, 1;
    %store/vec4 v0x5ce4d1204e90_0, 0, 1;
    %pushi/vec4 0, 0, 1;
    %store/vec4 v0x5ce4d12040e0_0, 0, 1;
    %pushi/vec4 0, 0, 1;
    %store/vec4 v0x5ce4d1205070_0, 0, 1;
    %pushi/vec4 0, 0, 1;
    %store/vec4 v0x5ce4d1204180_0, 0, 1;
    %pushi/vec4 0, 0, 1;
    %store/vec4 v0x5ce4d1205110_0, 0, 1;
    %pushi/vec4 0, 0, 1;
    %store/vec4 v0x5ce4d1204220_0, 0, 1;
    %pushi/vec4 0, 0, 1;
    %store/vec4 v0x5ce4d12051b0_0, 0, 1;
    %pushi/vec4 0, 0, 1;
    %store/vec4 v0x5ce4d1204ad0_0, 0, 1;
    %pushi/vec4 0, 0, 1;
    %store/vec4 v0x5ce4d1205250_0, 0, 1;
    %pushi/vec4 0, 0, 1;
    %store/vec4 v0x5ce4d1204b70_0, 0, 1;
    %pushi/vec4 0, 0, 1;
    %store/vec4 v0x5ce4d12052f0_0, 0, 1;
    %pushi/vec4 0, 0, 32;
    %store/vec4 v0x5ce4d12088b0_0, 0, 32;
    %pushi/vec4 0, 0, 1;
    %store/vec4 v0x5ce4d1202d80_0, 0, 1;
    %pushi/vec4 0, 0, 1;
    %store/vec4 v0x5ce4d1203be0_0, 0, 1;
    %pushi/vec4 0, 0, 64;
    %store/vec4 v0x5ce4d120cde0_0, 0, 64;
    %pushi/vec4 0, 0, 1;
    %store/vec4 v0x5ce4d1204c10_0, 0, 1;
    %pushi/vec4 0, 0, 1;
    %store/vec4 v0x5ce4d1205390_0, 0, 1;
    %pushi/vec4 0, 0, 1;
    %store/vec4 v0x5ce4d1204cb0_0, 0, 1;
    %pushi/vec4 0, 0, 1;
    %store/vec4 v0x5ce4d1205430_0, 0, 1;
    %pushi/vec4 0, 0, 1;
    %store/vec4 v0x5ce4d1204d50_0, 0, 1;
    %pushi/vec4 0, 0, 1;
    %store/vec4 v0x5ce4d12054d0_0, 0, 1;
    %pushi/vec4 0, 0, 1;
    %store/vec4 v0x5ce4d1204df0_0, 0, 1;
    %pushi/vec4 0, 0, 1;
    %store/vec4 v0x5ce4d1205570_0, 0, 1;
    %pushi/vec4 0, 0, 1;
    %store/vec4 v0x5ce4d1203fa0_0, 0, 1;
    %pushi/vec4 0, 0, 1;
    %store/vec4 v0x5ce4d1204f30_0, 0, 1;
    %pushi/vec4 0, 0, 1;
    %store/vec4 v0x5ce4d1204040_0, 0, 1;
    %pushi/vec4 0, 0, 1;
    %store/vec4 v0x5ce4d1204fd0_0, 0, 1;
    %pushi/vec4 0, 0, 1;
    %store/vec4 v0x5ce4d1203c80_0, 0, 1;
    %pushi/vec4 0, 0, 64;
    %store/vec4 v0x5ce4d120ce80_0, 0, 64;
    %pushi/vec4 0, 0, 32;
    %store/vec4 v0x5ce4d120df60_0, 0, 32;
    %pushi/vec4 0, 0, 32;
    %store/vec4 v0x5ce4d12110c0_0, 0, 32;
    %pushi/vec4 0, 0, 32;
    %store/vec4 v0x5ce4d1211160_0, 0, 32;
    %pushi/vec4 0, 0, 32;
    %store/vec4 v0x5ce4d1211200_0, 0, 32;
    %pushi/vec4 0, 0, 32;
    %store/vec4 v0x5ce4d12112a0_0, 0, 32;
    %delay 100, 0;
    %pushi/vec4 1, 0, 1;
    %store/vec4 v0x5ce4d11ff2c0_0, 0, 1;
    %delay 100, 0;
    %pushi/vec4 0, 0, 1;
    %store/vec4 v0x5ce4d11ff2c0_0, 0, 1;
    %delay 1000000, 0;
    %vpi_call 2 973 "$finish" {0 0 0};
    %end;
    .thread T_86;
    .scope S_0x5ce4d0f8f690;
T_87 ;
    %wait E_0x5ce4d0b85470;
    %load/vec4 v0x5ce4d11ff2c0_0;
    %flag_set/vec4 8;
    %jmp/0xz  T_87.0, 8;
    %pushi/vec4 0, 0, 32;
    %assign/vec4 v0x5ce4d120e5a0_0, 0;
    %pushi/vec4 0, 0, 1;
    %assign/vec4 v0x5ce4d120e820_0, 0;
    %pushi/vec4 0, 0, 1;
    %assign/vec4 v0x5ce4d1203f00_0, 0;
    %pushi/vec4 0, 0, 1;
    %assign/vec4 v0x5ce4d12040e0_0, 0;
    %pushi/vec4 0, 0, 1;
    %assign/vec4 v0x5ce4d1204180_0, 0;
    %pushi/vec4 0, 0, 1;
    %assign/vec4 v0x5ce4d1204220_0, 0;
    %pushi/vec4 0, 0, 1;
    %assign/vec4 v0x5ce4d1204ad0_0, 0;
    %pushi/vec4 0, 0, 1;
    %assign/vec4 v0x5ce4d1204b70_0, 0;
    %pushi/vec4 0, 0, 1;
    %assign/vec4 v0x5ce4d1204c10_0, 0;
    %pushi/vec4 0, 0, 1;
    %assign/vec4 v0x5ce4d1204cb0_0, 0;
    %pushi/vec4 0, 0, 1;
    %assign/vec4 v0x5ce4d1204d50_0, 0;
    %pushi/vec4 0, 0, 1;
    %assign/vec4 v0x5ce4d1204df0_0, 0;
    %pushi/vec4 0, 0, 1;
    %assign/vec4 v0x5ce4d1203fa0_0, 0;
    %pushi/vec4 0, 0, 1;
    %assign/vec4 v0x5ce4d1204040_0, 0;
    %jmp T_87.1;
T_87.0 ;
    %load/vec4 v0x5ce4d1203f00_0;
    %flag_set/vec4 8;
    %jmp/0xz  T_87.2, 8;
    %pushi/vec4 0, 0, 1;
    %assign/vec4 v0x5ce4d120e820_0, 0;
T_87.2 ;
    %load/vec4 v0x5ce4d12040e0_0;
    %flag_set/vec4 8;
    %jmp/0xz  T_87.4, 8;
    %pushi/vec4 0, 0, 1;
    %assign/vec4 v0x5ce4d120e820_0, 0;
T_87.4 ;
    %load/vec4 v0x5ce4d1204180_0;
    %flag_set/vec4 8;
    %jmp/0xz  T_87.6, 8;
    %pushi/vec4 0, 0, 1;
    %assign/vec4 v0x5ce4d120e820_0, 0;
T_87.6 ;
    %load/vec4 v0x5ce4d1204220_0;
    %flag_set/vec4 8;
    %jmp/0xz  T_87.8, 8;
    %pushi/vec4 0, 0, 1;
    %assign/vec4 v0x5ce4d120e820_0, 0;
T_87.8 ;
    %load/vec4 v0x5ce4d1204ad0_0;
    %flag_set/vec4 8;
    %jmp/0xz  T_87.10, 8;
    %pushi/vec4 0, 0, 1;
    %assign/vec4 v0x5ce4d120e820_0, 0;
T_87.10 ;
    %load/vec4 v0x5ce4d1204b70_0;
    %flag_set/vec4 8;
    %jmp/0xz  T_87.12, 8;
    %pushi/vec4 0, 0, 1;
    %assign/vec4 v0x5ce4d120e820_0, 0;
T_87.12 ;
    %load/vec4 v0x5ce4d1204c10_0;
    %flag_set/vec4 8;
    %jmp/0xz  T_87.14, 8;
    %pushi/vec4 0, 0, 1;
    %assign/vec4 v0x5ce4d120e820_0, 0;
T_87.14 ;
    %load/vec4 v0x5ce4d1204cb0_0;
    %flag_set/vec4 8;
    %jmp/0xz  T_87.16, 8;
    %pushi/vec4 0, 0, 1;
    %assign/vec4 v0x5ce4d120e820_0, 0;
T_87.16 ;
    %load/vec4 v0x5ce4d1204d50_0;
    %flag_set/vec4 8;
    %jmp/0xz  T_87.18, 8;
    %pushi/vec4 0, 0, 1;
    %assign/vec4 v0x5ce4d120e820_0, 0;
T_87.18 ;
    %load/vec4 v0x5ce4d1204df0_0;
    %flag_set/vec4 8;
    %jmp/0xz  T_87.20, 8;
    %pushi/vec4 0, 0, 1;
    %assign/vec4 v0x5ce4d120e820_0, 0;
T_87.20 ;
    %load/vec4 v0x5ce4d1203fa0_0;
    %flag_set/vec4 8;
    %jmp/0xz  T_87.22, 8;
    %pushi/vec4 0, 0, 1;
    %assign/vec4 v0x5ce4d120e820_0, 0;
T_87.22 ;
    %load/vec4 v0x5ce4d1204040_0;
    %flag_set/vec4 8;
    %jmp/0xz  T_87.24, 8;
    %pushi/vec4 0, 0, 1;
    %assign/vec4 v0x5ce4d120e820_0, 0;
T_87.24 ;
    %load/vec4 v0x5ce4d1211660_0;
    %cmpi/e 9, 0, 32;
    %flag_get/vec4 4;
    %jmp/0 T_87.28, 4;
    %load/vec4 v0x5ce4d1203aa0_0;
    %pad/u 32;
    %cmpi/e 0, 0, 32;
    %flag_get/vec4 4;
    %jmp/0 T_87.29, 4;
    %load/vec4 v0x5ce4d120e780_0;
    %flag_set/vec4 9;
    %flag_get/vec4 9;
    %jmp/1 T_87.30, 9;
    %load/vec4 v0x5ce4d120e820_0;
    %nor/r;
    %or;
T_87.30;
    %and;
T_87.29;
    %and;
T_87.28;
    %flag_set/vec4 8;
    %jmp/0xz  T_87.26, 8;
    %pushi/vec4 0, 0, 32;
    %assign/vec4 v0x5ce4d120e5a0_0, 0;
    %pushi/vec4 1, 0, 1;
    %assign/vec4 v0x5ce4d120e820_0, 0;
T_87.26 ;
    %pushi/vec4 1, 0, 1;
    %assign/vec4 v0x5ce4d1203f00_0, 0;
    %load/vec4 v0x5ce4d120e820_0;
    %flag_set/vec4 9;
    %flag_get/vec4 9;
    %jmp/0 T_87.33, 9;
    %load/vec4 v0x5ce4d120e780_0;
    %nor/r;
    %and;
T_87.33;
    %flag_set/vec4 8;
    %jmp/0xz  T_87.31, 8;
    %load/vec4 v0x5ce4d120e820_0;
    %assign/vec4 v0x5ce4d120e820_0, 0;
T_87.31 ;
    %load/vec4 v0x5ce4d1211660_0;
    %cmpi/e 14, 0, 32;
    %flag_get/vec4 4;
    %jmp/0 T_87.36, 4;
    %load/vec4 v0x5ce4d1203aa0_0;
    %pad/u 32;
    %cmpi/e 0, 0, 32;
    %flag_get/vec4 4;
    %jmp/0 T_87.37, 4;
    %load/vec4 v0x5ce4d120e780_0;
    %flag_set/vec4 9;
    %flag_get/vec4 9;
    %jmp/1 T_87.38, 9;
    %load/vec4 v0x5ce4d120e820_0;
    %nor/r;
    %or;
T_87.38;
    %and;
T_87.37;
    %and;
T_87.36;
    %flag_set/vec4 8;
    %jmp/0xz  T_87.34, 8;
    %pushi/vec4 8, 0, 32;
    %assign/vec4 v0x5ce4d120e5a0_0, 0;
    %pushi/vec4 1, 0, 1;
    %assign/vec4 v0x5ce4d120e820_0, 0;
T_87.34 ;
    %pushi/vec4 1, 0, 1;
    %assign/vec4 v0x5ce4d12040e0_0, 0;
    %load/vec4 v0x5ce4d120e820_0;
    %flag_set/vec4 9;
    %flag_get/vec4 9;
    %jmp/0 T_87.41, 9;
    %load/vec4 v0x5ce4d120e780_0;
    %nor/r;
    %and;
T_87.41;
    %flag_set/vec4 8;
    %jmp/0xz  T_87.39, 8;
    %load/vec4 v0x5ce4d120e820_0;
    %assign/vec4 v0x5ce4d120e820_0, 0;
T_87.39 ;
    %load/vec4 v0x5ce4d1211660_0;
    %cmpi/e 19, 0, 32;
    %flag_get/vec4 4;
    %jmp/0 T_87.44, 4;
    %load/vec4 v0x5ce4d1203aa0_0;
    %pad/u 32;
    %cmpi/e 0, 0, 32;
    %flag_get/vec4 4;
    %jmp/0 T_87.45, 4;
    %load/vec4 v0x5ce4d120e780_0;
    %flag_set/vec4 9;
    %flag_get/vec4 9;
    %jmp/1 T_87.46, 9;
    %load/vec4 v0x5ce4d120e820_0;
    %nor/r;
    %or;
T_87.46;
    %and;
T_87.45;
    %and;
T_87.44;
    %flag_set/vec4 8;
    %jmp/0xz  T_87.42, 8;
    %pushi/vec4 16, 0, 32;
    %assign/vec4 v0x5ce4d120e5a0_0, 0;
    %pushi/vec4 1, 0, 1;
    %assign/vec4 v0x5ce4d120e820_0, 0;
T_87.42 ;
    %pushi/vec4 1, 0, 1;
    %assign/vec4 v0x5ce4d1204180_0, 0;
    %load/vec4 v0x5ce4d120e820_0;
    %flag_set/vec4 9;
    %flag_get/vec4 9;
    %jmp/0 T_87.49, 9;
    %load/vec4 v0x5ce4d120e780_0;
    %nor/r;
    %and;
T_87.49;
    %flag_set/vec4 8;
    %jmp/0xz  T_87.47, 8;
    %load/vec4 v0x5ce4d120e820_0;
    %assign/vec4 v0x5ce4d120e820_0, 0;
T_87.47 ;
    %load/vec4 v0x5ce4d1211660_0;
    %cmpi/e 24, 0, 32;
    %flag_get/vec4 4;
    %jmp/0 T_87.52, 4;
    %load/vec4 v0x5ce4d1203aa0_0;
    %pad/u 32;
    %cmpi/e 0, 0, 32;
    %flag_get/vec4 4;
    %jmp/0 T_87.53, 4;
    %load/vec4 v0x5ce4d120e780_0;
    %flag_set/vec4 9;
    %flag_get/vec4 9;
    %jmp/1 T_87.54, 9;
    %load/vec4 v0x5ce4d120e820_0;
    %nor/r;
    %or;
T_87.54;
    %and;
T_87.53;
    %and;
T_87.52;
    %flag_set/vec4 8;
    %jmp/0xz  T_87.50, 8;
    %pushi/vec4 24, 0, 32;
    %assign/vec4 v0x5ce4d120e5a0_0, 0;
    %pushi/vec4 1, 0, 1;
    %assign/vec4 v0x5ce4d120e820_0, 0;
T_87.50 ;
    %pushi/vec4 1, 0, 1;
    %assign/vec4 v0x5ce4d1204220_0, 0;
    %load/vec4 v0x5ce4d120e820_0;
    %flag_set/vec4 9;
    %flag_get/vec4 9;
    %jmp/0 T_87.57, 9;
    %load/vec4 v0x5ce4d120e780_0;
    %nor/r;
    %and;
T_87.57;
    %flag_set/vec4 8;
    %jmp/0xz  T_87.55, 8;
    %load/vec4 v0x5ce4d120e820_0;
    %assign/vec4 v0x5ce4d120e820_0, 0;
T_87.55 ;
    %load/vec4 v0x5ce4d1211660_0;
    %cmpi/e 29, 0, 32;
    %flag_get/vec4 4;
    %jmp/0 T_87.60, 4;
    %load/vec4 v0x5ce4d1203aa0_0;
    %pad/u 32;
    %cmpi/e 0, 0, 32;
    %flag_get/vec4 4;
    %jmp/0 T_87.61, 4;
    %load/vec4 v0x5ce4d120e780_0;
    %flag_set/vec4 9;
    %flag_get/vec4 9;
    %jmp/1 T_87.62, 9;
    %load/vec4 v0x5ce4d120e820_0;
    %nor/r;
    %or;
T_87.62;
    %and;
T_87.61;
    %and;
T_87.60;
    %flag_set/vec4 8;
    %jmp/0xz  T_87.58, 8;
    %pushi/vec4 48, 0, 32;
    %assign/vec4 v0x5ce4d120e5a0_0, 0;
    %pushi/vec4 1, 0, 1;
    %assign/vec4 v0x5ce4d120e820_0, 0;
T_87.58 ;
    %pushi/vec4 1, 0, 1;
    %assign/vec4 v0x5ce4d1204ad0_0, 0;
    %load/vec4 v0x5ce4d120e820_0;
    %flag_set/vec4 9;
    %flag_get/vec4 9;
    %jmp/0 T_87.65, 9;
    %load/vec4 v0x5ce4d120e780_0;
    %nor/r;
    %and;
T_87.65;
    %flag_set/vec4 8;
    %jmp/0xz  T_87.63, 8;
    %load/vec4 v0x5ce4d120e820_0;
    %assign/vec4 v0x5ce4d120e820_0, 0;
T_87.63 ;
    %load/vec4 v0x5ce4d1211660_0;
    %cmpi/e 34, 0, 32;
    %flag_get/vec4 4;
    %jmp/0 T_87.68, 4;
    %load/vec4 v0x5ce4d1203aa0_0;
    %pad/u 32;
    %cmpi/e 0, 0, 32;
    %flag_get/vec4 4;
    %jmp/0 T_87.69, 4;
    %load/vec4 v0x5ce4d120e780_0;
    %flag_set/vec4 9;
    %flag_get/vec4 9;
    %jmp/1 T_87.70, 9;
    %load/vec4 v0x5ce4d120e820_0;
    %nor/r;
    %or;
T_87.70;
    %and;
T_87.69;
    %and;
T_87.68;
    %flag_set/vec4 8;
    %jmp/0xz  T_87.66, 8;
    %pushi/vec4 32, 0, 32;
    %assign/vec4 v0x5ce4d120e5a0_0, 0;
    %pushi/vec4 1, 0, 1;
    %assign/vec4 v0x5ce4d120e820_0, 0;
T_87.66 ;
    %pushi/vec4 1, 0, 1;
    %assign/vec4 v0x5ce4d1204b70_0, 0;
    %load/vec4 v0x5ce4d120e820_0;
    %flag_set/vec4 9;
    %flag_get/vec4 9;
    %jmp/0 T_87.73, 9;
    %load/vec4 v0x5ce4d120e780_0;
    %nor/r;
    %and;
T_87.73;
    %flag_set/vec4 8;
    %jmp/0xz  T_87.71, 8;
    %load/vec4 v0x5ce4d120e820_0;
    %assign/vec4 v0x5ce4d120e820_0, 0;
T_87.71 ;
    %load/vec4 v0x5ce4d1211660_0;
    %cmpi/e 53, 0, 32;
    %flag_get/vec4 4;
    %jmp/0 T_87.76, 4;
    %load/vec4 v0x5ce4d1203aa0_0;
    %pad/u 32;
    %cmpi/e 0, 0, 32;
    %flag_get/vec4 4;
    %jmp/0 T_87.77, 4;
    %load/vec4 v0x5ce4d120e780_0;
    %flag_set/vec4 9;
    %flag_get/vec4 9;
    %jmp/1 T_87.78, 9;
    %load/vec4 v0x5ce4d120e820_0;
    %nor/r;
    %or;
T_87.78;
    %and;
T_87.77;
    %and;
T_87.76;
    %flag_set/vec4 8;
    %jmp/0xz  T_87.74, 8;
    %pushi/vec4 0, 0, 32;
    %assign/vec4 v0x5ce4d120e5a0_0, 0;
    %pushi/vec4 1, 0, 1;
    %assign/vec4 v0x5ce4d120e820_0, 0;
T_87.74 ;
    %pushi/vec4 1, 0, 1;
    %assign/vec4 v0x5ce4d1204c10_0, 0;
    %load/vec4 v0x5ce4d120e820_0;
    %flag_set/vec4 9;
    %flag_get/vec4 9;
    %jmp/0 T_87.81, 9;
    %load/vec4 v0x5ce4d120e780_0;
    %nor/r;
    %and;
T_87.81;
    %flag_set/vec4 8;
    %jmp/0xz  T_87.79, 8;
    %load/vec4 v0x5ce4d120e820_0;
    %assign/vec4 v0x5ce4d120e820_0, 0;
T_87.79 ;
    %load/vec4 v0x5ce4d1211660_0;
    %cmpi/e 58, 0, 32;
    %flag_get/vec4 4;
    %jmp/0 T_87.84, 4;
    %load/vec4 v0x5ce4d1203aa0_0;
    %pad/u 32;
    %cmpi/e 0, 0, 32;
    %flag_get/vec4 4;
    %jmp/0 T_87.85, 4;
    %load/vec4 v0x5ce4d120e780_0;
    %flag_set/vec4 9;
    %flag_get/vec4 9;
    %jmp/1 T_87.86, 9;
    %load/vec4 v0x5ce4d120e820_0;
    %nor/r;
    %or;
T_87.86;
    %and;
T_87.85;
    %and;
T_87.84;
    %flag_set/vec4 8;
    %jmp/0xz  T_87.82, 8;
    %pushi/vec4 8, 0, 32;
    %assign/vec4 v0x5ce4d120e5a0_0, 0;
    %pushi/vec4 1, 0, 1;
    %assign/vec4 v0x5ce4d120e820_0, 0;
T_87.82 ;
    %pushi/vec4 1, 0, 1;
    %assign/vec4 v0x5ce4d1204cb0_0, 0;
    %load/vec4 v0x5ce4d120e820_0;
    %flag_set/vec4 9;
    %flag_get/vec4 9;
    %jmp/0 T_87.89, 9;
    %load/vec4 v0x5ce4d120e780_0;
    %nor/r;
    %and;
T_87.89;
    %flag_set/vec4 8;
    %jmp/0xz  T_87.87, 8;
    %load/vec4 v0x5ce4d120e820_0;
    %assign/vec4 v0x5ce4d120e820_0, 0;
T_87.87 ;
    %load/vec4 v0x5ce4d1211660_0;
    %cmpi/e 63, 0, 32;
    %flag_get/vec4 4;
    %jmp/0 T_87.92, 4;
    %load/vec4 v0x5ce4d1203aa0_0;
    %pad/u 32;
    %cmpi/e 0, 0, 32;
    %flag_get/vec4 4;
    %jmp/0 T_87.93, 4;
    %load/vec4 v0x5ce4d120e780_0;
    %flag_set/vec4 9;
    %flag_get/vec4 9;
    %jmp/1 T_87.94, 9;
    %load/vec4 v0x5ce4d120e820_0;
    %nor/r;
    %or;
T_87.94;
    %and;
T_87.93;
    %and;
T_87.92;
    %flag_set/vec4 8;
    %jmp/0xz  T_87.90, 8;
    %pushi/vec4 16, 0, 32;
    %assign/vec4 v0x5ce4d120e5a0_0, 0;
    %pushi/vec4 1, 0, 1;
    %assign/vec4 v0x5ce4d120e820_0, 0;
T_87.90 ;
    %pushi/vec4 1, 0, 1;
    %assign/vec4 v0x5ce4d1204d50_0, 0;
    %load/vec4 v0x5ce4d120e820_0;
    %flag_set/vec4 9;
    %flag_get/vec4 9;
    %jmp/0 T_87.97, 9;
    %load/vec4 v0x5ce4d120e780_0;
    %nor/r;
    %and;
T_87.97;
    %flag_set/vec4 8;
    %jmp/0xz  T_87.95, 8;
    %load/vec4 v0x5ce4d120e820_0;
    %assign/vec4 v0x5ce4d120e820_0, 0;
T_87.95 ;
    %load/vec4 v0x5ce4d1211660_0;
    %cmpi/e 68, 0, 32;
    %flag_get/vec4 4;
    %jmp/0 T_87.100, 4;
    %load/vec4 v0x5ce4d1203aa0_0;
    %pad/u 32;
    %cmpi/e 0, 0, 32;
    %flag_get/vec4 4;
    %jmp/0 T_87.101, 4;
    %load/vec4 v0x5ce4d120e780_0;
    %flag_set/vec4 9;
    %flag_get/vec4 9;
    %jmp/1 T_87.102, 9;
    %load/vec4 v0x5ce4d120e820_0;
    %nor/r;
    %or;
T_87.102;
    %and;
T_87.101;
    %and;
T_87.100;
    %flag_set/vec4 8;
    %jmp/0xz  T_87.98, 8;
    %pushi/vec4 24, 0, 32;
    %assign/vec4 v0x5ce4d120e5a0_0, 0;
    %pushi/vec4 1, 0, 1;
    %assign/vec4 v0x5ce4d120e820_0, 0;
T_87.98 ;
    %pushi/vec4 1, 0, 1;
    %assign/vec4 v0x5ce4d1204df0_0, 0;
    %load/vec4 v0x5ce4d120e820_0;
    %flag_set/vec4 9;
    %flag_get/vec4 9;
    %jmp/0 T_87.105, 9;
    %load/vec4 v0x5ce4d120e780_0;
    %nor/r;
    %and;
T_87.105;
    %flag_set/vec4 8;
    %jmp/0xz  T_87.103, 8;
    %load/vec4 v0x5ce4d120e820_0;
    %assign/vec4 v0x5ce4d120e820_0, 0;
T_87.103 ;
    %load/vec4 v0x5ce4d1211660_0;
    %cmpi/e 73, 0, 32;
    %flag_get/vec4 4;
    %jmp/0 T_87.108, 4;
    %load/vec4 v0x5ce4d1203aa0_0;
    %pad/u 32;
    %cmpi/e 0, 0, 32;
    %flag_get/vec4 4;
    %jmp/0 T_87.109, 4;
    %load/vec4 v0x5ce4d120e780_0;
    %flag_set/vec4 9;
    %flag_get/vec4 9;
    %jmp/1 T_87.110, 9;
    %load/vec4 v0x5ce4d120e820_0;
    %nor/r;
    %or;
T_87.110;
    %and;
T_87.109;
    %and;
T_87.108;
    %flag_set/vec4 8;
    %jmp/0xz  T_87.106, 8;
    %pushi/vec4 48, 0, 32;
    %assign/vec4 v0x5ce4d120e5a0_0, 0;
    %pushi/vec4 1, 0, 1;
    %assign/vec4 v0x5ce4d120e820_0, 0;
T_87.106 ;
    %pushi/vec4 1, 0, 1;
    %assign/vec4 v0x5ce4d1203fa0_0, 0;
    %load/vec4 v0x5ce4d120e820_0;
    %flag_set/vec4 9;
    %flag_get/vec4 9;
    %jmp/0 T_87.113, 9;
    %load/vec4 v0x5ce4d120e780_0;
    %nor/r;
    %and;
T_87.113;
    %flag_set/vec4 8;
    %jmp/0xz  T_87.111, 8;
    %load/vec4 v0x5ce4d120e820_0;
    %assign/vec4 v0x5ce4d120e820_0, 0;
T_87.111 ;
    %load/vec4 v0x5ce4d1211660_0;
    %cmpi/e 78, 0, 32;
    %flag_get/vec4 4;
    %jmp/0 T_87.116, 4;
    %load/vec4 v0x5ce4d1203aa0_0;
    %pad/u 32;
    %cmpi/e 0, 0, 32;
    %flag_get/vec4 4;
    %jmp/0 T_87.117, 4;
    %load/vec4 v0x5ce4d120e780_0;
    %flag_set/vec4 9;
    %flag_get/vec4 9;
    %jmp/1 T_87.118, 9;
    %load/vec4 v0x5ce4d120e820_0;
    %nor/r;
    %or;
T_87.118;
    %and;
T_87.117;
    %and;
T_87.116;
    %flag_set/vec4 8;
    %jmp/0xz  T_87.114, 8;
    %pushi/vec4 32, 0, 32;
    %assign/vec4 v0x5ce4d120e5a0_0, 0;
    %pushi/vec4 1, 0, 1;
    %assign/vec4 v0x5ce4d120e820_0, 0;
T_87.114 ;
    %pushi/vec4 1, 0, 1;
    %assign/vec4 v0x5ce4d1204040_0, 0;
    %load/vec4 v0x5ce4d120e820_0;
    %flag_set/vec4 9;
    %flag_get/vec4 9;
    %jmp/0 T_87.121, 9;
    %load/vec4 v0x5ce4d120e780_0;
    %nor/r;
    %and;
T_87.121;
    %flag_set/vec4 8;
    %jmp/0xz  T_87.119, 8;
    %load/vec4 v0x5ce4d120e820_0;
    %assign/vec4 v0x5ce4d120e820_0, 0;
T_87.119 ;
T_87.1 ;
    %jmp T_87;
    .thread T_87;
    .scope S_0x5ce4d0f8f690;
T_88 ;
    %wait E_0x5ce4d0b85470;
    %load/vec4 v0x5ce4d11ff2c0_0;
    %flag_set/vec4 8;
    %jmp/0xz  T_88.0, 8;
    %pushi/vec4 0, 0, 64;
    %assign/vec4 v0x5ce4d1205610_0, 0;
    %pushi/vec4 0, 0, 1;
    %assign/vec4 v0x5ce4d12057f0_0, 0;
    %pushi/vec4 0, 0, 8;
    %assign/vec4 v0x5ce4d1205750_0, 0;
    %pushi/vec4 0, 0, 1;
    %assign/vec4 v0x5ce4d1204e90_0, 0;
    %pushi/vec4 0, 0, 1;
    %assign/vec4 v0x5ce4d1205070_0, 0;
    %pushi/vec4 0, 0, 1;
    %assign/vec4 v0x5ce4d1205110_0, 0;
    %pushi/vec4 0, 0, 1;
    %assign/vec4 v0x5ce4d12051b0_0, 0;
    %pushi/vec4 0, 0, 1;
    %assign/vec4 v0x5ce4d1205250_0, 0;
    %pushi/vec4 0, 0, 1;
    %assign/vec4 v0x5ce4d12052f0_0, 0;
    %pushi/vec4 0, 0, 1;
    %assign/vec4 v0x5ce4d1205390_0, 0;
    %pushi/vec4 0, 0, 1;
    %assign/vec4 v0x5ce4d1205430_0, 0;
    %pushi/vec4 0, 0, 1;
    %assign/vec4 v0x5ce4d12054d0_0, 0;
    %pushi/vec4 0, 0, 1;
    %assign/vec4 v0x5ce4d1205570_0, 0;
    %pushi/vec4 0, 0, 1;
    %assign/vec4 v0x5ce4d1204f30_0, 0;
    %pushi/vec4 0, 0, 1;
    %assign/vec4 v0x5ce4d1204fd0_0, 0;
    %jmp T_88.1;
T_88.0 ;
    %load/vec4 v0x5ce4d1204e90_0;
    %flag_set/vec4 8;
    %jmp/0xz  T_88.2, 8;
    %pushi/vec4 0, 0, 1;
    %assign/vec4 v0x5ce4d12057f0_0, 0;
T_88.2 ;
    %load/vec4 v0x5ce4d1205070_0;
    %flag_set/vec4 8;
    %jmp/0xz  T_88.4, 8;
    %pushi/vec4 0, 0, 1;
    %assign/vec4 v0x5ce4d12057f0_0, 0;
T_88.4 ;
    %load/vec4 v0x5ce4d1205110_0;
    %flag_set/vec4 8;
    %jmp/0xz  T_88.6, 8;
    %pushi/vec4 0, 0, 1;
    %assign/vec4 v0x5ce4d12057f0_0, 0;
T_88.6 ;
    %load/vec4 v0x5ce4d12051b0_0;
    %flag_set/vec4 8;
    %jmp/0xz  T_88.8, 8;
    %pushi/vec4 0, 0, 1;
    %assign/vec4 v0x5ce4d12057f0_0, 0;
T_88.8 ;
    %load/vec4 v0x5ce4d1205250_0;
    %flag_set/vec4 8;
    %jmp/0xz  T_88.10, 8;
    %pushi/vec4 0, 0, 1;
    %assign/vec4 v0x5ce4d12057f0_0, 0;
T_88.10 ;
    %load/vec4 v0x5ce4d12052f0_0;
    %flag_set/vec4 8;
    %jmp/0xz  T_88.12, 8;
    %pushi/vec4 0, 0, 1;
    %assign/vec4 v0x5ce4d12057f0_0, 0;
T_88.12 ;
    %load/vec4 v0x5ce4d1205390_0;
    %flag_set/vec4 8;
    %jmp/0xz  T_88.14, 8;
    %pushi/vec4 0, 0, 1;
    %assign/vec4 v0x5ce4d12057f0_0, 0;
T_88.14 ;
    %load/vec4 v0x5ce4d1205430_0;
    %flag_set/vec4 8;
    %jmp/0xz  T_88.16, 8;
    %pushi/vec4 0, 0, 1;
    %assign/vec4 v0x5ce4d12057f0_0, 0;
T_88.16 ;
    %load/vec4 v0x5ce4d12054d0_0;
    %flag_set/vec4 8;
    %jmp/0xz  T_88.18, 8;
    %pushi/vec4 0, 0, 1;
    %assign/vec4 v0x5ce4d12057f0_0, 0;
T_88.18 ;
    %load/vec4 v0x5ce4d1205570_0;
    %flag_set/vec4 8;
    %jmp/0xz  T_88.20, 8;
    %pushi/vec4 0, 0, 1;
    %assign/vec4 v0x5ce4d12057f0_0, 0;
T_88.20 ;
    %load/vec4 v0x5ce4d1204f30_0;
    %flag_set/vec4 8;
    %jmp/0xz  T_88.22, 8;
    %pushi/vec4 0, 0, 1;
    %assign/vec4 v0x5ce4d12057f0_0, 0;
T_88.22 ;
    %load/vec4 v0x5ce4d1204fd0_0;
    %flag_set/vec4 8;
    %jmp/0xz  T_88.24, 8;
    %pushi/vec4 0, 0, 1;
    %assign/vec4 v0x5ce4d12057f0_0, 0;
T_88.24 ;
    %load/vec4 v0x5ce4d1211660_0;
    %cmpi/e 11, 0, 32;
    %flag_get/vec4 4;
    %jmp/0 T_88.28, 4;
    %load/vec4 v0x5ce4d12056b0_0;
    %flag_set/vec4 9;
    %flag_get/vec4 9;
    %jmp/1 T_88.29, 9;
    %load/vec4 v0x5ce4d12057f0_0;
    %nor/r;
    %or;
T_88.29;
    %and;
T_88.28;
    %flag_set/vec4 8;
    %jmp/0xz  T_88.26, 8;
    %pushi/vec4 0, 0, 64;
    %assign/vec4 v0x5ce4d1205610_0, 0;
    %pushi/vec4 1, 0, 1;
    %assign/vec4 v0x5ce4d12057f0_0, 0;
    %pushi/vec4 255, 0, 8;
    %assign/vec4 v0x5ce4d1205750_0, 0;
T_88.26 ;
    %pushi/vec4 1, 0, 1;
    %assign/vec4 v0x5ce4d1204e90_0, 0;
    %load/vec4 v0x5ce4d12057f0_0;
    %flag_set/vec4 9;
    %flag_get/vec4 9;
    %jmp/0 T_88.32, 9;
    %load/vec4 v0x5ce4d12056b0_0;
    %nor/r;
    %and;
T_88.32;
    %flag_set/vec4 8;
    %jmp/0xz  T_88.30, 8;
    %load/vec4 v0x5ce4d12057f0_0;
    %assign/vec4 v0x5ce4d12057f0_0, 0;
T_88.30 ;
    %load/vec4 v0x5ce4d1211660_0;
    %cmpi/e 16, 0, 32;
    %flag_get/vec4 4;
    %jmp/0 T_88.35, 4;
    %load/vec4 v0x5ce4d12056b0_0;
    %flag_set/vec4 9;
    %flag_get/vec4 9;
    %jmp/1 T_88.36, 9;
    %load/vec4 v0x5ce4d12057f0_0;
    %nor/r;
    %or;
T_88.36;
    %and;
T_88.35;
    %flag_set/vec4 8;
    %jmp/0xz  T_88.33, 8;
    %pushi/vec4 0, 0, 64;
    %assign/vec4 v0x5ce4d1205610_0, 0;
    %pushi/vec4 1, 0, 1;
    %assign/vec4 v0x5ce4d12057f0_0, 0;
    %pushi/vec4 255, 0, 8;
    %assign/vec4 v0x5ce4d1205750_0, 0;
T_88.33 ;
    %pushi/vec4 1, 0, 1;
    %assign/vec4 v0x5ce4d1205070_0, 0;
    %load/vec4 v0x5ce4d12057f0_0;
    %flag_set/vec4 9;
    %flag_get/vec4 9;
    %jmp/0 T_88.39, 9;
    %load/vec4 v0x5ce4d12056b0_0;
    %nor/r;
    %and;
T_88.39;
    %flag_set/vec4 8;
    %jmp/0xz  T_88.37, 8;
    %load/vec4 v0x5ce4d12057f0_0;
    %assign/vec4 v0x5ce4d12057f0_0, 0;
T_88.37 ;
    %load/vec4 v0x5ce4d1211660_0;
    %cmpi/e 21, 0, 32;
    %flag_get/vec4 4;
    %jmp/0 T_88.42, 4;
    %load/vec4 v0x5ce4d12056b0_0;
    %flag_set/vec4 9;
    %flag_get/vec4 9;
    %jmp/1 T_88.43, 9;
    %load/vec4 v0x5ce4d12057f0_0;
    %nor/r;
    %or;
T_88.43;
    %and;
T_88.42;
    %flag_set/vec4 8;
    %jmp/0xz  T_88.40, 8;
    %pushi/vec4 4, 0, 64;
    %assign/vec4 v0x5ce4d1205610_0, 0;
    %pushi/vec4 1, 0, 1;
    %assign/vec4 v0x5ce4d12057f0_0, 0;
    %pushi/vec4 255, 0, 8;
    %assign/vec4 v0x5ce4d1205750_0, 0;
T_88.40 ;
    %pushi/vec4 1, 0, 1;
    %assign/vec4 v0x5ce4d1205110_0, 0;
    %load/vec4 v0x5ce4d12057f0_0;
    %flag_set/vec4 9;
    %flag_get/vec4 9;
    %jmp/0 T_88.46, 9;
    %load/vec4 v0x5ce4d12056b0_0;
    %nor/r;
    %and;
T_88.46;
    %flag_set/vec4 8;
    %jmp/0xz  T_88.44, 8;
    %load/vec4 v0x5ce4d12057f0_0;
    %assign/vec4 v0x5ce4d12057f0_0, 0;
T_88.44 ;
    %load/vec4 v0x5ce4d1211660_0;
    %cmpi/e 26, 0, 32;
    %flag_get/vec4 4;
    %jmp/0 T_88.49, 4;
    %load/vec4 v0x5ce4d12056b0_0;
    %flag_set/vec4 9;
    %flag_get/vec4 9;
    %jmp/1 T_88.50, 9;
    %load/vec4 v0x5ce4d12057f0_0;
    %nor/r;
    %or;
T_88.50;
    %and;
T_88.49;
    %flag_set/vec4 8;
    %jmp/0xz  T_88.47, 8;
    %pushi/vec4 0, 0, 64;
    %assign/vec4 v0x5ce4d1205610_0, 0;
    %pushi/vec4 1, 0, 1;
    %assign/vec4 v0x5ce4d12057f0_0, 0;
    %pushi/vec4 255, 0, 8;
    %assign/vec4 v0x5ce4d1205750_0, 0;
T_88.47 ;
    %pushi/vec4 1, 0, 1;
    %assign/vec4 v0x5ce4d12051b0_0, 0;
    %load/vec4 v0x5ce4d12057f0_0;
    %flag_set/vec4 9;
    %flag_get/vec4 9;
    %jmp/0 T_88.53, 9;
    %load/vec4 v0x5ce4d12056b0_0;
    %nor/r;
    %and;
T_88.53;
    %flag_set/vec4 8;
    %jmp/0xz  T_88.51, 8;
    %load/vec4 v0x5ce4d12057f0_0;
    %assign/vec4 v0x5ce4d12057f0_0, 0;
T_88.51 ;
    %load/vec4 v0x5ce4d1211660_0;
    %cmpi/e 31, 0, 32;
    %flag_get/vec4 4;
    %jmp/0 T_88.56, 4;
    %load/vec4 v0x5ce4d12056b0_0;
    %flag_set/vec4 9;
    %flag_get/vec4 9;
    %jmp/1 T_88.57, 9;
    %load/vec4 v0x5ce4d12057f0_0;
    %nor/r;
    %or;
T_88.57;
    %and;
T_88.56;
    %flag_set/vec4 8;
    %jmp/0xz  T_88.54, 8;
    %pushi/vec4 4, 0, 64;
    %assign/vec4 v0x5ce4d1205610_0, 0;
    %pushi/vec4 1, 0, 1;
    %assign/vec4 v0x5ce4d12057f0_0, 0;
    %pushi/vec4 255, 0, 8;
    %assign/vec4 v0x5ce4d1205750_0, 0;
T_88.54 ;
    %pushi/vec4 1, 0, 1;
    %assign/vec4 v0x5ce4d1205250_0, 0;
    %load/vec4 v0x5ce4d12057f0_0;
    %flag_set/vec4 9;
    %flag_get/vec4 9;
    %jmp/0 T_88.60, 9;
    %load/vec4 v0x5ce4d12056b0_0;
    %nor/r;
    %and;
T_88.60;
    %flag_set/vec4 8;
    %jmp/0xz  T_88.58, 8;
    %load/vec4 v0x5ce4d12057f0_0;
    %assign/vec4 v0x5ce4d12057f0_0, 0;
T_88.58 ;
    %load/vec4 v0x5ce4d1211660_0;
    %cmpi/e 36, 0, 32;
    %flag_get/vec4 4;
    %jmp/0 T_88.63, 4;
    %load/vec4 v0x5ce4d12056b0_0;
    %flag_set/vec4 9;
    %flag_get/vec4 9;
    %jmp/1 T_88.64, 9;
    %load/vec4 v0x5ce4d12057f0_0;
    %nor/r;
    %or;
T_88.64;
    %and;
T_88.63;
    %flag_set/vec4 8;
    %jmp/0xz  T_88.61, 8;
    %pushi/vec4 1, 0, 64;
    %assign/vec4 v0x5ce4d1205610_0, 0;
    %pushi/vec4 1, 0, 1;
    %assign/vec4 v0x5ce4d12057f0_0, 0;
    %pushi/vec4 255, 0, 8;
    %assign/vec4 v0x5ce4d1205750_0, 0;
T_88.61 ;
    %pushi/vec4 1, 0, 1;
    %assign/vec4 v0x5ce4d12052f0_0, 0;
    %load/vec4 v0x5ce4d12057f0_0;
    %flag_set/vec4 9;
    %flag_get/vec4 9;
    %jmp/0 T_88.67, 9;
    %load/vec4 v0x5ce4d12056b0_0;
    %nor/r;
    %and;
T_88.67;
    %flag_set/vec4 8;
    %jmp/0xz  T_88.65, 8;
    %load/vec4 v0x5ce4d12057f0_0;
    %assign/vec4 v0x5ce4d12057f0_0, 0;
T_88.65 ;
    %load/vec4 v0x5ce4d1211660_0;
    %cmpi/e 55, 0, 32;
    %flag_get/vec4 4;
    %jmp/0 T_88.70, 4;
    %load/vec4 v0x5ce4d12056b0_0;
    %flag_set/vec4 9;
    %flag_get/vec4 9;
    %jmp/1 T_88.71, 9;
    %load/vec4 v0x5ce4d12057f0_0;
    %nor/r;
    %or;
T_88.71;
    %and;
T_88.70;
    %flag_set/vec4 8;
    %jmp/0xz  T_88.68, 8;
    %pushi/vec4 4096, 0, 64;
    %assign/vec4 v0x5ce4d1205610_0, 0;
    %pushi/vec4 1, 0, 1;
    %assign/vec4 v0x5ce4d12057f0_0, 0;
    %pushi/vec4 255, 0, 8;
    %assign/vec4 v0x5ce4d1205750_0, 0;
T_88.68 ;
    %pushi/vec4 1, 0, 1;
    %assign/vec4 v0x5ce4d1205390_0, 0;
    %load/vec4 v0x5ce4d12057f0_0;
    %flag_set/vec4 9;
    %flag_get/vec4 9;
    %jmp/0 T_88.74, 9;
    %load/vec4 v0x5ce4d12056b0_0;
    %nor/r;
    %and;
T_88.74;
    %flag_set/vec4 8;
    %jmp/0xz  T_88.72, 8;
    %load/vec4 v0x5ce4d12057f0_0;
    %assign/vec4 v0x5ce4d12057f0_0, 0;
T_88.72 ;
    %load/vec4 v0x5ce4d1211660_0;
    %cmpi/e 60, 0, 32;
    %flag_get/vec4 4;
    %jmp/0 T_88.77, 4;
    %load/vec4 v0x5ce4d12056b0_0;
    %flag_set/vec4 9;
    %flag_get/vec4 9;
    %jmp/1 T_88.78, 9;
    %load/vec4 v0x5ce4d12057f0_0;
    %nor/r;
    %or;
T_88.78;
    %and;
T_88.77;
    %flag_set/vec4 8;
    %jmp/0xz  T_88.75, 8;
    %pushi/vec4 0, 0, 64;
    %assign/vec4 v0x5ce4d1205610_0, 0;
    %pushi/vec4 1, 0, 1;
    %assign/vec4 v0x5ce4d12057f0_0, 0;
    %pushi/vec4 255, 0, 8;
    %assign/vec4 v0x5ce4d1205750_0, 0;
T_88.75 ;
    %pushi/vec4 1, 0, 1;
    %assign/vec4 v0x5ce4d1205430_0, 0;
    %load/vec4 v0x5ce4d12057f0_0;
    %flag_set/vec4 9;
    %flag_get/vec4 9;
    %jmp/0 T_88.81, 9;
    %load/vec4 v0x5ce4d12056b0_0;
    %nor/r;
    %and;
T_88.81;
    %flag_set/vec4 8;
    %jmp/0xz  T_88.79, 8;
    %load/vec4 v0x5ce4d12057f0_0;
    %assign/vec4 v0x5ce4d12057f0_0, 0;
T_88.79 ;
    %load/vec4 v0x5ce4d1211660_0;
    %cmpi/e 65, 0, 32;
    %flag_get/vec4 4;
    %jmp/0 T_88.84, 4;
    %load/vec4 v0x5ce4d12056b0_0;
    %flag_set/vec4 9;
    %flag_get/vec4 9;
    %jmp/1 T_88.85, 9;
    %load/vec4 v0x5ce4d12057f0_0;
    %nor/r;
    %or;
T_88.85;
    %and;
T_88.84;
    %flag_set/vec4 8;
    %jmp/0xz  T_88.82, 8;
    %pushi/vec4 4, 0, 64;
    %assign/vec4 v0x5ce4d1205610_0, 0;
    %pushi/vec4 1, 0, 1;
    %assign/vec4 v0x5ce4d12057f0_0, 0;
    %pushi/vec4 255, 0, 8;
    %assign/vec4 v0x5ce4d1205750_0, 0;
T_88.82 ;
    %pushi/vec4 1, 0, 1;
    %assign/vec4 v0x5ce4d12054d0_0, 0;
    %load/vec4 v0x5ce4d12057f0_0;
    %flag_set/vec4 9;
    %flag_get/vec4 9;
    %jmp/0 T_88.88, 9;
    %load/vec4 v0x5ce4d12056b0_0;
    %nor/r;
    %and;
T_88.88;
    %flag_set/vec4 8;
    %jmp/0xz  T_88.86, 8;
    %load/vec4 v0x5ce4d12057f0_0;
    %assign/vec4 v0x5ce4d12057f0_0, 0;
T_88.86 ;
    %load/vec4 v0x5ce4d1211660_0;
    %cmpi/e 70, 0, 32;
    %flag_get/vec4 4;
    %jmp/0 T_88.91, 4;
    %load/vec4 v0x5ce4d12056b0_0;
    %flag_set/vec4 9;
    %flag_get/vec4 9;
    %jmp/1 T_88.92, 9;
    %load/vec4 v0x5ce4d12057f0_0;
    %nor/r;
    %or;
T_88.92;
    %and;
T_88.91;
    %flag_set/vec4 8;
    %jmp/0xz  T_88.89, 8;
    %pushi/vec4 1, 0, 64;
    %assign/vec4 v0x5ce4d1205610_0, 0;
    %pushi/vec4 1, 0, 1;
    %assign/vec4 v0x5ce4d12057f0_0, 0;
    %pushi/vec4 255, 0, 8;
    %assign/vec4 v0x5ce4d1205750_0, 0;
T_88.89 ;
    %pushi/vec4 1, 0, 1;
    %assign/vec4 v0x5ce4d1205570_0, 0;
    %load/vec4 v0x5ce4d12057f0_0;
    %flag_set/vec4 9;
    %flag_get/vec4 9;
    %jmp/0 T_88.95, 9;
    %load/vec4 v0x5ce4d12056b0_0;
    %nor/r;
    %and;
T_88.95;
    %flag_set/vec4 8;
    %jmp/0xz  T_88.93, 8;
    %load/vec4 v0x5ce4d12057f0_0;
    %assign/vec4 v0x5ce4d12057f0_0, 0;
T_88.93 ;
    %load/vec4 v0x5ce4d1211660_0;
    %cmpi/e 75, 0, 32;
    %flag_get/vec4 4;
    %jmp/0 T_88.98, 4;
    %load/vec4 v0x5ce4d12056b0_0;
    %flag_set/vec4 9;
    %flag_get/vec4 9;
    %jmp/1 T_88.99, 9;
    %load/vec4 v0x5ce4d12057f0_0;
    %nor/r;
    %or;
T_88.99;
    %and;
T_88.98;
    %flag_set/vec4 8;
    %jmp/0xz  T_88.96, 8;
    %pushi/vec4 1, 0, 64;
    %assign/vec4 v0x5ce4d1205610_0, 0;
    %pushi/vec4 1, 0, 1;
    %assign/vec4 v0x5ce4d12057f0_0, 0;
    %pushi/vec4 255, 0, 8;
    %assign/vec4 v0x5ce4d1205750_0, 0;
T_88.96 ;
    %pushi/vec4 1, 0, 1;
    %assign/vec4 v0x5ce4d1204f30_0, 0;
    %load/vec4 v0x5ce4d12057f0_0;
    %flag_set/vec4 9;
    %flag_get/vec4 9;
    %jmp/0 T_88.102, 9;
    %load/vec4 v0x5ce4d12056b0_0;
    %nor/r;
    %and;
T_88.102;
    %flag_set/vec4 8;
    %jmp/0xz  T_88.100, 8;
    %load/vec4 v0x5ce4d12057f0_0;
    %assign/vec4 v0x5ce4d12057f0_0, 0;
T_88.100 ;
    %load/vec4 v0x5ce4d1211660_0;
    %cmpi/e 80, 0, 32;
    %flag_get/vec4 4;
    %jmp/0 T_88.105, 4;
    %load/vec4 v0x5ce4d12056b0_0;
    %flag_set/vec4 9;
    %flag_get/vec4 9;
    %jmp/1 T_88.106, 9;
    %load/vec4 v0x5ce4d12057f0_0;
    %nor/r;
    %or;
T_88.106;
    %and;
T_88.105;
    %flag_set/vec4 8;
    %jmp/0xz  T_88.103, 8;
    %pushi/vec4 1, 0, 64;
    %assign/vec4 v0x5ce4d1205610_0, 0;
    %pushi/vec4 1, 0, 1;
    %assign/vec4 v0x5ce4d12057f0_0, 0;
    %pushi/vec4 255, 0, 8;
    %assign/vec4 v0x5ce4d1205750_0, 0;
T_88.103 ;
    %pushi/vec4 1, 0, 1;
    %assign/vec4 v0x5ce4d1204fd0_0, 0;
    %load/vec4 v0x5ce4d12057f0_0;
    %flag_set/vec4 9;
    %flag_get/vec4 9;
    %jmp/0 T_88.109, 9;
    %load/vec4 v0x5ce4d12056b0_0;
    %nor/r;
    %and;
T_88.109;
    %flag_set/vec4 8;
    %jmp/0xz  T_88.107, 8;
    %load/vec4 v0x5ce4d12057f0_0;
    %assign/vec4 v0x5ce4d12057f0_0, 0;
T_88.107 ;
T_88.1 ;
    %jmp T_88;
    .thread T_88;
    .scope S_0x5ce4d0f8f690;
T_89 ;
    %wait E_0x5ce4d0b85470;
    %load/vec4 v0x5ce4d11ff2c0_0;
    %flag_set/vec4 8;
    %jmp/0xz  T_89.0, 8;
    %pushi/vec4 0, 0, 72;
    %assign/vec4 v0x5ce4d1207f50_0, 0;
    %pushi/vec4 0, 0, 1;
    %assign/vec4 v0x5ce4d1208770_0, 0;
    %pushi/vec4 0, 0, 72;
    %assign/vec4 v0x5ce4d1208630_0, 0;
    %pushi/vec4 0, 0, 1;
    %assign/vec4 v0x5ce4d12086d0_0, 0;
    %jmp T_89.1;
T_89.0 ;
    %load/vec4 v0x5ce4d1207ff0_0;
    %flag_set/vec4 8;
    %jmp/1 T_89.4, 8;
    %load/vec4 v0x5ce4d1208770_0;
    %nor/r;
    %flag_set/vec4 9;
    %flag_or 8, 9;
T_89.4;
    %jmp/0xz  T_89.2, 8;
    %load/vec4 v0x5ce4d12081d0_0;
    %assign/vec4 v0x5ce4d1207f50_0, 0;
    %load/vec4 v0x5ce4d1208270_0;
    %assign/vec4 v0x5ce4d1208770_0, 0;
T_89.2 ;
    %load/vec4 v0x5ce4d12086d0_0;
    %nor/r;
    %flag_set/vec4 10;
    %flag_get/vec4 10;
    %jmp/0 T_89.8, 10;
    %load/vec4 v0x5ce4d1208770_0;
    %and;
T_89.8;
    %flag_set/vec4 9;
    %flag_get/vec4 9;
    %jmp/0 T_89.7, 9;
    %load/vec4 v0x5ce4d1207ff0_0;
    %nor/r;
    %and;
T_89.7;
    %flag_set/vec4 8;
    %jmp/0xz  T_89.5, 8;
    %load/vec4 v0x5ce4d12083b0_0;
    %assign/vec4 v0x5ce4d1208630_0, 0;
    %load/vec4 v0x5ce4d1208450_0;
    %assign/vec4 v0x5ce4d12086d0_0, 0;
T_89.5 ;
    %load/vec4 v0x5ce4d12086d0_0;
    %flag_set/vec4 9;
    %flag_get/vec4 9;
    %jmp/0 T_89.11, 9;
    %load/vec4 v0x5ce4d1207ff0_0;
    %and;
T_89.11;
    %flag_set/vec4 8;
    %jmp/0xz  T_89.9, 8;
    %pushi/vec4 0, 0, 1;
    %assign/vec4 v0x5ce4d12086d0_0, 0;
T_89.9 ;
T_89.1 ;
    %jmp T_89;
    .thread T_89;
    .scope S_0x5ce4d0f8f690;
T_90 ;
    %wait E_0x5ce4d0b85470;
    %load/vec4 v0x5ce4d11ff2c0_0;
    %flag_set/vec4 8;
    %jmp/0xz  T_90.0, 8;
    %pushi/vec4 0, 0, 32;
    %assign/vec4 v0x5ce4d120e280_0, 0;
    %pushi/vec4 0, 0, 1;
    %assign/vec4 v0x5ce4d120e500_0, 0;
    %pushi/vec4 0, 0, 1;
    %assign/vec4 v0x5ce4d1203b40_0, 0;
    %pushi/vec4 0, 0, 1;
    %assign/vec4 v0x5ce4d1203be0_0, 0;
    %pushi/vec4 0, 0, 1;
    %assign/vec4 v0x5ce4d1203c80_0, 0;
    %jmp T_90.1;
T_90.0 ;
    %load/vec4 v0x5ce4d1203b40_0;
    %flag_set/vec4 8;
    %jmp/0xz  T_90.2, 8;
    %pushi/vec4 0, 0, 1;
    %assign/vec4 v0x5ce4d120e500_0, 0;
T_90.2 ;
    %load/vec4 v0x5ce4d1203be0_0;
    %flag_set/vec4 8;
    %jmp/0xz  T_90.4, 8;
    %pushi/vec4 0, 0, 1;
    %assign/vec4 v0x5ce4d120e500_0, 0;
T_90.4 ;
    %load/vec4 v0x5ce4d1203c80_0;
    %flag_set/vec4 8;
    %jmp/0xz  T_90.6, 8;
    %pushi/vec4 0, 0, 1;
    %assign/vec4 v0x5ce4d120e500_0, 0;
T_90.6 ;
    %load/vec4 v0x5ce4d1211660_0;
    %cmpi/e 2, 0, 32;
    %flag_get/vec4 4;
    %jmp/0 T_90.10, 4;
    %load/vec4 v0x5ce4d120e460_0;
    %flag_set/vec4 9;
    %flag_get/vec4 9;
    %jmp/1 T_90.11, 9;
    %load/vec4 v0x5ce4d120e500_0;
    %nor/r;
    %or;
T_90.11;
    %and;
T_90.10;
    %flag_set/vec4 8;
    %jmp/0xz  T_90.8, 8;
    %pushi/vec4 40, 0, 32;
    %assign/vec4 v0x5ce4d120e280_0, 0;
    %pushi/vec4 1, 0, 1;
    %assign/vec4 v0x5ce4d120e500_0, 0;
T_90.8 ;
    %pushi/vec4 1, 0, 1;
    %assign/vec4 v0x5ce4d1203b40_0, 0;
    %load/vec4 v0x5ce4d120e500_0;
    %flag_set/vec4 9;
    %flag_get/vec4 9;
    %jmp/0 T_90.14, 9;
    %load/vec4 v0x5ce4d120e460_0;
    %nor/r;
    %and;
T_90.14;
    %flag_set/vec4 8;
    %jmp/0xz  T_90.12, 8;
    %load/vec4 v0x5ce4d120e500_0;
    %assign/vec4 v0x5ce4d120e500_0, 0;
T_90.12 ;
    %load/vec4 v0x5ce4d1211660_0;
    %cmpi/e 46, 0, 32;
    %flag_get/vec4 4;
    %jmp/0 T_90.17, 4;
    %load/vec4 v0x5ce4d120e460_0;
    %flag_set/vec4 9;
    %flag_get/vec4 9;
    %jmp/1 T_90.18, 9;
    %load/vec4 v0x5ce4d120e500_0;
    %nor/r;
    %or;
T_90.18;
    %and;
T_90.17;
    %flag_set/vec4 8;
    %jmp/0xz  T_90.15, 8;
    %pushi/vec4 40, 0, 32;
    %assign/vec4 v0x5ce4d120e280_0, 0;
    %pushi/vec4 1, 0, 1;
    %assign/vec4 v0x5ce4d120e500_0, 0;
T_90.15 ;
    %pushi/vec4 1, 0, 1;
    %assign/vec4 v0x5ce4d1203be0_0, 0;
    %load/vec4 v0x5ce4d120e500_0;
    %flag_set/vec4 9;
    %flag_get/vec4 9;
    %jmp/0 T_90.21, 9;
    %load/vec4 v0x5ce4d120e460_0;
    %nor/r;
    %and;
T_90.21;
    %flag_set/vec4 8;
    %jmp/0xz  T_90.19, 8;
    %load/vec4 v0x5ce4d120e500_0;
    %assign/vec4 v0x5ce4d120e500_0, 0;
T_90.19 ;
    %load/vec4 v0x5ce4d1211660_0;
    %cmpi/e 84, 0, 32;
    %flag_get/vec4 4;
    %jmp/0 T_90.24, 4;
    %load/vec4 v0x5ce4d120e460_0;
    %flag_set/vec4 9;
    %flag_get/vec4 9;
    %jmp/1 T_90.25, 9;
    %load/vec4 v0x5ce4d120e500_0;
    %nor/r;
    %or;
T_90.25;
    %and;
T_90.24;
    %flag_set/vec4 8;
    %jmp/0xz  T_90.22, 8;
    %pushi/vec4 40, 0, 32;
    %assign/vec4 v0x5ce4d120e280_0, 0;
    %pushi/vec4 1, 0, 1;
    %assign/vec4 v0x5ce4d120e500_0, 0;
T_90.22 ;
    %pushi/vec4 1, 0, 1;
    %assign/vec4 v0x5ce4d1203c80_0, 0;
    %load/vec4 v0x5ce4d120e500_0;
    %flag_set/vec4 9;
    %flag_get/vec4 9;
    %jmp/0 T_90.28, 9;
    %load/vec4 v0x5ce4d120e460_0;
    %nor/r;
    %and;
T_90.28;
    %flag_set/vec4 8;
    %jmp/0xz  T_90.26, 8;
    %load/vec4 v0x5ce4d120e500_0;
    %assign/vec4 v0x5ce4d120e500_0, 0;
T_90.26 ;
T_90.1 ;
    %jmp T_90;
    .thread T_90;
    .scope S_0x5ce4d0f8f690;
T_91 ;
    %wait E_0x5ce4d0b85470;
    %load/vec4 v0x5ce4d11ff2c0_0;
    %flag_set/vec4 8;
    %jmp/0xz  T_91.0, 8;
    %pushi/vec4 0, 0, 64;
    %assign/vec4 v0x5ce4d12077d0_0, 0;
    %pushi/vec4 0, 0, 1;
    %assign/vec4 v0x5ce4d1207eb0_0, 0;
    %pushi/vec4 0, 0, 64;
    %assign/vec4 v0x5ce4d1207d70_0, 0;
    %pushi/vec4 0, 0, 1;
    %assign/vec4 v0x5ce4d1207e10_0, 0;
    %jmp T_91.1;
T_91.0 ;
    %load/vec4 v0x5ce4d1207870_0;
    %flag_set/vec4 8;
    %jmp/1 T_91.4, 8;
    %load/vec4 v0x5ce4d1207eb0_0;
    %nor/r;
    %flag_set/vec4 9;
    %flag_or 8, 9;
T_91.4;
    %jmp/0xz  T_91.2, 8;
    %load/vec4 v0x5ce4d12079b0_0;
    %assign/vec4 v0x5ce4d12077d0_0, 0;
    %load/vec4 v0x5ce4d1207a50_0;
    %assign/vec4 v0x5ce4d1207eb0_0, 0;
T_91.2 ;
    %load/vec4 v0x5ce4d1207e10_0;
    %nor/r;
    %flag_set/vec4 10;
    %flag_get/vec4 10;
    %jmp/0 T_91.8, 10;
    %load/vec4 v0x5ce4d1207eb0_0;
    %and;
T_91.8;
    %flag_set/vec4 9;
    %flag_get/vec4 9;
    %jmp/0 T_91.7, 9;
    %load/vec4 v0x5ce4d1207870_0;
    %nor/r;
    %and;
T_91.7;
    %flag_set/vec4 8;
    %jmp/0xz  T_91.5, 8;
    %load/vec4 v0x5ce4d1207b90_0;
    %assign/vec4 v0x5ce4d1207d70_0, 0;
    %load/vec4 v0x5ce4d1207c30_0;
    %assign/vec4 v0x5ce4d1207e10_0, 0;
T_91.5 ;
    %load/vec4 v0x5ce4d1207e10_0;
    %flag_set/vec4 9;
    %flag_get/vec4 9;
    %jmp/0 T_91.11, 9;
    %load/vec4 v0x5ce4d1207870_0;
    %and;
T_91.11;
    %flag_set/vec4 8;
    %jmp/0xz  T_91.9, 8;
    %pushi/vec4 0, 0, 1;
    %assign/vec4 v0x5ce4d1207e10_0, 0;
T_91.9 ;
T_91.1 ;
    %jmp T_91;
    .thread T_91;
    .scope S_0x5ce4d0f8f690;
T_92 ;
    %wait E_0x5ce4d0b85470;
    %load/vec4 v0x5ce4d11ff2c0_0;
    %flag_set/vec4 8;
    %jmp/0xz  T_92.0, 8;
    %pushi/vec4 0, 0, 3;
    %assign/vec4 v0x5ce4d1203aa0_0, 0;
    %jmp T_92.1;
T_92.0 ;
    %load/vec4 v0x5ce4d120e820_0;
    %flag_set/vec4 11;
    %flag_get/vec4 11;
    %jmp/0 T_92.6, 11;
    %load/vec4 v0x5ce4d120e780_0;
    %and;
T_92.6;
    %flag_set/vec4 10;
    %flag_get/vec4 10;
    %jmp/0 T_92.5, 10;
    %load/vec4 v0x5ce4d120ea00_0;
    %flag_set/vec4 10;
    %flag_get/vec4 10;
    %jmp/0 T_92.7, 10;
    %load/vec4 v0x5ce4d120e8c0_0;
    %and;
T_92.7;
    %nor/r;
    %and;
T_92.5;
    %flag_set/vec4 9;
    %flag_get/vec4 9;
    %jmp/0 T_92.4, 9;
    %load/vec4 v0x5ce4d1203aa0_0;
    %pad/u 32;
    %cmpi/u 7, 0, 32;
    %flag_get/vec4 5;
    %and;
T_92.4;
    %flag_set/vec4 8;
    %jmp/0xz  T_92.2, 8;
    %load/vec4 v0x5ce4d1203aa0_0;
    %addi 1, 0, 3;
    %assign/vec4 v0x5ce4d1203aa0_0, 0;
T_92.2 ;
    %load/vec4 v0x5ce4d120e820_0;
    %flag_set/vec4 11;
    %flag_get/vec4 11;
    %jmp/0 T_92.12, 11;
    %load/vec4 v0x5ce4d120e780_0;
    %and;
T_92.12;
    %nor/r;
    %flag_set/vec4 10;
    %flag_get/vec4 10;
    %jmp/0 T_92.11, 10;
    %load/vec4 v0x5ce4d120ea00_0;
    %flag_set/vec4 10;
    %flag_get/vec4 10;
    %jmp/0 T_92.13, 10;
    %load/vec4 v0x5ce4d120e8c0_0;
    %and;
T_92.13;
    %and;
T_92.11;
    %flag_set/vec4 9;
    %flag_get/vec4 9;
    %jmp/0 T_92.10, 9;
    %pushi/vec4 0, 0, 32;
    %load/vec4 v0x5ce4d1203aa0_0;
    %pad/u 32;
    %cmp/u;
    %flag_get/vec4 5;
    %and;
T_92.10;
    %flag_set/vec4 8;
    %jmp/0xz  T_92.8, 8;
    %load/vec4 v0x5ce4d1203aa0_0;
    %subi 1, 0, 3;
    %assign/vec4 v0x5ce4d1203aa0_0, 0;
T_92.8 ;
T_92.1 ;
    %jmp T_92;
    .thread T_92;
    .scope S_0x5ce4d0f8f690;
T_93 ;
    %wait E_0x5ce4d0b85470;
    %load/vec4 v0x5ce4d11ff2c0_0;
    %flag_set/vec4 8;
    %jmp/0xz  T_93.0, 8;
    %pushi/vec4 0, 0, 4;
    %assign/vec4 v0x5ce4d120dec0_0, 0;
    %jmp T_93.1;
T_93.0 ;
    %load/vec4 v0x5ce4d1207550_0;
    %flag_set/vec4 10;
    %flag_get/vec4 10;
    %jmp/0 T_93.5, 10;
    %load/vec4 v0x5ce4d12075f0_0;
    %nor/r;
    %and;
T_93.5;
    %flag_set/vec4 9;
    %flag_get/vec4 9;
    %jmp/0 T_93.4, 9;
    %load/vec4 v0x5ce4d1207410_0;
    %flag_set/vec4 9;
    %flag_get/vec4 9;
    %jmp/0 T_93.6, 9;
    %load/vec4 v0x5ce4d12074b0_0;
    %nor/r;
    %and;
T_93.6;
    %and;
T_93.4;
    %flag_set/vec4 8;
    %jmp/0xz  T_93.2, 8;
    %load/vec4 v0x5ce4d120dec0_0;
    %assign/vec4 v0x5ce4d120dec0_0, 0;
    %jmp T_93.3;
T_93.2 ;
    %load/vec4 v0x5ce4d1207550_0;
    %flag_set/vec4 9;
    %flag_get/vec4 9;
    %jmp/0 T_93.9, 9;
    %load/vec4 v0x5ce4d12075f0_0;
    %nor/r;
    %and;
T_93.9;
    %flag_set/vec4 8;
    %jmp/0xz  T_93.7, 8;
    %load/vec4 v0x5ce4d120dec0_0;
    %addi 1, 0, 4;
    %assign/vec4 v0x5ce4d120dec0_0, 0;
    %jmp T_93.8;
T_93.7 ;
    %load/vec4 v0x5ce4d1207410_0;
    %flag_set/vec4 9;
    %flag_get/vec4 9;
    %jmp/0 T_93.12, 9;
    %load/vec4 v0x5ce4d12074b0_0;
    %nor/r;
    %and;
T_93.12;
    %flag_set/vec4 8;
    %jmp/0xz  T_93.10, 8;
    %load/vec4 v0x5ce4d120dec0_0;
    %subi 1, 0, 4;
    %assign/vec4 v0x5ce4d120dec0_0, 0;
T_93.10 ;
T_93.8 ;
T_93.3 ;
T_93.1 ;
    %jmp T_93;
    .thread T_93;
    .scope S_0x5ce4d0f8f690;
T_94 ;
    %wait E_0x5ce4d0b85470;
    %load/vec4 v0x5ce4d11ff2c0_0;
    %flag_set/vec4 8;
    %jmp/0xz  T_94.0, 8;
    %pushi/vec4 0, 0, 128;
    %assign/vec4 v0x5ce4d120e000_0, 0;
    %pushi/vec4 0, 0, 1;
    %assign/vec4 v0x5ce4d120e1e0_0, 0;
    %pushi/vec4 0, 0, 1;
    %assign/vec4 v0x5ce4d120e0a0_0, 0;
    %pushi/vec4 0, 0, 1;
    %assign/vec4 v0x5ce4d1202d80_0, 0;
    %jmp T_94.1;
T_94.0 ;
    %load/vec4 v0x5ce4d1202d80_0;
    %flag_set/vec4 8;
    %jmp/0xz  T_94.2, 8;
    %pushi/vec4 0, 0, 1;
    %assign/vec4 v0x5ce4d120e1e0_0, 0;
    %pushi/vec4 0, 0, 1;
    %assign/vec4 v0x5ce4d120e0a0_0, 0;
T_94.2 ;
    %load/vec4 v0x5ce4d1211660_0;
    %cmpi/e 43, 0, 32;
    %flag_get/vec4 4;
    %jmp/0 T_94.6, 4;
    %load/vec4 v0x5ce4d120e140_0;
    %flag_set/vec4 9;
    %flag_get/vec4 9;
    %jmp/1 T_94.7, 9;
    %load/vec4 v0x5ce4d120e1e0_0;
    %nor/r;
    %or;
T_94.7;
    %and;
T_94.6;
    %flag_set/vec4 8;
    %jmp/0xz  T_94.4, 8;
    %load/vec4 v0x5ce4d1211e80_0;
    %assign/vec4 v0x5ce4d120e000_0, 0;
    %pushi/vec4 1, 0, 1;
    %assign/vec4 v0x5ce4d120e1e0_0, 0;
    %load/vec4 v0x5ce4d12088b0_0;
    %pushi/vec4 3, 0, 32;
    %cmp/e;
    %flag_get/vec4 4;
    %assign/vec4 v0x5ce4d120e0a0_0, 0;
T_94.4 ;
    %pushi/vec4 1, 0, 1;
    %assign/vec4 v0x5ce4d1202d80_0, 0;
    %load/vec4 v0x5ce4d120e1e0_0;
    %flag_set/vec4 9;
    %flag_get/vec4 9;
    %jmp/0 T_94.10, 9;
    %load/vec4 v0x5ce4d120e140_0;
    %nor/r;
    %and;
T_94.10;
    %flag_set/vec4 8;
    %jmp/0xz  T_94.8, 8;
    %load/vec4 v0x5ce4d120e1e0_0;
    %assign/vec4 v0x5ce4d120e1e0_0, 0;
    %load/vec4 v0x5ce4d120e0a0_0;
    %assign/vec4 v0x5ce4d120e0a0_0, 0;
T_94.8 ;
T_94.1 ;
    %jmp T_94;
    .thread T_94;
    .scope S_0x5ce4d0f8f690;
T_95 ;
    %wait E_0x5ce4d0b85470;
    %load/vec4 v0x5ce4d11ff2c0_0;
    %flag_set/vec4 8;
    %jmp/0xz  T_95.0, 8;
    %pushi/vec4 0, 0, 1;
    %assign/vec4 v0x5ce4d1202e20_0, 0;
    %jmp T_95.1;
T_95.0 ;
    %load/vec4 v0x5ce4d1211660_0;
    %cmpi/e 42, 0, 32;
    %flag_get/vec4 4;
    %jmp/0 T_95.4, 4;
    %load/vec4 v0x5ce4d1202f60_0;
    %and;
T_95.4;
    %flag_set/vec4 8;
    %jmp/0xz  T_95.2, 8;
    %pushi/vec4 1, 0, 1;
    %assign/vec4 v0x5ce4d1202e20_0, 0;
T_95.2 ;
    %load/vec4 v0x5ce4d1211660_0;
    %cmpi/e 43, 0, 32;
    %flag_get/vec4 4;
    %jmp/0 T_95.7, 4;
    %load/vec4 v0x5ce4d120e140_0;
    %flag_set/vec4 9;
    %flag_get/vec4 9;
    %jmp/1 T_95.8, 9;
    %load/vec4 v0x5ce4d120e1e0_0;
    %nor/r;
    %or;
T_95.8;
    %and;
T_95.7;
    %flag_set/vec4 8;
    %jmp/0xz  T_95.5, 8;
    %pushi/vec4 0, 0, 1;
    %assign/vec4 v0x5ce4d1202e20_0, 0;
T_95.5 ;
T_95.1 ;
    %jmp T_95;
    .thread T_95;
    .scope S_0x5ce4d0f8f690;
T_96 ;
    %wait E_0x5ce4d0b85470;
    %load/vec4 v0x5ce4d11ff2c0_0;
    %flag_set/vec4 8;
    %jmp/0xz  T_96.0, 8;
    %pushi/vec4 0, 0, 4;
    %assign/vec4 v0x5ce4d120dc40_0, 0;
    %jmp T_96.1;
T_96.0 ;
    %load/vec4 v0x5ce4d1203640_0;
    %flag_set/vec4 10;
    %flag_get/vec4 10;
    %jmp/0 T_96.5, 10;
    %load/vec4 v0x5ce4d12036e0_0;
    %nor/r;
    %and;
T_96.5;
    %flag_set/vec4 9;
    %flag_get/vec4 9;
    %jmp/0 T_96.4, 9;
    %load/vec4 v0x5ce4d1203500_0;
    %flag_set/vec4 9;
    %flag_get/vec4 9;
    %jmp/0 T_96.6, 9;
    %load/vec4 v0x5ce4d12035a0_0;
    %nor/r;
    %and;
T_96.6;
    %and;
T_96.4;
    %flag_set/vec4 8;
    %jmp/0xz  T_96.2, 8;
    %load/vec4 v0x5ce4d120dc40_0;
    %assign/vec4 v0x5ce4d120dc40_0, 0;
    %jmp T_96.3;
T_96.2 ;
    %load/vec4 v0x5ce4d1203640_0;
    %flag_set/vec4 9;
    %flag_get/vec4 9;
    %jmp/0 T_96.9, 9;
    %load/vec4 v0x5ce4d12036e0_0;
    %nor/r;
    %and;
T_96.9;
    %flag_set/vec4 8;
    %jmp/0xz  T_96.7, 8;
    %load/vec4 v0x5ce4d120dc40_0;
    %addi 1, 0, 4;
    %assign/vec4 v0x5ce4d120dc40_0, 0;
    %jmp T_96.8;
T_96.7 ;
    %load/vec4 v0x5ce4d1203500_0;
    %flag_set/vec4 9;
    %flag_get/vec4 9;
    %jmp/0 T_96.12, 9;
    %load/vec4 v0x5ce4d12035a0_0;
    %nor/r;
    %and;
T_96.12;
    %flag_set/vec4 8;
    %jmp/0xz  T_96.10, 8;
    %load/vec4 v0x5ce4d120dc40_0;
    %subi 1, 0, 4;
    %assign/vec4 v0x5ce4d120dc40_0, 0;
T_96.10 ;
T_96.8 ;
T_96.3 ;
T_96.1 ;
    %jmp T_96;
    .thread T_96;
    .scope S_0x5ce4d0f8f690;
T_97 ;
    %wait E_0x5ce4d0b85470;
    %load/vec4 v0x5ce4d11ff2c0_0;
    %flag_set/vec4 8;
    %jmp/0xz  T_97.0, 8;
    %pushi/vec4 0, 0, 33;
    %assign/vec4 v0x5ce4d1202ce0_0, 0;
    %pushi/vec4 0, 0, 33;
    %assign/vec4 v0x5ce4d1208810_0, 0;
    %jmp T_97.1;
T_97.0 ;
    %load/vec4 v0x5ce4d1208810_0;
    %cmpi/e 15, 0, 33;
    %jmp/0xz  T_97.2, 4;
    %load/vec4 v0x5ce4d1202ce0_0;
    %addi 1, 0, 33;
    %assign/vec4 v0x5ce4d1202ce0_0, 0;
T_97.2 ;
    %load/vec4 v0x5ce4d1208810_0;
    %cmpi/e 15, 0, 33;
    %flag_get/vec4 4;
    %jmp/0 T_97.6, 4;
    %load/vec4 v0x5ce4d1202ce0_0;
    %pushi/vec4 3, 0, 33;
    %cmp/e;
    %flag_get/vec4 4;
    %and;
T_97.6;
    %flag_set/vec4 8;
    %jmp/0xz  T_97.4, 8;
    %pushi/vec4 0, 0, 33;
    %assign/vec4 v0x5ce4d1202ce0_0, 0;
T_97.4 ;
    %load/vec4 v0x5ce4d1208810_0;
    %cmpi/u 15, 0, 33;
    %jmp/0xz  T_97.7, 5;
    %load/vec4 v0x5ce4d1208810_0;
    %addi 1, 0, 33;
    %assign/vec4 v0x5ce4d1208810_0, 0;
T_97.7 ;
    %load/vec4 v0x5ce4d1202ce0_0;
    %cmpi/e 3, 0, 33;
    %flag_get/vec4 4;
    %jmp/0 T_97.11, 4;
    %load/vec4 v0x5ce4d1208810_0;
    %pushi/vec4 15, 0, 33;
    %cmp/e;
    %flag_get/vec4 4;
    %and;
T_97.11;
    %flag_set/vec4 8;
    %jmp/0xz  T_97.9, 8;
    %pushi/vec4 0, 0, 33;
    %assign/vec4 v0x5ce4d1208810_0, 0;
T_97.9 ;
    %load/vec4 v0x5ce4d1206510_0;
    %cmpi/e 1, 0, 32;
    %flag_get/vec4 4;
    %jmp/0 T_97.16, 4;
    %load/vec4 v0x5ce4d1211fc0_0;
    %and;
T_97.16;
    %flag_set/vec4 10;
    %flag_get/vec4 10;
    %jmp/0 T_97.15, 10;
    %load/vec4 v0x5ce4d1211f20_0;
    %and;
T_97.15;
    %flag_set/vec4 9;
    %flag_get/vec4 9;
    %jmp/0 T_97.14, 9;
    %load/vec4 v0x5ce4d1210b20_0;
    %parti/s 1, 0, 2;
    %and;
T_97.14;
    %flag_set/vec4 8;
    %jmp/0xz  T_97.12, 8;
    %load/vec4 v0x5ce4d12108a0_0;
    %parti/s 8, 0, 2;
    %load/vec4 v0x5ce4d1204500_0;
    %addi 0, 0, 32;
    %ix/vec4 3;
    %ix/load 4, 0, 0; Constant delay
    %assign/vec4/a/d v0x5ce4d1205890, 0, 4;
T_97.12 ;
    %load/vec4 v0x5ce4d1206510_0;
    %cmpi/e 1, 0, 32;
    %flag_get/vec4 4;
    %jmp/0 T_97.21, 4;
    %load/vec4 v0x5ce4d1211fc0_0;
    %and;
T_97.21;
    %flag_set/vec4 10;
    %flag_get/vec4 10;
    %jmp/0 T_97.20, 10;
    %load/vec4 v0x5ce4d1211f20_0;
    %and;
T_97.20;
    %flag_set/vec4 9;
    %flag_get/vec4 9;
    %jmp/0 T_97.19, 9;
    %load/vec4 v0x5ce4d1210b20_0;
    %parti/s 1, 1, 2;
    %and;
T_97.19;
    %flag_set/vec4 8;
    %jmp/0xz  T_97.17, 8;
    %load/vec4 v0x5ce4d12108a0_0;
    %parti/s 8, 8, 5;
    %load/vec4 v0x5ce4d1204500_0;
    %addi 1, 0, 32;
    %ix/vec4 3;
    %ix/load 4, 0, 0; Constant delay
    %assign/vec4/a/d v0x5ce4d1205890, 0, 4;
T_97.17 ;
    %load/vec4 v0x5ce4d1206510_0;
    %cmpi/e 1, 0, 32;
    %flag_get/vec4 4;
    %jmp/0 T_97.26, 4;
    %load/vec4 v0x5ce4d1211fc0_0;
    %and;
T_97.26;
    %flag_set/vec4 10;
    %flag_get/vec4 10;
    %jmp/0 T_97.25, 10;
    %load/vec4 v0x5ce4d1211f20_0;
    %and;
T_97.25;
    %flag_set/vec4 9;
    %flag_get/vec4 9;
    %jmp/0 T_97.24, 9;
    %load/vec4 v0x5ce4d1210b20_0;
    %parti/s 1, 2, 3;
    %and;
T_97.24;
    %flag_set/vec4 8;
    %jmp/0xz  T_97.22, 8;
    %load/vec4 v0x5ce4d12108a0_0;
    %parti/s 8, 16, 6;
    %load/vec4 v0x5ce4d1204500_0;
    %addi 2, 0, 32;
    %ix/vec4 3;
    %ix/load 4, 0, 0; Constant delay
    %assign/vec4/a/d v0x5ce4d1205890, 0, 4;
T_97.22 ;
    %load/vec4 v0x5ce4d1206510_0;
    %cmpi/e 1, 0, 32;
    %flag_get/vec4 4;
    %jmp/0 T_97.31, 4;
    %load/vec4 v0x5ce4d1211fc0_0;
    %and;
T_97.31;
    %flag_set/vec4 10;
    %flag_get/vec4 10;
    %jmp/0 T_97.30, 10;
    %load/vec4 v0x5ce4d1211f20_0;
    %and;
T_97.30;
    %flag_set/vec4 9;
    %flag_get/vec4 9;
    %jmp/0 T_97.29, 9;
    %load/vec4 v0x5ce4d1210b20_0;
    %parti/s 1, 3, 3;
    %and;
T_97.29;
    %flag_set/vec4 8;
    %jmp/0xz  T_97.27, 8;
    %load/vec4 v0x5ce4d12108a0_0;
    %parti/s 8, 24, 6;
    %load/vec4 v0x5ce4d1204500_0;
    %addi 3, 0, 32;
    %ix/vec4 3;
    %ix/load 4, 0, 0; Constant delay
    %assign/vec4/a/d v0x5ce4d1205890, 0, 4;
T_97.27 ;
    %load/vec4 v0x5ce4d1206510_0;
    %cmpi/e 1, 0, 32;
    %flag_get/vec4 4;
    %jmp/0 T_97.36, 4;
    %load/vec4 v0x5ce4d1211fc0_0;
    %and;
T_97.36;
    %flag_set/vec4 10;
    %flag_get/vec4 10;
    %jmp/0 T_97.35, 10;
    %load/vec4 v0x5ce4d1211f20_0;
    %and;
T_97.35;
    %flag_set/vec4 9;
    %flag_get/vec4 9;
    %jmp/0 T_97.34, 9;
    %load/vec4 v0x5ce4d1210b20_0;
    %parti/s 1, 4, 4;
    %and;
T_97.34;
    %flag_set/vec4 8;
    %jmp/0xz  T_97.32, 8;
    %load/vec4 v0x5ce4d12108a0_0;
    %parti/s 8, 32, 7;
    %load/vec4 v0x5ce4d1204500_0;
    %addi 4, 0, 32;
    %ix/vec4 3;
    %ix/load 4, 0, 0; Constant delay
    %assign/vec4/a/d v0x5ce4d1205890, 0, 4;
T_97.32 ;
    %load/vec4 v0x5ce4d1206510_0;
    %cmpi/e 1, 0, 32;
    %flag_get/vec4 4;
    %jmp/0 T_97.41, 4;
    %load/vec4 v0x5ce4d1211fc0_0;
    %and;
T_97.41;
    %flag_set/vec4 10;
    %flag_get/vec4 10;
    %jmp/0 T_97.40, 10;
    %load/vec4 v0x5ce4d1211f20_0;
    %and;
T_97.40;
    %flag_set/vec4 9;
    %flag_get/vec4 9;
    %jmp/0 T_97.39, 9;
    %load/vec4 v0x5ce4d1210b20_0;
    %parti/s 1, 5, 4;
    %and;
T_97.39;
    %flag_set/vec4 8;
    %jmp/0xz  T_97.37, 8;
    %load/vec4 v0x5ce4d12108a0_0;
    %parti/s 8, 40, 7;
    %load/vec4 v0x5ce4d1204500_0;
    %addi 5, 0, 32;
    %ix/vec4 3;
    %ix/load 4, 0, 0; Constant delay
    %assign/vec4/a/d v0x5ce4d1205890, 0, 4;
T_97.37 ;
    %load/vec4 v0x5ce4d1206510_0;
    %cmpi/e 1, 0, 32;
    %flag_get/vec4 4;
    %jmp/0 T_97.46, 4;
    %load/vec4 v0x5ce4d1211fc0_0;
    %and;
T_97.46;
    %flag_set/vec4 10;
    %flag_get/vec4 10;
    %jmp/0 T_97.45, 10;
    %load/vec4 v0x5ce4d1211f20_0;
    %and;
T_97.45;
    %flag_set/vec4 9;
    %flag_get/vec4 9;
    %jmp/0 T_97.44, 9;
    %load/vec4 v0x5ce4d1210b20_0;
    %parti/s 1, 6, 4;
    %and;
T_97.44;
    %flag_set/vec4 8;
    %jmp/0xz  T_97.42, 8;
    %load/vec4 v0x5ce4d12108a0_0;
    %parti/s 8, 48, 7;
    %load/vec4 v0x5ce4d1204500_0;
    %addi 6, 0, 32;
    %ix/vec4 3;
    %ix/load 4, 0, 0; Constant delay
    %assign/vec4/a/d v0x5ce4d1205890, 0, 4;
T_97.42 ;
    %load/vec4 v0x5ce4d1206510_0;
    %cmpi/e 1, 0, 32;
    %flag_get/vec4 4;
    %jmp/0 T_97.51, 4;
    %load/vec4 v0x5ce4d1211fc0_0;
    %and;
T_97.51;
    %flag_set/vec4 10;
    %flag_get/vec4 10;
    %jmp/0 T_97.50, 10;
    %load/vec4 v0x5ce4d1211f20_0;
    %and;
T_97.50;
    %flag_set/vec4 9;
    %flag_get/vec4 9;
    %jmp/0 T_97.49, 9;
    %load/vec4 v0x5ce4d1210b20_0;
    %parti/s 1, 7, 4;
    %and;
T_97.49;
    %flag_set/vec4 8;
    %jmp/0xz  T_97.47, 8;
    %load/vec4 v0x5ce4d12108a0_0;
    %parti/s 8, 56, 7;
    %load/vec4 v0x5ce4d1204500_0;
    %addi 7, 0, 32;
    %ix/vec4 3;
    %ix/load 4, 0, 0; Constant delay
    %assign/vec4/a/d v0x5ce4d1205890, 0, 4;
T_97.47 ;
T_97.1 ;
    %jmp T_97;
    .thread T_97;
    .scope S_0x5ce4d0f8f690;
T_98 ;
    %wait E_0x5ce4d0b85470;
    %load/vec4 v0x5ce4d11ff2c0_0;
    %flag_set/vec4 8;
    %jmp/0xz  T_98.0, 8;
    %pushi/vec4 0, 0, 32;
    %assign/vec4 v0x5ce4d1205f70_0, 0;
    %pushi/vec4 0, 0, 1;
    %assign/vec4 v0x5ce4d120fae0_0, 0;
    %jmp T_98.1;
T_98.0 ;
    %load/vec4 v0x5ce4d1205f70_0;
    %dup/vec4;
    %pushi/vec4 0, 0, 32;
    %cmp/u;
    %jmp/1 T_98.2, 6;
    %dup/vec4;
    %pushi/vec4 1, 0, 32;
    %cmp/u;
    %jmp/1 T_98.3, 6;
    %dup/vec4;
    %pushi/vec4 2, 0, 32;
    %cmp/u;
    %jmp/1 T_98.4, 6;
    %dup/vec4;
    %pushi/vec4 3, 0, 32;
    %cmp/u;
    %jmp/1 T_98.5, 6;
    %dup/vec4;
    %pushi/vec4 4, 0, 32;
    %cmp/u;
    %jmp/1 T_98.6, 6;
    %dup/vec4;
    %pushi/vec4 5, 0, 32;
    %cmp/u;
    %jmp/1 T_98.7, 6;
    %dup/vec4;
    %pushi/vec4 6, 0, 32;
    %cmp/u;
    %jmp/1 T_98.8, 6;
    %dup/vec4;
    %pushi/vec4 7, 0, 32;
    %cmp/u;
    %jmp/1 T_98.9, 6;
    %dup/vec4;
    %pushi/vec4 8, 0, 32;
    %cmp/u;
    %jmp/1 T_98.10, 6;
    %dup/vec4;
    %pushi/vec4 9, 0, 32;
    %cmp/u;
    %jmp/1 T_98.11, 6;
    %dup/vec4;
    %pushi/vec4 10, 0, 32;
    %cmp/u;
    %jmp/1 T_98.12, 6;
    %dup/vec4;
    %pushi/vec4 11, 0, 32;
    %cmp/u;
    %jmp/1 T_98.13, 6;
    %jmp T_98.14;
T_98.2 ;
    %pushi/vec4 0, 0, 1;
    %assign/vec4 v0x5ce4d120fae0_0, 0;
    %load/vec4 v0x5ce4d120fcc0_0;
    %flag_set/vec4 8;
    %jmp/0xz  T_98.15, 8;
    %pushi/vec4 1, 0, 32;
    %assign/vec4 v0x5ce4d1205f70_0, 0;
T_98.15 ;
    %jmp T_98.14;
T_98.3 ;
    %pushi/vec4 2, 0, 32;
    %assign/vec4 v0x5ce4d1205f70_0, 0;
    %jmp T_98.14;
T_98.4 ;
    %pushi/vec4 3, 0, 32;
    %assign/vec4 v0x5ce4d1205f70_0, 0;
    %jmp T_98.14;
T_98.5 ;
    %pushi/vec4 4, 0, 32;
    %assign/vec4 v0x5ce4d1205f70_0, 0;
    %jmp T_98.14;
T_98.6 ;
    %pushi/vec4 5, 0, 32;
    %assign/vec4 v0x5ce4d1205f70_0, 0;
    %jmp T_98.14;
T_98.7 ;
    %pushi/vec4 6, 0, 32;
    %assign/vec4 v0x5ce4d1205f70_0, 0;
    %jmp T_98.14;
T_98.8 ;
    %pushi/vec4 7, 0, 32;
    %assign/vec4 v0x5ce4d1205f70_0, 0;
    %jmp T_98.14;
T_98.9 ;
    %pushi/vec4 8, 0, 32;
    %assign/vec4 v0x5ce4d1205f70_0, 0;
    %jmp T_98.14;
T_98.10 ;
    %pushi/vec4 9, 0, 32;
    %assign/vec4 v0x5ce4d1205f70_0, 0;
    %jmp T_98.14;
T_98.11 ;
    %pushi/vec4 10, 0, 32;
    %assign/vec4 v0x5ce4d1205f70_0, 0;
    %jmp T_98.14;
T_98.12 ;
    %pushi/vec4 11, 0, 32;
    %assign/vec4 v0x5ce4d1205f70_0, 0;
    %jmp T_98.14;
T_98.13 ;
    %load/vec4 v0x5ce4d1206650_0;
    %nor/r;
    %flag_set/vec4 8;
    %jmp/0xz  T_98.17, 8;
    %pushi/vec4 1, 0, 1;
    %assign/vec4 v0x5ce4d120fae0_0, 0;
T_98.17 ;
    %load/vec4 v0x5ce4d120fcc0_0;
    %flag_set/vec4 9;
    %flag_get/vec4 9;
    %jmp/0 T_98.21, 9;
    %load/vec4 v0x5ce4d120fae0_0;
    %and;
T_98.21;
    %flag_set/vec4 8;
    %jmp/0xz  T_98.19, 8;
    %pushi/vec4 0, 0, 1;
    %assign/vec4 v0x5ce4d120fae0_0, 0;
T_98.19 ;
    %load/vec4 v0x5ce4d120fcc0_0;
    %nor/r;
    %flag_set/vec4 8;
    %jmp/0xz  T_98.22, 8;
    %pushi/vec4 0, 0, 32;
    %assign/vec4 v0x5ce4d1205f70_0, 0;
T_98.22 ;
    %load/vec4 v0x5ce4d120fcc0_0;
    %flag_set/vec4 9;
    %flag_get/vec4 9;
    %jmp/0 T_98.26, 9;
    %load/vec4 v0x5ce4d120fae0_0;
    %and;
T_98.26;
    %flag_set/vec4 8;
    %jmp/0xz  T_98.24, 8;
    %pushi/vec4 0, 0, 32;
    %assign/vec4 v0x5ce4d1205f70_0, 0;
T_98.24 ;
    %jmp T_98.14;
T_98.14 ;
    %pop/vec4 1;
T_98.1 ;
    %jmp T_98;
    .thread T_98;
    .scope S_0x5ce4d0f8f690;
T_99 ;
    %wait E_0x5ce4d0b85470;
    %load/vec4 v0x5ce4d11ff2c0_0;
    %flag_set/vec4 8;
    %jmp/0xz  T_99.0, 8;
    %pushi/vec4 0, 0, 32;
    %assign/vec4 v0x5ce4d1206510_0, 0;
    %pushi/vec4 0, 0, 1;
    %assign/vec4 v0x5ce4d120fea0_0, 0;
    %pushi/vec4 0, 0, 32;
    %assign/vec4 v0x5ce4d1204500_0, 0;
    %pushi/vec4 0, 0, 33;
    %assign/vec4 v0x5ce4d12045e0_0, 0;
    %jmp T_99.1;
T_99.0 ;
    %load/vec4 v0x5ce4d1206510_0;
    %dup/vec4;
    %pushi/vec4 0, 0, 32;
    %cmp/u;
    %jmp/1 T_99.2, 6;
    %dup/vec4;
    %pushi/vec4 1, 0, 32;
    %cmp/u;
    %jmp/1 T_99.3, 6;
    %jmp T_99.4;
T_99.2 ;
    %pushi/vec4 0, 0, 1;
    %assign/vec4 v0x5ce4d120fea0_0, 0;
    %load/vec4 v0x5ce4d1206790_0;
    %nor/r;
    %flag_set/vec4 8;
    %jmp/0xz  T_99.5, 8;
    %load/vec4 v0x5ce4d1211ac0_0;
    %assign/vec4 v0x5ce4d1204500_0, 0;
    %load/vec4 v0x5ce4d1211de0_0;
    %pad/u 33;
    %assign/vec4 v0x5ce4d12045e0_0, 0;
T_99.5 ;
    %load/vec4 v0x5ce4d1206790_0;
    %nor/r;
    %flag_set/vec4 8;
    %jmp/0xz  T_99.7, 8;
    %pushi/vec4 1, 0, 32;
    %assign/vec4 v0x5ce4d1206510_0, 0;
T_99.7 ;
    %jmp T_99.4;
T_99.3 ;
    %load/vec4 v0x5ce4d1211fc0_0;
    %flag_set/vec4 9;
    %flag_get/vec4 9;
    %jmp/0 T_99.11, 9;
    %load/vec4 v0x5ce4d1211f20_0;
    %and;
T_99.11;
    %flag_set/vec4 8;
    %jmp/0xz  T_99.9, 8;
    %load/vec4 v0x5ce4d1204500_0;
    %addi 8, 0, 32;
    %assign/vec4 v0x5ce4d1204500_0, 0;
    %load/vec4 v0x5ce4d12045e0_0;
    %subi 1, 0, 33;
    %assign/vec4 v0x5ce4d12045e0_0, 0;
T_99.9 ;
    %load/vec4 v0x5ce4d1211fc0_0;
    %flag_set/vec4 10;
    %flag_get/vec4 10;
    %jmp/0 T_99.15, 10;
    %load/vec4 v0x5ce4d1211f20_0;
    %and;
T_99.15;
    %flag_set/vec4 9;
    %flag_get/vec4 9;
    %jmp/0 T_99.14, 9;
    %load/vec4 v0x5ce4d12045e0_0;
    %pushi/vec4 1, 0, 33;
    %cmp/e;
    %flag_get/vec4 4;
    %and;
T_99.14;
    %flag_set/vec4 8;
    %jmp/0xz  T_99.12, 8;
    %pushi/vec4 1, 0, 1;
    %assign/vec4 v0x5ce4d120fea0_0, 0;
T_99.12 ;
    %load/vec4 v0x5ce4d1211fc0_0;
    %flag_set/vec4 10;
    %flag_get/vec4 10;
    %jmp/0 T_99.19, 10;
    %load/vec4 v0x5ce4d1211f20_0;
    %and;
T_99.19;
    %flag_set/vec4 9;
    %flag_get/vec4 9;
    %jmp/0 T_99.18, 9;
    %load/vec4 v0x5ce4d12109e0_0;
    %and;
T_99.18;
    %flag_set/vec4 8;
    %jmp/0xz  T_99.16, 8;
    %pushi/vec4 1, 0, 1;
    %assign/vec4 v0x5ce4d120fea0_0, 0;
T_99.16 ;
    %load/vec4 v0x5ce4d1211fc0_0;
    %flag_set/vec4 10;
    %flag_get/vec4 10;
    %jmp/0 T_99.23, 10;
    %load/vec4 v0x5ce4d1211f20_0;
    %and;
T_99.23;
    %flag_set/vec4 9;
    %flag_get/vec4 9;
    %jmp/0 T_99.22, 9;
    %load/vec4 v0x5ce4d12045e0_0;
    %pushi/vec4 1, 0, 33;
    %cmp/e;
    %flag_get/vec4 4;
    %and;
T_99.22;
    %flag_set/vec4 8;
    %jmp/0xz  T_99.20, 8;
    %pushi/vec4 0, 0, 32;
    %assign/vec4 v0x5ce4d1206510_0, 0;
T_99.20 ;
    %load/vec4 v0x5ce4d1211fc0_0;
    %flag_set/vec4 10;
    %flag_get/vec4 10;
    %jmp/0 T_99.27, 10;
    %load/vec4 v0x5ce4d1211f20_0;
    %and;
T_99.27;
    %flag_set/vec4 9;
    %flag_get/vec4 9;
    %jmp/0 T_99.26, 9;
    %load/vec4 v0x5ce4d12109e0_0;
    %and;
T_99.26;
    %flag_set/vec4 8;
    %jmp/0xz  T_99.24, 8;
    %pushi/vec4 0, 0, 32;
    %assign/vec4 v0x5ce4d1206510_0, 0;
T_99.24 ;
    %jmp T_99.4;
T_99.4 ;
    %pop/vec4 1;
T_99.1 ;
    %jmp T_99;
    .thread T_99;
    .scope S_0x5ce4d0f8f690;
T_100 ;
    %wait E_0x5ce4d0b85470;
    %load/vec4 v0x5ce4d11ff2c0_0;
    %flag_set/vec4 8;
    %jmp/0xz  T_100.0, 8;
    %pushi/vec4 0, 0, 32;
    %assign/vec4 v0x5ce4d1205930_0, 0;
    %pushi/vec4 0, 0, 1;
    %assign/vec4 v0x5ce4d120f400_0, 0;
    %jmp T_100.1;
T_100.0 ;
    %load/vec4 v0x5ce4d1205930_0;
    %dup/vec4;
    %pushi/vec4 0, 0, 32;
    %cmp/u;
    %jmp/1 T_100.2, 6;
    %dup/vec4;
    %pushi/vec4 1, 0, 32;
    %cmp/u;
    %jmp/1 T_100.3, 6;
    %jmp T_100.4;
T_100.2 ;
    %pushi/vec4 0, 0, 1;
    %assign/vec4 v0x5ce4d120f400_0, 0;
    %load/vec4 v0x5ce4d120f5e0_0;
    %flag_set/vec4 8;
    %jmp/0xz  T_100.5, 8;
    %pushi/vec4 1, 0, 32;
    %assign/vec4 v0x5ce4d1205930_0, 0;
T_100.5 ;
    %jmp T_100.4;
T_100.3 ;
    %load/vec4 v0x5ce4d1205b10_0;
    %nor/r;
    %flag_set/vec4 8;
    %jmp/0xz  T_100.7, 8;
    %pushi/vec4 1, 0, 1;
    %assign/vec4 v0x5ce4d120f400_0, 0;
T_100.7 ;
    %load/vec4 v0x5ce4d120f5e0_0;
    %flag_set/vec4 9;
    %flag_get/vec4 9;
    %jmp/0 T_100.11, 9;
    %load/vec4 v0x5ce4d120f400_0;
    %and;
T_100.11;
    %flag_set/vec4 8;
    %jmp/0xz  T_100.9, 8;
    %pushi/vec4 0, 0, 1;
    %assign/vec4 v0x5ce4d120f400_0, 0;
T_100.9 ;
    %load/vec4 v0x5ce4d120f5e0_0;
    %nor/r;
    %flag_set/vec4 8;
    %jmp/0xz  T_100.12, 8;
    %pushi/vec4 0, 0, 32;
    %assign/vec4 v0x5ce4d1205930_0, 0;
T_100.12 ;
    %load/vec4 v0x5ce4d120f5e0_0;
    %flag_set/vec4 9;
    %flag_get/vec4 9;
    %jmp/0 T_100.16, 9;
    %load/vec4 v0x5ce4d120f400_0;
    %and;
T_100.16;
    %flag_set/vec4 8;
    %jmp/0xz  T_100.14, 8;
    %pushi/vec4 0, 0, 32;
    %assign/vec4 v0x5ce4d1205930_0, 0;
T_100.14 ;
    %jmp T_100.4;
T_100.4 ;
    %pop/vec4 1;
T_100.1 ;
    %jmp T_100;
    .thread T_100;
    .scope S_0x5ce4d0f8f690;
T_101 ;
    %wait E_0x5ce4d0b85470;
    %load/vec4 v0x5ce4d11ff2c0_0;
    %flag_set/vec4 8;
    %jmp/0xz  T_101.0, 8;
    %pushi/vec4 0, 0, 32;
    %assign/vec4 v0x5ce4d12059d0_0, 0;
    %pushi/vec4 0, 0, 32;
    %assign/vec4 v0x5ce4d11ff5e0_0, 0;
    %pushi/vec4 0, 0, 32;
    %assign/vec4 v0x5ce4d1206ab0_0, 0;
    %pushi/vec4 0, 0, 33;
    %assign/vec4 v0x5ce4d1206b50_0, 0;
    %pushi/vec4 0, 0, 8;
    %ix/load 4, 0, 0;
    %ix/load 5, 0, 0;
    %flag_set/imm 4, 0;
    %assign/vec4/off/d v0x5ce4d120ff40_0, 4, 5;
    %pushi/vec4 0, 0, 8;
    %ix/load 4, 8, 0;
    %ix/load 5, 0, 0;
    %flag_set/imm 4, 0;
    %assign/vec4/off/d v0x5ce4d120ff40_0, 4, 5;
    %pushi/vec4 0, 0, 8;
    %ix/load 4, 16, 0;
    %ix/load 5, 0, 0;
    %flag_set/imm 4, 0;
    %assign/vec4/off/d v0x5ce4d120ff40_0, 4, 5;
    %pushi/vec4 0, 0, 8;
    %ix/load 4, 24, 0;
    %ix/load 5, 0, 0;
    %flag_set/imm 4, 0;
    %assign/vec4/off/d v0x5ce4d120ff40_0, 4, 5;
    %pushi/vec4 0, 0, 8;
    %ix/load 4, 32, 0;
    %ix/load 5, 0, 0;
    %flag_set/imm 4, 0;
    %assign/vec4/off/d v0x5ce4d120ff40_0, 4, 5;
    %pushi/vec4 0, 0, 8;
    %ix/load 4, 40, 0;
    %ix/load 5, 0, 0;
    %flag_set/imm 4, 0;
    %assign/vec4/off/d v0x5ce4d120ff40_0, 4, 5;
    %pushi/vec4 0, 0, 8;
    %ix/load 4, 48, 0;
    %ix/load 5, 0, 0;
    %flag_set/imm 4, 0;
    %assign/vec4/off/d v0x5ce4d120ff40_0, 4, 5;
    %pushi/vec4 0, 0, 8;
    %ix/load 4, 56, 0;
    %ix/load 5, 0, 0;
    %flag_set/imm 4, 0;
    %assign/vec4/off/d v0x5ce4d120ff40_0, 4, 5;
    %pushi/vec4 0, 0, 1;
    %assign/vec4 v0x5ce4d12101c0_0, 0;
    %pushi/vec4 0, 0, 1;
    %assign/vec4 v0x5ce4d120ffe0_0, 0;
    %pushi/vec4 0, 0, 1;
    %assign/vec4 v0x5ce4d11ff360_0, 0;
    %pushi/vec4 0, 0, 64;
    %assign/vec4 v0x5ce4d120ff40_0, 0;
    %jmp T_101.1;
T_101.0 ;
    %load/vec4 v0x5ce4d12059d0_0;
    %assign/vec4 v0x5ce4d11ff5e0_0, 0;
    %load/vec4 v0x5ce4d11ff5e0_0;
    %dup/vec4;
    %pushi/vec4 11, 0, 32;
    %cmp/u;
    %jmp/1 T_101.2, 6;
    %jmp T_101.3;
T_101.2 ;
    %load/vec4 v0x5ce4d11ff360_0;
    %flag_set/vec4 8;
    %jmp/0xz  T_101.4, 8;
    %pushi/vec4 0, 0, 1;
    %assign/vec4 v0x5ce4d12101c0_0, 0;
    %pushi/vec4 0, 0, 1;
    %assign/vec4 v0x5ce4d120ffe0_0, 0;
T_101.4 ;
    %jmp T_101.3;
T_101.3 ;
    %pop/vec4 1;
    %load/vec4 v0x5ce4d12059d0_0;
    %dup/vec4;
    %pushi/vec4 0, 0, 32;
    %cmp/u;
    %jmp/1 T_101.6, 6;
    %dup/vec4;
    %pushi/vec4 1, 0, 32;
    %cmp/u;
    %jmp/1 T_101.7, 6;
    %dup/vec4;
    %pushi/vec4 2, 0, 32;
    %cmp/u;
    %jmp/1 T_101.8, 6;
    %dup/vec4;
    %pushi/vec4 3, 0, 32;
    %cmp/u;
    %jmp/1 T_101.9, 6;
    %dup/vec4;
    %pushi/vec4 4, 0, 32;
    %cmp/u;
    %jmp/1 T_101.10, 6;
    %dup/vec4;
    %pushi/vec4 5, 0, 32;
    %cmp/u;
    %jmp/1 T_101.11, 6;
    %dup/vec4;
    %pushi/vec4 6, 0, 32;
    %cmp/u;
    %jmp/1 T_101.12, 6;
    %dup/vec4;
    %pushi/vec4 7, 0, 32;
    %cmp/u;
    %jmp/1 T_101.13, 6;
    %dup/vec4;
    %pushi/vec4 8, 0, 32;
    %cmp/u;
    %jmp/1 T_101.14, 6;
    %dup/vec4;
    %pushi/vec4 9, 0, 32;
    %cmp/u;
    %jmp/1 T_101.15, 6;
    %dup/vec4;
    %pushi/vec4 10, 0, 32;
    %cmp/u;
    %jmp/1 T_101.16, 6;
    %dup/vec4;
    %pushi/vec4 11, 0, 32;
    %cmp/u;
    %jmp/1 T_101.17, 6;
    %jmp T_101.18;
T_101.6 ;
    %load/vec4 v0x5ce4d1205c50_0;
    %nor/r;
    %flag_set/vec4 8;
    %jmp/0xz  T_101.19, 8;
    %load/vec4 v0x5ce4d1211700_0;
    %assign/vec4 v0x5ce4d1206ab0_0, 0;
    %load/vec4 v0x5ce4d1211a20_0;
    %pad/u 33;
    %assign/vec4 v0x5ce4d1206b50_0, 0;
T_101.19 ;
    %load/vec4 v0x5ce4d1205c50_0;
    %nor/r;
    %flag_set/vec4 8;
    %jmp/0xz  T_101.21, 8;
    %pushi/vec4 1, 0, 32;
    %assign/vec4 v0x5ce4d12059d0_0, 0;
T_101.21 ;
    %jmp T_101.18;
T_101.7 ;
    %pushi/vec4 2, 0, 32;
    %assign/vec4 v0x5ce4d12059d0_0, 0;
    %jmp T_101.18;
T_101.8 ;
    %pushi/vec4 3, 0, 32;
    %assign/vec4 v0x5ce4d12059d0_0, 0;
    %jmp T_101.18;
T_101.9 ;
    %pushi/vec4 4, 0, 32;
    %assign/vec4 v0x5ce4d12059d0_0, 0;
    %jmp T_101.18;
T_101.10 ;
    %pushi/vec4 5, 0, 32;
    %assign/vec4 v0x5ce4d12059d0_0, 0;
    %jmp T_101.18;
T_101.11 ;
    %pushi/vec4 6, 0, 32;
    %assign/vec4 v0x5ce4d12059d0_0, 0;
    %jmp T_101.18;
T_101.12 ;
    %pushi/vec4 7, 0, 32;
    %assign/vec4 v0x5ce4d12059d0_0, 0;
    %jmp T_101.18;
T_101.13 ;
    %pushi/vec4 8, 0, 32;
    %assign/vec4 v0x5ce4d12059d0_0, 0;
    %jmp T_101.18;
T_101.14 ;
    %pushi/vec4 9, 0, 32;
    %assign/vec4 v0x5ce4d12059d0_0, 0;
    %jmp T_101.18;
T_101.15 ;
    %pushi/vec4 10, 0, 32;
    %assign/vec4 v0x5ce4d12059d0_0, 0;
    %jmp T_101.18;
T_101.16 ;
    %pushi/vec4 11, 0, 32;
    %assign/vec4 v0x5ce4d12059d0_0, 0;
    %jmp T_101.18;
T_101.17 ;
    %load/vec4 v0x5ce4d1210080_0;
    %load/vec4 v0x5ce4d12101c0_0;
    %nor/r;
    %or;
    %flag_set/vec4 8;
    %jmp/0xz  T_101.23, 8;
    %load/vec4 v0x5ce4d1206ab0_0;
    %addi 0, 0, 32;
    %ix/vec4 4;
    %load/vec4a v0x5ce4d1205890, 4;
    %ix/load 4, 0, 0;
    %ix/load 5, 0, 0;
    %flag_set/imm 4, 0;
    %assign/vec4/off/d v0x5ce4d120ff40_0, 4, 5;
T_101.23 ;
    %load/vec4 v0x5ce4d1210080_0;
    %load/vec4 v0x5ce4d12101c0_0;
    %nor/r;
    %or;
    %flag_set/vec4 8;
    %jmp/0xz  T_101.25, 8;
    %load/vec4 v0x5ce4d1206ab0_0;
    %addi 1, 0, 32;
    %ix/vec4 4;
    %load/vec4a v0x5ce4d1205890, 4;
    %ix/load 4, 8, 0;
    %ix/load 5, 0, 0;
    %flag_set/imm 4, 0;
    %assign/vec4/off/d v0x5ce4d120ff40_0, 4, 5;
T_101.25 ;
    %load/vec4 v0x5ce4d1210080_0;
    %load/vec4 v0x5ce4d12101c0_0;
    %nor/r;
    %or;
    %flag_set/vec4 8;
    %jmp/0xz  T_101.27, 8;
    %load/vec4 v0x5ce4d1206ab0_0;
    %addi 2, 0, 32;
    %ix/vec4 4;
    %load/vec4a v0x5ce4d1205890, 4;
    %ix/load 4, 16, 0;
    %ix/load 5, 0, 0;
    %flag_set/imm 4, 0;
    %assign/vec4/off/d v0x5ce4d120ff40_0, 4, 5;
T_101.27 ;
    %load/vec4 v0x5ce4d1210080_0;
    %load/vec4 v0x5ce4d12101c0_0;
    %nor/r;
    %or;
    %flag_set/vec4 8;
    %jmp/0xz  T_101.29, 8;
    %load/vec4 v0x5ce4d1206ab0_0;
    %addi 3, 0, 32;
    %ix/vec4 4;
    %load/vec4a v0x5ce4d1205890, 4;
    %ix/load 4, 24, 0;
    %ix/load 5, 0, 0;
    %flag_set/imm 4, 0;
    %assign/vec4/off/d v0x5ce4d120ff40_0, 4, 5;
T_101.29 ;
    %load/vec4 v0x5ce4d1210080_0;
    %load/vec4 v0x5ce4d12101c0_0;
    %nor/r;
    %or;
    %flag_set/vec4 8;
    %jmp/0xz  T_101.31, 8;
    %load/vec4 v0x5ce4d1206ab0_0;
    %addi 4, 0, 32;
    %ix/vec4 4;
    %load/vec4a v0x5ce4d1205890, 4;
    %ix/load 4, 32, 0;
    %ix/load 5, 0, 0;
    %flag_set/imm 4, 0;
    %assign/vec4/off/d v0x5ce4d120ff40_0, 4, 5;
T_101.31 ;
    %load/vec4 v0x5ce4d1210080_0;
    %load/vec4 v0x5ce4d12101c0_0;
    %nor/r;
    %or;
    %flag_set/vec4 8;
    %jmp/0xz  T_101.33, 8;
    %load/vec4 v0x5ce4d1206ab0_0;
    %addi 5, 0, 32;
    %ix/vec4 4;
    %load/vec4a v0x5ce4d1205890, 4;
    %ix/load 4, 40, 0;
    %ix/load 5, 0, 0;
    %flag_set/imm 4, 0;
    %assign/vec4/off/d v0x5ce4d120ff40_0, 4, 5;
T_101.33 ;
    %load/vec4 v0x5ce4d1210080_0;
    %load/vec4 v0x5ce4d12101c0_0;
    %nor/r;
    %or;
    %flag_set/vec4 8;
    %jmp/0xz  T_101.35, 8;
    %load/vec4 v0x5ce4d1206ab0_0;
    %addi 6, 0, 32;
    %ix/vec4 4;
    %load/vec4a v0x5ce4d1205890, 4;
    %ix/load 4, 48, 0;
    %ix/load 5, 0, 0;
    %flag_set/imm 4, 0;
    %assign/vec4/off/d v0x5ce4d120ff40_0, 4, 5;
T_101.35 ;
    %load/vec4 v0x5ce4d1210080_0;
    %load/vec4 v0x5ce4d12101c0_0;
    %nor/r;
    %or;
    %flag_set/vec4 8;
    %jmp/0xz  T_101.37, 8;
    %load/vec4 v0x5ce4d1206ab0_0;
    %addi 7, 0, 32;
    %ix/vec4 4;
    %load/vec4a v0x5ce4d1205890, 4;
    %ix/load 4, 56, 0;
    %ix/load 5, 0, 0;
    %flag_set/imm 4, 0;
    %assign/vec4/off/d v0x5ce4d120ff40_0, 4, 5;
T_101.37 ;
    %load/vec4 v0x5ce4d1208810_0;
    %cmpi/u 15, 0, 33;
    %flag_get/vec4 5;
    %jmp/0 T_101.42, 5;
    %pushi/vec4 0, 0, 33;
    %load/vec4 v0x5ce4d1206b50_0;
    %cmp/u;
    %flag_get/vec4 5;
    %and;
T_101.42;
    %flag_set/vec4 9;
    %flag_get/vec4 9;
    %jmp/0 T_101.41, 9;
    %load/vec4 v0x5ce4d1210080_0;
    %load/vec4 v0x5ce4d12101c0_0;
    %nor/r;
    %or;
    %and;
T_101.41;
    %flag_set/vec4 8;
    %jmp/0xz  T_101.39, 8;
    %pushi/vec4 1, 0, 1;
    %assign/vec4 v0x5ce4d12101c0_0, 0;
    %load/vec4 v0x5ce4d1206ab0_0;
    %addi 8, 0, 32;
    %assign/vec4 v0x5ce4d1206ab0_0, 0;
    %load/vec4 v0x5ce4d1206b50_0;
    %subi 1, 0, 33;
    %assign/vec4 v0x5ce4d1206b50_0, 0;
T_101.39 ;
    %load/vec4 v0x5ce4d1208810_0;
    %cmpi/u 15, 0, 33;
    %flag_get/vec4 5;
    %jmp/0 T_101.46, 5;
    %load/vec4 v0x5ce4d1206b50_0;
    %pushi/vec4 1, 0, 33;
    %cmp/e;
    %flag_get/vec4 4;
    %and;
T_101.46;
    %flag_set/vec4 9;
    %flag_get/vec4 9;
    %jmp/0 T_101.45, 9;
    %load/vec4 v0x5ce4d1210080_0;
    %load/vec4 v0x5ce4d12101c0_0;
    %nor/r;
    %or;
    %and;
T_101.45;
    %flag_set/vec4 8;
    %jmp/0xz  T_101.43, 8;
    %pushi/vec4 1, 0, 1;
    %assign/vec4 v0x5ce4d120ffe0_0, 0;
T_101.43 ;
    %pushi/vec4 1, 0, 1;
    %assign/vec4 v0x5ce4d11ff360_0, 0;
    %load/vec4 v0x5ce4d12101c0_0;
    %flag_set/vec4 9;
    %flag_get/vec4 9;
    %jmp/0 T_101.49, 9;
    %load/vec4 v0x5ce4d1210080_0;
    %nor/r;
    %and;
T_101.49;
    %flag_set/vec4 8;
    %jmp/0xz  T_101.47, 8;
    %load/vec4 v0x5ce4d12101c0_0;
    %assign/vec4 v0x5ce4d12101c0_0, 0;
    %load/vec4 v0x5ce4d120ff40_0;
    %assign/vec4 v0x5ce4d120ff40_0, 0;
    %load/vec4 v0x5ce4d120ffe0_0;
    %assign/vec4 v0x5ce4d120ffe0_0, 0;
T_101.47 ;
    %load/vec4 v0x5ce4d12101c0_0;
    %flag_set/vec4 10;
    %flag_get/vec4 10;
    %jmp/0 T_101.53, 10;
    %load/vec4 v0x5ce4d1210080_0;
    %and;
T_101.53;
    %flag_set/vec4 9;
    %flag_get/vec4 9;
    %jmp/0 T_101.52, 9;
    %load/vec4 v0x5ce4d1206b50_0;
    %pushi/vec4 0, 0, 33;
    %cmp/e;
    %flag_get/vec4 4;
    %and;
T_101.52;
    %flag_set/vec4 8;
    %jmp/0xz  T_101.50, 8;
    %pushi/vec4 0, 0, 32;
    %assign/vec4 v0x5ce4d12059d0_0, 0;
T_101.50 ;
    %jmp T_101.18;
T_101.18 ;
    %pop/vec4 1;
T_101.1 ;
    %jmp T_101;
    .thread T_101;
    .scope S_0x5ce4d0f8f690;
T_102 ;
    %wait E_0x5ce4d0b85470;
    %load/vec4 v0x5ce4d11ff2c0_0;
    %flag_set/vec4 8;
    %jmp/0xz  T_102.0, 8;
    %pushi/vec4 0, 0, 4;
    %assign/vec4 v0x5ce4d120de20_0, 0;
    %pushi/vec4 0, 0, 1;
    %assign/vec4 v0x5ce4d11ff4a0_0, 0;
    %jmp T_102.1;
T_102.0 ;
    %load/vec4 v0x5ce4d1206830_0;
    %flag_set/vec4 10;
    %flag_get/vec4 10;
    %jmp/0 T_102.5, 10;
    %load/vec4 v0x5ce4d12068d0_0;
    %nor/r;
    %and;
T_102.5;
    %flag_set/vec4 9;
    %flag_get/vec4 9;
    %jmp/0 T_102.4, 9;
    %load/vec4 v0x5ce4d12066f0_0;
    %flag_set/vec4 9;
    %flag_get/vec4 9;
    %jmp/0 T_102.6, 9;
    %load/vec4 v0x5ce4d1206790_0;
    %nor/r;
    %and;
T_102.6;
    %and;
T_102.4;
    %flag_set/vec4 8;
    %jmp/0xz  T_102.2, 8;
    %load/vec4 v0x5ce4d120de20_0;
    %assign/vec4 v0x5ce4d120de20_0, 0;
    %jmp T_102.3;
T_102.2 ;
    %load/vec4 v0x5ce4d1206830_0;
    %flag_set/vec4 9;
    %flag_get/vec4 9;
    %jmp/0 T_102.9, 9;
    %load/vec4 v0x5ce4d12068d0_0;
    %nor/r;
    %and;
T_102.9;
    %flag_set/vec4 8;
    %jmp/0xz  T_102.7, 8;
    %load/vec4 v0x5ce4d120de20_0;
    %addi 1, 0, 4;
    %assign/vec4 v0x5ce4d120de20_0, 0;
    %jmp T_102.8;
T_102.7 ;
    %load/vec4 v0x5ce4d12066f0_0;
    %flag_set/vec4 9;
    %flag_get/vec4 9;
    %jmp/0 T_102.12, 9;
    %load/vec4 v0x5ce4d1206790_0;
    %nor/r;
    %and;
T_102.12;
    %flag_set/vec4 8;
    %jmp/0xz  T_102.10, 8;
    %load/vec4 v0x5ce4d120de20_0;
    %subi 1, 0, 4;
    %assign/vec4 v0x5ce4d120de20_0, 0;
T_102.10 ;
T_102.8 ;
T_102.3 ;
    %load/vec4 v0x5ce4d1209490_0;
    %assign/vec4 v0x5ce4d11ff4a0_0, 0;
T_102.1 ;
    %jmp T_102;
    .thread T_102;
    .scope S_0x5ce4d0f8f690;
T_103 ;
    %wait E_0x5ce4d0b85470;
    %load/vec4 v0x5ce4d11ff2c0_0;
    %flag_set/vec4 8;
    %jmp/0xz  T_103.0, 8;
    %pushi/vec4 0, 0, 4;
    %assign/vec4 v0x5ce4d120dce0_0, 0;
    %pushi/vec4 0, 0, 1;
    %assign/vec4 v0x5ce4d11ff540_0, 0;
    %jmp T_103.1;
T_103.0 ;
    %load/vec4 v0x5ce4d1205cf0_0;
    %flag_set/vec4 10;
    %flag_get/vec4 10;
    %jmp/0 T_103.5, 10;
    %load/vec4 v0x5ce4d1205d90_0;
    %nor/r;
    %and;
T_103.5;
    %flag_set/vec4 9;
    %flag_get/vec4 9;
    %jmp/0 T_103.4, 9;
    %load/vec4 v0x5ce4d1205bb0_0;
    %flag_set/vec4 9;
    %flag_get/vec4 9;
    %jmp/0 T_103.6, 9;
    %load/vec4 v0x5ce4d1205c50_0;
    %nor/r;
    %and;
T_103.6;
    %and;
T_103.4;
    %flag_set/vec4 8;
    %jmp/0xz  T_103.2, 8;
    %load/vec4 v0x5ce4d120dce0_0;
    %assign/vec4 v0x5ce4d120dce0_0, 0;
    %jmp T_103.3;
T_103.2 ;
    %load/vec4 v0x5ce4d1205cf0_0;
    %flag_set/vec4 9;
    %flag_get/vec4 9;
    %jmp/0 T_103.9, 9;
    %load/vec4 v0x5ce4d1205d90_0;
    %nor/r;
    %and;
T_103.9;
    %flag_set/vec4 8;
    %jmp/0xz  T_103.7, 8;
    %load/vec4 v0x5ce4d120dce0_0;
    %addi 1, 0, 4;
    %assign/vec4 v0x5ce4d120dce0_0, 0;
    %jmp T_103.8;
T_103.7 ;
    %load/vec4 v0x5ce4d1205bb0_0;
    %flag_set/vec4 9;
    %flag_get/vec4 9;
    %jmp/0 T_103.12, 9;
    %load/vec4 v0x5ce4d1205c50_0;
    %nor/r;
    %and;
T_103.12;
    %flag_set/vec4 8;
    %jmp/0xz  T_103.10, 8;
    %load/vec4 v0x5ce4d120dce0_0;
    %subi 1, 0, 4;
    %assign/vec4 v0x5ce4d120dce0_0, 0;
T_103.10 ;
T_103.8 ;
T_103.3 ;
    %load/vec4 v0x5ce4d1209530_0;
    %assign/vec4 v0x5ce4d11ff540_0, 0;
T_103.1 ;
    %jmp T_103;
    .thread T_103;
    .scope S_0x5ce4d0f8f690;
T_104 ;
    %wait E_0x5ce4d0b85470;
    %load/vec4 v0x5ce4d11ff2c0_0;
    %flag_set/vec4 8;
    %jmp/0xz  T_104.0, 8;
    %pushi/vec4 0, 0, 4;
    %assign/vec4 v0x5ce4d120dd80_0, 0;
    %pushi/vec4 0, 0, 1;
    %assign/vec4 v0x5ce4d11ff400_0, 0;
    %jmp T_104.1;
T_104.0 ;
    %load/vec4 v0x5ce4d1206290_0;
    %flag_set/vec4 10;
    %flag_get/vec4 10;
    %jmp/0 T_104.5, 10;
    %load/vec4 v0x5ce4d1206330_0;
    %nor/r;
    %and;
T_104.5;
    %flag_set/vec4 9;
    %flag_get/vec4 9;
    %jmp/0 T_104.4, 9;
    %load/vec4 v0x5ce4d1206150_0;
    %flag_set/vec4 9;
    %flag_get/vec4 9;
    %jmp/0 T_104.6, 9;
    %load/vec4 v0x5ce4d12061f0_0;
    %nor/r;
    %and;
T_104.6;
    %and;
T_104.4;
    %flag_set/vec4 8;
    %jmp/0xz  T_104.2, 8;
    %load/vec4 v0x5ce4d120dd80_0;
    %assign/vec4 v0x5ce4d120dd80_0, 0;
    %jmp T_104.3;
T_104.2 ;
    %load/vec4 v0x5ce4d1206290_0;
    %flag_set/vec4 9;
    %flag_get/vec4 9;
    %jmp/0 T_104.9, 9;
    %load/vec4 v0x5ce4d1206330_0;
    %nor/r;
    %and;
T_104.9;
    %flag_set/vec4 8;
    %jmp/0xz  T_104.7, 8;
    %load/vec4 v0x5ce4d120dd80_0;
    %addi 1, 0, 4;
    %assign/vec4 v0x5ce4d120dd80_0, 0;
    %jmp T_104.8;
T_104.7 ;
    %load/vec4 v0x5ce4d1206150_0;
    %flag_set/vec4 9;
    %flag_get/vec4 9;
    %jmp/0 T_104.12, 9;
    %load/vec4 v0x5ce4d12061f0_0;
    %nor/r;
    %and;
T_104.12;
    %flag_set/vec4 8;
    %jmp/0xz  T_104.10, 8;
    %load/vec4 v0x5ce4d120dd80_0;
    %subi 1, 0, 4;
    %assign/vec4 v0x5ce4d120dd80_0, 0;
T_104.10 ;
T_104.8 ;
T_104.3 ;
    %load/vec4 v0x5ce4d12093f0_0;
    %assign/vec4 v0x5ce4d11ff400_0, 0;
T_104.1 ;
    %jmp T_104;
    .thread T_104;
    .scope S_0x5ce4d0f8f690;
T_105 ;
    %wait E_0x5ce4d0b85470;
    %load/vec4 v0x5ce4d11ff2c0_0;
    %flag_set/vec4 8;
    %jmp/0xz  T_105.0, 8;
    %pushi/vec4 0, 0, 32;
    %assign/vec4 v0x5ce4d1211660_0, 0;
    %pushi/vec4 0, 0, 64;
    %assign/vec4 v0x5ce4d120cd40_0, 0;
    %pushi/vec4 0, 0, 32;
    %assign/vec4 v0x5ce4d12088b0_0, 0;
    %pushi/vec4 0, 0, 128;
    %assign/vec4 v0x5ce4d1211e80_0, 0;
    %pushi/vec4 0, 0, 64;
    %assign/vec4 v0x5ce4d120cde0_0, 0;
    %pushi/vec4 0, 0, 64;
    %assign/vec4 v0x5ce4d120ce80_0, 0;
    %pushi/vec4 0, 0, 1;
    %assign/vec4 v0x5ce4d120dba0_0, 0;
    %jmp T_105.1;
T_105.0 ;
    %load/vec4 v0x5ce4d1211660_0;
    %dup/vec4;
    %pushi/vec4 0, 0, 32;
    %cmp/u;
    %jmp/1 T_105.2, 6;
    %dup/vec4;
    %pushi/vec4 1, 0, 32;
    %cmp/u;
    %jmp/1 T_105.3, 6;
    %dup/vec4;
    %pushi/vec4 2, 0, 32;
    %cmp/u;
    %jmp/1 T_105.4, 6;
    %dup/vec4;
    %pushi/vec4 3, 0, 32;
    %cmp/u;
    %jmp/1 T_105.5, 6;
    %dup/vec4;
    %pushi/vec4 4, 0, 32;
    %cmp/u;
    %jmp/1 T_105.6, 6;
    %dup/vec4;
    %pushi/vec4 5, 0, 32;
    %cmp/u;
    %jmp/1 T_105.7, 6;
    %dup/vec4;
    %pushi/vec4 6, 0, 32;
    %cmp/u;
    %jmp/1 T_105.8, 6;
    %dup/vec4;
    %pushi/vec4 7, 0, 32;
    %cmp/u;
    %jmp/1 T_105.9, 6;
    %dup/vec4;
    %pushi/vec4 8, 0, 32;
    %cmp/u;
    %jmp/1 T_105.10, 6;
    %dup/vec4;
    %pushi/vec4 9, 0, 32;
    %cmp/u;
    %jmp/1 T_105.11, 6;
    %dup/vec4;
    %pushi/vec4 10, 0, 32;
    %cmp/u;
    %jmp/1 T_105.12, 6;
    %dup/vec4;
    %pushi/vec4 11, 0, 32;
    %cmp/u;
    %jmp/1 T_105.13, 6;
    %dup/vec4;
    %pushi/vec4 12, 0, 32;
    %cmp/u;
    %jmp/1 T_105.14, 6;
    %dup/vec4;
    %pushi/vec4 13, 0, 32;
    %cmp/u;
    %jmp/1 T_105.15, 6;
    %dup/vec4;
    %pushi/vec4 14, 0, 32;
    %cmp/u;
    %jmp/1 T_105.16, 6;
    %dup/vec4;
    %pushi/vec4 15, 0, 32;
    %cmp/u;
    %jmp/1 T_105.17, 6;
    %dup/vec4;
    %pushi/vec4 16, 0, 32;
    %cmp/u;
    %jmp/1 T_105.18, 6;
    %dup/vec4;
    %pushi/vec4 17, 0, 32;
    %cmp/u;
    %jmp/1 T_105.19, 6;
    %dup/vec4;
    %pushi/vec4 18, 0, 32;
    %cmp/u;
    %jmp/1 T_105.20, 6;
    %dup/vec4;
    %pushi/vec4 19, 0, 32;
    %cmp/u;
    %jmp/1 T_105.21, 6;
    %dup/vec4;
    %pushi/vec4 20, 0, 32;
    %cmp/u;
    %jmp/1 T_105.22, 6;
    %dup/vec4;
    %pushi/vec4 21, 0, 32;
    %cmp/u;
    %jmp/1 T_105.23, 6;
    %dup/vec4;
    %pushi/vec4 22, 0, 32;
    %cmp/u;
    %jmp/1 T_105.24, 6;
    %dup/vec4;
    %pushi/vec4 23, 0, 32;
    %cmp/u;
    %jmp/1 T_105.25, 6;
    %dup/vec4;
    %pushi/vec4 24, 0, 32;
    %cmp/u;
    %jmp/1 T_105.26, 6;
    %dup/vec4;
    %pushi/vec4 25, 0, 32;
    %cmp/u;
    %jmp/1 T_105.27, 6;
    %dup/vec4;
    %pushi/vec4 26, 0, 32;
    %cmp/u;
    %jmp/1 T_105.28, 6;
    %dup/vec4;
    %pushi/vec4 27, 0, 32;
    %cmp/u;
    %jmp/1 T_105.29, 6;
    %dup/vec4;
    %pushi/vec4 28, 0, 32;
    %cmp/u;
    %jmp/1 T_105.30, 6;
    %dup/vec4;
    %pushi/vec4 29, 0, 32;
    %cmp/u;
    %jmp/1 T_105.31, 6;
    %dup/vec4;
    %pushi/vec4 30, 0, 32;
    %cmp/u;
    %jmp/1 T_105.32, 6;
    %dup/vec4;
    %pushi/vec4 31, 0, 32;
    %cmp/u;
    %jmp/1 T_105.33, 6;
    %dup/vec4;
    %pushi/vec4 32, 0, 32;
    %cmp/u;
    %jmp/1 T_105.34, 6;
    %dup/vec4;
    %pushi/vec4 33, 0, 32;
    %cmp/u;
    %jmp/1 T_105.35, 6;
    %dup/vec4;
    %pushi/vec4 34, 0, 32;
    %cmp/u;
    %jmp/1 T_105.36, 6;
    %dup/vec4;
    %pushi/vec4 35, 0, 32;
    %cmp/u;
    %jmp/1 T_105.37, 6;
    %dup/vec4;
    %pushi/vec4 36, 0, 32;
    %cmp/u;
    %jmp/1 T_105.38, 6;
    %dup/vec4;
    %pushi/vec4 37, 0, 32;
    %cmp/u;
    %jmp/1 T_105.39, 6;
    %dup/vec4;
    %pushi/vec4 38, 0, 32;
    %cmp/u;
    %jmp/1 T_105.40, 6;
    %dup/vec4;
    %pushi/vec4 39, 0, 32;
    %cmp/u;
    %jmp/1 T_105.41, 6;
    %dup/vec4;
    %pushi/vec4 40, 0, 32;
    %cmp/u;
    %jmp/1 T_105.42, 6;
    %dup/vec4;
    %pushi/vec4 41, 0, 32;
    %cmp/u;
    %jmp/1 T_105.43, 6;
    %dup/vec4;
    %pushi/vec4 42, 0, 32;
    %cmp/u;
    %jmp/1 T_105.44, 6;
    %dup/vec4;
    %pushi/vec4 43, 0, 32;
    %cmp/u;
    %jmp/1 T_105.45, 6;
    %dup/vec4;
    %pushi/vec4 44, 0, 32;
    %cmp/u;
    %jmp/1 T_105.46, 6;
    %dup/vec4;
    %pushi/vec4 45, 0, 32;
    %cmp/u;
    %jmp/1 T_105.47, 6;
    %dup/vec4;
    %pushi/vec4 46, 0, 32;
    %cmp/u;
    %jmp/1 T_105.48, 6;
    %dup/vec4;
    %pushi/vec4 47, 0, 32;
    %cmp/u;
    %jmp/1 T_105.49, 6;
    %dup/vec4;
    %pushi/vec4 48, 0, 32;
    %cmp/u;
    %jmp/1 T_105.50, 6;
    %dup/vec4;
    %pushi/vec4 49, 0, 32;
    %cmp/u;
    %jmp/1 T_105.51, 6;
    %dup/vec4;
    %pushi/vec4 50, 0, 32;
    %cmp/u;
    %jmp/1 T_105.52, 6;
    %dup/vec4;
    %pushi/vec4 51, 0, 32;
    %cmp/u;
    %jmp/1 T_105.53, 6;
    %dup/vec4;
    %pushi/vec4 52, 0, 32;
    %cmp/u;
    %jmp/1 T_105.54, 6;
    %dup/vec4;
    %pushi/vec4 53, 0, 32;
    %cmp/u;
    %jmp/1 T_105.55, 6;
    %dup/vec4;
    %pushi/vec4 54, 0, 32;
    %cmp/u;
    %jmp/1 T_105.56, 6;
    %dup/vec4;
    %pushi/vec4 55, 0, 32;
    %cmp/u;
    %jmp/1 T_105.57, 6;
    %dup/vec4;
    %pushi/vec4 56, 0, 32;
    %cmp/u;
    %jmp/1 T_105.58, 6;
    %dup/vec4;
    %pushi/vec4 57, 0, 32;
    %cmp/u;
    %jmp/1 T_105.59, 6;
    %dup/vec4;
    %pushi/vec4 58, 0, 32;
    %cmp/u;
    %jmp/1 T_105.60, 6;
    %dup/vec4;
    %pushi/vec4 59, 0, 32;
    %cmp/u;
    %jmp/1 T_105.61, 6;
    %dup/vec4;
    %pushi/vec4 60, 0, 32;
    %cmp/u;
    %jmp/1 T_105.62, 6;
    %dup/vec4;
    %pushi/vec4 61, 0, 32;
    %cmp/u;
    %jmp/1 T_105.63, 6;
    %dup/vec4;
    %pushi/vec4 62, 0, 32;
    %cmp/u;
    %jmp/1 T_105.64, 6;
    %dup/vec4;
    %pushi/vec4 63, 0, 32;
    %cmp/u;
    %jmp/1 T_105.65, 6;
    %dup/vec4;
    %pushi/vec4 64, 0, 32;
    %cmp/u;
    %jmp/1 T_105.66, 6;
    %dup/vec4;
    %pushi/vec4 65, 0, 32;
    %cmp/u;
    %jmp/1 T_105.67, 6;
    %dup/vec4;
    %pushi/vec4 66, 0, 32;
    %cmp/u;
    %jmp/1 T_105.68, 6;
    %dup/vec4;
    %pushi/vec4 67, 0, 32;
    %cmp/u;
    %jmp/1 T_105.69, 6;
    %dup/vec4;
    %pushi/vec4 68, 0, 32;
    %cmp/u;
    %jmp/1 T_105.70, 6;
    %dup/vec4;
    %pushi/vec4 69, 0, 32;
    %cmp/u;
    %jmp/1 T_105.71, 6;
    %dup/vec4;
    %pushi/vec4 70, 0, 32;
    %cmp/u;
    %jmp/1 T_105.72, 6;
    %dup/vec4;
    %pushi/vec4 71, 0, 32;
    %cmp/u;
    %jmp/1 T_105.73, 6;
    %dup/vec4;
    %pushi/vec4 72, 0, 32;
    %cmp/u;
    %jmp/1 T_105.74, 6;
    %dup/vec4;
    %pushi/vec4 73, 0, 32;
    %cmp/u;
    %jmp/1 T_105.75, 6;
    %dup/vec4;
    %pushi/vec4 74, 0, 32;
    %cmp/u;
    %jmp/1 T_105.76, 6;
    %dup/vec4;
    %pushi/vec4 75, 0, 32;
    %cmp/u;
    %jmp/1 T_105.77, 6;
    %dup/vec4;
    %pushi/vec4 76, 0, 32;
    %cmp/u;
    %jmp/1 T_105.78, 6;
    %dup/vec4;
    %pushi/vec4 77, 0, 32;
    %cmp/u;
    %jmp/1 T_105.79, 6;
    %dup/vec4;
    %pushi/vec4 78, 0, 32;
    %cmp/u;
    %jmp/1 T_105.80, 6;
    %dup/vec4;
    %pushi/vec4 79, 0, 32;
    %cmp/u;
    %jmp/1 T_105.81, 6;
    %dup/vec4;
    %pushi/vec4 80, 0, 32;
    %cmp/u;
    %jmp/1 T_105.82, 6;
    %dup/vec4;
    %pushi/vec4 81, 0, 32;
    %cmp/u;
    %jmp/1 T_105.83, 6;
    %dup/vec4;
    %pushi/vec4 82, 0, 32;
    %cmp/u;
    %jmp/1 T_105.84, 6;
    %dup/vec4;
    %pushi/vec4 83, 0, 32;
    %cmp/u;
    %jmp/1 T_105.85, 6;
    %dup/vec4;
    %pushi/vec4 84, 0, 32;
    %cmp/u;
    %jmp/1 T_105.86, 6;
    %dup/vec4;
    %pushi/vec4 85, 0, 32;
    %cmp/u;
    %jmp/1 T_105.87, 6;
    %dup/vec4;
    %pushi/vec4 86, 0, 32;
    %cmp/u;
    %jmp/1 T_105.88, 6;
    %dup/vec4;
    %pushi/vec4 87, 0, 32;
    %cmp/u;
    %jmp/1 T_105.89, 6;
    %dup/vec4;
    %pushi/vec4 88, 0, 32;
    %cmp/u;
    %jmp/1 T_105.90, 6;
    %dup/vec4;
    %pushi/vec4 89, 0, 32;
    %cmp/u;
    %jmp/1 T_105.91, 6;
    %dup/vec4;
    %pushi/vec4 90, 0, 32;
    %cmp/u;
    %jmp/1 T_105.92, 6;
    %dup/vec4;
    %pushi/vec4 91, 0, 32;
    %cmp/u;
    %jmp/1 T_105.93, 6;
    %jmp T_105.94;
T_105.2 ;
    %pushi/vec4 1, 0, 32;
    %assign/vec4 v0x5ce4d1211660_0, 0;
    %jmp T_105.94;
T_105.3 ;
    %pushi/vec4 2, 0, 32;
    %assign/vec4 v0x5ce4d1211660_0, 0;
    %jmp T_105.94;
T_105.4 ;
    %load/vec4 v0x5ce4d120e460_0;
    %flag_set/vec4 8;
    %jmp/1 T_105.97, 8;
    %load/vec4 v0x5ce4d120e500_0;
    %nor/r;
    %flag_set/vec4 9;
    %flag_or 8, 9;
T_105.97;
    %jmp/0xz  T_105.95, 8;
    %pushi/vec4 3, 0, 32;
    %assign/vec4 v0x5ce4d1211660_0, 0;
T_105.95 ;
    %jmp T_105.94;
T_105.5 ;
    %load/vec4 v0x5ce4d120e500_0;
    %flag_set/vec4 9;
    %flag_get/vec4 9;
    %jmp/0 T_105.100, 9;
    %load/vec4 v0x5ce4d120e460_0;
    %and;
T_105.100;
    %flag_set/vec4 8;
    %jmp/0xz  T_105.98, 8;
    %pushi/vec4 4, 0, 32;
    %assign/vec4 v0x5ce4d1211660_0, 0;
T_105.98 ;
    %jmp T_105.94;
T_105.6 ;
    %load/vec4 v0x5ce4d1203e60_0;
    %flag_set/vec4 8;
    %jmp/0xz  T_105.101, 8;
    %load/vec4 v0x5ce4d1203d20_0;
    %assign/vec4 v0x5ce4d120cd40_0, 0;
T_105.101 ;
    %load/vec4 v0x5ce4d1203e60_0;
    %flag_set/vec4 8;
    %jmp/0xz  T_105.103, 8;
    %pushi/vec4 5, 0, 32;
    %assign/vec4 v0x5ce4d1211660_0, 0;
T_105.103 ;
    %jmp T_105.94;
T_105.7 ;
    %load/vec4 v0x5ce4d120cd40_0;
    %cmpi/e 0, 0, 64;
    %jmp/0xz  T_105.105, 4;
    %pushi/vec4 6, 0, 32;
    %assign/vec4 v0x5ce4d1211660_0, 0;
    %jmp T_105.106;
T_105.105 ;
    %pushi/vec4 7, 0, 32;
    %assign/vec4 v0x5ce4d1211660_0, 0;
T_105.106 ;
    %jmp T_105.94;
T_105.8 ;
    %pushi/vec4 8, 0, 32;
    %assign/vec4 v0x5ce4d1211660_0, 0;
    %jmp T_105.94;
T_105.9 ;
    %pushi/vec4 1, 0, 32;
    %assign/vec4 v0x5ce4d1211660_0, 0;
    %jmp T_105.94;
T_105.10 ;
    %vpi_call 2 1982 "$display", "DMA Read from AXI Manager" {0 0 0};
    %pushi/vec4 9, 0, 32;
    %assign/vec4 v0x5ce4d1211660_0, 0;
    %jmp T_105.94;
T_105.11 ;
    %load/vec4 v0x5ce4d1203aa0_0;
    %pad/u 32;
    %cmpi/e 0, 0, 32;
    %flag_get/vec4 4;
    %jmp/0 T_105.109, 4;
    %load/vec4 v0x5ce4d120e780_0;
    %flag_set/vec4 9;
    %flag_get/vec4 9;
    %jmp/1 T_105.110, 9;
    %load/vec4 v0x5ce4d120e820_0;
    %nor/r;
    %or;
T_105.110;
    %and;
T_105.109;
    %flag_set/vec4 8;
    %jmp/0xz  T_105.107, 8;
    %pushi/vec4 10, 0, 32;
    %assign/vec4 v0x5ce4d1211660_0, 0;
T_105.107 ;
    %jmp T_105.94;
T_105.12 ;
    %load/vec4 v0x5ce4d120e820_0;
    %flag_set/vec4 9;
    %flag_get/vec4 9;
    %jmp/0 T_105.113, 9;
    %load/vec4 v0x5ce4d120e780_0;
    %and;
T_105.113;
    %flag_set/vec4 8;
    %jmp/0xz  T_105.111, 8;
    %pushi/vec4 11, 0, 32;
    %assign/vec4 v0x5ce4d1211660_0, 0;
T_105.111 ;
    %jmp T_105.94;
T_105.13 ;
    %load/vec4 v0x5ce4d12056b0_0;
    %flag_set/vec4 8;
    %jmp/1 T_105.116, 8;
    %load/vec4 v0x5ce4d12057f0_0;
    %nor/r;
    %flag_set/vec4 9;
    %flag_or 8, 9;
T_105.116;
    %jmp/0xz  T_105.114, 8;
    %pushi/vec4 12, 0, 32;
    %assign/vec4 v0x5ce4d1211660_0, 0;
T_105.114 ;
    %jmp T_105.94;
T_105.14 ;
    %load/vec4 v0x5ce4d12057f0_0;
    %flag_set/vec4 9;
    %flag_get/vec4 9;
    %jmp/0 T_105.119, 9;
    %load/vec4 v0x5ce4d12056b0_0;
    %and;
T_105.119;
    %flag_set/vec4 8;
    %jmp/0xz  T_105.117, 8;
    %pushi/vec4 13, 0, 32;
    %assign/vec4 v0x5ce4d1211660_0, 0;
T_105.117 ;
    %jmp T_105.94;
T_105.15 ;
    %load/vec4 v0x5ce4d1203a00_0;
    %nor/r;
    %flag_set/vec4 8;
    %jmp/0xz  T_105.120, 8;
    %pushi/vec4 14, 0, 32;
    %assign/vec4 v0x5ce4d1211660_0, 0;
T_105.120 ;
    %jmp T_105.94;
T_105.16 ;
    %load/vec4 v0x5ce4d1203aa0_0;
    %pad/u 32;
    %cmpi/e 0, 0, 32;
    %flag_get/vec4 4;
    %jmp/0 T_105.124, 4;
    %load/vec4 v0x5ce4d120e780_0;
    %flag_set/vec4 9;
    %flag_get/vec4 9;
    %jmp/1 T_105.125, 9;
    %load/vec4 v0x5ce4d120e820_0;
    %nor/r;
    %or;
T_105.125;
    %and;
T_105.124;
    %flag_set/vec4 8;
    %jmp/0xz  T_105.122, 8;
    %pushi/vec4 15, 0, 32;
    %assign/vec4 v0x5ce4d1211660_0, 0;
T_105.122 ;
    %jmp T_105.94;
T_105.17 ;
    %load/vec4 v0x5ce4d120e820_0;
    %flag_set/vec4 9;
    %flag_get/vec4 9;
    %jmp/0 T_105.128, 9;
    %load/vec4 v0x5ce4d120e780_0;
    %and;
T_105.128;
    %flag_set/vec4 8;
    %jmp/0xz  T_105.126, 8;
    %pushi/vec4 16, 0, 32;
    %assign/vec4 v0x5ce4d1211660_0, 0;
T_105.126 ;
    %jmp T_105.94;
T_105.18 ;
    %load/vec4 v0x5ce4d12056b0_0;
    %flag_set/vec4 8;
    %jmp/1 T_105.131, 8;
    %load/vec4 v0x5ce4d12057f0_0;
    %nor/r;
    %flag_set/vec4 9;
    %flag_or 8, 9;
T_105.131;
    %jmp/0xz  T_105.129, 8;
    %pushi/vec4 17, 0, 32;
    %assign/vec4 v0x5ce4d1211660_0, 0;
T_105.129 ;
    %jmp T_105.94;
T_105.19 ;
    %load/vec4 v0x5ce4d12057f0_0;
    %flag_set/vec4 9;
    %flag_get/vec4 9;
    %jmp/0 T_105.134, 9;
    %load/vec4 v0x5ce4d12056b0_0;
    %and;
T_105.134;
    %flag_set/vec4 8;
    %jmp/0xz  T_105.132, 8;
    %pushi/vec4 18, 0, 32;
    %assign/vec4 v0x5ce4d1211660_0, 0;
T_105.132 ;
    %jmp T_105.94;
T_105.20 ;
    %load/vec4 v0x5ce4d1203a00_0;
    %nor/r;
    %flag_set/vec4 8;
    %jmp/0xz  T_105.135, 8;
    %pushi/vec4 19, 0, 32;
    %assign/vec4 v0x5ce4d1211660_0, 0;
T_105.135 ;
    %jmp T_105.94;
T_105.21 ;
    %load/vec4 v0x5ce4d1203aa0_0;
    %pad/u 32;
    %cmpi/e 0, 0, 32;
    %flag_get/vec4 4;
    %jmp/0 T_105.139, 4;
    %load/vec4 v0x5ce4d120e780_0;
    %flag_set/vec4 9;
    %flag_get/vec4 9;
    %jmp/1 T_105.140, 9;
    %load/vec4 v0x5ce4d120e820_0;
    %nor/r;
    %or;
T_105.140;
    %and;
T_105.139;
    %flag_set/vec4 8;
    %jmp/0xz  T_105.137, 8;
    %pushi/vec4 20, 0, 32;
    %assign/vec4 v0x5ce4d1211660_0, 0;
T_105.137 ;
    %jmp T_105.94;
T_105.22 ;
    %load/vec4 v0x5ce4d120e820_0;
    %flag_set/vec4 9;
    %flag_get/vec4 9;
    %jmp/0 T_105.143, 9;
    %load/vec4 v0x5ce4d120e780_0;
    %and;
T_105.143;
    %flag_set/vec4 8;
    %jmp/0xz  T_105.141, 8;
    %pushi/vec4 21, 0, 32;
    %assign/vec4 v0x5ce4d1211660_0, 0;
T_105.141 ;
    %jmp T_105.94;
T_105.23 ;
    %load/vec4 v0x5ce4d12056b0_0;
    %flag_set/vec4 8;
    %jmp/1 T_105.146, 8;
    %load/vec4 v0x5ce4d12057f0_0;
    %nor/r;
    %flag_set/vec4 9;
    %flag_or 8, 9;
T_105.146;
    %jmp/0xz  T_105.144, 8;
    %pushi/vec4 22, 0, 32;
    %assign/vec4 v0x5ce4d1211660_0, 0;
T_105.144 ;
    %jmp T_105.94;
T_105.24 ;
    %load/vec4 v0x5ce4d12057f0_0;
    %flag_set/vec4 9;
    %flag_get/vec4 9;
    %jmp/0 T_105.149, 9;
    %load/vec4 v0x5ce4d12056b0_0;
    %and;
T_105.149;
    %flag_set/vec4 8;
    %jmp/0xz  T_105.147, 8;
    %pushi/vec4 23, 0, 32;
    %assign/vec4 v0x5ce4d1211660_0, 0;
T_105.147 ;
    %jmp T_105.94;
T_105.25 ;
    %load/vec4 v0x5ce4d1203a00_0;
    %nor/r;
    %flag_set/vec4 8;
    %jmp/0xz  T_105.150, 8;
    %pushi/vec4 24, 0, 32;
    %assign/vec4 v0x5ce4d1211660_0, 0;
T_105.150 ;
    %jmp T_105.94;
T_105.26 ;
    %load/vec4 v0x5ce4d1203aa0_0;
    %pad/u 32;
    %cmpi/e 0, 0, 32;
    %flag_get/vec4 4;
    %jmp/0 T_105.154, 4;
    %load/vec4 v0x5ce4d120e780_0;
    %flag_set/vec4 9;
    %flag_get/vec4 9;
    %jmp/1 T_105.155, 9;
    %load/vec4 v0x5ce4d120e820_0;
    %nor/r;
    %or;
T_105.155;
    %and;
T_105.154;
    %flag_set/vec4 8;
    %jmp/0xz  T_105.152, 8;
    %pushi/vec4 25, 0, 32;
    %assign/vec4 v0x5ce4d1211660_0, 0;
T_105.152 ;
    %jmp T_105.94;
T_105.27 ;
    %load/vec4 v0x5ce4d120e820_0;
    %flag_set/vec4 9;
    %flag_get/vec4 9;
    %jmp/0 T_105.158, 9;
    %load/vec4 v0x5ce4d120e780_0;
    %and;
T_105.158;
    %flag_set/vec4 8;
    %jmp/0xz  T_105.156, 8;
    %pushi/vec4 26, 0, 32;
    %assign/vec4 v0x5ce4d1211660_0, 0;
T_105.156 ;
    %jmp T_105.94;
T_105.28 ;
    %load/vec4 v0x5ce4d12056b0_0;
    %flag_set/vec4 8;
    %jmp/1 T_105.161, 8;
    %load/vec4 v0x5ce4d12057f0_0;
    %nor/r;
    %flag_set/vec4 9;
    %flag_or 8, 9;
T_105.161;
    %jmp/0xz  T_105.159, 8;
    %pushi/vec4 27, 0, 32;
    %assign/vec4 v0x5ce4d1211660_0, 0;
T_105.159 ;
    %jmp T_105.94;
T_105.29 ;
    %load/vec4 v0x5ce4d12057f0_0;
    %flag_set/vec4 9;
    %flag_get/vec4 9;
    %jmp/0 T_105.164, 9;
    %load/vec4 v0x5ce4d12056b0_0;
    %and;
T_105.164;
    %flag_set/vec4 8;
    %jmp/0xz  T_105.162, 8;
    %pushi/vec4 28, 0, 32;
    %assign/vec4 v0x5ce4d1211660_0, 0;
T_105.162 ;
    %jmp T_105.94;
T_105.30 ;
    %load/vec4 v0x5ce4d1203a00_0;
    %nor/r;
    %flag_set/vec4 8;
    %jmp/0xz  T_105.165, 8;
    %pushi/vec4 29, 0, 32;
    %assign/vec4 v0x5ce4d1211660_0, 0;
T_105.165 ;
    %jmp T_105.94;
T_105.31 ;
    %load/vec4 v0x5ce4d1203aa0_0;
    %pad/u 32;
    %cmpi/e 0, 0, 32;
    %flag_get/vec4 4;
    %jmp/0 T_105.169, 4;
    %load/vec4 v0x5ce4d120e780_0;
    %flag_set/vec4 9;
    %flag_get/vec4 9;
    %jmp/1 T_105.170, 9;
    %load/vec4 v0x5ce4d120e820_0;
    %nor/r;
    %or;
T_105.170;
    %and;
T_105.169;
    %flag_set/vec4 8;
    %jmp/0xz  T_105.167, 8;
    %pushi/vec4 30, 0, 32;
    %assign/vec4 v0x5ce4d1211660_0, 0;
T_105.167 ;
    %jmp T_105.94;
T_105.32 ;
    %load/vec4 v0x5ce4d120e820_0;
    %flag_set/vec4 9;
    %flag_get/vec4 9;
    %jmp/0 T_105.173, 9;
    %load/vec4 v0x5ce4d120e780_0;
    %and;
T_105.173;
    %flag_set/vec4 8;
    %jmp/0xz  T_105.171, 8;
    %pushi/vec4 31, 0, 32;
    %assign/vec4 v0x5ce4d1211660_0, 0;
T_105.171 ;
    %jmp T_105.94;
T_105.33 ;
    %load/vec4 v0x5ce4d12056b0_0;
    %flag_set/vec4 8;
    %jmp/1 T_105.176, 8;
    %load/vec4 v0x5ce4d12057f0_0;
    %nor/r;
    %flag_set/vec4 9;
    %flag_or 8, 9;
T_105.176;
    %jmp/0xz  T_105.174, 8;
    %pushi/vec4 32, 0, 32;
    %assign/vec4 v0x5ce4d1211660_0, 0;
T_105.174 ;
    %jmp T_105.94;
T_105.34 ;
    %load/vec4 v0x5ce4d12057f0_0;
    %flag_set/vec4 9;
    %flag_get/vec4 9;
    %jmp/0 T_105.179, 9;
    %load/vec4 v0x5ce4d12056b0_0;
    %and;
T_105.179;
    %flag_set/vec4 8;
    %jmp/0xz  T_105.177, 8;
    %pushi/vec4 33, 0, 32;
    %assign/vec4 v0x5ce4d1211660_0, 0;
T_105.177 ;
    %jmp T_105.94;
T_105.35 ;
    %load/vec4 v0x5ce4d1203a00_0;
    %nor/r;
    %flag_set/vec4 8;
    %jmp/0xz  T_105.180, 8;
    %pushi/vec4 34, 0, 32;
    %assign/vec4 v0x5ce4d1211660_0, 0;
T_105.180 ;
    %jmp T_105.94;
T_105.36 ;
    %load/vec4 v0x5ce4d1203aa0_0;
    %pad/u 32;
    %cmpi/e 0, 0, 32;
    %flag_get/vec4 4;
    %jmp/0 T_105.184, 4;
    %load/vec4 v0x5ce4d120e780_0;
    %flag_set/vec4 9;
    %flag_get/vec4 9;
    %jmp/1 T_105.185, 9;
    %load/vec4 v0x5ce4d120e820_0;
    %nor/r;
    %or;
T_105.185;
    %and;
T_105.184;
    %flag_set/vec4 8;
    %jmp/0xz  T_105.182, 8;
    %pushi/vec4 35, 0, 32;
    %assign/vec4 v0x5ce4d1211660_0, 0;
T_105.182 ;
    %jmp T_105.94;
T_105.37 ;
    %load/vec4 v0x5ce4d120e820_0;
    %flag_set/vec4 9;
    %flag_get/vec4 9;
    %jmp/0 T_105.188, 9;
    %load/vec4 v0x5ce4d120e780_0;
    %and;
T_105.188;
    %flag_set/vec4 8;
    %jmp/0xz  T_105.186, 8;
    %pushi/vec4 36, 0, 32;
    %assign/vec4 v0x5ce4d1211660_0, 0;
T_105.186 ;
    %jmp T_105.94;
T_105.38 ;
    %load/vec4 v0x5ce4d12056b0_0;
    %flag_set/vec4 8;
    %jmp/1 T_105.191, 8;
    %load/vec4 v0x5ce4d12057f0_0;
    %nor/r;
    %flag_set/vec4 9;
    %flag_or 8, 9;
T_105.191;
    %jmp/0xz  T_105.189, 8;
    %pushi/vec4 37, 0, 32;
    %assign/vec4 v0x5ce4d1211660_0, 0;
T_105.189 ;
    %jmp T_105.94;
T_105.39 ;
    %load/vec4 v0x5ce4d12057f0_0;
    %flag_set/vec4 9;
    %flag_get/vec4 9;
    %jmp/0 T_105.194, 9;
    %load/vec4 v0x5ce4d12056b0_0;
    %and;
T_105.194;
    %flag_set/vec4 8;
    %jmp/0xz  T_105.192, 8;
    %pushi/vec4 38, 0, 32;
    %assign/vec4 v0x5ce4d1211660_0, 0;
T_105.192 ;
    %jmp T_105.94;
T_105.40 ;
    %load/vec4 v0x5ce4d1203a00_0;
    %nor/r;
    %flag_set/vec4 8;
    %jmp/0xz  T_105.195, 8;
    %pushi/vec4 39, 0, 32;
    %assign/vec4 v0x5ce4d1211660_0, 0;
T_105.195 ;
    %jmp T_105.94;
T_105.41 ;
    %pushi/vec4 0, 0, 32;
    %assign/vec4 v0x5ce4d12088b0_0, 0;
    %pushi/vec4 40, 0, 32;
    %assign/vec4 v0x5ce4d1211660_0, 0;
    %jmp T_105.94;
T_105.42 ;
    %load/vec4 v0x5ce4d12088b0_0;
    %cmpi/s 4, 0, 32;
    %jmp/0xz  T_105.197, 5;
    %pushi/vec4 41, 0, 32;
    %assign/vec4 v0x5ce4d1211660_0, 0;
    %jmp T_105.198;
T_105.197 ;
    %pushi/vec4 45, 0, 32;
    %assign/vec4 v0x5ce4d1211660_0, 0;
T_105.198 ;
    %jmp T_105.94;
T_105.43 ;
    %load/vec4 v0x5ce4d12088b0_0;
    %pad/s 128;
    %addi 4096, 0, 128;
    %load/vec4 v0x5ce4d12088b0_0;
    %pad/s 128;
    %ix/load 4, 32, 0;
    %flag_set/imm 4, 0;
    %shiftl 4;
    %add;
    %load/vec4 v0x5ce4d12088b0_0;
    %pad/s 128;
    %ix/load 4, 64, 0;
    %flag_set/imm 4, 0;
    %shiftl 4;
    %add;
    %load/vec4 v0x5ce4d12088b0_0;
    %pad/s 128;
    %ix/load 4, 96, 0;
    %flag_set/imm 4, 0;
    %shiftl 4;
    %add;
    %assign/vec4 v0x5ce4d1211e80_0, 0;
    %pushi/vec4 42, 0, 32;
    %assign/vec4 v0x5ce4d1211660_0, 0;
    %jmp T_105.94;
T_105.44 ;
    %load/vec4 v0x5ce4d1202f60_0;
    %flag_set/vec4 8;
    %jmp/0xz  T_105.199, 8;
    %pushi/vec4 43, 0, 32;
    %assign/vec4 v0x5ce4d1211660_0, 0;
T_105.199 ;
    %jmp T_105.94;
T_105.45 ;
    %load/vec4 v0x5ce4d120e140_0;
    %flag_set/vec4 8;
    %jmp/1 T_105.203, 8;
    %load/vec4 v0x5ce4d120e1e0_0;
    %nor/r;
    %flag_set/vec4 9;
    %flag_or 8, 9;
T_105.203;
    %jmp/0xz  T_105.201, 8;
    %pushi/vec4 44, 0, 32;
    %assign/vec4 v0x5ce4d1211660_0, 0;
T_105.201 ;
    %jmp T_105.94;
T_105.46 ;
    %load/vec4 v0x5ce4d12088b0_0;
    %addi 1, 0, 32;
    %assign/vec4 v0x5ce4d12088b0_0, 0;
    %pushi/vec4 40, 0, 32;
    %assign/vec4 v0x5ce4d1211660_0, 0;
    %jmp T_105.94;
T_105.47 ;
    %pushi/vec4 46, 0, 32;
    %assign/vec4 v0x5ce4d1211660_0, 0;
    %jmp T_105.94;
T_105.48 ;
    %load/vec4 v0x5ce4d120e460_0;
    %flag_set/vec4 8;
    %jmp/1 T_105.206, 8;
    %load/vec4 v0x5ce4d120e500_0;
    %nor/r;
    %flag_set/vec4 9;
    %flag_or 8, 9;
T_105.206;
    %jmp/0xz  T_105.204, 8;
    %pushi/vec4 47, 0, 32;
    %assign/vec4 v0x5ce4d1211660_0, 0;
T_105.204 ;
    %jmp T_105.94;
T_105.49 ;
    %load/vec4 v0x5ce4d120e500_0;
    %flag_set/vec4 9;
    %flag_get/vec4 9;
    %jmp/0 T_105.209, 9;
    %load/vec4 v0x5ce4d120e460_0;
    %and;
T_105.209;
    %flag_set/vec4 8;
    %jmp/0xz  T_105.207, 8;
    %pushi/vec4 48, 0, 32;
    %assign/vec4 v0x5ce4d1211660_0, 0;
T_105.207 ;
    %jmp T_105.94;
T_105.50 ;
    %load/vec4 v0x5ce4d1203e60_0;
    %flag_set/vec4 8;
    %jmp/0xz  T_105.210, 8;
    %load/vec4 v0x5ce4d1203d20_0;
    %assign/vec4 v0x5ce4d120cde0_0, 0;
T_105.210 ;
    %load/vec4 v0x5ce4d1203e60_0;
    %flag_set/vec4 8;
    %jmp/0xz  T_105.212, 8;
    %pushi/vec4 49, 0, 32;
    %assign/vec4 v0x5ce4d1211660_0, 0;
T_105.212 ;
    %jmp T_105.94;
T_105.51 ;
    %load/vec4 v0x5ce4d120cde0_0;
    %cmpi/e 0, 0, 64;
    %jmp/0xz  T_105.214, 4;
    %pushi/vec4 50, 0, 32;
    %assign/vec4 v0x5ce4d1211660_0, 0;
    %jmp T_105.215;
T_105.214 ;
    %pushi/vec4 51, 0, 32;
    %assign/vec4 v0x5ce4d1211660_0, 0;
T_105.215 ;
    %jmp T_105.94;
T_105.52 ;
    %pushi/vec4 52, 0, 32;
    %assign/vec4 v0x5ce4d1211660_0, 0;
    %jmp T_105.94;
T_105.53 ;
    %pushi/vec4 45, 0, 32;
    %assign/vec4 v0x5ce4d1211660_0, 0;
    %jmp T_105.94;
T_105.54 ;
    %vpi_call 2 2203 "$display", "DMA Write to DRAM" {0 0 0};
    %pushi/vec4 53, 0, 32;
    %assign/vec4 v0x5ce4d1211660_0, 0;
    %jmp T_105.94;
T_105.55 ;
    %load/vec4 v0x5ce4d1203aa0_0;
    %pad/u 32;
    %cmpi/e 0, 0, 32;
    %flag_get/vec4 4;
    %jmp/0 T_105.218, 4;
    %load/vec4 v0x5ce4d120e780_0;
    %flag_set/vec4 9;
    %flag_get/vec4 9;
    %jmp/1 T_105.219, 9;
    %load/vec4 v0x5ce4d120e820_0;
    %nor/r;
    %or;
T_105.219;
    %and;
T_105.218;
    %flag_set/vec4 8;
    %jmp/0xz  T_105.216, 8;
    %pushi/vec4 54, 0, 32;
    %assign/vec4 v0x5ce4d1211660_0, 0;
T_105.216 ;
    %jmp T_105.94;
T_105.56 ;
    %load/vec4 v0x5ce4d120e820_0;
    %flag_set/vec4 9;
    %flag_get/vec4 9;
    %jmp/0 T_105.222, 9;
    %load/vec4 v0x5ce4d120e780_0;
    %and;
T_105.222;
    %flag_set/vec4 8;
    %jmp/0xz  T_105.220, 8;
    %pushi/vec4 55, 0, 32;
    %assign/vec4 v0x5ce4d1211660_0, 0;
T_105.220 ;
    %jmp T_105.94;
T_105.57 ;
    %load/vec4 v0x5ce4d12056b0_0;
    %flag_set/vec4 8;
    %jmp/1 T_105.225, 8;
    %load/vec4 v0x5ce4d12057f0_0;
    %nor/r;
    %flag_set/vec4 9;
    %flag_or 8, 9;
T_105.225;
    %jmp/0xz  T_105.223, 8;
    %pushi/vec4 56, 0, 32;
    %assign/vec4 v0x5ce4d1211660_0, 0;
T_105.223 ;
    %jmp T_105.94;
T_105.58 ;
    %load/vec4 v0x5ce4d12057f0_0;
    %flag_set/vec4 9;
    %flag_get/vec4 9;
    %jmp/0 T_105.228, 9;
    %load/vec4 v0x5ce4d12056b0_0;
    %and;
T_105.228;
    %flag_set/vec4 8;
    %jmp/0xz  T_105.226, 8;
    %pushi/vec4 57, 0, 32;
    %assign/vec4 v0x5ce4d1211660_0, 0;
T_105.226 ;
    %jmp T_105.94;
T_105.59 ;
    %load/vec4 v0x5ce4d1203a00_0;
    %nor/r;
    %flag_set/vec4 8;
    %jmp/0xz  T_105.229, 8;
    %pushi/vec4 58, 0, 32;
    %assign/vec4 v0x5ce4d1211660_0, 0;
T_105.229 ;
    %jmp T_105.94;
T_105.60 ;
    %load/vec4 v0x5ce4d1203aa0_0;
    %pad/u 32;
    %cmpi/e 0, 0, 32;
    %flag_get/vec4 4;
    %jmp/0 T_105.233, 4;
    %load/vec4 v0x5ce4d120e780_0;
    %flag_set/vec4 9;
    %flag_get/vec4 9;
    %jmp/1 T_105.234, 9;
    %load/vec4 v0x5ce4d120e820_0;
    %nor/r;
    %or;
T_105.234;
    %and;
T_105.233;
    %flag_set/vec4 8;
    %jmp/0xz  T_105.231, 8;
    %pushi/vec4 59, 0, 32;
    %assign/vec4 v0x5ce4d1211660_0, 0;
T_105.231 ;
    %jmp T_105.94;
T_105.61 ;
    %load/vec4 v0x5ce4d120e820_0;
    %flag_set/vec4 9;
    %flag_get/vec4 9;
    %jmp/0 T_105.237, 9;
    %load/vec4 v0x5ce4d120e780_0;
    %and;
T_105.237;
    %flag_set/vec4 8;
    %jmp/0xz  T_105.235, 8;
    %pushi/vec4 60, 0, 32;
    %assign/vec4 v0x5ce4d1211660_0, 0;
T_105.235 ;
    %jmp T_105.94;
T_105.62 ;
    %load/vec4 v0x5ce4d12056b0_0;
    %flag_set/vec4 8;
    %jmp/1 T_105.240, 8;
    %load/vec4 v0x5ce4d12057f0_0;
    %nor/r;
    %flag_set/vec4 9;
    %flag_or 8, 9;
T_105.240;
    %jmp/0xz  T_105.238, 8;
    %pushi/vec4 61, 0, 32;
    %assign/vec4 v0x5ce4d1211660_0, 0;
T_105.238 ;
    %jmp T_105.94;
T_105.63 ;
    %load/vec4 v0x5ce4d12057f0_0;
    %flag_set/vec4 9;
    %flag_get/vec4 9;
    %jmp/0 T_105.243, 9;
    %load/vec4 v0x5ce4d12056b0_0;
    %and;
T_105.243;
    %flag_set/vec4 8;
    %jmp/0xz  T_105.241, 8;
    %pushi/vec4 62, 0, 32;
    %assign/vec4 v0x5ce4d1211660_0, 0;
T_105.241 ;
    %jmp T_105.94;
T_105.64 ;
    %load/vec4 v0x5ce4d1203a00_0;
    %nor/r;
    %flag_set/vec4 8;
    %jmp/0xz  T_105.244, 8;
    %pushi/vec4 63, 0, 32;
    %assign/vec4 v0x5ce4d1211660_0, 0;
T_105.244 ;
    %jmp T_105.94;
T_105.65 ;
    %load/vec4 v0x5ce4d1203aa0_0;
    %pad/u 32;
    %cmpi/e 0, 0, 32;
    %flag_get/vec4 4;
    %jmp/0 T_105.248, 4;
    %load/vec4 v0x5ce4d120e780_0;
    %flag_set/vec4 9;
    %flag_get/vec4 9;
    %jmp/1 T_105.249, 9;
    %load/vec4 v0x5ce4d120e820_0;
    %nor/r;
    %or;
T_105.249;
    %and;
T_105.248;
    %flag_set/vec4 8;
    %jmp/0xz  T_105.246, 8;
    %pushi/vec4 64, 0, 32;
    %assign/vec4 v0x5ce4d1211660_0, 0;
T_105.246 ;
    %jmp T_105.94;
T_105.66 ;
    %load/vec4 v0x5ce4d120e820_0;
    %flag_set/vec4 9;
    %flag_get/vec4 9;
    %jmp/0 T_105.252, 9;
    %load/vec4 v0x5ce4d120e780_0;
    %and;
T_105.252;
    %flag_set/vec4 8;
    %jmp/0xz  T_105.250, 8;
    %pushi/vec4 65, 0, 32;
    %assign/vec4 v0x5ce4d1211660_0, 0;
T_105.250 ;
    %jmp T_105.94;
T_105.67 ;
    %load/vec4 v0x5ce4d12056b0_0;
    %flag_set/vec4 8;
    %jmp/1 T_105.255, 8;
    %load/vec4 v0x5ce4d12057f0_0;
    %nor/r;
    %flag_set/vec4 9;
    %flag_or 8, 9;
T_105.255;
    %jmp/0xz  T_105.253, 8;
    %pushi/vec4 66, 0, 32;
    %assign/vec4 v0x5ce4d1211660_0, 0;
T_105.253 ;
    %jmp T_105.94;
T_105.68 ;
    %load/vec4 v0x5ce4d12057f0_0;
    %flag_set/vec4 9;
    %flag_get/vec4 9;
    %jmp/0 T_105.258, 9;
    %load/vec4 v0x5ce4d12056b0_0;
    %and;
T_105.258;
    %flag_set/vec4 8;
    %jmp/0xz  T_105.256, 8;
    %pushi/vec4 67, 0, 32;
    %assign/vec4 v0x5ce4d1211660_0, 0;
T_105.256 ;
    %jmp T_105.94;
T_105.69 ;
    %load/vec4 v0x5ce4d1203a00_0;
    %nor/r;
    %flag_set/vec4 8;
    %jmp/0xz  T_105.259, 8;
    %pushi/vec4 68, 0, 32;
    %assign/vec4 v0x5ce4d1211660_0, 0;
T_105.259 ;
    %jmp T_105.94;
T_105.70 ;
    %load/vec4 v0x5ce4d1203aa0_0;
    %pad/u 32;
    %cmpi/e 0, 0, 32;
    %flag_get/vec4 4;
    %jmp/0 T_105.263, 4;
    %load/vec4 v0x5ce4d120e780_0;
    %flag_set/vec4 9;
    %flag_get/vec4 9;
    %jmp/1 T_105.264, 9;
    %load/vec4 v0x5ce4d120e820_0;
    %nor/r;
    %or;
T_105.264;
    %and;
T_105.263;
    %flag_set/vec4 8;
    %jmp/0xz  T_105.261, 8;
    %pushi/vec4 69, 0, 32;
    %assign/vec4 v0x5ce4d1211660_0, 0;
T_105.261 ;
    %jmp T_105.94;
T_105.71 ;
    %load/vec4 v0x5ce4d120e820_0;
    %flag_set/vec4 9;
    %flag_get/vec4 9;
    %jmp/0 T_105.267, 9;
    %load/vec4 v0x5ce4d120e780_0;
    %and;
T_105.267;
    %flag_set/vec4 8;
    %jmp/0xz  T_105.265, 8;
    %pushi/vec4 70, 0, 32;
    %assign/vec4 v0x5ce4d1211660_0, 0;
T_105.265 ;
    %jmp T_105.94;
T_105.72 ;
    %load/vec4 v0x5ce4d12056b0_0;
    %flag_set/vec4 8;
    %jmp/1 T_105.270, 8;
    %load/vec4 v0x5ce4d12057f0_0;
    %nor/r;
    %flag_set/vec4 9;
    %flag_or 8, 9;
T_105.270;
    %jmp/0xz  T_105.268, 8;
    %pushi/vec4 71, 0, 32;
    %assign/vec4 v0x5ce4d1211660_0, 0;
T_105.268 ;
    %jmp T_105.94;
T_105.73 ;
    %load/vec4 v0x5ce4d12057f0_0;
    %flag_set/vec4 9;
    %flag_get/vec4 9;
    %jmp/0 T_105.273, 9;
    %load/vec4 v0x5ce4d12056b0_0;
    %and;
T_105.273;
    %flag_set/vec4 8;
    %jmp/0xz  T_105.271, 8;
    %pushi/vec4 72, 0, 32;
    %assign/vec4 v0x5ce4d1211660_0, 0;
T_105.271 ;
    %jmp T_105.94;
T_105.74 ;
    %load/vec4 v0x5ce4d1203a00_0;
    %nor/r;
    %flag_set/vec4 8;
    %jmp/0xz  T_105.274, 8;
    %pushi/vec4 73, 0, 32;
    %assign/vec4 v0x5ce4d1211660_0, 0;
T_105.274 ;
    %jmp T_105.94;
T_105.75 ;
    %load/vec4 v0x5ce4d1203aa0_0;
    %pad/u 32;
    %cmpi/e 0, 0, 32;
    %flag_get/vec4 4;
    %jmp/0 T_105.278, 4;
    %load/vec4 v0x5ce4d120e780_0;
    %flag_set/vec4 9;
    %flag_get/vec4 9;
    %jmp/1 T_105.279, 9;
    %load/vec4 v0x5ce4d120e820_0;
    %nor/r;
    %or;
T_105.279;
    %and;
T_105.278;
    %flag_set/vec4 8;
    %jmp/0xz  T_105.276, 8;
    %pushi/vec4 74, 0, 32;
    %assign/vec4 v0x5ce4d1211660_0, 0;
T_105.276 ;
    %jmp T_105.94;
T_105.76 ;
    %load/vec4 v0x5ce4d120e820_0;
    %flag_set/vec4 9;
    %flag_get/vec4 9;
    %jmp/0 T_105.282, 9;
    %load/vec4 v0x5ce4d120e780_0;
    %and;
T_105.282;
    %flag_set/vec4 8;
    %jmp/0xz  T_105.280, 8;
    %pushi/vec4 75, 0, 32;
    %assign/vec4 v0x5ce4d1211660_0, 0;
T_105.280 ;
    %jmp T_105.94;
T_105.77 ;
    %load/vec4 v0x5ce4d12056b0_0;
    %flag_set/vec4 8;
    %jmp/1 T_105.285, 8;
    %load/vec4 v0x5ce4d12057f0_0;
    %nor/r;
    %flag_set/vec4 9;
    %flag_or 8, 9;
T_105.285;
    %jmp/0xz  T_105.283, 8;
    %pushi/vec4 76, 0, 32;
    %assign/vec4 v0x5ce4d1211660_0, 0;
T_105.283 ;
    %jmp T_105.94;
T_105.78 ;
    %load/vec4 v0x5ce4d12057f0_0;
    %flag_set/vec4 9;
    %flag_get/vec4 9;
    %jmp/0 T_105.288, 9;
    %load/vec4 v0x5ce4d12056b0_0;
    %and;
T_105.288;
    %flag_set/vec4 8;
    %jmp/0xz  T_105.286, 8;
    %pushi/vec4 77, 0, 32;
    %assign/vec4 v0x5ce4d1211660_0, 0;
T_105.286 ;
    %jmp T_105.94;
T_105.79 ;
    %load/vec4 v0x5ce4d1203a00_0;
    %nor/r;
    %flag_set/vec4 8;
    %jmp/0xz  T_105.289, 8;
    %pushi/vec4 78, 0, 32;
    %assign/vec4 v0x5ce4d1211660_0, 0;
T_105.289 ;
    %jmp T_105.94;
T_105.80 ;
    %load/vec4 v0x5ce4d1203aa0_0;
    %pad/u 32;
    %cmpi/e 0, 0, 32;
    %flag_get/vec4 4;
    %jmp/0 T_105.293, 4;
    %load/vec4 v0x5ce4d120e780_0;
    %flag_set/vec4 9;
    %flag_get/vec4 9;
    %jmp/1 T_105.294, 9;
    %load/vec4 v0x5ce4d120e820_0;
    %nor/r;
    %or;
T_105.294;
    %and;
T_105.293;
    %flag_set/vec4 8;
    %jmp/0xz  T_105.291, 8;
    %pushi/vec4 79, 0, 32;
    %assign/vec4 v0x5ce4d1211660_0, 0;
T_105.291 ;
    %jmp T_105.94;
T_105.81 ;
    %load/vec4 v0x5ce4d120e820_0;
    %flag_set/vec4 9;
    %flag_get/vec4 9;
    %jmp/0 T_105.297, 9;
    %load/vec4 v0x5ce4d120e780_0;
    %and;
T_105.297;
    %flag_set/vec4 8;
    %jmp/0xz  T_105.295, 8;
    %pushi/vec4 80, 0, 32;
    %assign/vec4 v0x5ce4d1211660_0, 0;
T_105.295 ;
    %jmp T_105.94;
T_105.82 ;
    %load/vec4 v0x5ce4d12056b0_0;
    %flag_set/vec4 8;
    %jmp/1 T_105.300, 8;
    %load/vec4 v0x5ce4d12057f0_0;
    %nor/r;
    %flag_set/vec4 9;
    %flag_or 8, 9;
T_105.300;
    %jmp/0xz  T_105.298, 8;
    %pushi/vec4 81, 0, 32;
    %assign/vec4 v0x5ce4d1211660_0, 0;
T_105.298 ;
    %jmp T_105.94;
T_105.83 ;
    %load/vec4 v0x5ce4d12057f0_0;
    %flag_set/vec4 9;
    %flag_get/vec4 9;
    %jmp/0 T_105.303, 9;
    %load/vec4 v0x5ce4d12056b0_0;
    %and;
T_105.303;
    %flag_set/vec4 8;
    %jmp/0xz  T_105.301, 8;
    %pushi/vec4 82, 0, 32;
    %assign/vec4 v0x5ce4d1211660_0, 0;
T_105.301 ;
    %jmp T_105.94;
T_105.84 ;
    %load/vec4 v0x5ce4d1203a00_0;
    %nor/r;
    %flag_set/vec4 8;
    %jmp/0xz  T_105.304, 8;
    %pushi/vec4 83, 0, 32;
    %assign/vec4 v0x5ce4d1211660_0, 0;
T_105.304 ;
    %jmp T_105.94;
T_105.85 ;
    %pushi/vec4 84, 0, 32;
    %assign/vec4 v0x5ce4d1211660_0, 0;
    %jmp T_105.94;
T_105.86 ;
    %load/vec4 v0x5ce4d120e460_0;
    %flag_set/vec4 8;
    %jmp/1 T_105.308, 8;
    %load/vec4 v0x5ce4d120e500_0;
    %nor/r;
    %flag_set/vec4 9;
    %flag_or 8, 9;
T_105.308;
    %jmp/0xz  T_105.306, 8;
    %pushi/vec4 85, 0, 32;
    %assign/vec4 v0x5ce4d1211660_0, 0;
T_105.306 ;
    %jmp T_105.94;
T_105.87 ;
    %load/vec4 v0x5ce4d120e500_0;
    %flag_set/vec4 9;
    %flag_get/vec4 9;
    %jmp/0 T_105.311, 9;
    %load/vec4 v0x5ce4d120e460_0;
    %and;
T_105.311;
    %flag_set/vec4 8;
    %jmp/0xz  T_105.309, 8;
    %pushi/vec4 86, 0, 32;
    %assign/vec4 v0x5ce4d1211660_0, 0;
T_105.309 ;
    %jmp T_105.94;
T_105.88 ;
    %load/vec4 v0x5ce4d1203e60_0;
    %flag_set/vec4 8;
    %jmp/0xz  T_105.312, 8;
    %load/vec4 v0x5ce4d1203d20_0;
    %assign/vec4 v0x5ce4d120ce80_0, 0;
T_105.312 ;
    %load/vec4 v0x5ce4d1203e60_0;
    %flag_set/vec4 8;
    %jmp/0xz  T_105.314, 8;
    %pushi/vec4 87, 0, 32;
    %assign/vec4 v0x5ce4d1211660_0, 0;
T_105.314 ;
    %jmp T_105.94;
T_105.89 ;
    %load/vec4 v0x5ce4d120ce80_0;
    %cmpi/e 0, 0, 64;
    %jmp/0xz  T_105.316, 4;
    %pushi/vec4 88, 0, 32;
    %assign/vec4 v0x5ce4d1211660_0, 0;
    %jmp T_105.317;
T_105.316 ;
    %pushi/vec4 89, 0, 32;
    %assign/vec4 v0x5ce4d1211660_0, 0;
T_105.317 ;
    %jmp T_105.94;
T_105.90 ;
    %pushi/vec4 90, 0, 32;
    %assign/vec4 v0x5ce4d1211660_0, 0;
    %jmp T_105.94;
T_105.91 ;
    %pushi/vec4 83, 0, 32;
    %assign/vec4 v0x5ce4d1211660_0, 0;
    %jmp T_105.94;
T_105.92 ;
    %vpi_call 2 2395 "$display", "DMA Write to DRAM completed" {0 0 0};
    %pushi/vec4 91, 0, 32;
    %assign/vec4 v0x5ce4d1211660_0, 0;
    %jmp T_105.94;
T_105.93 ;
    %pushi/vec4 1, 0, 1;
    %assign/vec4 v0x5ce4d120dba0_0, 0;
    %pushi/vec4 92, 0, 32;
    %assign/vec4 v0x5ce4d1211660_0, 0;
    %jmp T_105.94;
T_105.94 ;
    %pop/vec4 1;
T_105.1 ;
    %jmp T_105;
    .thread T_105;
    .scope S_0x5ce4d0f8f690;
T_106 ;
    %wait E_0x5ce4d0b85470;
    %load/vec4 v0x5ce4d11ff2c0_0;
    %flag_set/vec4 8;
    %jmp/0xz  T_106.0, 8;
    %pushi/vec4 0, 0, 32;
    %assign/vec4 v0x5ce4d120df60_0, 0;
    %pushi/vec4 0, 0, 32;
    %assign/vec4 v0x5ce4d12110c0_0, 0;
    %pushi/vec4 0, 0, 32;
    %assign/vec4 v0x5ce4d1211160_0, 0;
    %pushi/vec4 0, 0, 32;
    %assign/vec4 v0x5ce4d1211200_0, 0;
    %pushi/vec4 0, 0, 32;
    %assign/vec4 v0x5ce4d12112a0_0, 0;
    %jmp T_106.1;
T_106.0 ;
    %load/vec4 v0x5ce4d120df60_0;
    %dup/vec4;
    %pushi/vec4 0, 0, 32;
    %cmp/u;
    %jmp/1 T_106.2, 6;
    %dup/vec4;
    %pushi/vec4 1, 0, 32;
    %cmp/u;
    %jmp/1 T_106.3, 6;
    %dup/vec4;
    %pushi/vec4 2, 0, 32;
    %cmp/u;
    %jmp/1 T_106.4, 6;
    %dup/vec4;
    %pushi/vec4 3, 0, 32;
    %cmp/u;
    %jmp/1 T_106.5, 6;
    %dup/vec4;
    %pushi/vec4 4, 0, 32;
    %cmp/u;
    %jmp/1 T_106.6, 6;
    %dup/vec4;
    %pushi/vec4 5, 0, 32;
    %cmp/u;
    %jmp/1 T_106.7, 6;
    %dup/vec4;
    %pushi/vec4 6, 0, 32;
    %cmp/u;
    %jmp/1 T_106.8, 6;
    %jmp T_106.9;
T_106.2 ;
    %pushi/vec4 1, 0, 32;
    %assign/vec4 v0x5ce4d120df60_0, 0;
    %jmp T_106.9;
T_106.3 ;
    %load/vec4 v0x5ce4d120dba0_0;
    %pad/u 32;
    %cmpi/e 1, 0, 32;
    %jmp/0xz  T_106.10, 4;
    %pushi/vec4 2, 0, 32;
    %assign/vec4 v0x5ce4d120df60_0, 0;
T_106.10 ;
    %jmp T_106.9;
T_106.4 ;
    %load/vec4 v0x5ce4d120df60_0;
    %cmpi/e 2, 0, 32;
    %jmp/0xz  T_106.12, 4;
    %ix/load 4, 4099, 0;
    %flag_set/imm 4, 0;
    %load/vec4a v0x5ce4d1205890, 4;
    %ix/load 4, 4098, 0;
    %flag_set/imm 4, 0;
    %load/vec4a v0x5ce4d1205890, 4;
    %concat/vec4; draw_concat_vec4
    %ix/load 4, 4097, 0;
    %flag_set/imm 4, 0;
    %load/vec4a v0x5ce4d1205890, 4;
    %concat/vec4; draw_concat_vec4
    %ix/load 4, 4096, 0;
    %flag_set/imm 4, 0;
    %load/vec4a v0x5ce4d1205890, 4;
    %concat/vec4; draw_concat_vec4
    %assign/vec4 v0x5ce4d12110c0_0, 0;
T_106.12 ;
    %pushi/vec4 3, 0, 32;
    %assign/vec4 v0x5ce4d120df60_0, 0;
    %jmp T_106.9;
T_106.5 ;
    %vpi_call 2 2438 "$display", "memory[0x1000] = %x", v0x5ce4d12110c0_0 {0 0 0};
    %load/vec4 v0x5ce4d120df60_0;
    %cmpi/e 3, 0, 32;
    %jmp/0xz  T_106.14, 4;
    %ix/load 4, 4103, 0;
    %flag_set/imm 4, 0;
    %load/vec4a v0x5ce4d1205890, 4;
    %ix/load 4, 4102, 0;
    %flag_set/imm 4, 0;
    %load/vec4a v0x5ce4d1205890, 4;
    %concat/vec4; draw_concat_vec4
    %ix/load 4, 4101, 0;
    %flag_set/imm 4, 0;
    %load/vec4a v0x5ce4d1205890, 4;
    %concat/vec4; draw_concat_vec4
    %ix/load 4, 4100, 0;
    %flag_set/imm 4, 0;
    %load/vec4a v0x5ce4d1205890, 4;
    %concat/vec4; draw_concat_vec4
    %assign/vec4 v0x5ce4d1211160_0, 0;
T_106.14 ;
    %pushi/vec4 4, 0, 32;
    %assign/vec4 v0x5ce4d120df60_0, 0;
    %jmp T_106.9;
T_106.6 ;
    %vpi_call 2 2445 "$display", "memory[0x1004] = %x", v0x5ce4d1211160_0 {0 0 0};
    %load/vec4 v0x5ce4d120df60_0;
    %cmpi/e 4, 0, 32;
    %jmp/0xz  T_106.16, 4;
    %ix/load 4, 4107, 0;
    %flag_set/imm 4, 0;
    %load/vec4a v0x5ce4d1205890, 4;
    %ix/load 4, 4106, 0;
    %flag_set/imm 4, 0;
    %load/vec4a v0x5ce4d1205890, 4;
    %concat/vec4; draw_concat_vec4
    %ix/load 4, 4105, 0;
    %flag_set/imm 4, 0;
    %load/vec4a v0x5ce4d1205890, 4;
    %concat/vec4; draw_concat_vec4
    %ix/load 4, 4104, 0;
    %flag_set/imm 4, 0;
    %load/vec4a v0x5ce4d1205890, 4;
    %concat/vec4; draw_concat_vec4
    %assign/vec4 v0x5ce4d1211200_0, 0;
T_106.16 ;
    %pushi/vec4 5, 0, 32;
    %assign/vec4 v0x5ce4d120df60_0, 0;
    %jmp T_106.9;
T_106.7 ;
    %vpi_call 2 2452 "$display", "memory[0x1008] = %x", v0x5ce4d1211200_0 {0 0 0};
    %load/vec4 v0x5ce4d120df60_0;
    %cmpi/e 5, 0, 32;
    %jmp/0xz  T_106.18, 4;
    %ix/load 4, 4159, 0;
    %flag_set/imm 4, 0;
    %load/vec4a v0x5ce4d1205890, 4;
    %ix/load 4, 4158, 0;
    %flag_set/imm 4, 0;
    %load/vec4a v0x5ce4d1205890, 4;
    %concat/vec4; draw_concat_vec4
    %ix/load 4, 4157, 0;
    %flag_set/imm 4, 0;
    %load/vec4a v0x5ce4d1205890, 4;
    %concat/vec4; draw_concat_vec4
    %ix/load 4, 4156, 0;
    %flag_set/imm 4, 0;
    %load/vec4a v0x5ce4d1205890, 4;
    %concat/vec4; draw_concat_vec4
    %assign/vec4 v0x5ce4d12112a0_0, 0;
T_106.18 ;
    %pushi/vec4 6, 0, 32;
    %assign/vec4 v0x5ce4d120df60_0, 0;
    %jmp T_106.9;
T_106.8 ;
    %vpi_call 2 2459 "$display", "memory[0x100c] = %x", v0x5ce4d12112a0_0 {0 0 0};
    %pushi/vec4 7, 0, 32;
    %assign/vec4 v0x5ce4d120df60_0, 0;
    %jmp T_106.9;
T_106.9 ;
    %pop/vec4 1;
T_106.1 ;
    %jmp T_106;
    .thread T_106;
# The file index is used to find the file name in the following table.
:file_names 3;
    "N/A";
    "<interactive>";
    "/tmp/tmpz1o03gz9";
